latitude,longitude,elevation,utc_offset_seconds,timezone,timezone_abbreviation
10.790861,78.700264,81.0,0,GMT,GMT

time,temperature_2m (°C),relative_humidity_2m (%),rain (mm),surface_pressure (hPa),wind_speed_10m (km/h),wind_speed_100m (km/h),wind_direction_100m (°),wind_direction_10m (°),hour,day,month,dayofweek,dayofyear,temp_lag_1h,rain_lag_1h,temp_lag_3h,rain_lag_3h,temp_lag_6h,rain_lag_6h,temp_lag_12h,rain_lag_12h,temp_lag_24h,rain_lag_24h,temp_roll_mean_6h,rain_roll_sum_6h,temp_roll_mean_12h,rain_roll_sum_12h,temp_roll_mean_24h,rain_roll_sum_24h,temp_diff_1h,rain_diff_1h,district,target_temp,target_rain
2024-01-03 00:00:00,22.5,84,0.0,1002.9,8.9,19.8,37,47,0,3,1,2,3,22.6,0.0,22.9,0.0,23.8,0.0,27.8,0.0,21.9,0.0,22.9,0.0,23.950000000000003,0.0,25.870833333333334,0.0,-0.1000000000000014,0.0,Tiruchirappalli,22.6,0.8
2024-01-03 01:00:00,22.8,83,0.0,1003.5,10.7,21.1,30,33,1,3,1,2,3,22.5,0.0,22.7,0.0,23.5,0.0,26.4,0.0,23.2,0.0,22.78333333333333,0.0,23.65,0.0,25.854166666666668,0.0,0.3000000000000007,0.0,Tiruchirappalli,23.2,0.0
2024-01-03 02:00:00,23.6,80,0.0,1004.4,9.2,19.6,26,26,2,3,1,2,3,22.8,0.0,22.6,0.0,23.2,0.0,25.6,0.0,24.2,0.0,22.85,0.0,23.48333333333333,0.0,25.82916666666667,0.0,0.8000000000000007,0.0,Tiruchirappalli,23.5,0.0
2024-01-03 03:00:00,25.6,72,0.0,1005.2,12.4,17.7,29,30,3,3,1,2,3,23.6,0.0,22.5,0.0,22.9,0.0,25.1,0.0,25.6,0.0,23.3,0.0,23.525,0.0,25.829166666666666,0.0,2.0,0.0,Tiruchirappalli,24.2,2.0
2024-01-03 04:00:00,27.5,64,0.0,1005.4,14.6,20.0,38,38,4,3,1,2,3,25.6,0.0,22.8,0.0,22.7,0.0,24.8,0.0,27.2,0.0,24.1,0.0,23.75,0.0,25.841666666666665,0.0,1.8999999999999984,0.0,Tiruchirappalli,24.7,0.8
2024-01-03 05:00:00,28.9,57,0.0,1005.2,14.3,19.1,41,41,5,3,1,2,3,27.5,0.0,23.6,0.0,22.6,0.0,24.3,0.0,28.8,0.0,25.15,0.0,24.13333333333333,0.0,25.84583333333333,0.0,1.3999999999999986,0.0,Tiruchirappalli,24.5,1.2
2024-01-03 06:00:00,29.8,53,0.0,1004.4,12.8,16.6,41,40,6,3,1,2,3,28.9,0.0,25.6,0.0,22.5,0.0,23.8,0.0,30.0,0.0,26.36666666666667,0.0,24.63333333333333,0.0,25.8375,0.0,0.9000000000000021,0.0,Tiruchirappalli,24.7,0.8
2024-01-03 07:00:00,29.9,52,0.0,1002.9,12.2,16.1,42,43,7,3,1,2,3,29.8,0.0,27.5,0.0,22.8,0.0,23.5,0.0,29.1,0.0,27.55,0.0,25.166666666666668,0.0,25.870833333333334,0.0,0.0999999999999978,0.0,Tiruchirappalli,25.0,0.7
2024-01-03 08:00:00,30.3,50,0.0,1001.9,11.0,14.3,51,52,8,3,1,2,3,29.9,0.0,28.9,0.0,23.6,0.0,23.2,0.0,29.8,0.0,28.666666666666668,0.0,25.75833333333333,0.0,25.89166666666667,0.0,0.4000000000000021,0.0,Tiruchirappalli,25.5,0.2
2024-01-03 09:00:00,30.3,49,0.0,1001.0,11.7,15.5,46,45,9,3,1,2,3,30.3,0.0,29.8,0.0,25.6,0.0,22.9,0.0,29.5,0.0,29.450000000000003,0.0,26.375,0.0,25.925,0.0,0.0,0.0,Tiruchirappalli,24.9,0.0
2024-01-03 10:00:00,30.2,51,0.0,1000.5,12.5,17.1,44,44,10,3,1,2,3,30.3,0.0,29.9,0.0,27.5,0.0,22.7,0.0,29.2,0.0,29.9,0.0,27.0,0.0,25.96666666666667,0.0,-0.1000000000000014,0.0,Tiruchirappalli,25.2,0.1
2024-01-03 11:00:00,29.8,51,0.0,1000.6,13.5,18.3,45,44,11,3,1,2,3,30.2,0.0,30.3,0.0,28.9,0.0,22.6,0.0,29.1,0.0,30.05,0.0,27.6,0.0,25.995833333333334,0.0,-0.3999999999999986,0.0,Tiruchirappalli,25.4,0.1
2024-01-03 12:00:00,28.7,57,0.0,1001.4,14.0,21.4,48,48,12,3,1,2,3,29.8,0.0,30.3,0.0,29.8,0.0,22.5,0.0,27.8,0.0,29.866666666666664,0.0,28.116666666666664,0.0,26.03333333333333,0.0,-1.1000000000000014,0.0,Tiruchirappalli,24.9,0.4
2024-01-03 13:00:00,26.2,72,0.0,1002.5,15.7,24.5,70,70,13,3,1,2,3,28.7,0.0,30.2,0.0,29.9,0.0,22.8,0.0,26.4,0.0,29.25,0.0,28.399999999999995,0.0,26.025,0.0,-2.5,0.0,Tiruchirappalli,24.8,0.0
2024-01-03 14:00:00,25.6,74,0.0,1002.9,13.4,23.5,69,70,14,3,1,2,3,26.2,0.0,29.8,0.0,30.3,0.0,23.6,0.0,25.6,0.0,28.46666666666667,0.0,28.566666666666663,0.0,26.025,0.0,-0.5999999999999979,0.0,Tiruchirappalli,24.1,0.3
2024-01-03 15:00:00,25.0,77,0.0,1003.6,12.4,22.2,73,73,15,3,1,2,3,25.6,0.0,28.7,0.0,30.3,0.0,25.6,0.0,25.1,0.0,27.58333333333333,0.0,28.516666666666666,0.0,26.02083333333333,0.0,-0.6000000000000014,0.0,Tiruchirappalli,23.9,0.5
2024-01-03 16:00:00,24.4,79,0.0,1003.6,11.4,20.9,71,72,16,3,1,2,3,25.0,0.0,26.2,0.0,30.2,0.0,27.5,0.0,24.8,0.0,26.616666666666664,0.0,28.258333333333336,0.0,26.004166666666663,0.0,-0.6000000000000014,0.0,Tiruchirappalli,23.6,0.4
2024-01-03 17:00:00,23.9,82,0.0,1003.7,9.5,19.0,61,61,17,3,1,2,3,24.4,0.0,25.6,0.0,29.8,0.0,28.9,0.0,24.3,0.0,25.63333333333333,0.0,27.84166666666667,0.0,25.9875,0.0,-0.5,0.0,Tiruchirappalli,23.4,0.8
2024-01-03 18:00:00,23.6,84,0.0,1003.5,7.6,17.0,58,59,18,3,1,2,3,23.9,0.0,25.0,0.0,28.7,0.0,29.8,0.0,23.8,0.0,24.78333333333333,0.0,27.325,0.0,25.979166666666668,0.0,-0.2999999999999971,0.0,Tiruchirappalli,23.4,0.6
2024-01-03 19:00:00,23.2,86,0.0,1003.0,7.1,16.8,48,49,19,3,1,2,3,23.6,0.0,24.4,0.0,26.2,0.0,29.9,0.0,23.5,0.0,24.28333333333333,0.0,26.76666666666667,0.0,25.96666666666667,0.0,-0.4000000000000021,0.0,Tiruchirappalli,23.1,0.3
2024-01-03 20:00:00,23.0,87,0.0,1002.5,7.1,17.1,46,49,20,3,1,2,3,23.2,0.0,23.9,0.0,25.6,0.0,30.3,0.0,23.2,0.0,23.85,0.0,26.15833333333333,0.0,25.95833333333333,0.0,-0.1999999999999993,0.0,Tiruchirappalli,22.9,0.1
2024-01-03 21:00:00,22.7,88,0.0,1002.1,6.6,16.4,40,41,21,3,1,2,3,23.0,0.0,23.6,0.0,25.0,0.0,30.3,0.0,22.9,0.0,23.46666666666667,0.0,25.525,0.0,25.95,0.0,-0.3000000000000007,0.0,Tiruchirappalli,23.3,0.4
2024-01-03 22:00:00,22.6,88,0.0,1002.2,6.4,16.3,35,38,22,3,1,2,3,22.7,0.0,23.2,0.0,24.4,0.0,30.2,0.0,22.7,0.0,23.166666666666668,0.0,24.89166666666667,0.0,25.94583333333333,0.0,-0.0999999999999978,0.0,Tiruchirappalli,23.2,0.1
2024-01-03 23:00:00,22.5,88,0.0,1002.2,6.2,16.2,32,36,23,3,1,2,3,22.6,0.0,23.0,0.0,23.9,0.0,29.8,0.0,22.6,0.0,22.933333333333334,0.0,24.28333333333333,0.0,25.941666666666663,0.0,-0.1000000000000014,0.0,Tiruchirappalli,23.2,0.2
2024-01-04 00:00:00,22.4,89,0.0,1002.7,7.2,17.3,31,37,0,4,1,3,4,22.5,0.0,22.7,0.0,23.6,0.0,28.7,0.0,22.5,0.0,22.73333333333333,0.0,23.758333333333336,0.0,25.9375,0.0,-0.1000000000000014,0.0,Tiruchirappalli,23.2,0.2
2024-01-04 01:00:00,23.4,89,0.0,1003.6,7.8,16.3,31,34,1,4,1,3,4,22.4,0.0,22.6,0.0,23.2,0.0,26.2,0.0,22.8,0.0,22.766666666666666,0.0,23.524999999999995,0.0,25.9625,0.0,1.0,0.0,Tiruchirappalli,23.7,0.3
2024-01-04 02:00:00,24.4,84,0.0,1004.6,6.6,14.0,26,29,2,4,1,3,4,23.4,0.0,22.5,0.0,23.0,0.0,25.6,0.0,23.6,0.0,23.0,0.0,23.425,0.0,25.995833333333334,0.0,1.0,0.0,Tiruchirappalli,23.7,1.1
2024-01-04 03:00:00,25.8,77,0.0,1005.2,8.5,12.1,37,36,3,4,1,3,4,24.4,0.0,22.4,0.0,22.7,0.0,25.0,0.0,25.6,0.0,23.516666666666666,0.0,23.491666666666664,0.0,26.004166666666663,0.0,1.400000000000002,0.0,Tiruchirappalli,23.9,1.6
2024-01-04 04:00:00,27.7,68,0.0,1005.2,13.3,17.7,57,57,4,4,1,3,4,25.8,0.0,23.4,0.0,22.6,0.0,24.4,0.0,27.5,0.0,24.366666666666664,0.0,23.76666666666667,0.0,26.012500000000003,0.0,1.8999999999999984,0.0,Tiruchirappalli,23.8,1.2
2024-01-04 05:00:00,28.6,64,0.1,1004.9,12.5,16.4,57,57,5,4,1,3,4,27.7,0.0,24.4,0.0,22.5,0.0,23.9,0.0,28.9,0.0,25.383333333333336,0.1,24.15833333333333,0.1,26.0,0.1,0.9000000000000021,0.1,Tiruchirappalli,24.0,9.4
2024-01-04 06:00:00,29.8,58,0.2,1003.7,12.6,16.6,63,63,6,4,1,3,4,28.6,0.1,25.8,0.0,22.4,0.0,23.6,0.0,29.8,0.0,26.616666666666664,0.3,24.675,0.3,26.0,0.3,1.1999999999999993,0.1,Tiruchirappalli,24.5,2.3
2024-01-04 07:00:00,30.5,56,0.3,1002.1,12.7,16.4,61,61,7,4,1,3,4,29.8,0.2,27.7,0.0,23.4,0.0,23.2,0.0,29.9,0.0,27.8,0.6,25.28333333333333,0.6,26.025,0.6,0.6999999999999993,0.0999999999999999,Tiruchirappalli,25.3,2.0
2024-01-04 08:00:00,30.6,56,0.4,1000.8,12.6,16.6,63,63,8,4,1,3,4,30.5,0.3,28.6,0.1,24.4,0.0,23.0,0.0,30.3,0.0,28.83333333333333,1.0,25.916666666666668,1.0,26.0375,1.0,0.1000000000000014,0.1,Tiruchirappalli,25.5,0.8
2024-01-04 09:00:00,27.6,74,0.9,1000.7,12.9,17.4,63,60,9,4,1,3,4,30.6,0.4,29.8,0.2,25.8,0.0,22.7,0.0,30.3,0.0,29.133333333333336,1.9,26.325,1.9,25.925,1.9,-3.0,0.5,Tiruchirappalli,26.4,0.0
2024-01-04 10:00:00,28.7,70,0.8,1000.2,10.6,14.2,74,72,10,4,1,3,4,27.6,0.9,30.5,0.3,27.7,0.0,22.6,0.0,30.2,0.0,29.3,2.7,26.83333333333333,2.7,25.8625,2.7,1.099999999999998,-0.0999999999999999,Tiruchirappalli,26.5,0.1
2024-01-04 11:00:00,27.1,77,1.0,1000.3,13.6,19.9,68,68,11,4,1,3,4,28.7,0.8,30.6,0.4,28.6,0.1,22.5,0.0,29.8,0.0,29.05,3.6,27.216666666666665,3.7,25.75,3.7,-1.599999999999998,0.1999999999999999,Tiruchirappalli,26.8,0.1
2024-01-04 12:00:00,26.2,80,0.1,1001.1,12.6,19.4,91,93,12,4,1,3,4,27.1,1.0,27.6,0.9,29.8,0.2,22.4,0.0,28.7,0.0,28.450000000000003,3.5000000000000004,27.53333333333333,3.8,25.64583333333333,3.8,-0.9000000000000021,-0.9,Tiruchirappalli,26.3,0.0
2024-01-04 13:00:00,25.8,80,0.1,1002.2,9.1,15.8,91,97,13,4,1,3,4,26.2,0.1,28.7,0.8,30.5,0.3,23.4,0.0,26.2,0.0,27.666666666666668,3.3,27.73333333333333,3.9,25.629166666666663,3.9,-0.3999999999999986,0.0,Tiruchirappalli,24.5,0.0
2024-01-04 14:00:00,25.7,80,0.0,1002.9,9.7,17.1,72,75,14,4,1,3,4,25.8,0.1,27.1,1.0,30.6,0.4,24.4,0.0,25.6,0.0,26.850000000000005,2.9,27.841666666666665,3.9,25.633333333333336,3.9,-0.1000000000000014,-0.1,Tiruchirappalli,24.3,0.0
2024-01-04 15:00:00,25.3,81,0.1,1003.9,10.9,19.2,67,73,15,4,1,3,4,25.7,0.0,26.2,0.1,27.6,0.9,25.8,0.0,25.0,0.0,26.466666666666665,2.1,27.8,4.0,25.64583333333333,4.0,-0.3999999999999986,0.1,Tiruchirappalli,24.1,0.0
2024-01-04 16:00:00,25.1,81,0.0,1004.2,10.2,17.7,63,67,16,4,1,3,4,25.3,0.1,25.8,0.1,28.7,0.8,27.7,0.0,24.4,0.0,25.866666666666664,1.2999999999999998,27.58333333333333,4.0,25.675,4.0,-0.1999999999999993,-0.1,Tiruchirappalli,24.0,0.0
2024-01-04 17:00:00,25.0,81,0.0,1004.2,9.1,16.8,55,56,17,4,1,3,4,25.1,0.0,25.7,0.0,27.1,1.0,28.6,0.1,23.9,0.0,25.51666666666667,0.3,27.28333333333333,3.9,25.72083333333333,4.0,-0.1000000000000014,0.0,Tiruchirappalli,23.8,0.0
2024-01-04 18:00:00,25.0,80,0.0,1004.0,9.2,16.6,49,51,18,4,1,3,4,25.0,0.0,25.3,0.1,26.2,0.1,29.8,0.2,23.6,0.0,25.316666666666663,0.2,26.883333333333336,3.7,25.77916666666667,4.0,0.0,0.0,Tiruchirappalli,23.5,0.0
2024-01-04 19:00:00,24.6,82,0.0,1003.5,9.7,17.1,48,48,19,4,1,3,4,25.0,0.0,25.1,0.0,25.8,0.1,30.5,0.3,23.2,0.0,25.116666666666664,0.1,26.391666666666666,3.4,25.8375,4.0,-0.3999999999999986,0.0,Tiruchirappalli,23.6,0.0
2024-01-04 20:00:00,24.1,84,0.0,1003.0,8.9,16.3,43,40,20,4,1,3,4,24.6,0.0,25.0,0.0,25.7,0.0,30.6,0.4,23.0,0.0,24.850000000000005,0.1,25.85,3.0,25.883333333333336,4.0,-0.5,0.0,Tiruchirappalli,23.3,0.0
2024-01-04 21:00:00,23.6,87,0.0,1002.2,8.8,16.4,38,35,21,4,1,3,4,24.1,0.0,25.0,0.0,25.3,0.1,27.6,0.9,22.7,0.0,24.566666666666663,0.0,25.51666666666667,2.1,25.92083333333333,4.0,-0.5,0.0,Tiruchirappalli,23.0,0.0
2024-01-04 22:00:00,23.5,87,0.1,1002.0,8.6,15.8,35,33,22,4,1,3,4,23.6,0.0,24.6,0.0,25.1,0.0,28.7,0.8,22.6,0.0,24.3,0.1,25.08333333333333,1.4,25.95833333333333,4.1,-0.1000000000000014,0.1,Tiruchirappalli,22.8,0.0
2024-01-04 23:00:00,23.4,88,0.1,1002.0,8.7,16.0,36,38,23,4,1,3,4,23.5,0.1,24.1,0.0,25.0,0.0,27.1,1.0,22.5,0.0,24.03333333333333,0.2,24.775,0.5,25.995833333333337,4.2,-0.1000000000000014,0.0,Tiruchirappalli,22.5,0.0
2024-01-05 00:00:00,23.2,89,0.1,1002.3,8.2,15.7,37,38,0,5,1,4,5,23.4,0.1,23.6,0.0,25.0,0.0,26.2,0.1,22.4,0.0,23.73333333333333,0.3,24.525,0.5,26.02916666666667,4.3,-0.1999999999999993,0.0,Tiruchirappalli,22.4,0.0
2024-01-05 01:00:00,23.6,94,0.1,1003.2,3.3,10.7,12,13,1,5,1,4,5,23.2,0.1,23.5,0.1,24.6,0.0,25.8,0.1,23.4,0.0,23.566666666666663,0.4,24.34166666666667,0.5,26.0375,4.4,0.4000000000000021,0.0,Tiruchirappalli,23.2,0.0
2024-01-05 02:00:00,24.0,94,0.1,1004.1,5.9,11.9,25,38,2,5,1,4,5,23.6,0.1,23.4,0.1,24.1,0.0,25.7,0.0,24.4,0.0,23.55,0.5,24.200000000000003,0.6000000000000001,26.02083333333333,4.5,0.3999999999999986,0.0,Tiruchirappalli,24.0,0.0
2024-01-05 03:00:00,25.1,89,0.0,1004.7,8.9,13.3,38,40,3,5,1,4,5,24.0,0.1,23.2,0.1,23.6,0.0,25.3,0.1,25.8,0.0,23.8,0.5,24.183333333333334,0.5,25.99166666666667,4.5,1.1000000000000014,-0.1,Tiruchirappalli,25.5,0.0
2024-01-05 04:00:00,25.8,82,0.0,1004.9,14.5,20.2,35,35,4,5,1,4,5,25.1,0.0,23.6,0.1,23.5,0.1,25.1,0.0,27.7,0.0,24.183333333333337,0.4,24.241666666666664,0.5,25.9125,4.5,0.6999999999999993,0.0,Tiruchirappalli,26.8,0.1
2024-01-05 05:00:00,27.2,74,0.1,1004.7,16.6,22.7,41,41,5,5,1,4,5,25.8,0.0,24.0,0.1,23.4,0.1,25.0,0.0,28.6,0.1,24.816666666666663,0.4,24.425,0.6000000000000001,25.854166666666668,4.500000000000001,1.3999999999999986,0.1,Tiruchirappalli,27.1,0.1
2024-01-05 06:00:00,27.9,71,0.2,1003.9,15.5,21.1,46,46,6,5,1,4,5,27.2,0.1,25.1,0.0,23.2,0.1,25.0,0.0,29.8,0.2,25.6,0.5,24.666666666666668,0.8,25.775,4.5,0.6999999999999993,0.1,Tiruchirappalli,28.4,0.1
2024-01-05 07:00:00,28.8,66,0.0,1002.8,15.3,20.7,50,51,7,5,1,4,5,27.9,0.2,25.8,0.0,23.6,0.1,24.6,0.0,30.5,0.3,26.46666666666667,0.4,25.01666666666667,0.8,25.704166666666666,4.2,0.9000000000000021,-0.2,Tiruchirappalli,29.1,0.2
2024-01-05 08:00:00,29.2,62,0.0,1001.4,14.8,19.7,55,56,8,5,1,4,5,28.8,0.0,27.2,0.1,24.0,0.1,24.1,0.0,30.6,0.4,27.33333333333333,0.3,25.441666666666663,0.8,25.64583333333333,3.8,0.3999999999999986,0.0,Tiruchirappalli,29.6,0.1
2024-01-05 09:00:00,28.8,64,0.0,1000.8,14.6,20.0,51,50,9,5,1,4,5,29.2,0.0,27.9,0.2,25.1,0.0,23.6,0.0,27.6,0.9,27.950000000000003,0.3,25.875,0.8,25.69583333333333,2.9000000000000004,-0.3999999999999986,0.0,Tiruchirappalli,29.7,0.1
2024-01-05 10:00:00,29.3,63,0.0,1000.4,14.7,19.9,58,59,10,5,1,4,5,28.8,0.0,28.8,0.0,25.8,0.0,23.5,0.1,28.7,0.8,28.53333333333333,0.3,26.35833333333333,0.7,25.72083333333333,2.1,0.5,0.0,Tiruchirappalli,29.1,0.0
2024-01-05 11:00:00,28.9,64,0.0,1000.6,14.7,20.3,65,65,11,5,1,4,5,29.3,0.0,29.2,0.0,27.2,0.1,23.4,0.1,27.1,1.0,28.816666666666663,0.2,26.816666666666663,0.6,25.79583333333333,1.1,-0.4000000000000021,0.0,Tiruchirappalli,28.0,0.0
2024-01-05 12:00:00,28.1,67,0.0,1001.3,15.0,21.7,69,69,12,5,1,4,5,28.9,0.0,28.8,0.0,27.9,0.2,23.2,0.1,26.2,0.1,28.85,0.0,27.225,0.5,25.875,1.0,-0.7999999999999972,0.0,Tiruchirappalli,27.1,0.0
2024-01-05 13:00:00,25.7,76,0.0,1002.7,9.3,17.4,72,74,13,5,1,4,5,28.1,0.0,29.3,0.0,28.8,0.0,23.6,0.1,25.8,0.1,28.33333333333333,0.0,27.4,0.4,25.870833333333334,0.9,-2.400000000000002,0.0,Tiruchirappalli,25.5,0.1
2024-01-05 14:00:00,25.5,77,0.0,1003.6,9.6,18.6,68,70,14,5,1,4,5,25.7,0.0,28.9,0.0,29.2,0.0,24.0,0.1,25.7,0.0,27.71666666666667,0.0,27.525,0.3,25.8625,0.9000000000000001,-0.1999999999999993,0.0,Tiruchirappalli,24.6,0.5
2024-01-05 15:00:00,25.4,77,0.0,1004.2,9.5,18.1,59,61,15,5,1,4,5,25.5,0.0,28.1,0.0,28.8,0.0,25.1,0.0,25.3,0.1,27.149999999999995,0.0,27.55,0.3,25.866666666666664,0.8,-0.1000000000000014,0.0,Tiruchirappalli,23.6,0.7
2024-01-05 16:00:00,24.9,79,0.0,1004.2,9.0,18.1,59,61,16,5,1,4,5,25.4,0.0,25.7,0.0,29.3,0.0,25.8,0.0,25.1,0.0,26.416666666666668,0.0,27.475,0.3,25.85833333333333,0.8,-0.5,0.0,Tiruchirappalli,23.9,0.3
2024-01-05 17:00:00,24.5,81,0.0,1003.8,8.0,17.4,60,63,17,5,1,4,5,24.9,0.0,25.5,0.0,28.9,0.0,27.2,0.1,25.0,0.0,25.683333333333334,0.0,27.25,0.2,25.8375,0.8,-0.3999999999999986,0.0,Tiruchirappalli,23.6,0.0
2024-01-05 18:00:00,23.9,84,0.0,1003.8,5.5,14.8,56,58,18,5,1,4,5,24.5,0.0,25.4,0.0,28.1,0.0,27.9,0.2,25.0,0.0,24.98333333333333,0.0,26.916666666666668,0.0,25.791666666666668,0.8,-0.6000000000000014,0.0,Tiruchirappalli,23.3,0.0
2024-01-05 19:00:00,23.7,85,0.0,1003.4,4.1,12.8,50,52,19,5,1,4,5,23.9,0.0,24.9,0.0,25.7,0.0,28.8,0.0,24.6,0.0,24.65,0.0,26.491666666666664,0.0,25.754166666666663,0.8,-0.1999999999999993,0.0,Tiruchirappalli,23.0,0.0
2024-01-05 20:00:00,23.6,85,0.0,1003.0,4.6,13.0,46,51,20,5,1,4,5,23.7,0.0,24.5,0.0,25.5,0.0,29.2,0.0,24.1,0.0,24.33333333333333,0.0,26.025,0.0,25.73333333333333,0.8,-0.0999999999999978,0.0,Tiruchirappalli,22.9,0.0
2024-01-05 21:00:00,23.6,84,0.0,1002.4,7.4,16.3,41,47,21,5,1,4,5,23.6,0.0,23.9,0.0,25.4,0.0,28.8,0.0,23.6,0.0,24.03333333333333,0.0,25.591666666666665,0.0,25.73333333333333,0.8,0.0,0.0,Tiruchirappalli,22.9,0.0
2024-01-05 22:00:00,23.2,86,0.0,1002.1,8.4,18.6,36,43,22,5,1,4,5,23.6,0.0,23.7,0.0,24.9,0.0,29.3,0.0,23.5,0.1,23.75,0.0,25.08333333333333,0.0,25.72083333333333,0.7000000000000001,-0.4000000000000021,0.0,Tiruchirappalli,22.9,0.0
2024-01-05 23:00:00,23.1,86,0.0,1002.1,9.4,20.3,37,43,23,5,1,4,5,23.2,0.0,23.6,0.0,24.5,0.0,28.9,0.0,23.4,0.1,23.516666666666666,0.0,24.6,0.0,25.70833333333333,0.6000000000000001,-0.0999999999999978,0.0,Tiruchirappalli,22.7,0.0
2024-01-06 00:00:00,22.9,87,0.0,1002.8,8.7,19.4,35,42,0,6,1,5,6,23.1,0.0,23.6,0.0,23.9,0.0,28.1,0.0,23.2,0.1,23.35,0.0,24.166666666666668,0.0,25.695833333333336,0.5,-0.2000000000000028,0.0,Tiruchirappalli,22.7,0.0
2024-01-06 01:00:00,23.7,90,0.0,1002.5,7.0,17.1,28,35,1,6,1,5,6,22.9,0.0,23.2,0.0,23.7,0.0,25.7,0.0,23.6,0.1,23.35,0.0,24.0,0.0,25.7,0.4,0.8000000000000007,0.0,Tiruchirappalli,22.9,0.0
2024-01-06 02:00:00,25.0,83,0.0,1003.5,12.7,21.3,24,25,2,6,1,5,6,23.7,0.0,23.1,0.0,23.6,0.0,25.5,0.0,24.0,0.1,23.58333333333333,0.0,23.95833333333333,0.0,25.741666666666664,0.3,1.3000000000000007,0.0,Tiruchirappalli,23.9,0.0
2024-01-06 03:00:00,26.9,74,0.0,1004.0,13.0,18.2,27,28,3,6,1,5,6,25.0,0.0,22.9,0.0,23.6,0.0,25.4,0.0,25.1,0.0,24.13333333333333,0.0,24.08333333333333,0.0,25.816666666666663,0.3,1.8999999999999984,0.0,Tiruchirappalli,25.7,0.0
2024-01-06 04:00:00,28.5,67,0.0,1004.5,20.5,28.4,30,31,4,6,1,5,6,26.9,0.0,23.7,0.0,23.2,0.0,24.9,0.0,25.8,0.0,25.016666666666666,0.0,24.383333333333336,0.0,25.929166666666664,0.3,1.6000000000000014,0.0,Tiruchirappalli,26.8,0.1
2024-01-06 05:00:00,29.3,65,0.0,1004.2,19.2,26.4,39,40,5,6,1,5,6,28.5,0.0,25.0,0.0,23.1,0.0,24.5,0.0,27.2,0.1,26.05,0.0,24.78333333333333,0.0,26.016666666666666,0.2,0.8000000000000007,0.0,Tiruchirappalli,27.6,0.1
2024-01-06 06:00:00,29.0,66,0.5,1003.3,20.1,27.7,44,46,6,6,1,5,6,29.3,0.0,26.9,0.0,22.9,0.0,23.9,0.0,27.9,0.2,27.066666666666663,0.5,25.20833333333333,0.5,26.0625,0.5,-0.3000000000000007,0.5,Tiruchirappalli,28.5,0.2
2024-01-06 07:00:00,28.7,71,0.7,1002.1,17.2,23.8,52,53,7,6,1,5,6,29.0,0.5,28.5,0.0,23.7,0.0,23.7,0.0,28.8,0.0,27.9,1.2,25.625,1.2,26.058333333333334,1.2,-0.3000000000000007,0.1999999999999999,Tiruchirappalli,29.5,0.0
2024-01-06 08:00:00,30.1,64,0.0,1000.8,16.8,22.4,53,55,8,6,1,5,6,28.7,0.7,29.3,0.0,25.0,0.0,23.6,0.0,29.2,0.0,28.75,1.2,26.166666666666668,1.2,26.09583333333333,1.2,1.400000000000002,-0.7,Tiruchirappalli,30.0,0.0
2024-01-06 09:00:00,30.2,63,0.0,999.8,19.3,25.9,65,66,9,6,1,5,6,30.1,0.0,29.0,0.5,26.9,0.0,23.6,0.0,28.8,0.0,29.3,1.2,26.71666666666667,1.2,26.15416666666667,1.2,0.0999999999999978,0.0,Tiruchirappalli,30.1,0.0
2024-01-06 10:00:00,27.9,74,0.2,1000.2,17.6,24.7,74,75,10,6,1,5,6,30.2,0.0,28.7,0.7,28.5,0.0,23.2,0.0,29.3,0.0,29.2,1.4,27.10833333333333,1.4,26.09583333333333,1.4,-2.3000000000000007,0.2,Tiruchirappalli,29.9,0.0
2024-01-06 11:00:00,27.6,74,0.0,1000.5,18.8,26.5,69,70,11,6,1,5,6,27.9,0.2,30.1,0.0,29.3,0.0,23.1,0.0,28.9,0.0,28.916666666666668,1.4,27.48333333333333,1.4,26.041666666666668,1.4,-0.2999999999999971,-0.2,Tiruchirappalli,29.1,0.0
2024-01-06 12:00:00,26.4,79,0.0,1001.2,14.2,20.8,67,66,12,6,1,5,6,27.6,0.0,30.2,0.0,29.0,0.5,22.9,0.0,28.1,0.0,28.48333333333333,0.8999999999999999,27.775,1.4,25.97083333333333,1.4,-1.2000000000000028,0.0,Tiruchirappalli,27.6,0.0
2024-01-06 13:00:00,25.8,83,0.0,1002.4,12.9,20.6,61,63,13,6,1,5,6,26.4,0.0,27.9,0.2,28.7,0.7,23.7,0.0,25.7,0.0,28.0,0.2,27.95,1.4,25.975,1.4,-0.5999999999999979,0.0,Tiruchirappalli,25.8,0.0
2024-01-06 14:00:00,24.8,89,0.0,1003.4,11.3,19.9,58,63,14,6,1,5,6,25.8,0.0,27.6,0.0,30.1,0.0,25.0,0.0,25.5,0.0,27.116666666666664,0.2,27.933333333333334,1.4,25.945833333333336,1.4,-1.0,0.0,Tiruchirappalli,25.0,0.0
2024-01-06 15:00:00,24.2,92,0.1,1004.4,14.7,24.1,52,54,15,6,1,5,6,24.8,0.0,26.4,0.0,30.2,0.0,26.9,0.0,25.4,0.0,26.11666666666667,0.3,27.70833333333333,1.5,25.89583333333333,1.5,-0.6000000000000014,0.1,Tiruchirappalli,24.5,0.0
2024-01-06 16:00:00,23.8,94,0.6,1004.2,13.3,23.0,49,49,16,6,1,5,6,24.2,0.1,25.8,0.0,27.9,0.2,28.5,0.0,24.9,0.0,25.433333333333337,0.7,27.316666666666663,2.1,25.85,2.1,-0.3999999999999986,0.5,Tiruchirappalli,24.0,0.0
2024-01-06 17:00:00,23.3,97,1.1,1004.4,12.5,22.7,42,44,17,6,1,5,6,23.8,0.6,24.8,0.0,27.6,0.0,29.3,0.0,24.5,0.0,24.71666666666667,1.8,26.816666666666663,3.2,25.8,3.2,-0.5,0.5000000000000001,Tiruchirappalli,23.4,0.0
2024-01-06 18:00:00,23.3,97,1.0,1004.0,9.2,18.6,47,59,18,6,1,5,6,23.3,1.1,24.2,0.1,26.4,0.0,29.0,0.5,23.9,0.0,24.2,2.8,26.341666666666665,3.7,25.775,4.2,0.0,-0.1,Tiruchirappalli,22.9,0.0
2024-01-06 19:00:00,23.2,97,5.8,1003.8,10.4,20.2,31,34,19,6,1,5,6,23.3,1.0,23.8,0.6,25.8,0.0,28.7,0.7,23.7,0.0,23.766666666666666,8.6,25.883333333333336,8.8,25.754166666666663,10.0,-0.1000000000000014,4.8,Tiruchirappalli,22.7,0.0
2024-01-06 20:00:00,23.4,96,9.8,1003.0,12.0,23.3,22,21,20,6,1,5,6,23.2,5.8,23.3,1.1,24.8,0.0,30.1,0.0,23.6,0.0,23.53333333333333,18.4,25.325,18.6,25.745833333333334,19.8,0.1999999999999993,4.000000000000001,Tiruchirappalli,22.8,0.0
2024-01-06 21:00:00,23.3,96,9.1,1002.2,12.1,23.7,22,27,21,6,1,5,6,23.4,9.8,23.3,1.0,24.2,0.1,30.2,0.0,23.6,0.0,23.383333333333336,27.4,24.75,27.700000000000003,25.73333333333333,28.9,-0.0999999999999978,-0.7000000000000011,Tiruchirappalli,22.9,0.0
2024-01-06 22:00:00,23.2,96,8.5,1001.8,11.4,22.2,27,35,22,6,1,5,6,23.3,9.1,23.2,5.8,23.8,0.6,27.9,0.2,23.2,0.0,23.28333333333333,35.3,24.35833333333333,36.0,25.73333333333333,37.4,-0.1000000000000014,-0.5999999999999996,Tiruchirappalli,22.8,0.0
2024-01-06 23:00:00,23.0,96,5.1,1002.1,9.8,20.3,27,36,23,6,1,5,6,23.2,8.5,23.4,9.8,23.3,1.1,27.6,0.0,23.1,0.0,23.23333333333333,39.3,23.975,41.1,25.729166666666668,42.5,-0.1999999999999993,-3.4000000000000004,Tiruchirappalli,22.4,0.0
2024-01-07 00:00:00,23.0,95,4.4,1002.7,7.4,17.1,28,39,0,7,1,6,7,23.0,5.1,23.3,9.1,23.3,1.0,26.4,0.0,22.9,0.0,23.183333333333334,42.7,23.691666666666663,45.5,25.73333333333333,46.9,0.0,-0.6999999999999993,Tiruchirappalli,22.3,0.0
2024-01-07 01:00:00,23.0,95,6.2,1003.5,5.2,13.4,24,25,1,7,1,6,7,23.0,4.4,23.2,8.5,23.2,5.8,25.8,0.0,23.7,0.0,23.15,43.1,23.45833333333333,51.7,25.704166666666666,53.1,0.0,1.7999999999999998,Tiruchirappalli,22.8,0.0
2024-01-07 02:00:00,23.0,94,4.7,1004.3,8.9,17.7,27,32,2,7,1,6,7,23.0,6.2,23.0,5.1,23.4,9.8,24.8,0.0,25.0,0.0,23.08333333333333,38.0,23.308333333333334,56.400000000000006,25.620833333333334,57.8,0.0,-1.5,Tiruchirappalli,23.5,0.0
2024-01-07 03:00:00,23.3,94,3.1,1005.2,12.7,22.5,27,29,3,7,1,6,7,23.0,4.7,23.0,4.4,23.3,9.1,24.2,0.1,26.9,0.0,23.08333333333333,32.0,23.23333333333333,59.4,25.47083333333333,60.9,0.3000000000000007,-1.6,Tiruchirappalli,25.2,0.0
2024-01-07 04:00:00,24.2,88,0.8,1005.6,14.2,22.6,22,24,4,7,1,6,7,23.3,3.1,23.0,6.2,23.2,8.5,23.8,0.6,28.5,0.0,23.25,24.3,23.266666666666666,59.6,25.291666666666668,61.7,0.8999999999999986,-2.3,Tiruchirappalli,26.5,0.0
2024-01-07 05:00:00,25.2,80,0.3,1005.4,14.5,21.4,20,19,5,7,1,6,7,24.2,0.8,23.0,4.7,23.0,5.1,23.3,1.1,29.3,0.0,23.616666666666664,19.500000000000004,23.425,58.8,25.120833333333334,62.0,1.0,-0.5,Tiruchirappalli,27.4,0.1
2024-01-07 06:00:00,26.6,73,0.0,1004.6,19.5,27.2,26,25,6,7,1,6,7,25.2,0.3,23.3,3.1,23.0,4.4,23.3,1.0,29.0,0.5,24.21666666666667,15.1,23.7,57.8,25.02083333333333,61.5,1.400000000000002,-0.3,Tiruchirappalli,28.0,0.0
2024-01-07 07:00:00,27.0,74,0.4,1003.5,19.7,26.9,30,31,7,7,1,6,7,26.6,0.0,24.2,0.8,23.0,6.2,23.2,5.8,28.7,0.7,24.883333333333336,9.3,24.016666666666666,52.4,24.950000000000003,61.2,0.3999999999999986,0.4,Tiruchirappalli,29.1,0.0
2024-01-07 08:00:00,26.7,76,0.3,1002.1,16.6,23.7,24,24,8,7,1,6,7,27.0,0.4,25.2,0.3,23.0,4.7,23.4,9.8,30.1,0.0,25.5,4.9,24.291666666666668,42.9,24.808333333333334,61.5,-0.3000000000000007,-0.1,Tiruchirappalli,29.6,0.0
2024-01-07 09:00:00,27.3,72,0.0,1000.9,18.1,26.0,24,23,9,7,1,6,7,26.7,0.3,26.6,0.0,23.3,3.1,23.3,9.1,30.2,0.0,26.166666666666668,1.8,24.625,33.800000000000004,24.6875,61.5,0.6000000000000014,-0.3,Tiruchirappalli,30.0,0.0
2024-01-07 10:00:00,27.5,72,0.0,1000.4,14.5,20.4,36,35,10,7,1,6,7,27.3,0.0,27.0,0.4,24.2,0.8,23.2,8.5,27.9,0.2,26.71666666666667,1.0,24.98333333333333,25.3,24.67083333333333,61.3,0.1999999999999993,0.0,Tiruchirappalli,29.7,0.0
2024-01-07 11:00:00,27.9,69,0.0,1000.5,15.5,22.7,43,44,11,7,1,6,7,27.5,0.0,26.7,0.3,25.2,0.3,23.0,5.1,27.6,0.0,27.166666666666668,0.7,25.39166666666667,20.2,24.683333333333334,61.3,0.3999999999999986,0.0,Tiruchirappalli,29.0,0.0
2024-01-07 12:00:00,26.3,79,0.2,1001.3,10.1,17.9,68,73,12,7,1,6,7,27.9,0.0,27.3,0.0,26.6,0.0,23.0,4.4,26.4,0.0,27.116666666666664,0.8999999999999999,25.666666666666668,16.0,24.679166666666664,61.5,-1.599999999999998,0.2,Tiruchirappalli,27.8,0.0
2024-01-07 13:00:00,24.5,96,8.1,1002.3,5.6,12.5,78,105,13,7,1,6,7,26.3,0.2,27.5,0.0,27.0,0.4,23.0,6.2,25.8,0.0,26.7,8.6,25.791666666666668,17.9,24.625,69.6,-1.8000000000000007,7.899999999999999,Tiruchirappalli,25.9,0.0
2024-01-07 14:00:00,24.4,95,0.7,1003.0,7.9,17.4,52,66,14,7,1,6,7,24.5,8.1,27.9,0.0,26.7,0.3,23.0,4.7,24.8,0.0,26.316666666666663,8.999999999999998,25.90833333333333,13.9,24.60833333333333,70.3,-0.1000000000000014,-7.399999999999999,Tiruchirappalli,25.0,0.0
2024-01-07 15:00:00,23.8,95,1.8,1003.8,15.3,28.9,33,34,15,7,1,6,7,24.4,0.7,26.3,0.2,27.3,0.0,23.3,3.1,24.2,0.1,25.73333333333333,10.8,25.950000000000003,12.6,24.59166666666667,72.0,-0.5999999999999979,1.1,Tiruchirappalli,24.6,0.0
2024-01-07 16:00:00,23.7,94,7.0,1004.0,17.1,32.2,22,22,16,7,1,6,7,23.8,1.8,24.5,8.1,27.5,0.0,24.2,0.8,23.8,0.6,25.1,17.799999999999997,25.90833333333333,18.8,24.5875,78.4,-0.1000000000000014,5.2,Tiruchirappalli,24.5,0.0
2024-01-07 17:00:00,23.4,94,10.6,1004.0,16.1,30.2,22,24,17,7,1,6,7,23.7,7.0,24.4,0.7,27.9,0.0,25.2,0.3,23.3,1.1,24.35,28.4,25.75833333333333,29.1,24.59166666666667,87.9,-0.3000000000000007,3.6,Tiruchirappalli,24.3,0.0
2024-01-07 18:00:00,23.2,95,11.4,1003.8,17.6,31.9,25,23,18,7,1,6,7,23.4,10.6,23.8,1.8,26.3,0.2,26.6,0.0,23.3,1.0,23.83333333333333,39.6,25.475,40.5,24.587499999999995,98.3,-0.1999999999999993,0.8000000000000007,Tiruchirappalli,23.8,0.0
2024-01-07 19:00:00,23.1,96,8.8,1003.4,15.6,28.5,25,26,19,7,1,6,7,23.2,11.4,23.7,7.0,24.5,8.1,27.0,0.4,23.2,5.8,23.6,40.3,25.15,48.9,24.58333333333333,101.3,-0.0999999999999978,-2.6,Tiruchirappalli,22.9,0.0
2024-01-07 20:00:00,22.9,96,6.6,1002.8,14.9,27.5,32,32,20,7,1,6,7,23.1,8.8,23.4,10.6,24.4,0.7,26.7,0.3,23.4,9.8,23.35,46.2,24.83333333333333,55.2,24.5625,98.1,-0.2000000000000028,-2.200000000000001,Tiruchirappalli,22.4,0.0
2024-01-07 21:00:00,22.8,97,1.7,1002.1,15.9,29.2,30,33,21,7,1,6,7,22.9,6.6,23.2,11.4,23.8,1.8,27.3,0.0,23.3,9.1,23.183333333333334,46.1,24.45833333333333,56.900000000000006,24.541666666666668,90.7,-0.0999999999999978,-4.9,Tiruchirappalli,22.2,0.0
2024-01-07 22:00:00,22.8,97,0.2,1002.1,9.4,19.1,32,32,22,7,1,6,7,22.8,1.7,23.1,8.8,23.7,7.0,27.5,0.0,23.2,8.5,23.03333333333333,39.3,24.066666666666663,57.1,24.525,82.4,0.0,-1.5,Tiruchirappalli,22.1,0.0
2024-01-07 23:00:00,22.7,99,0.2,1002.6,7.4,12.5,57,61,23,7,1,6,7,22.8,0.2,22.9,6.6,23.4,10.6,27.9,0.0,23.0,5.1,22.916666666666668,28.9,23.63333333333333,57.3,24.512500000000003,77.50000000000001,-0.1000000000000014,0.0,Tiruchirappalli,22.0,0.0
2024-01-08 00:00:00,22.6,99,0.8,1003.1,3.3,10.8,75,84,0,8,1,0,8,22.7,0.2,22.8,1.7,23.2,11.4,26.3,0.2,23.0,4.4,22.816666666666663,18.3,23.325000000000003,57.9,24.495833333333337,73.9,-0.0999999999999978,0.6000000000000001,Tiruchirappalli,21.8,0.0
2024-01-08 01:00:00,23.2,95,0.0,1003.2,8.2,15.8,27,23,1,8,1,0,8,22.6,0.8,22.8,0.2,23.1,8.8,24.5,8.1,23.0,6.2,22.83333333333333,9.5,23.21666666666667,49.8,24.504166666666663,67.7,0.5999999999999979,-0.8,Tiruchirappalli,22.1,0.0
2024-01-08 02:00:00,23.5,93,0.0,1004.3,9.4,16.1,42,43,2,8,1,0,8,23.2,0.0,22.7,0.2,22.9,6.6,24.4,0.7,23.0,4.7,22.933333333333334,2.9,23.141666666666666,49.1,24.525,62.99999999999999,0.3000000000000007,0.0,Tiruchirappalli,23.3,0.0
2024-01-08 03:00:00,24.2,92,2.0,1005.1,11.5,16.9,29,32,3,8,1,0,8,23.5,0.0,22.6,0.8,22.8,1.7,23.8,1.8,23.3,3.1,23.166666666666668,3.2,23.175,49.3,24.5625,61.9,0.6999999999999993,2.0,Tiruchirappalli,25.4,0.0
2024-01-08 04:00:00,24.7,88,0.8,1005.6,13.0,18.9,40,42,4,8,1,0,8,24.2,2.0,23.2,0.0,22.8,0.2,23.7,7.0,24.2,0.8,23.48333333333333,3.8,23.25833333333333,43.1,24.58333333333333,61.9,0.5,-1.2,Tiruchirappalli,27.0,0.0
2024-01-08 05:00:00,24.5,94,1.2,1005.6,11.0,15.9,38,38,5,8,1,0,8,24.7,0.8,23.5,0.0,22.7,0.2,23.4,10.6,25.2,0.3,23.78333333333333,4.800000000000001,23.35,33.7,24.554166666666664,62.8,-0.1999999999999993,0.3999999999999999,Tiruchirappalli,27.9,0.0
2024-01-08 06:00:00,24.7,89,0.8,1004.9,11.5,16.3,41,41,6,8,1,0,8,24.5,1.2,24.2,2.0,22.6,0.8,23.2,11.4,26.6,0.0,24.133333333333336,4.800000000000001,23.475000000000005,23.1,24.475,63.6,0.1999999999999993,-0.3999999999999999,Tiruchirappalli,27.8,0.1
2024-01-08 07:00:00,25.0,91,0.7,1003.8,10.9,14.9,37,34,7,8,1,0,8,24.7,0.8,24.7,0.8,23.2,0.0,23.1,8.8,27.0,0.4,24.433333333333334,5.5,23.633333333333336,15.0,24.391666666666666,63.9,0.3000000000000007,-0.1,Tiruchirappalli,29.1,0.1
2024-01-08 08:00:00,25.5,87,0.2,1003.0,12.4,16.7,25,22,8,8,1,0,8,25.0,0.7,24.5,1.2,23.5,0.0,22.9,6.6,26.7,0.3,24.766666666666666,5.7,23.850000000000005,8.6,24.34166666666667,63.8,0.5,-0.4999999999999999,Tiruchirappalli,29.7,0.1
2024-01-08 09:00:00,24.9,88,0.0,1002.1,12.6,18.6,15,13,9,8,1,0,8,25.5,0.2,24.7,0.8,24.2,2.0,22.8,1.7,27.3,0.0,24.88333333333333,3.7,24.025,6.9,24.241666666666664,63.8,-0.6000000000000014,-0.2,Tiruchirappalli,29.9,0.0
2024-01-08 10:00:00,25.2,87,0.1,1001.9,11.8,16.8,35,38,10,8,1,0,8,24.9,0.0,25.0,0.7,24.7,0.8,22.8,0.2,27.5,0.0,24.96666666666667,3.0,24.225,6.8,24.14583333333333,63.9,0.3000000000000007,0.1,Tiruchirappalli,30.0,0.0
2024-01-08 11:00:00,25.4,85,0.1,1002.2,12.0,17.3,48,49,11,8,1,0,8,25.2,0.1,25.5,0.2,24.5,1.2,22.7,0.2,27.9,0.0,25.116666666666664,1.9,24.45,6.7,24.041666666666668,64.0,0.1999999999999993,0.0,Tiruchirappalli,29.5,0.0
2024-01-08 12:00:00,24.9,88,0.4,1003.1,10.1,16.6,60,63,12,8,1,0,8,25.4,0.1,24.9,0.0,24.7,0.8,22.6,0.8,26.3,0.2,25.15,1.5,24.641666666666666,6.3,23.98333333333333,64.2,-0.5,0.3,Tiruchirappalli,28.2,0.0
2024-01-08 13:00:00,24.8,92,0.0,1003.3,10.2,19.4,48,48,13,8,1,0,8,24.9,0.4,25.2,0.1,25.0,0.7,23.2,0.0,24.5,8.1,25.116666666666664,0.8,24.775,6.3,23.995833333333337,56.1,-0.0999999999999978,-0.4,Tiruchirappalli,26.1,0.0
2024-01-08 14:00:00,24.1,97,0.3,1004.2,10.8,20.5,59,60,14,8,1,0,8,24.8,0.0,25.4,0.1,25.5,0.2,23.5,0.0,24.4,0.7,24.883333333333336,0.9000000000000001,24.825,6.6,23.98333333333333,55.7,-0.6999999999999993,0.3,Tiruchirappalli,25.3,0.0
2024-01-08 15:00:00,23.9,97,0.5,1005.0,10.7,20.6,57,57,15,8,1,0,8,24.1,0.3,24.9,0.4,24.9,0.0,24.2,2.0,23.8,1.8,24.716666666666665,1.4,24.8,5.1,23.9875,54.4,-0.2000000000000028,0.2,Tiruchirappalli,24.2,0.0
2024-01-08 16:00:00,23.6,97,0.4,1005.4,9.3,18.6,54,54,16,8,1,0,8,23.9,0.5,24.8,0.0,25.2,0.1,24.7,0.8,23.7,7.0,24.450000000000003,1.7,24.70833333333333,4.7,23.98333333333333,47.8,-0.2999999999999971,-0.0999999999999999,Tiruchirappalli,23.5,0.0
2024-01-08 17:00:00,23.4,98,0.8,1005.2,7.9,17.3,48,51,17,8,1,0,8,23.6,0.4,24.1,0.3,25.4,0.1,24.5,1.2,23.4,10.6,24.116666666666664,2.4000000000000004,24.61666666666667,4.3,23.98333333333333,38.0,-0.2000000000000028,0.4,Tiruchirappalli,22.5,0.0
2024-01-08 18:00:00,23.4,98,0.6,1004.6,8.9,19.1,49,50,18,8,1,0,8,23.4,0.8,23.9,0.5,24.9,0.4,24.7,0.8,23.2,11.4,23.866666666666664,2.6,24.50833333333333,4.1000000000000005,23.99166666666667,27.2,0.0,-0.2,Tiruchirappalli,21.9,0.0
2024-01-08 19:00:00,23.1,97,0.3,1004.0,10.2,20.4,42,42,19,8,1,0,8,23.4,0.6,23.6,0.4,24.8,0.0,25.0,0.7,23.1,8.8,23.58333333333333,2.9,24.35,3.7,23.99166666666667,18.7,-0.2999999999999971,-0.3,Tiruchirappalli,21.7,0.0
2024-01-08 20:00:00,22.9,97,0.1,1003.2,10.6,21.4,48,55,20,8,1,0,8,23.1,0.3,23.4,0.8,24.1,0.3,25.5,0.2,22.9,6.6,23.383333333333336,2.7,24.13333333333333,3.6,23.99166666666667,12.2,-0.2000000000000028,-0.1999999999999999,Tiruchirappalli,21.5,0.0
2024-01-08 21:00:00,23.3,96,0.4,1002.6,12.4,22.3,52,54,21,8,1,0,8,22.9,0.1,23.4,0.6,23.9,0.5,24.9,0.0,22.8,1.7,23.28333333333333,2.6,24.0,4.0,24.0125,10.9,0.4000000000000021,0.3,Tiruchirappalli,21.4,0.0
2024-01-08 22:00:00,23.2,98,0.1,1002.2,10.2,19.9,45,48,22,8,1,0,8,23.3,0.4,23.1,0.3,23.6,0.4,25.2,0.1,22.8,0.2,23.21666666666667,2.3000000000000003,23.83333333333333,4.0,24.02916666666667,10.8,-0.1000000000000014,-0.3,Tiruchirappalli,21.4,0.0
2024-01-08 23:00:00,23.2,97,0.2,1002.4,9.7,19.4,47,51,23,8,1,0,8,23.2,0.1,22.9,0.1,23.4,0.8,25.4,0.1,22.7,0.2,23.183333333333334,1.7,23.65,4.1000000000000005,24.05,10.8,0.0,0.1,Tiruchirappalli,21.1,0.0
2024-01-09 00:00:00,23.2,97,0.2,1003.0,9.4,18.6,54,58,0,9,1,1,9,23.2,0.2,23.3,0.4,23.4,0.6,24.9,0.4,22.6,0.8,23.15,1.3000000000000005,23.50833333333333,3.9,24.075,10.2,0.0,0.0,Tiruchirappalli,20.9,0.0
2024-01-09 01:00:00,23.7,96,0.3,1003.0,13.3,23.8,39,38,1,9,1,1,9,23.2,0.2,23.2,0.1,23.1,0.3,24.8,0.0,23.2,0.0,23.25,1.3000000000000005,23.416666666666668,4.2,24.09583333333333,10.5,0.5,0.0999999999999999,Tiruchirappalli,22.7,0.0
2024-01-09 02:00:00,23.7,96,1.1,1004.1,11.3,19.9,58,63,2,9,1,1,9,23.7,0.3,23.2,0.2,22.9,0.1,24.1,0.3,23.5,0.0,23.383333333333336,2.3000000000000003,23.383333333333336,5.0,24.104166666666668,11.6,0.0,0.8,Tiruchirappalli,23.7,0.0
2024-01-09 03:00:00,23.9,96,1.6,1005.1,12.9,22.2,47,54,3,9,1,1,9,23.7,1.1,23.2,0.2,23.3,0.4,23.9,0.5,24.2,2.0,23.48333333333333,3.5000000000000004,23.38333333333333,6.1,24.091666666666665,11.2,0.1999999999999993,0.5,Tiruchirappalli,25.6,0.0
2024-01-09 04:00:00,23.8,96,1.2,1005.8,14.5,24.2,44,48,4,9,1,1,9,23.9,1.6,23.7,0.3,23.2,0.1,23.6,0.4,24.7,0.8,23.58333333333333,4.6000000000000005,23.4,6.9,24.05416666666667,11.6,-0.0999999999999978,-0.4000000000000001,Tiruchirappalli,27.2,0.0
2024-01-09 05:00:00,24.0,96,9.4,1005.8,9.7,17.4,50,59,5,9,1,1,9,23.8,1.2,23.7,1.1,23.2,0.2,23.4,0.8,24.5,1.2,23.71666666666667,13.8,23.45,15.5,24.03333333333333,19.8,0.1999999999999993,8.200000000000001,Tiruchirappalli,28.5,0.0
2024-01-09 06:00:00,24.5,96,2.3,1004.9,10.9,17.0,54,56,6,9,1,1,9,24.0,9.4,23.9,1.6,23.2,0.2,23.4,0.6,24.7,0.8,23.933333333333334,15.900000000000002,23.541666666666668,17.2,24.025,21.3,0.5,-7.1000000000000005,Tiruchirappalli,29.6,0.0
2024-01-09 07:00:00,25.3,87,2.0,1004.1,20.8,30.6,65,67,7,9,1,1,9,24.5,2.3,23.8,1.2,23.7,0.3,23.1,0.3,25.0,0.7,24.200000000000003,17.6,23.725,18.9,24.0375,22.6,0.8000000000000007,-0.2999999999999998,Tiruchirappalli,30.2,0.0
2024-01-09 08:00:00,25.5,87,0.8,1002.9,13.0,20.3,57,56,8,9,1,1,9,25.3,2.0,24.0,9.4,23.7,1.1,22.9,0.1,25.5,0.2,24.5,17.3,23.941666666666663,19.6,24.0375,23.200000000000003,0.1999999999999993,-1.2,Tiruchirappalli,30.7,0.0
2024-01-09 09:00:00,26.4,84,0.0,1002.0,10.3,14.4,53,54,9,9,1,1,9,25.5,0.8,24.5,2.3,23.9,1.6,23.3,0.4,24.9,0.0,24.916666666666668,15.7,24.2,19.2,24.1,23.200000000000003,0.8999999999999986,-0.8,Tiruchirappalli,30.7,0.0
2024-01-09 10:00:00,26.5,80,0.1,1001.9,12.7,20.5,62,61,10,9,1,1,9,26.4,0.0,25.3,2.0,23.8,1.2,23.2,0.1,25.2,0.1,25.366666666666664,14.6,24.475,19.200000000000003,24.154166666666665,23.2,0.1000000000000014,0.1,Tiruchirappalli,30.2,0.0
2024-01-09 11:00:00,26.8,75,0.1,1002.2,13.9,22.5,58,59,11,9,1,1,9,26.5,0.1,25.5,0.8,24.0,9.4,23.2,0.2,25.4,0.1,25.83333333333333,5.3,24.775,19.1,24.2125,23.200000000000003,0.3000000000000007,0.0,Tiruchirappalli,29.7,0.0
2024-01-09 12:00:00,26.3,76,0.0,1002.8,12.1,22.0,58,60,12,9,1,1,9,26.8,0.1,26.4,0.0,24.5,2.3,23.2,0.2,24.9,0.4,26.133333333333336,3.0,25.03333333333333,18.9,24.27083333333333,22.8,-0.5,-0.1,Tiruchirappalli,28.2,0.0
2024-01-09 13:00:00,24.5,83,0.0,1003.2,13.0,24.1,39,39,13,9,1,1,9,26.3,0.0,26.5,0.1,25.3,2.0,23.7,0.3,24.8,0.0,26.0,1.0,25.1,18.6,24.25833333333333,22.8,-1.8000000000000007,0.0,Tiruchirappalli,27.1,0.0
2024-01-09 14:00:00,24.3,83,0.0,1004.1,14.3,25.7,42,43,14,9,1,1,9,24.5,0.0,26.8,0.1,25.5,0.8,23.7,1.1,24.1,0.3,25.8,0.2,25.15,17.5,24.26666666666667,22.500000000000004,-0.1999999999999993,0.0,Tiruchirappalli,25.8,0.0
2024-01-09 15:00:00,24.1,84,0.0,1004.9,14.5,26.3,41,42,15,9,1,1,9,24.3,0.0,26.3,0.0,26.4,0.0,23.9,1.6,23.9,0.5,25.416666666666668,0.2,25.166666666666668,15.9,24.274999999999995,22.0,-0.1999999999999993,0.0,Tiruchirappalli,24.9,0.0
2024-01-09 16:00:00,24.0,84,0.0,1005.3,12.5,23.7,43,44,16,9,1,1,9,24.1,0.0,24.5,0.0,26.5,0.1,23.8,1.2,23.6,0.4,25.0,0.1,25.183333333333334,14.7,24.291666666666668,21.6,-0.1000000000000014,0.0,Tiruchirappalli,23.7,0.0
2024-01-09 17:00:00,23.8,84,0.0,1005.3,11.0,22.0,38,38,17,9,1,1,9,24.0,0.0,24.3,0.0,26.8,0.1,24.0,9.4,23.4,0.8,24.5,0.0,25.166666666666668,5.3,24.308333333333334,20.8,-0.1999999999999993,0.0,Tiruchirappalli,22.8,0.0
2024-01-09 18:00:00,23.5,86,0.0,1005.1,11.1,22.6,34,36,18,9,1,1,9,23.8,0.0,24.1,0.0,26.3,0.0,24.5,2.3,23.4,0.6,24.03333333333333,0.0,25.08333333333333,3.0,24.3125,20.200000000000003,-0.3000000000000007,0.0,Tiruchirappalli,21.8,0.0
2024-01-09 19:00:00,23.6,86,0.0,1004.4,12.1,23.2,30,30,19,9,1,1,9,23.5,0.0,24.0,0.0,24.5,0.0,25.3,2.0,23.1,0.3,23.883333333333336,0.0,24.941666666666663,1.0,24.33333333333333,19.9,0.1000000000000014,0.0,Tiruchirappalli,21.1,0.0
2024-01-09 20:00:00,23.3,89,0.0,1003.7,11.9,23.7,26,25,20,9,1,1,9,23.6,0.0,23.8,0.0,24.3,0.0,25.5,0.8,22.9,0.1,23.71666666666667,0.0,24.758333333333336,0.2,24.35,19.8,-0.3000000000000007,0.0,Tiruchirappalli,20.8,0.0
2024-01-09 21:00:00,23.0,90,0.0,1002.8,12.3,23.9,23,21,21,9,1,1,9,23.3,0.0,23.5,0.0,24.1,0.0,26.4,0.0,23.3,0.4,23.53333333333333,0.0,24.475000000000005,0.2,24.3375,19.4,-0.3000000000000007,0.0,Tiruchirappalli,20.7,0.0
2024-01-09 22:00:00,22.8,92,0.0,1002.5,11.0,22.4,26,23,22,9,1,1,9,23.0,0.0,23.6,0.0,24.0,0.0,26.5,0.1,23.2,0.1,23.33333333333333,0.0,24.166666666666668,0.1,24.32083333333333,19.3,-0.1999999999999993,0.0,Tiruchirappalli,20.9,0.0
2024-01-09 23:00:00,22.5,92,0.0,1002.5,10.4,22.0,18,14,23,9,1,1,9,22.8,0.0,23.3,0.0,23.8,0.0,26.8,0.1,23.2,0.2,23.11666666666667,0.0,23.808333333333334,0.0,24.291666666666668,19.1,-0.3000000000000007,0.0,Tiruchirappalli,20.8,0.0
2024-01-10 00:00:00,22.4,93,0.0,1002.7,9.1,20.5,18,18,0,10,1,2,10,22.5,0.0,23.0,0.0,23.5,0.0,26.3,0.0,23.2,0.2,22.933333333333334,0.0,23.48333333333333,0.0,24.258333333333336,18.9,-0.1000000000000014,0.0,Tiruchirappalli,19.7,0.0
2024-01-10 01:00:00,23.2,90,0.0,1003.2,8.6,19.5,5,360,1,10,1,2,10,22.4,0.0,22.8,0.0,23.6,0.0,24.5,0.0,23.7,0.3,22.866666666666664,0.0,23.375,0.0,24.2375,18.6,0.8000000000000007,0.0,Tiruchirappalli,20.9,0.0
2024-01-10 02:00:00,24.0,86,0.0,1004.0,10.1,16.6,2,360,2,10,1,2,10,23.2,0.0,22.5,0.0,23.3,0.0,24.3,0.0,23.7,1.1,22.98333333333333,0.0,23.35,0.0,24.25,17.5,0.8000000000000007,0.0,Tiruchirappalli,22.7,0.0
2024-01-10 03:00:00,25.5,81,0.0,1005.0,11.5,16.8,15,14,3,10,1,2,10,24.0,0.0,22.4,0.0,23.0,0.0,24.1,0.0,23.9,1.6,23.4,0.0,23.46666666666667,0.0,24.316666666666663,15.900000000000002,1.5,0.0,Tiruchirappalli,24.7,0.0
2024-01-10 04:00:00,26.8,76,0.1,1005.1,20.3,28.9,36,37,4,10,1,2,10,25.5,0.0,23.2,0.0,22.8,0.0,24.0,0.0,23.8,1.2,24.066666666666663,0.1,23.700000000000003,0.1,24.441666666666663,14.8,1.3000000000000007,0.1,Tiruchirappalli,26.8,0.0
2024-01-10 05:00:00,27.1,75,0.1,1004.8,18.8,26.7,44,45,5,10,1,2,10,26.8,0.1,24.0,0.0,22.5,0.0,23.8,0.0,24.0,9.4,24.83333333333333,0.2,23.975,0.2,24.57083333333333,5.5,0.3000000000000007,0.0,Tiruchirappalli,28.2,0.0
2024-01-10 06:00:00,28.4,68,0.1,1004.2,18.8,26.5,46,47,6,10,1,2,10,27.1,0.1,25.5,0.0,22.4,0.0,23.5,0.0,24.5,2.3,25.83333333333333,0.3,24.383333333333336,0.3,24.73333333333333,3.3000000000000003,1.2999999999999972,0.0,Tiruchirappalli,29.2,0.0
2024-01-10 07:00:00,29.1,66,0.2,1002.8,18.5,25.9,52,53,7,10,1,2,10,28.4,0.1,26.8,0.1,23.2,0.0,23.6,0.0,25.3,2.0,26.816666666666663,0.5,24.841666666666665,0.5,24.891666666666666,1.5,0.7000000000000028,0.1,Tiruchirappalli,29.8,0.0
2024-01-10 08:00:00,29.6,63,0.1,1001.7,18.9,26.1,52,51,8,10,1,2,10,29.1,0.2,27.1,0.1,24.0,0.0,23.3,0.0,25.5,0.8,27.75,0.6000000000000001,25.366666666666664,0.6000000000000001,25.0625,0.8,0.5,-0.1,Tiruchirappalli,30.2,0.0
2024-01-10 09:00:00,29.7,63,0.1,1001.1,18.8,25.8,57,58,9,10,1,2,10,29.6,0.1,28.4,0.1,25.5,0.0,23.0,0.0,26.4,0.0,28.450000000000003,0.7000000000000001,25.925,0.7000000000000001,25.200000000000003,0.9,0.0999999999999978,0.0,Tiruchirappalli,30.4,0.0
2024-01-10 10:00:00,29.1,61,0.0,1001.1,19.5,27.7,60,60,10,10,1,2,10,29.7,0.1,29.1,0.2,26.8,0.1,22.8,0.0,26.5,0.1,28.83333333333333,0.6000000000000001,26.450000000000003,0.7000000000000001,25.308333333333337,0.8,-0.5999999999999979,-0.1,Tiruchirappalli,30.1,0.0
2024-01-10 11:00:00,28.0,66,0.0,1001.8,17.6,26.6,62,62,11,10,1,2,10,29.1,0.0,29.6,0.1,27.1,0.1,22.5,0.0,26.8,0.1,28.98333333333333,0.5,26.90833333333333,0.7000000000000001,25.35833333333333,0.7,-1.1000000000000014,0.0,Tiruchirappalli,29.5,0.0
2024-01-10 12:00:00,27.1,70,0.0,1002.4,13.1,22.6,59,58,12,10,1,2,10,28.0,0.0,29.7,0.1,28.4,0.1,22.4,0.0,26.3,0.0,28.766666666666666,0.4,27.3,0.7000000000000001,25.391666666666666,0.7,-0.8999999999999986,0.0,Tiruchirappalli,28.2,0.0
2024-01-10 13:00:00,25.5,73,0.1,1003.5,11.3,21.5,40,37,13,10,1,2,10,27.1,0.0,29.1,0.0,29.1,0.2,23.2,0.0,24.5,0.0,28.166666666666668,0.3,27.491666666666664,0.8,25.433333333333334,0.8,-1.6000000000000014,0.1,Tiruchirappalli,26.3,0.0
2024-01-10 14:00:00,24.6,77,0.5,1004.5,13.9,25.1,29,25,14,10,1,2,10,25.5,0.1,28.0,0.0,29.6,0.1,24.0,0.0,24.3,0.0,27.33333333333333,0.7000000000000001,27.541666666666668,1.3,25.44583333333333,1.3,-0.8999999999999986,0.4,Tiruchirappalli,25.7,0.0
2024-01-10 15:00:00,23.6,92,0.7,1005.2,10.9,24.7,31,27,15,10,1,2,10,24.6,0.5,27.1,0.0,29.7,0.1,25.5,0.0,24.1,0.0,26.316666666666663,1.3,27.383333333333336,2.0,25.425,2.0,-1.0,0.1999999999999999,Tiruchirappalli,24.8,0.0
2024-01-10 16:00:00,23.9,90,0.3,1005.9,9.9,20.8,34,33,16,10,1,2,10,23.6,0.7,25.5,0.1,29.1,0.0,26.8,0.1,24.0,0.0,25.45,1.6,27.141666666666666,2.2,25.42083333333333,2.3,0.2999999999999971,-0.3999999999999999,Tiruchirappalli,23.3,0.0
2024-01-10 17:00:00,23.6,90,0.0,1005.6,9.9,21.2,40,44,17,10,1,2,10,23.9,0.3,24.6,0.5,28.0,0.0,27.1,0.1,23.8,0.0,24.71666666666667,1.6,26.850000000000005,2.1,25.4125,2.3,-0.2999999999999971,-0.3,Tiruchirappalli,22.7,0.0
2024-01-10 18:00:00,23.3,89,0.0,1005.5,9.7,21.4,41,45,18,10,1,2,10,23.6,0.0,23.6,0.7,27.1,0.0,28.4,0.1,23.5,0.0,24.08333333333333,1.6,26.425,2.0,25.404166666666665,2.3,-0.3000000000000007,0.0,Tiruchirappalli,21.8,0.0
2024-01-10 19:00:00,23.0,89,0.0,1005.0,8.9,20.5,39,43,19,10,1,2,10,23.3,0.0,23.9,0.3,25.5,0.1,29.1,0.2,23.6,0.0,23.666666666666668,1.5,25.916666666666668,1.8,25.379166666666663,2.3,-0.3000000000000007,0.0,Tiruchirappalli,21.2,0.0
2024-01-10 20:00:00,22.9,89,0.0,1004.2,10.7,23.2,41,45,20,10,1,2,10,23.0,0.0,23.6,0.0,24.6,0.5,29.6,0.1,23.3,0.0,23.383333333333336,1.0,25.35833333333333,1.7,25.3625,2.3,-0.1000000000000014,0.0,Tiruchirappalli,20.8,0.0
2024-01-10 21:00:00,22.9,89,0.0,1003.3,11.0,23.1,37,41,21,10,1,2,10,22.9,0.0,23.3,0.0,23.6,0.7,29.7,0.1,23.0,0.0,23.266666666666666,0.3,24.791666666666668,1.6,25.35833333333333,2.3,0.0,0.0,Tiruchirappalli,20.2,0.0
2024-01-10 22:00:00,22.9,90,0.0,1003.0,9.9,21.0,39,44,22,10,1,2,10,22.9,0.0,23.0,0.0,23.9,0.3,29.1,0.0,22.8,0.0,23.1,0.0,24.275,1.6,25.3625,2.3,0.0,0.0,Tiruchirappalli,19.9,0.0
2024-01-10 23:00:00,22.7,93,0.0,1003.1,9.9,21.0,39,44,23,10,1,2,10,22.9,0.0,22.9,0.0,23.6,0.0,28.0,0.0,22.5,0.0,22.95,0.0,23.83333333333333,1.6,25.370833333333337,2.3,-0.1999999999999993,0.0,Tiruchirappalli,19.7,0.0
2024-01-11 00:00:00,22.7,94,0.0,1003.6,11.0,22.3,34,38,0,11,1,3,11,22.7,0.0,22.9,0.0,23.3,0.0,27.1,0.0,22.4,0.0,22.85,0.0,23.46666666666667,1.6,25.38333333333333,2.3,0.0,0.0,Tiruchirappalli,19.2,0.0
2024-01-11 01:00:00,22.9,91,0.0,1004.5,9.8,21.9,27,28,1,11,1,3,11,22.7,0.0,22.9,0.0,23.0,0.0,25.5,0.1,23.2,0.0,22.83333333333333,0.0,23.25,1.5,25.370833333333334,2.3,0.1999999999999993,0.0,Tiruchirappalli,19.9,0.0
2024-01-11 02:00:00,23.9,88,0.0,1005.3,11.1,20.1,27,29,2,11,1,3,11,22.9,0.0,22.7,0.0,22.9,0.0,24.6,0.5,24.0,0.0,23.0,0.0,23.191666666666663,1.0,25.36666666666667,2.3,1.0,0.0,Tiruchirappalli,21.7,0.0
2024-01-11 03:00:00,25.7,81,0.0,1006.1,13.2,19.3,29,29,3,11,1,3,11,23.9,0.0,22.7,0.0,22.9,0.0,23.6,0.7,25.5,0.0,23.466666666666665,0.0,23.366666666666664,0.3,25.375,2.3,1.8000000000000007,0.0,Tiruchirappalli,24.2,0.0
2024-01-11 04:00:00,26.8,75,0.1,1006.3,20.6,29.1,31,33,4,11,1,3,11,25.7,0.0,22.9,0.0,22.9,0.0,23.9,0.3,26.8,0.1,24.116666666666664,0.1,23.60833333333333,0.1,25.375,2.3,1.1000000000000014,0.1,Tiruchirappalli,26.1,0.0
2024-01-11 05:00:00,27.6,70,0.1,1006.1,20.0,27.9,30,30,5,11,1,3,11,26.8,0.1,23.9,0.0,22.7,0.0,23.6,0.0,27.1,0.1,24.933333333333334,0.2,23.941666666666663,0.2,25.39583333333333,2.3000000000000003,0.8000000000000007,0.0,Tiruchirappalli,27.3,0.0
2024-01-11 06:00:00,28.5,66,0.2,1005.5,19.7,27.0,34,35,6,11,1,3,11,27.6,0.1,25.7,0.0,22.7,0.0,23.3,0.0,28.4,0.1,25.9,0.4,24.375,0.4,25.399999999999995,2.4000000000000004,0.8999999999999986,0.1,Tiruchirappalli,28.2,0.0
2024-01-11 07:00:00,29.5,60,0.0,1004.1,17.9,24.4,34,34,7,11,1,3,11,28.5,0.2,26.8,0.1,22.9,0.0,23.0,0.0,29.1,0.2,27.0,0.4,24.916666666666668,0.4,25.416666666666668,2.2,1.0,-0.2,Tiruchirappalli,29.1,0.0
2024-01-11 08:00:00,30.0,55,0.0,1002.9,16.4,22.5,39,38,8,11,1,3,11,29.5,0.0,27.6,0.1,23.9,0.0,22.9,0.0,29.6,0.1,28.01666666666667,0.4,25.508333333333336,0.4,25.433333333333334,2.1,0.5,0.0,Tiruchirappalli,29.7,0.0
2024-01-11 09:00:00,30.1,54,0.0,1002.0,15.8,21.6,44,43,9,11,1,3,11,30.0,0.0,28.5,0.2,25.7,0.0,22.9,0.0,29.7,0.1,28.75,0.4,26.10833333333333,0.4,25.45,2.0,0.1000000000000014,0.0,Tiruchirappalli,30.0,0.0
2024-01-11 10:00:00,29.9,54,0.0,1001.5,15.3,20.9,48,47,10,11,1,3,11,30.1,0.0,29.5,0.0,26.8,0.1,22.9,0.0,29.1,0.0,29.26666666666667,0.3,26.691666666666663,0.4,25.48333333333333,2.0,-0.2000000000000028,0.0,Tiruchirappalli,29.8,0.0
2024-01-11 11:00:00,29.1,57,0.0,1001.9,14.9,21.9,57,58,11,11,1,3,11,29.9,0.0,30.0,0.0,27.6,0.1,22.7,0.0,28.0,0.0,29.516666666666666,0.2,27.225,0.4,25.529166666666665,2.0,-0.7999999999999972,0.0,Tiruchirappalli,29.3,0.0
2024-01-11 12:00:00,27.6,64,0.0,1002.0,12.3,21.9,70,69,12,11,1,3,11,29.1,0.0,30.1,0.0,28.5,0.2,22.7,0.0,27.1,0.0,29.366666666666664,0.0,27.633333333333336,0.4,25.55,2.0,-1.5,0.0,Tiruchirappalli,27.6,0.0
2024-01-11 13:00:00,25.8,65,0.0,1002.9,9.7,21.8,81,86,13,11,1,3,11,27.6,0.0,29.9,0.0,29.5,0.0,22.9,0.0,25.5,0.1,28.75,0.0,27.875,0.4,25.5625,1.9,-1.8000000000000007,0.0,Tiruchirappalli,25.9,0.0
2024-01-11 14:00:00,25.0,67,0.0,1003.8,11.2,24.6,75,75,14,11,1,3,11,25.8,0.0,29.1,0.0,30.0,0.0,23.9,0.0,24.6,0.5,27.916666666666668,0.0,27.96666666666667,0.4,25.579166666666666,1.4,-0.8000000000000007,0.0,Tiruchirappalli,24.7,0.0
2024-01-11 15:00:00,24.5,76,0.0,1004.9,14.6,28.6,69,70,15,11,1,3,11,25.0,0.0,27.6,0.0,30.1,0.0,25.7,0.0,23.6,0.7,26.98333333333333,0.0,27.86666666666667,0.4,25.616666666666664,0.7,-0.5,0.0,Tiruchirappalli,24.8,0.0
2024-01-11 16:00:00,24.0,83,0.0,1005.5,13.1,26.0,68,69,16,11,1,3,11,24.5,0.0,25.8,0.0,29.9,0.0,26.8,0.1,23.9,0.3,26.0,0.0,27.633333333333336,0.3,25.620833333333334,0.4,-0.5,0.0,Tiruchirappalli,23.8,0.0
2024-01-11 17:00:00,23.4,87,0.0,1005.5,11.8,23.9,59,59,17,11,1,3,11,24.0,0.0,25.0,0.0,29.1,0.0,27.6,0.1,23.6,0.0,25.05,0.0,27.28333333333333,0.2,25.6125,0.4,-0.6000000000000014,0.0,Tiruchirappalli,22.5,0.0
2024-01-11 18:00:00,22.9,89,0.0,1005.3,10.7,22.7,47,45,18,11,1,3,11,23.4,0.0,24.5,0.0,27.6,0.0,28.5,0.2,23.3,0.0,24.266666666666666,0.0,26.816666666666663,0.0,25.59583333333333,0.4,-0.5,0.0,Tiruchirappalli,21.5,0.0
2024-01-11 19:00:00,22.7,89,0.0,1004.6,11.0,22.8,39,38,19,11,1,3,11,22.9,0.0,24.0,0.0,25.8,0.0,29.5,0.0,23.0,0.0,23.75,0.0,26.25,0.0,25.58333333333333,0.4,-0.1999999999999993,0.0,Tiruchirappalli,20.6,0.0
2024-01-11 20:00:00,22.8,87,0.0,1003.8,12.0,23.0,32,33,20,11,1,3,11,22.7,0.0,23.4,0.0,25.0,0.0,30.0,0.0,22.9,0.0,23.38333333333333,0.0,25.65,0.0,25.579166666666666,0.4,0.1000000000000014,0.0,Tiruchirappalli,19.4,0.0
2024-01-11 21:00:00,22.9,86,0.0,1003.3,11.7,22.3,31,34,21,11,1,3,11,22.8,0.0,22.9,0.0,24.5,0.0,30.1,0.0,22.9,0.0,23.116666666666664,0.0,25.05,0.0,25.579166666666666,0.4,0.0999999999999978,0.0,Tiruchirappalli,19.1,0.0
2024-01-11 22:00:00,22.8,85,0.0,1003.3,11.4,22.0,32,35,22,11,1,3,11,22.9,0.0,22.7,0.0,24.0,0.0,29.9,0.0,22.9,0.0,22.916666666666668,0.0,24.45833333333333,0.0,25.575,0.4,-0.0999999999999978,0.0,Tiruchirappalli,18.7,0.0
2024-01-11 23:00:00,22.4,87,0.0,1003.3,11.4,22.4,30,35,23,11,1,3,11,22.8,0.0,22.8,0.0,23.4,0.0,29.1,0.0,22.7,0.0,22.75,0.0,23.9,0.0,25.5625,0.4,-0.4000000000000021,0.0,Tiruchirappalli,18.4,0.0
2024-01-12 00:00:00,22.3,87,0.0,1003.5,11.1,22.3,31,36,0,12,1,4,12,22.4,0.0,22.9,0.0,22.9,0.0,27.6,0.0,22.7,0.0,22.649999999999995,0.0,23.45833333333333,0.0,25.54583333333333,0.4,-0.0999999999999978,0.0,Tiruchirappalli,18.2,0.0
2024-01-12 01:00:00,22.8,83,0.0,1004.3,11.3,23.4,25,27,1,12,1,4,12,22.3,0.0,22.8,0.0,22.7,0.0,25.8,0.0,22.9,0.0,22.666666666666668,0.0,23.20833333333333,0.0,25.541666666666668,0.4,0.5,0.0,Tiruchirappalli,18.6,0.0
2024-01-12 02:00:00,23.5,83,0.0,1005.5,10.6,20.4,26,28,2,12,1,4,12,22.8,0.0,22.4,0.0,22.8,0.0,25.0,0.0,23.9,0.0,22.78333333333333,0.0,23.08333333333333,0.0,25.524999999999995,0.4,0.6999999999999993,0.0,Tiruchirappalli,20.6,0.0
2024-01-12 03:00:00,25.2,78,0.0,1006.4,12.7,18.0,29,29,3,12,1,4,12,23.5,0.0,22.3,0.0,22.9,0.0,24.5,0.0,25.7,0.0,23.166666666666668,0.0,23.141666666666666,0.0,25.504166666666663,0.4,1.6999999999999993,0.0,Tiruchirappalli,23.1,0.0
2024-01-12 04:00:00,26.5,73,0.0,1006.5,18.9,25.8,40,42,4,12,1,4,12,25.2,0.0,22.8,0.0,22.8,0.0,24.0,0.0,26.8,0.1,23.78333333333333,0.0,23.35,0.0,25.491666666666664,0.3,1.3000000000000007,0.0,Tiruchirappalli,25.3,0.0
2024-01-12 05:00:00,27.4,69,0.1,1006.1,18.1,25.0,46,47,5,12,1,4,12,26.5,0.0,23.5,0.0,22.4,0.0,23.4,0.0,27.6,0.1,24.616666666666664,0.1,23.683333333333334,0.1,25.48333333333333,0.3,0.8999999999999986,0.1,Tiruchirappalli,27.1,0.0
2024-01-12 06:00:00,28.0,66,0.0,1005.4,17.8,24.7,48,48,6,12,1,4,12,27.4,0.1,25.2,0.0,22.3,0.0,22.9,0.0,28.5,0.2,25.566666666666663,0.1,24.10833333333333,0.1,25.4625,0.1,0.6000000000000014,-0.1,Tiruchirappalli,28.5,0.0
2024-01-12 07:00:00,29.1,62,0.0,1004.6,17.0,23.0,55,54,7,12,1,4,12,28.0,0.0,26.5,0.0,22.8,0.0,22.7,0.0,29.5,0.0,26.616666666666664,0.1,24.641666666666666,0.1,25.445833333333336,0.1,1.1000000000000014,0.0,Tiruchirappalli,29.6,0.0
2024-01-12 08:00:00,29.6,58,0.0,1003.4,16.4,22.1,56,57,8,12,1,4,12,29.1,0.0,27.4,0.1,23.5,0.0,22.8,0.0,30.0,0.0,27.63333333333333,0.1,25.20833333333333,0.1,25.42916666666667,0.1,0.5,0.0,Tiruchirappalli,30.4,0.0
2024-01-12 09:00:00,30.0,56,0.0,1002.3,15.1,20.6,57,57,9,12,1,4,12,29.6,0.0,28.0,0.0,25.2,0.0,22.9,0.0,30.1,0.0,28.433333333333334,0.1,25.8,0.1,25.425,0.1,0.3999999999999986,0.0,Tiruchirappalli,30.7,0.0
2024-01-12 10:00:00,29.7,55,0.0,1001.8,15.9,21.6,53,52,10,12,1,4,12,30.0,0.0,29.1,0.0,26.5,0.0,22.8,0.0,29.9,0.0,28.96666666666667,0.1,26.375,0.1,25.416666666666668,0.1,-0.3000000000000007,0.0,Tiruchirappalli,30.5,0.0
2024-01-12 11:00:00,29.0,58,0.0,1001.9,14.8,21.5,52,51,11,12,1,4,12,29.7,0.0,29.6,0.0,27.4,0.1,22.4,0.0,29.1,0.0,29.23333333333333,0.0,26.925,0.1,25.4125,0.1,-0.6999999999999993,0.0,Tiruchirappalli,29.8,0.0
2024-01-12 12:00:00,27.8,63,0.0,1002.4,11.8,21.0,52,50,12,12,1,4,12,29.0,0.0,30.0,0.0,28.0,0.0,22.3,0.0,27.6,0.0,29.2,0.0,27.383333333333336,0.1,25.42083333333333,0.1,-1.1999999999999993,0.0,Tiruchirappalli,28.0,0.0
2024-01-12 13:00:00,25.9,68,0.0,1003.1,6.5,16.9,52,56,13,12,1,4,12,27.8,0.0,29.7,0.0,29.1,0.0,22.8,0.0,25.8,0.0,28.666666666666668,0.0,27.641666666666666,0.1,25.425,0.1,-1.900000000000002,0.0,Tiruchirappalli,26.2,0.0
2024-01-12 14:00:00,25.0,73,0.0,1003.9,7.1,18.6,46,45,14,12,1,4,12,25.9,0.0,29.0,0.0,29.6,0.0,23.5,0.0,25.0,0.0,27.9,0.0,27.766666666666666,0.1,25.425,0.1,-0.8999999999999986,0.0,Tiruchirappalli,23.8,0.0
2024-01-12 15:00:00,24.6,77,0.0,1005.2,8.1,20.4,54,58,15,12,1,4,12,25.0,0.0,27.8,0.0,30.0,0.0,25.2,0.0,24.5,0.0,27.0,0.0,27.71666666666667,0.1,25.42916666666667,0.1,-0.3999999999999986,0.0,Tiruchirappalli,24.0,0.0
2024-01-12 16:00:00,24.5,83,0.0,1005.7,8.3,18.8,64,72,16,12,1,4,12,24.6,0.0,25.9,0.0,29.7,0.0,26.5,0.0,24.0,0.0,26.13333333333333,0.0,27.55,0.1,25.450000000000003,0.1,-0.1000000000000014,0.0,Tiruchirappalli,23.2,0.0
2024-01-12 17:00:00,24.3,85,0.0,1005.6,8.3,18.4,51,56,17,12,1,4,12,24.5,0.0,25.0,0.0,29.0,0.0,27.4,0.1,23.4,0.0,25.35,0.0,27.291666666666668,0.0,25.4875,0.1,-0.1999999999999993,0.0,Tiruchirappalli,22.3,0.0
2024-01-12 18:00:00,23.8,88,0.0,1005.6,8.4,18.6,43,43,18,12,1,4,12,24.3,0.0,24.6,0.0,27.8,0.0,28.0,0.0,22.9,0.0,24.683333333333334,0.0,26.941666666666663,0.0,25.525,0.1,-0.5,0.0,Tiruchirappalli,21.2,0.0
2024-01-12 19:00:00,22.9,92,0.0,1005.2,7.7,18.2,38,37,19,12,1,4,12,23.8,0.0,24.5,0.0,25.9,0.0,29.1,0.0,22.7,0.0,24.183333333333334,0.0,26.425,0.0,25.53333333333333,0.1,-0.9000000000000021,0.0,Tiruchirappalli,20.5,0.0
2024-01-12 20:00:00,22.4,95,0.0,1004.7,8.6,20.1,33,33,20,12,1,4,12,22.9,0.0,24.3,0.0,25.0,0.0,29.6,0.0,22.8,0.0,23.75,0.0,25.825,0.0,25.516666666666666,0.1,-0.5,0.0,Tiruchirappalli,19.9,0.0
2024-01-12 21:00:00,22.2,95,0.0,1003.8,9.0,21.1,27,29,21,12,1,4,12,22.4,0.0,23.8,0.0,24.6,0.0,30.0,0.0,22.9,0.0,23.35,0.0,25.175,0.0,25.4875,0.1,-0.1999999999999993,0.0,Tiruchirappalli,19.5,0.0
2024-01-12 22:00:00,22.1,95,0.0,1003.3,9.0,20.9,27,29,22,12,1,4,12,22.2,0.0,22.9,0.0,24.5,0.0,29.7,0.0,22.8,0.0,22.950000000000003,0.0,24.541666666666668,0.0,25.45833333333333,0.1,-0.0999999999999978,0.0,Tiruchirappalli,19.5,0.0
2024-01-12 23:00:00,22.0,95,0.0,1003.4,8.9,20.9,27,32,23,12,1,4,12,22.1,0.0,22.4,0.0,24.3,0.0,29.0,0.0,22.4,0.0,22.566666666666663,0.0,23.95833333333333,0.0,25.441666666666663,0.1,-0.1000000000000014,0.0,Tiruchirappalli,20.3,0.0
2024-01-13 00:00:00,21.8,95,0.0,1003.9,7.8,19.3,29,34,0,13,1,5,13,22.0,0.0,22.2,0.0,23.8,0.0,27.8,0.0,22.3,0.0,22.23333333333333,0.0,23.45833333333333,0.0,25.42083333333333,0.1,-0.1999999999999993,0.0,Tiruchirappalli,20.2,0.0
2024-01-13 01:00:00,22.1,93,0.0,1004.6,5.2,14.0,359,344,1,13,1,5,13,21.8,0.0,22.1,0.0,22.9,0.0,25.9,0.0,22.8,0.0,22.1,0.0,23.141666666666666,0.0,25.39166666666667,0.1,0.3000000000000007,0.0,Tiruchirappalli,20.8,0.0
2024-01-13 02:00:00,23.3,89,0.0,1005.7,7.0,13.5,351,339,2,13,1,5,13,22.1,0.0,22.0,0.0,22.4,0.0,25.0,0.0,23.5,0.0,22.25,0.0,23.0,0.0,25.383333333333336,0.1,1.1999999999999993,0.0,Tiruchirappalli,21.9,0.0
2024-01-13 03:00:00,25.4,80,0.0,1006.2,11.1,17.5,341,335,3,13,1,5,13,23.3,0.0,21.8,0.0,22.2,0.0,24.6,0.0,25.2,0.0,22.78333333333333,0.0,23.066666666666663,0.0,25.391666666666666,0.1,2.099999999999998,0.0,Tiruchirappalli,24.3,0.0
2024-01-13 04:00:00,27.0,69,0.0,1006.5,16.2,23.0,359,359,4,13,1,5,13,25.4,0.0,22.1,0.0,22.1,0.0,24.5,0.0,26.5,0.0,23.6,0.0,23.275,0.0,25.4125,0.1,1.6000000000000014,0.0,Tiruchirappalli,26.6,0.0
2024-01-13 05:00:00,27.9,67,0.0,1006.4,18.7,25.8,33,34,5,13,1,5,13,27.0,0.0,23.3,0.0,22.0,0.0,24.3,0.0,27.4,0.1,24.58333333333333,0.0,23.575,0.0,25.433333333333334,0.0,0.8999999999999986,0.0,Tiruchirappalli,28.0,0.0
2024-01-13 06:00:00,27.8,68,0.1,1005.9,19.1,26.5,45,46,6,13,1,5,13,27.9,0.0,25.4,0.0,21.8,0.0,23.8,0.0,28.0,0.0,25.58333333333333,0.1,23.90833333333333,0.1,25.425,0.1,-0.0999999999999978,0.1,Tiruchirappalli,29.2,0.0
2024-01-13 07:00:00,29.1,62,0.1,1005.0,17.7,24.1,55,57,7,13,1,5,13,27.8,0.1,27.0,0.0,22.1,0.0,22.9,0.0,29.1,0.0,26.75,0.2,24.425,0.2,25.425,0.2,1.3000000000000007,0.0,Tiruchirappalli,30.0,0.1
2024-01-13 08:00:00,29.7,60,0.1,1003.9,15.6,21.3,56,56,8,13,1,5,13,29.1,0.1,27.9,0.0,23.3,0.0,22.4,0.0,29.6,0.0,27.816666666666663,0.3,25.03333333333333,0.3,25.429166666666664,0.3,0.5999999999999979,0.0,Tiruchirappalli,30.5,0.1
2024-01-13 09:00:00,29.9,58,0.0,1002.9,14.8,20.2,55,56,9,13,1,5,13,29.7,0.1,27.8,0.1,25.4,0.0,22.2,0.0,30.0,0.0,28.566666666666663,0.3,25.675,0.3,25.425,0.3,0.1999999999999993,-0.1,Tiruchirappalli,30.4,0.2
2024-01-13 10:00:00,30.0,56,0.0,1002.6,13.9,19.4,59,59,10,13,1,5,13,29.9,0.0,29.1,0.1,27.0,0.0,22.1,0.0,29.7,0.0,29.066666666666663,0.3,26.33333333333333,0.3,25.4375,0.3,0.1000000000000014,0.0,Tiruchirappalli,30.0,0.2
2024-01-13 11:00:00,29.5,57,0.0,1002.5,13.6,19.7,59,58,11,13,1,5,13,30.0,0.0,29.7,0.1,27.9,0.0,22.0,0.0,29.0,0.0,29.33333333333333,0.3,26.95833333333333,0.3,25.45833333333333,0.3,-0.5,0.0,Tiruchirappalli,29.5,0.0
2024-01-13 12:00:00,28.2,62,0.0,1003.0,10.9,20.4,64,63,12,13,1,5,13,29.5,0.0,29.9,0.0,27.8,0.1,21.8,0.0,27.8,0.0,29.399999999999995,0.2,27.491666666666664,0.3,25.475,0.3,-1.3000000000000007,0.0,Tiruchirappalli,28.5,0.0
2024-01-13 13:00:00,26.1,68,0.0,1003.9,9.3,21.1,73,77,13,13,1,5,13,28.2,0.0,30.0,0.0,29.1,0.1,22.1,0.0,25.9,0.0,28.9,0.1,27.825,0.3,25.48333333333333,0.3,-2.099999999999998,0.0,Tiruchirappalli,27.1,0.0
2024-01-13 14:00:00,25.3,72,0.0,1004.7,11.5,24.3,69,70,14,13,1,5,13,26.1,0.0,29.5,0.0,29.7,0.1,23.3,0.0,25.0,0.0,28.166666666666668,0.0,27.991666666666664,0.3,25.495833333333334,0.3,-0.8000000000000007,0.0,Tiruchirappalli,26.3,0.0
2024-01-13 15:00:00,24.2,80,0.0,1005.7,10.5,22.9,68,68,15,13,1,5,13,25.3,0.0,28.2,0.0,29.9,0.0,25.4,0.0,24.6,0.0,27.21666666666667,0.0,27.891666666666666,0.3,25.479166666666668,0.3,-1.1000000000000014,0.0,Tiruchirappalli,25.6,0.0
2024-01-13 16:00:00,23.5,85,0.0,1006.2,8.0,19.8,71,72,16,13,1,5,13,24.2,0.0,26.1,0.0,30.0,0.0,27.0,0.0,24.5,0.0,26.133333333333336,0.0,27.6,0.3,25.4375,0.3,-0.6999999999999993,0.0,Tiruchirappalli,25.1,0.0
2024-01-13 17:00:00,22.5,91,0.0,1006.2,6.3,16.8,67,66,17,13,1,5,13,23.5,0.0,25.3,0.0,29.5,0.0,27.9,0.0,24.3,0.0,24.96666666666667,0.0,27.15,0.3,25.3625,0.3,-1.0,0.0,Tiruchirappalli,24.6,0.0
2024-01-13 18:00:00,21.9,94,0.0,1006.1,5.7,15.7,58,55,18,13,1,5,13,22.5,0.0,24.2,0.0,28.2,0.0,27.8,0.1,23.8,0.0,23.916666666666668,0.0,26.65833333333333,0.2,25.28333333333333,0.3,-0.6000000000000014,0.0,Tiruchirappalli,24.1,0.0
2024-01-13 19:00:00,21.7,95,0.0,1005.5,5.6,15.8,47,40,19,13,1,5,13,21.9,0.0,23.5,0.0,26.1,0.0,29.1,0.1,22.9,0.0,23.183333333333334,0.0,26.041666666666668,0.1,25.23333333333333,0.3,-0.1999999999999993,0.0,Tiruchirappalli,23.7,0.0
2024-01-13 20:00:00,21.5,96,0.0,1005.0,5.1,15.5,42,39,20,13,1,5,13,21.7,0.0,22.5,0.0,25.3,0.0,29.7,0.1,22.4,0.0,22.55,0.0,25.35833333333333,0.0,25.195833333333336,0.3,-0.1999999999999993,0.0,Tiruchirappalli,23.3,0.0
2024-01-13 21:00:00,21.4,97,0.0,1004.0,5.4,15.9,39,42,21,13,1,5,13,21.5,0.0,21.9,0.0,24.2,0.0,29.9,0.0,22.2,0.0,22.08333333333333,0.0,24.65,0.0,25.1625,0.3,-0.1000000000000014,0.0,Tiruchirappalli,22.9,0.0
2024-01-13 22:00:00,21.4,97,0.0,1003.5,5.4,15.8,43,53,22,13,1,5,13,21.4,0.0,21.7,0.0,23.5,0.0,30.0,0.0,22.1,0.0,21.73333333333333,0.0,23.933333333333334,0.0,25.133333333333336,0.3,0.0,0.0,Tiruchirappalli,22.4,0.0
2024-01-13 23:00:00,21.1,98,0.0,1003.4,5.1,14.3,43,51,23,13,1,5,13,21.4,0.0,21.5,0.0,22.5,0.0,29.5,0.0,22.0,0.0,21.5,0.0,23.23333333333333,0.0,25.09583333333333,0.3,-0.2999999999999971,0.0,Tiruchirappalli,21.9,0.0
2024-01-14 00:00:00,20.9,98,0.0,1004.0,5.6,14.6,33,40,0,14,1,6,14,21.1,0.0,21.4,0.0,21.9,0.0,28.2,0.0,21.8,0.0,21.33333333333333,0.0,22.625,0.0,25.058333333333334,0.3,-0.2000000000000028,0.0,Tiruchirappalli,21.9,0.0
2024-01-14 01:00:00,22.7,95,0.0,1004.9,7.0,18.2,30,35,1,14,1,6,14,20.9,0.0,21.4,0.0,21.7,0.0,26.1,0.0,22.1,0.0,21.5,0.0,22.34166666666667,0.0,25.08333333333333,0.3,1.8000000000000007,0.0,Tiruchirappalli,23.0,0.0
2024-01-14 02:00:00,23.7,91,0.0,1005.8,8.8,18.4,31,35,2,14,1,6,14,22.7,0.0,21.1,0.0,21.5,0.0,25.3,0.0,23.3,0.0,21.866666666666664,0.0,22.20833333333333,0.0,25.1,0.3,1.0,0.0,Tiruchirappalli,24.1,0.0
2024-01-14 03:00:00,25.6,84,0.0,1006.2,9.2,14.0,29,31,3,14,1,6,14,23.7,0.0,20.9,0.0,21.4,0.0,24.2,0.0,25.4,0.0,22.566666666666663,0.0,22.325,0.0,25.10833333333333,0.3,1.900000000000002,0.0,Tiruchirappalli,26.2,0.0
2024-01-14 04:00:00,27.2,75,0.0,1006.6,12.3,16.5,32,32,4,14,1,6,14,25.6,0.0,22.7,0.0,21.4,0.0,23.5,0.0,27.0,0.0,23.53333333333333,0.0,22.633333333333336,0.0,25.11666666666667,0.3,1.599999999999998,0.0,Tiruchirappalli,27.9,0.0
2024-01-14 05:00:00,28.5,68,0.0,1006.1,11.2,15.1,33,33,5,14,1,6,14,27.2,0.0,23.7,0.0,21.1,0.0,22.5,0.0,27.9,0.0,24.766666666666666,0.0,23.133333333333336,0.0,25.14166666666667,0.3,1.3000000000000007,0.0,Tiruchirappalli,28.3,0.2
2024-01-14 06:00:00,29.6,60,0.0,1005.4,12.9,17.0,36,36,6,14,1,6,14,28.5,0.0,25.6,0.0,20.9,0.0,21.9,0.0,27.8,0.1,26.21666666666667,0.0,23.775,0.0,25.216666666666665,0.2,1.1000000000000014,0.0,Tiruchirappalli,28.4,0.0
2024-01-14 07:00:00,30.2,57,0.0,1004.1,14.2,18.8,36,36,7,14,1,6,14,29.6,0.0,27.2,0.0,22.7,0.0,21.7,0.0,29.1,0.1,27.46666666666667,0.0,24.48333333333333,0.0,25.2625,0.1,0.5999999999999979,0.0,Tiruchirappalli,27.7,0.9
2024-01-14 08:00:00,30.7,54,0.0,1002.9,16.7,22.3,38,37,8,14,1,6,14,30.2,0.0,28.5,0.0,23.7,0.0,21.5,0.0,29.7,0.1,28.63333333333333,0.0,25.25,0.0,25.30416666666667,0.0,0.5,0.0,Tiruchirappalli,28.9,0.0
2024-01-14 09:00:00,30.7,53,0.0,1001.9,16.9,23.0,40,40,9,14,1,6,14,30.7,0.0,29.6,0.0,25.6,0.0,21.4,0.0,29.9,0.0,29.48333333333333,0.0,26.024999999999995,0.0,25.3375,0.0,0.0,0.0,Tiruchirappalli,30.4,0.0
2024-01-14 10:00:00,30.2,52,0.0,1001.3,17.1,23.4,43,42,10,14,1,6,14,30.7,0.0,30.2,0.0,27.2,0.0,21.4,0.0,30.0,0.0,29.98333333333333,0.0,26.758333333333336,0.0,25.34583333333333,0.0,-0.5,0.0,Tiruchirappalli,27.2,0.3
2024-01-14 11:00:00,29.7,55,0.0,1001.6,15.1,22.2,50,50,11,14,1,6,14,30.2,0.0,30.7,0.0,28.5,0.0,21.1,0.0,29.5,0.0,30.183333333333334,0.0,27.475,0.0,25.354166666666668,0.0,-0.5,0.0,Tiruchirappalli,27.4,0.0
2024-01-14 12:00:00,28.2,61,0.0,1002.1,12.2,21.4,70,71,12,14,1,6,14,29.7,0.0,30.7,0.0,29.6,0.0,20.9,0.0,28.2,0.0,29.950000000000003,0.0,28.08333333333333,0.0,25.354166666666668,0.0,-1.5,0.0,Tiruchirappalli,27.3,0.0
2024-01-14 13:00:00,27.1,59,0.0,1002.6,14.1,26.5,83,86,13,14,1,6,14,28.2,0.0,30.2,0.0,30.2,0.0,22.7,0.0,26.1,0.0,29.433333333333334,0.0,28.45,0.0,25.39583333333333,0.0,-1.099999999999998,0.0,Tiruchirappalli,27.1,0.0
2024-01-14 14:00:00,25.8,58,0.0,1003.5,13.5,27.0,80,81,14,14,1,6,14,27.1,0.0,29.7,0.0,30.7,0.0,23.7,0.0,25.3,0.0,28.61666666666667,0.0,28.625,0.0,25.416666666666668,0.0,-1.3000000000000007,0.0,Tiruchirappalli,26.9,0.0
2024-01-14 15:00:00,24.9,63,0.0,1004.2,13.2,27.0,77,79,15,14,1,6,14,25.8,0.0,28.2,0.0,30.7,0.0,25.6,0.0,24.2,0.0,27.649999999999995,0.0,28.566666666666663,0.0,25.44583333333333,0.0,-0.9000000000000021,0.0,Tiruchirappalli,26.5,0.0
2024-01-14 16:00:00,23.7,72,0.0,1004.8,10.9,24.0,81,82,16,14,1,6,14,24.9,0.0,27.1,0.0,30.2,0.0,27.2,0.0,23.5,0.0,26.566666666666663,0.0,28.275,0.0,25.454166666666666,0.0,-1.1999999999999993,0.0,Tiruchirappalli,25.9,0.0
2024-01-14 17:00:00,22.8,80,0.0,1005.2,8.9,21.5,76,76,17,14,1,6,14,23.7,0.0,25.8,0.0,29.7,0.0,28.5,0.0,22.5,0.0,25.416666666666668,0.0,27.8,0.0,25.466666666666665,0.0,-0.8999999999999986,0.0,Tiruchirappalli,25.4,0.0
2024-01-14 18:00:00,21.8,90,0.0,1005.2,7.2,19.0,65,63,18,14,1,6,14,22.8,0.0,24.9,0.0,28.2,0.0,29.6,0.0,21.9,0.0,24.35,0.0,27.149999999999995,0.0,25.4625,0.0,-1.0,0.0,Tiruchirappalli,25.3,0.0
2024-01-14 19:00:00,21.1,95,0.0,1005.0,6.1,16.9,50,50,19,14,1,6,14,21.8,0.0,23.7,0.0,27.1,0.0,30.2,0.0,21.7,0.0,23.35,0.0,26.391666666666666,0.0,25.4375,0.0,-0.6999999999999993,0.0,Tiruchirappalli,25.1,0.0
2024-01-14 20:00:00,20.8,97,0.0,1004.4,6.1,16.8,47,50,20,14,1,6,14,21.1,0.0,22.8,0.0,25.8,0.0,30.7,0.0,21.5,0.0,22.516666666666666,0.0,25.566666666666663,0.0,25.40833333333333,0.0,-0.3000000000000007,0.0,Tiruchirappalli,24.9,0.0
2024-01-14 21:00:00,20.7,98,0.0,1003.8,7.6,18.9,40,45,21,14,1,6,14,20.8,0.0,21.8,0.0,24.9,0.0,30.7,0.0,21.4,0.0,21.816666666666663,0.0,24.73333333333333,0.0,25.379166666666663,0.0,-0.1000000000000014,0.0,Tiruchirappalli,24.8,0.0
2024-01-14 22:00:00,20.9,97,0.0,1003.2,8.5,20.1,44,54,22,14,1,6,14,20.7,0.0,21.1,0.0,23.7,0.0,30.2,0.0,21.4,0.0,21.350000000000005,0.0,23.95833333333333,0.0,25.35833333333333,0.0,0.1999999999999993,0.0,Tiruchirappalli,24.4,0.0
2024-01-14 23:00:00,20.8,96,0.0,1003.4,7.1,19.1,43,49,23,14,1,6,14,20.9,0.0,20.8,0.0,22.8,0.0,29.7,0.0,21.1,0.0,21.016666666666666,0.0,23.216666666666665,0.0,25.34583333333333,0.0,-0.0999999999999978,0.0,Tiruchirappalli,24.2,0.0
2024-01-15 00:00:00,19.7,98,0.0,1004.1,9.2,14.5,30,26,0,15,1,0,15,20.8,0.0,20.7,0.0,21.8,0.0,28.2,0.0,20.9,0.0,20.666666666666668,0.0,22.508333333333336,0.0,25.29583333333333,0.0,-1.1000000000000014,0.0,Tiruchirappalli,24.0,0.0
2024-01-15 01:00:00,20.9,98,0.0,1004.6,7.2,14.4,3,342,1,15,1,0,15,19.7,0.0,20.9,0.0,21.1,0.0,27.1,0.0,22.7,0.0,20.633333333333336,0.0,21.991666666666664,0.0,25.22083333333333,0.0,1.1999999999999993,0.0,Tiruchirappalli,24.2,0.0
2024-01-15 02:00:00,22.7,94,0.0,1005.6,5.6,12.2,358,333,2,15,1,0,15,20.9,0.0,20.8,0.0,20.8,0.0,25.8,0.0,23.7,0.0,20.95,0.0,21.73333333333333,0.0,25.17916666666667,0.0,1.8000000000000007,0.0,Tiruchirappalli,24.6,0.0
2024-01-15 03:00:00,24.7,85,0.0,1006.4,3.1,6.5,357,339,3,15,1,0,15,22.7,0.0,19.7,0.0,20.7,0.0,24.9,0.0,25.6,0.0,21.616666666666664,0.0,21.71666666666667,0.0,25.141666666666666,0.0,2.0,0.0,Tiruchirappalli,25.9,0.0
2024-01-15 04:00:00,26.8,75,0.0,1006.7,8.2,10.6,24,23,4,15,1,0,15,24.7,0.0,20.9,0.0,20.9,0.0,23.7,0.0,27.2,0.0,22.6,0.0,21.975,0.0,25.125,0.0,2.1000000000000014,0.0,Tiruchirappalli,27.2,0.0
2024-01-15 05:00:00,28.2,65,0.0,1006.4,11.1,15.0,35,36,5,15,1,0,15,26.8,0.0,22.7,0.0,20.8,0.0,22.8,0.0,28.5,0.0,23.83333333333333,0.0,22.425,0.0,25.1125,0.0,1.3999999999999986,0.0,Tiruchirappalli,27.7,0.0
2024-01-15 06:00:00,29.2,58,0.0,1005.7,12.1,16.3,35,37,6,15,1,0,15,28.2,0.0,24.7,0.0,19.7,0.0,21.8,0.0,29.6,0.0,25.416666666666668,0.0,23.041666666666668,0.0,25.09583333333333,0.0,1.0,0.0,Tiruchirappalli,28.9,0.0
2024-01-15 07:00:00,29.8,52,0.0,1004.3,12.4,16.5,36,36,7,15,1,0,15,29.2,0.0,26.8,0.0,20.9,0.0,21.1,0.0,30.2,0.0,26.899999999999995,0.0,23.766666666666666,0.0,25.079166666666666,0.0,0.6000000000000014,0.0,Tiruchirappalli,29.2,0.0
2024-01-15 08:00:00,30.2,50,0.0,1002.8,12.6,17.0,36,37,8,15,1,0,15,29.8,0.0,28.2,0.0,22.7,0.0,20.8,0.0,30.7,0.0,28.15,0.0,24.55,0.0,25.058333333333334,0.0,0.3999999999999986,0.0,Tiruchirappalli,29.5,0.0
2024-01-15 09:00:00,30.4,47,0.0,1001.5,12.2,16.3,43,43,9,15,1,0,15,30.2,0.0,29.2,0.0,24.7,0.0,20.7,0.0,30.7,0.0,29.1,0.0,25.35833333333333,0.0,25.04583333333333,0.0,0.1999999999999993,0.0,Tiruchirappalli,30.4,0.0
2024-01-15 10:00:00,30.1,48,0.0,1001.1,12.0,15.8,49,49,10,15,1,0,15,30.4,0.0,29.8,0.0,26.8,0.0,20.9,0.0,30.2,0.0,29.65,0.0,26.125,0.0,25.041666666666668,0.0,-0.2999999999999971,0.0,Tiruchirappalli,30.3,0.0
2024-01-15 11:00:00,29.5,50,0.0,1000.9,11.0,15.1,50,49,11,15,1,0,15,30.1,0.0,30.2,0.0,28.2,0.0,20.8,0.0,29.7,0.0,29.866666666666664,0.0,26.85,0.0,25.03333333333333,0.0,-0.6000000000000014,0.0,Tiruchirappalli,30.1,0.0
2024-01-15 12:00:00,28.2,58,0.0,1001.3,6.4,13.8,51,47,12,15,1,0,15,29.5,0.0,30.4,0.0,29.2,0.0,19.7,0.0,28.2,0.0,29.7,0.0,27.558333333333337,0.0,25.03333333333333,0.0,-1.3000000000000007,0.0,Tiruchirappalli,29.0,0.0
2024-01-15 13:00:00,26.3,70,0.0,1002.0,8.5,19.4,75,78,13,15,1,0,15,28.2,0.0,30.1,0.0,29.8,0.0,20.9,0.0,27.1,0.0,29.116666666666664,0.0,28.00833333333333,0.0,25.0,0.0,-1.8999999999999984,0.0,Tiruchirappalli,26.3,0.0
2024-01-15 14:00:00,25.7,74,0.0,1002.8,9.4,20.6,78,86,14,15,1,0,15,26.3,0.0,29.5,0.0,30.2,0.0,22.7,0.0,25.8,0.0,28.366666666666664,0.0,28.258333333333336,0.0,24.995833333333334,0.0,-0.6000000000000014,0.0,Tiruchirappalli,25.6,0.1
2024-01-15 15:00:00,24.8,79,0.0,1003.7,9.4,21.1,110,108,15,15,1,0,15,25.7,0.0,28.2,0.0,30.4,0.0,24.7,0.0,24.9,0.0,27.433333333333334,0.0,28.266666666666666,0.0,24.99166666666667,0.0,-0.8999999999999986,0.0,Tiruchirappalli,25.5,0.0
2024-01-15 16:00:00,23.3,85,0.0,1004.3,5.8,16.6,103,97,16,15,1,0,15,24.8,0.0,26.3,0.0,30.1,0.0,26.8,0.0,23.7,0.0,26.3,0.0,27.975,0.0,24.975,0.0,-1.5,0.0,Tiruchirappalli,25.2,0.0
2024-01-15 17:00:00,22.7,86,0.0,1004.6,5.5,15.9,84,79,17,15,1,0,15,23.3,0.0,25.7,0.0,29.5,0.0,28.2,0.0,22.8,0.0,25.166666666666668,0.0,27.516666666666666,0.0,24.97083333333333,0.0,-0.6000000000000014,0.0,Tiruchirappalli,25.7,0.0
2024-01-15 18:00:00,21.8,90,0.0,1004.3,5.0,14.0,64,60,18,15,1,0,15,22.7,0.0,24.8,0.0,28.2,0.0,29.2,0.0,21.8,0.0,24.100000000000005,0.0,26.9,0.0,24.97083333333333,0.0,-0.8999999999999986,0.0,Tiruchirappalli,25.3,0.0
2024-01-15 19:00:00,21.2,91,0.0,1003.8,5.2,14.3,56,56,19,15,1,0,15,21.8,0.0,23.3,0.0,26.3,0.0,29.8,0.0,21.1,0.0,23.25,0.0,26.183333333333334,0.0,24.975,0.0,-0.6000000000000014,0.0,Tiruchirappalli,24.9,0.4
2024-01-15 20:00:00,20.8,92,0.0,1003.5,5.0,14.6,57,60,20,15,1,0,15,21.2,0.0,22.7,0.0,25.7,0.0,30.2,0.0,20.8,0.0,22.433333333333337,0.0,25.4,0.0,24.975,0.0,-0.3999999999999986,0.0,Tiruchirappalli,24.4,0.7
2024-01-15 21:00:00,20.2,94,0.0,1002.6,5.6,13.5,56,63,21,15,1,0,15,20.8,0.0,21.8,0.0,24.8,0.0,30.4,0.0,20.7,0.0,21.666666666666668,0.0,24.55,0.0,24.954166666666666,0.0,-0.6000000000000014,0.0,Tiruchirappalli,24.2,0.4
2024-01-15 22:00:00,19.9,94,0.0,1002.2,6.3,10.3,54,66,22,15,1,0,15,20.2,0.0,21.2,0.0,23.3,0.0,30.1,0.0,20.9,0.0,21.1,0.0,23.700000000000003,0.0,24.9125,0.0,-0.3000000000000007,0.0,Tiruchirappalli,24.0,0.1
2024-01-15 23:00:00,19.7,94,0.0,1002.4,5.7,9.4,40,35,23,15,1,0,15,19.9,0.0,20.8,0.0,22.7,0.0,29.5,0.0,20.8,0.0,20.6,0.0,22.883333333333336,0.0,24.866666666666664,0.0,-0.1999999999999993,0.0,Tiruchirappalli,23.9,0.0
2024-01-16 00:00:00,19.2,95,0.0,1003.0,7.1,10.9,34,30,0,16,1,1,16,19.7,0.0,20.2,0.0,21.8,0.0,28.2,0.0,19.7,0.0,20.166666666666668,0.0,22.133333333333336,0.0,24.84583333333333,0.0,-0.5,0.0,Tiruchirappalli,23.7,0.0
2024-01-16 01:00:00,19.9,95,0.0,1003.8,7.1,11.8,31,45,1,16,1,1,16,19.2,0.0,19.9,0.0,21.2,0.0,26.3,0.0,20.9,0.0,19.95,0.0,21.6,0.0,24.804166666666664,0.0,0.6999999999999993,0.0,Tiruchirappalli,24.7,0.0
2024-01-16 02:00:00,21.7,89,0.0,1004.7,6.1,11.9,29,40,2,16,1,1,16,19.9,0.0,19.7,0.0,20.8,0.0,25.7,0.0,22.7,0.0,20.1,0.0,21.266666666666666,0.0,24.7625,0.0,1.8000000000000007,0.0,Tiruchirappalli,24.9,0.1
2024-01-16 03:00:00,24.2,79,0.0,1005.5,5.2,9.0,23,25,3,16,1,1,16,21.7,0.0,19.2,0.0,20.2,0.0,24.8,0.0,24.7,0.0,20.766666666666666,0.0,21.216666666666665,0.0,24.741666666666664,0.0,2.5,0.0,Tiruchirappalli,26.2,0.1
2024-01-16 04:00:00,26.1,68,0.0,1005.8,8.0,10.8,37,36,4,16,1,1,16,24.2,0.0,19.9,0.0,19.9,0.0,23.3,0.0,26.8,0.0,21.8,0.0,21.450000000000003,0.0,24.712499999999995,0.0,1.900000000000002,0.0,Tiruchirappalli,26.3,0.3
2024-01-16 05:00:00,27.3,62,0.0,1005.5,9.2,12.0,39,39,5,16,1,1,16,26.1,0.0,21.7,0.0,19.7,0.0,22.7,0.0,28.2,0.0,23.066666666666663,0.0,21.83333333333333,0.0,24.675,0.0,1.1999999999999993,0.0,Tiruchirappalli,27.3,0.1
2024-01-16 06:00:00,28.2,56,0.0,1004.7,8.2,10.8,37,38,6,16,1,1,16,27.3,0.0,24.2,0.0,19.2,0.0,21.8,0.0,29.2,0.0,24.566666666666663,0.0,22.366666666666664,0.0,24.63333333333333,0.0,0.8999999999999986,0.0,Tiruchirappalli,29.0,0.0
2024-01-16 07:00:00,29.1,51,0.0,1003.4,7.5,9.6,34,35,7,16,1,1,16,28.2,0.0,26.1,0.0,19.9,0.0,21.2,0.0,29.8,0.0,26.1,0.0,23.025,0.0,24.604166666666668,0.0,0.9000000000000021,0.0,Tiruchirappalli,29.9,0.2
2024-01-16 08:00:00,29.7,48,0.0,1001.9,8.2,10.8,37,38,8,16,1,1,16,29.1,0.0,27.3,0.0,21.7,0.0,20.8,0.0,30.2,0.0,27.433333333333334,0.0,23.766666666666666,0.0,24.58333333333333,0.0,0.5999999999999979,0.0,Tiruchirappalli,30.8,0.0
2024-01-16 09:00:00,30.0,47,0.0,1000.8,9.2,12.0,44,45,9,16,1,1,16,29.7,0.0,28.2,0.0,24.2,0.0,20.2,0.0,30.4,0.0,28.4,0.0,24.58333333333333,0.0,24.566666666666663,0.0,0.3000000000000007,0.0,Tiruchirappalli,31.0,0.0
2024-01-16 10:00:00,29.8,48,0.0,1000.0,9.2,12.3,50,51,10,16,1,1,16,30.0,0.0,29.1,0.0,26.1,0.0,19.9,0.0,30.1,0.0,29.016666666666666,0.0,25.40833333333333,0.0,24.554166666666664,0.0,-0.1999999999999993,0.0,Tiruchirappalli,31.1,0.0
2024-01-16 11:00:00,29.3,50,0.0,1000.0,9.0,12.2,62,61,11,16,1,1,16,29.8,0.0,29.7,0.0,27.3,0.0,19.7,0.0,29.5,0.0,29.35,0.0,26.20833333333333,0.0,24.54583333333333,0.0,-0.5,0.0,Tiruchirappalli,30.4,0.0
2024-01-16 12:00:00,27.6,61,0.0,1000.3,5.4,12.7,83,86,12,16,1,1,16,29.3,0.0,30.0,0.0,28.2,0.0,19.2,0.0,28.2,0.0,29.25,0.0,26.90833333333333,0.0,24.52083333333333,0.0,-1.6999999999999993,0.0,Tiruchirappalli,29.2,0.0
2024-01-16 13:00:00,25.9,70,0.0,1001.0,5.9,8.0,80,104,13,16,1,1,16,27.6,0.0,29.8,0.0,29.1,0.0,19.9,0.0,26.3,0.0,28.71666666666667,0.0,27.40833333333333,0.0,24.504166666666663,0.0,-1.7000000000000028,0.0,Tiruchirappalli,28.0,0.0
2024-01-16 14:00:00,24.7,74,0.0,1002.2,5.7,13.9,100,125,14,16,1,1,16,25.9,0.0,29.3,0.0,29.7,0.0,21.7,0.0,25.7,0.0,27.88333333333333,0.0,27.65833333333333,0.0,24.4625,0.0,-1.1999999999999993,0.0,Tiruchirappalli,26.9,0.0
2024-01-16 15:00:00,24.8,70,0.0,1002.9,12.0,25.9,91,97,15,16,1,1,16,24.7,0.0,27.6,0.0,30.0,0.0,24.2,0.0,24.8,0.0,27.016666666666666,0.0,27.70833333333333,0.0,24.462499999999995,0.0,0.1000000000000014,0.0,Tiruchirappalli,25.8,0.0
2024-01-16 16:00:00,23.8,76,0.0,1003.5,9.8,21.8,121,118,16,16,1,1,16,24.8,0.0,25.9,0.0,29.8,0.0,26.1,0.0,23.3,0.0,26.01666666666667,0.0,27.516666666666666,0.0,24.48333333333333,0.0,-1.0,0.0,Tiruchirappalli,24.7,0.0
2024-01-16 17:00:00,22.5,84,0.0,1003.7,7.2,18.0,116,108,17,16,1,1,16,23.8,0.0,24.7,0.0,29.3,0.0,27.3,0.0,22.7,0.0,24.883333333333336,0.0,27.116666666666664,0.0,24.475,0.0,-1.3000000000000007,0.0,Tiruchirappalli,23.9,0.0
2024-01-16 18:00:00,21.5,90,0.0,1003.5,6.6,16.0,98,81,18,16,1,1,16,22.5,0.0,24.8,0.0,27.6,0.0,28.2,0.0,21.8,0.0,23.86666666666667,0.0,26.558333333333334,0.0,24.4625,0.0,-1.0,0.0,Tiruchirappalli,23.2,0.0
2024-01-16 19:00:00,20.6,93,0.0,1003.0,6.6,15.8,90,81,19,16,1,1,16,21.5,0.0,23.8,0.0,25.9,0.0,29.1,0.0,21.2,0.0,22.98333333333333,0.0,25.85,0.0,24.4375,0.0,-0.8999999999999986,0.0,Tiruchirappalli,22.6,0.0
2024-01-16 20:00:00,19.4,97,0.0,1002.6,6.4,11.7,81,63,20,16,1,1,16,20.6,0.0,22.5,0.0,24.7,0.0,29.7,0.0,20.8,0.0,22.1,0.0,24.991666666666664,0.0,24.379166666666663,0.0,-1.2000000000000028,0.0,Tiruchirappalli,21.8,0.0
2024-01-16 21:00:00,19.1,97,0.0,1002.0,5.6,8.4,70,40,21,16,1,1,16,19.4,0.0,21.5,0.0,24.8,0.0,30.0,0.0,20.2,0.0,21.15,0.0,24.08333333333333,0.0,24.33333333333333,0.0,-0.2999999999999971,0.0,Tiruchirappalli,22.8,0.0
2024-01-16 22:00:00,18.7,98,0.0,1001.8,5.5,8.0,54,23,22,16,1,1,16,19.1,0.0,20.6,0.0,23.8,0.0,29.8,0.0,19.9,0.0,20.3,0.0,23.15833333333333,0.0,24.28333333333333,0.0,-0.4000000000000021,0.0,Tiruchirappalli,23.0,0.0
2024-01-16 23:00:00,18.4,98,0.0,1001.9,5.8,7.9,39,360,23,16,1,1,16,18.7,0.0,19.4,0.0,22.5,0.0,29.3,0.0,19.7,0.0,19.616666666666667,0.0,22.25,0.0,24.229166666666668,0.0,-0.3000000000000007,0.0,Tiruchirappalli,23.2,0.0
2024-01-17 00:00:00,18.2,97,0.0,1002.2,6.1,9.3,28,357,0,17,1,2,17,18.4,0.0,19.1,0.0,21.5,0.0,27.6,0.0,19.2,0.0,19.066666666666663,0.0,21.46666666666667,0.0,24.1875,0.0,-0.1999999999999993,0.0,Tiruchirappalli,23.4,0.0
2024-01-17 01:00:00,18.6,97,0.0,1002.7,7.4,11.9,5,331,1,17,1,2,17,18.2,0.0,18.7,0.0,20.6,0.0,25.9,0.0,19.9,0.0,18.73333333333333,0.0,20.85833333333333,0.0,24.133333333333336,0.0,0.4000000000000021,0.0,Tiruchirappalli,24.0,0.0
2024-01-17 02:00:00,20.6,92,0.0,1003.9,3.0,8.4,10,284,2,17,1,2,17,18.6,0.0,18.4,0.0,19.4,0.0,24.7,0.0,21.7,0.0,18.933333333333334,0.0,20.51666666666667,0.0,24.0875,0.0,2.0,0.0,Tiruchirappalli,24.1,0.0
2024-01-17 03:00:00,23.1,83,0.0,1004.6,1.3,2.6,56,124,3,17,1,2,17,20.6,0.0,18.2,0.0,19.1,0.0,24.8,0.0,24.2,0.0,19.6,0.0,20.375,0.0,24.04166666666667,0.0,2.5,0.0,Tiruchirappalli,25.1,0.0
2024-01-17 04:00:00,25.3,75,0.0,1004.8,4.3,5.8,60,66,4,17,1,2,17,23.1,0.0,18.6,0.0,18.7,0.0,23.8,0.0,26.1,0.0,20.700000000000003,0.0,20.5,0.0,24.008333333333336,0.0,2.2,0.0,Tiruchirappalli,26.7,0.0
2024-01-17 05:00:00,27.1,68,0.0,1004.4,5.7,7.3,70,72,5,17,1,2,17,25.3,0.0,20.6,0.0,18.4,0.0,22.5,0.0,27.3,0.0,22.15,0.0,20.883333333333333,0.0,24.0,0.0,1.8000000000000007,0.0,Tiruchirappalli,28.0,0.0
2024-01-17 06:00:00,28.5,60,0.0,1003.7,6.2,7.7,79,80,6,17,1,2,17,27.1,0.0,23.1,0.0,18.2,0.0,21.5,0.0,28.2,0.0,23.866666666666664,0.0,21.46666666666667,0.0,24.012500000000003,0.0,1.3999999999999986,0.0,Tiruchirappalli,29.3,0.0
2024-01-17 07:00:00,29.6,54,0.0,1002.5,6.6,8.1,77,81,7,17,1,2,17,28.5,0.0,25.3,0.0,18.6,0.0,20.6,0.0,29.1,0.0,25.700000000000003,0.0,22.21666666666667,0.0,24.03333333333333,0.0,1.1000000000000014,0.0,Tiruchirappalli,30.2,0.0
2024-01-17 08:00:00,30.4,46,0.0,1001.1,6.9,8.5,78,81,8,17,1,2,17,29.6,0.0,27.1,0.0,20.6,0.0,19.4,0.0,29.7,0.0,27.33333333333333,0.0,23.133333333333336,0.0,24.0625,0.0,0.7999999999999972,0.0,Tiruchirappalli,30.9,0.0
2024-01-17 09:00:00,30.7,43,0.0,1000.3,6.8,9.0,90,93,9,17,1,2,17,30.4,0.0,28.5,0.0,23.1,0.0,19.1,0.0,30.0,0.0,28.6,0.0,24.100000000000005,0.0,24.091666666666665,0.0,0.3000000000000007,0.0,Tiruchirappalli,31.4,0.0
2024-01-17 10:00:00,30.5,41,0.0,999.9,7.8,10.3,102,103,10,17,1,2,17,30.7,0.0,29.6,0.0,25.3,0.0,18.7,0.0,29.8,0.0,29.46666666666667,0.0,25.08333333333333,0.0,24.120833333333334,0.0,-0.1999999999999993,0.0,Tiruchirappalli,31.3,0.0
2024-01-17 11:00:00,29.8,43,0.0,1000.0,8.1,10.9,107,111,11,17,1,2,17,30.5,0.0,30.4,0.0,27.1,0.0,18.4,0.0,29.3,0.0,29.916666666666668,0.0,26.03333333333333,0.0,24.141666666666666,0.0,-0.6999999999999993,0.0,Tiruchirappalli,30.8,0.0
2024-01-17 12:00:00,28.0,66,0.0,1000.5,3.9,8.8,109,124,12,17,1,2,17,29.8,0.0,30.7,0.0,28.5,0.0,18.2,0.0,27.6,0.0,29.83333333333333,0.0,26.850000000000005,0.0,24.15833333333333,0.0,-1.8000000000000007,0.0,Tiruchirappalli,29.5,0.0
2024-01-17 13:00:00,26.2,67,0.0,1000.9,6.1,8.4,110,135,13,17,1,2,17,28.0,0.0,30.5,0.0,29.6,0.0,18.6,0.0,25.9,0.0,29.266666666666666,0.0,27.48333333333333,0.0,24.17083333333333,0.0,-1.8000000000000007,0.0,Tiruchirappalli,26.8,0.0
2024-01-17 14:00:00,23.8,76,0.0,1001.8,7.6,12.8,74,82,14,17,1,2,17,26.2,0.0,29.8,0.0,30.4,0.0,20.6,0.0,24.7,0.0,28.166666666666668,0.0,27.75,0.0,24.133333333333336,0.0,-2.3999999999999986,0.0,Tiruchirappalli,25.9,0.0
2024-01-17 15:00:00,24.0,75,0.0,1003.0,9.7,22.4,96,94,15,17,1,2,17,23.8,0.0,28.0,0.0,30.7,0.0,23.1,0.0,24.8,0.0,27.05,0.0,27.825,0.0,24.100000000000005,0.0,0.1999999999999993,0.0,Tiruchirappalli,25.0,0.0
2024-01-17 16:00:00,23.2,85,0.0,1003.5,7.6,19.2,96,98,16,17,1,2,17,24.0,0.0,26.2,0.0,30.5,0.0,25.3,0.0,23.8,0.0,25.83333333333333,0.0,27.65,0.0,24.075,0.0,-0.8000000000000007,0.0,Tiruchirappalli,24.0,0.0
2024-01-17 17:00:00,22.3,91,0.0,1003.4,6.2,17.0,95,97,17,17,1,2,17,23.2,0.0,23.8,0.0,29.8,0.0,27.1,0.0,22.5,0.0,24.58333333333333,0.0,27.25,0.0,24.066666666666663,0.0,-0.8999999999999986,0.0,Tiruchirappalli,22.7,0.0
2024-01-17 18:00:00,21.2,95,0.0,1003.3,6.8,14.4,89,90,18,17,1,2,17,22.3,0.0,24.0,0.0,28.0,0.0,28.5,0.0,21.5,0.0,23.45,0.0,26.64166666666667,0.0,24.054166666666664,0.0,-1.1000000000000014,0.0,Tiruchirappalli,21.6,0.0
2024-01-17 19:00:00,20.5,97,0.0,1002.8,7.3,12.2,76,70,19,17,1,2,17,21.2,0.0,23.2,0.0,26.2,0.0,29.6,0.0,20.6,0.0,22.5,0.0,25.883333333333336,0.0,24.05,0.0,-0.6999999999999993,0.0,Tiruchirappalli,20.7,0.0
2024-01-17 20:00:00,19.9,98,0.0,1002.2,7.1,11.4,62,49,20,17,1,2,17,20.5,0.0,22.3,0.0,23.8,0.0,30.4,0.0,19.4,0.0,21.85,0.0,25.008333333333336,0.0,24.070833333333336,0.0,-0.6000000000000014,0.0,Tiruchirappalli,20.3,0.0
2024-01-17 21:00:00,19.5,99,0.0,1001.9,7.8,11.7,47,34,21,17,1,2,17,19.9,0.0,21.2,0.0,24.0,0.0,30.7,0.0,19.1,0.0,21.1,0.0,24.075,0.0,24.0875,0.0,-0.3999999999999986,0.0,Tiruchirappalli,20.1,0.0
2024-01-17 22:00:00,19.5,99,0.0,1001.8,7.1,11.8,40,30,22,17,1,2,17,19.5,0.0,20.5,0.0,23.2,0.0,30.5,0.0,18.7,0.0,20.48333333333333,0.0,23.15833333333333,0.0,24.120833333333337,0.0,0.0,0.0,Tiruchirappalli,19.7,0.0
2024-01-17 23:00:00,20.3,99,0.0,1002.1,5.0,9.7,39,21,23,17,1,2,17,19.5,0.0,19.9,0.0,22.3,0.0,29.8,0.0,18.4,0.0,20.15,0.0,22.366666666666664,0.0,24.2,0.0,0.8000000000000007,0.0,Tiruchirappalli,19.4,0.0
2024-01-18 00:00:00,20.2,100,0.0,1002.7,4.0,8.4,40,360,0,18,1,3,18,20.3,0.0,19.5,0.0,21.2,0.0,28.0,0.0,18.2,0.0,19.98333333333333,0.0,21.71666666666667,0.0,24.28333333333333,0.0,-0.1000000000000014,0.0,Tiruchirappalli,19.5,0.0
2024-01-18 01:00:00,20.8,98,0.0,1003.3,5.4,10.1,27,20,1,18,1,3,18,20.2,0.0,19.5,0.0,20.5,0.0,26.2,0.0,18.6,0.0,20.03333333333333,0.0,21.26666666666667,0.0,24.375,0.0,0.6000000000000014,0.0,Tiruchirappalli,22.6,0.0
2024-01-18 02:00:00,21.9,95,0.0,1004.3,4.5,11.1,25,29,2,18,1,3,18,20.8,0.0,20.3,0.0,19.9,0.0,23.8,0.0,20.6,0.0,20.366666666666667,0.0,21.10833333333333,0.0,24.429166666666664,0.0,1.099999999999998,0.0,Tiruchirappalli,23.6,0.0
2024-01-18 03:00:00,24.3,86,0.0,1005.0,4.7,7.9,24,23,3,18,1,3,18,21.9,0.0,20.2,0.0,19.5,0.0,24.0,0.0,23.1,0.0,21.166666666666668,0.0,21.133333333333333,0.0,24.479166666666668,0.0,2.400000000000002,0.0,Tiruchirappalli,25.4,0.0
2024-01-18 04:00:00,26.6,75,0.0,1005.4,8.4,11.2,48,50,4,18,1,3,18,24.3,0.0,20.8,0.0,19.5,0.0,23.2,0.0,25.3,0.0,22.35,0.0,21.416666666666668,0.0,24.53333333333333,0.0,2.3000000000000007,0.0,Tiruchirappalli,27.3,0.0
2024-01-18 05:00:00,28.0,67,0.0,1004.9,7.8,10.1,55,56,5,18,1,3,18,26.6,0.0,21.9,0.0,20.3,0.0,22.3,0.0,27.1,0.0,23.63333333333333,0.0,21.891666666666666,0.0,24.57083333333333,0.0,1.3999999999999986,0.0,Tiruchirappalli,28.7,0.0
2024-01-18 06:00:00,29.2,60,0.0,1004.2,7.7,9.7,48,49,6,18,1,3,18,28.0,0.0,24.3,0.0,20.2,0.0,21.2,0.0,28.5,0.0,25.133333333333336,0.0,22.558333333333334,0.0,24.6,0.0,1.1999999999999993,0.0,Tiruchirappalli,29.8,0.0
2024-01-18 07:00:00,30.0,56,0.1,1002.9,6.7,8.5,54,54,7,18,1,3,18,29.2,0.0,26.6,0.0,20.8,0.0,20.5,0.0,29.6,0.0,26.666666666666668,0.1,23.35,0.1,24.616666666666664,0.1,0.8000000000000007,0.1,Tiruchirappalli,30.7,0.0
2024-01-18 08:00:00,30.5,54,0.1,1001.5,7.2,8.8,71,72,8,18,1,3,18,30.0,0.1,28.0,0.0,21.9,0.0,19.9,0.0,30.4,0.0,28.100000000000005,0.2,24.23333333333333,0.2,24.620833333333334,0.2,0.5,0.0,Tiruchirappalli,31.1,0.0
2024-01-18 09:00:00,30.4,54,0.2,1000.4,8.5,10.7,78,78,9,18,1,3,18,30.5,0.1,29.2,0.0,24.3,0.0,19.5,0.0,30.7,0.0,29.116666666666664,0.4,25.141666666666666,0.4,24.60833333333333,0.4,-0.1000000000000014,0.1,Tiruchirappalli,31.3,0.0
2024-01-18 10:00:00,30.0,57,0.2,1000.0,9.7,12.7,75,75,10,18,1,3,18,30.4,0.2,30.0,0.1,26.6,0.0,19.5,0.0,30.5,0.0,29.683333333333337,0.6000000000000001,26.016666666666666,0.6000000000000001,24.5875,0.6000000000000001,-0.3999999999999986,0.0,Tiruchirappalli,31.0,0.0
2024-01-18 11:00:00,29.5,60,0.0,1000.3,10.4,13.8,75,76,11,18,1,3,18,30.0,0.2,30.5,0.1,28.0,0.0,20.3,0.0,29.8,0.0,29.933333333333337,0.6000000000000001,26.78333333333333,0.6000000000000001,24.575,0.6000000000000001,-0.5,-0.2,Tiruchirappalli,30.8,0.0
2024-01-18 12:00:00,28.5,66,0.0,1000.8,8.6,14.4,86,88,12,18,1,3,18,29.5,0.0,30.4,0.2,29.2,0.0,20.2,0.0,28.0,0.0,29.816666666666663,0.6000000000000001,27.475,0.6000000000000001,24.59583333333333,0.6000000000000001,-1.0,0.0,Tiruchirappalli,29.8,0.0
2024-01-18 13:00:00,27.1,72,0.0,1001.5,6.9,15.0,80,81,13,18,1,3,18,28.5,0.0,30.0,0.2,30.0,0.1,20.8,0.0,26.2,0.0,29.33333333333333,0.5,28.0,0.6000000000000001,24.633333333333336,0.6000000000000001,-1.3999999999999986,0.0,Tiruchirappalli,27.5,0.0
2024-01-18 14:00:00,26.3,77,0.0,1002.5,9.7,19.8,92,90,14,18,1,3,18,27.1,0.0,29.5,0.0,30.5,0.1,21.9,0.0,23.8,0.0,28.63333333333333,0.4,28.366666666666664,0.6000000000000001,24.7375,0.6000000000000001,-0.8000000000000007,0.0,Tiruchirappalli,26.2,0.0
2024-01-18 15:00:00,25.6,81,0.0,1003.3,10.6,21.3,78,80,15,18,1,3,18,26.3,0.0,28.5,0.0,30.4,0.2,24.3,0.0,24.0,0.0,27.83333333333333,0.2,28.475,0.6000000000000001,24.804166666666664,0.6000000000000001,-0.6999999999999993,0.0,Tiruchirappalli,25.2,0.0
2024-01-18 16:00:00,25.1,83,0.0,1003.7,10.8,21.6,93,94,16,18,1,3,18,25.6,0.0,27.1,0.0,30.0,0.2,26.6,0.0,23.2,0.0,27.016666666666666,0.0,28.35,0.6000000000000001,24.883333333333336,0.6000000000000001,-0.5,0.0,Tiruchirappalli,24.2,0.0
2024-01-18 17:00:00,24.6,86,0.0,1003.7,8.0,17.7,92,95,17,18,1,3,18,25.1,0.0,26.3,0.0,29.5,0.0,28.0,0.0,22.3,0.0,26.200000000000003,0.0,28.066666666666663,0.6000000000000001,24.979166666666668,0.6000000000000001,-0.5,0.0,Tiruchirappalli,23.2,0.0
2024-01-18 18:00:00,24.1,88,0.0,1003.4,6.3,15.6,75,77,18,18,1,3,18,24.6,0.0,25.6,0.0,28.5,0.0,29.2,0.0,21.2,0.0,25.466666666666665,0.0,27.64166666666667,0.6000000000000001,25.100000000000005,0.6000000000000001,-0.5,0.0,Tiruchirappalli,22.1,0.0
2024-01-18 19:00:00,23.7,90,0.0,1002.9,6.8,15.9,65,65,19,18,1,3,18,24.1,0.0,25.1,0.0,27.1,0.0,30.0,0.1,20.5,0.0,24.9,0.0,27.11666666666667,0.5,25.23333333333333,0.6000000000000001,-0.4000000000000021,0.0,Tiruchirappalli,21.3,0.0
2024-01-18 20:00:00,23.3,93,0.0,1002.2,5.8,15.0,60,60,20,18,1,3,18,23.7,0.0,24.6,0.0,26.3,0.0,30.5,0.1,19.9,0.0,24.4,0.0,26.51666666666667,0.4,25.375,0.6000000000000001,-0.3999999999999986,0.0,Tiruchirappalli,21.4,0.0
2024-01-18 21:00:00,22.9,96,0.0,1001.8,5.4,14.3,49,48,21,18,1,3,18,23.3,0.0,24.1,0.0,25.6,0.0,30.4,0.2,19.5,0.0,23.950000000000003,0.0,25.891666666666666,0.2,25.516666666666666,0.6000000000000001,-0.4000000000000021,0.0,Tiruchirappalli,21.0,0.0
2024-01-18 22:00:00,22.4,97,0.0,1001.8,4.8,12.0,46,48,22,18,1,3,18,22.9,0.0,23.7,0.0,25.1,0.0,30.0,0.2,19.5,0.0,23.5,0.0,25.25833333333333,0.0,25.6375,0.6000000000000001,-0.5,0.0,Tiruchirappalli,20.9,0.0
2024-01-18 23:00:00,21.9,98,0.0,1002.1,6.6,10.4,46,49,23,18,1,3,18,22.4,0.0,23.3,0.0,24.6,0.0,29.5,0.0,20.3,0.0,23.05,0.0,24.625,0.0,25.704166666666666,0.6000000000000001,-0.5,0.0,Tiruchirappalli,20.3,0.0
2024-01-19 00:00:00,21.9,98,0.0,1002.6,5.9,9.7,39,38,0,19,1,4,19,21.9,0.0,22.9,0.0,24.1,0.0,28.5,0.0,20.2,0.0,22.683333333333334,0.0,24.075,0.0,25.774999999999995,0.6000000000000001,0.0,0.0,Tiruchirappalli,20.1,0.0
2024-01-19 01:00:00,23.0,97,0.0,1003.2,4.7,8.7,38,32,1,19,1,4,19,21.9,0.0,22.4,0.0,23.7,0.0,27.1,0.0,20.8,0.0,22.566666666666663,0.0,23.73333333333333,0.0,25.866666666666664,0.6000000000000001,1.1000000000000014,0.0,Tiruchirappalli,20.6,0.0
2024-01-19 02:00:00,24.1,94,0.0,1004.2,2.2,9.0,37,351,2,19,1,4,19,23.0,0.0,21.9,0.0,23.3,0.0,26.3,0.0,21.9,0.0,22.7,0.0,23.55,0.0,25.95833333333333,0.6000000000000001,1.1000000000000014,0.0,Tiruchirappalli,21.7,0.0
2024-01-19 03:00:00,26.2,84,0.0,1005.2,4.6,7.2,37,39,3,19,1,4,19,24.1,0.0,21.9,0.0,22.9,0.0,25.6,0.0,24.3,0.0,23.25,0.0,23.6,0.0,26.0375,0.6000000000000001,2.099999999999998,0.0,Tiruchirappalli,24.7,0.0
2024-01-19 04:00:00,27.9,69,0.0,1005.6,9.1,11.9,55,56,4,19,1,4,19,26.2,0.0,23.0,0.0,22.4,0.0,25.1,0.0,26.6,0.0,24.166666666666668,0.0,23.83333333333333,0.0,26.09166666666667,0.6000000000000001,1.6999999999999993,0.0,Tiruchirappalli,26.9,0.0
2024-01-19 05:00:00,28.3,69,0.2,1005.1,11.5,15.2,59,58,5,19,1,4,19,27.9,0.0,24.1,0.0,21.9,0.0,24.6,0.0,28.0,0.0,25.23333333333333,0.2,24.141666666666666,0.2,26.104166666666668,0.8,0.4000000000000021,0.2,Tiruchirappalli,28.4,0.0
2024-01-19 06:00:00,28.4,71,0.0,1004.3,12.2,16.0,67,71,6,19,1,4,19,28.3,0.2,26.2,0.0,21.9,0.0,24.1,0.0,29.2,0.0,26.316666666666663,0.2,24.5,0.2,26.070833333333336,0.8,0.0999999999999978,-0.2,Tiruchirappalli,29.4,0.0
2024-01-19 07:00:00,27.7,74,0.9,1003.4,11.5,15.3,75,76,7,19,1,4,19,28.4,0.0,27.9,0.0,23.0,0.0,23.7,0.0,30.0,0.1,27.1,1.1,24.83333333333333,1.1,25.975,1.6,-0.6999999999999993,0.9,Tiruchirappalli,30.3,0.0
2024-01-19 08:00:00,28.9,70,0.0,1002.2,10.4,13.7,76,76,8,19,1,4,19,27.7,0.9,28.3,0.2,24.1,0.0,23.3,0.0,30.5,0.1,27.9,1.1,25.3,1.1,25.90833333333333,1.5,1.1999999999999993,-0.9,Tiruchirappalli,31.1,0.0
2024-01-19 09:00:00,30.4,62,0.0,1000.9,11.2,14.6,74,75,9,19,1,4,19,28.9,0.0,28.4,0.0,26.2,0.0,22.9,0.0,30.4,0.2,28.599999999999994,1.1,25.925,1.1,25.90833333333333,1.3,1.5,0.0,Tiruchirappalli,31.0,0.0
2024-01-19 10:00:00,27.2,75,0.3,1000.8,18.1,25.7,101,103,10,19,1,4,19,30.4,0.0,27.7,0.9,27.9,0.0,22.4,0.0,30.0,0.2,28.48333333333333,1.4,26.325000000000003,1.4,25.791666666666668,1.4,-3.2,0.3,Tiruchirappalli,30.7,0.0
2024-01-19 11:00:00,27.4,75,0.0,1001.0,9.4,13.4,82,83,11,19,1,4,19,27.2,0.3,28.9,0.0,28.3,0.2,21.9,0.0,29.5,0.0,28.33333333333333,1.2,26.78333333333333,1.4,25.704166666666666,1.4,0.1999999999999993,-0.3,Tiruchirappalli,30.6,0.0
2024-01-19 12:00:00,27.3,77,0.0,1001.3,7.6,10.8,86,85,12,19,1,4,19,27.4,0.0,30.4,0.0,28.4,0.0,21.9,0.0,28.5,0.0,28.149999999999995,1.2,27.23333333333333,1.4,25.65416666666667,1.4,-0.0999999999999978,0.0,Tiruchirappalli,29.7,0.0
2024-01-19 13:00:00,27.1,75,0.0,1001.9,7.9,15.1,72,74,13,19,1,4,19,27.3,0.0,27.2,0.3,27.7,0.9,23.0,0.0,27.1,0.0,28.05,0.2999999999999999,27.575,1.4,25.65416666666667,1.4,-0.1999999999999993,0.0,Tiruchirappalli,26.5,0.0
2024-01-19 14:00:00,26.9,75,0.0,1002.8,9.3,17.0,73,74,14,19,1,4,19,27.1,0.0,27.4,0.0,28.9,0.0,24.1,0.0,26.3,0.0,27.716666666666665,0.2999999999999999,27.808333333333334,1.4,25.67916666666667,1.4,-0.2000000000000028,0.0,Tiruchirappalli,25.9,0.0
2024-01-19 15:00:00,26.5,79,0.0,1003.5,8.1,15.7,74,77,15,19,1,4,19,26.9,0.0,27.3,0.0,30.4,0.0,26.2,0.0,25.6,0.0,27.066666666666663,0.2999999999999999,27.83333333333333,1.4,25.71666666666667,1.4,-0.3999999999999986,0.0,Tiruchirappalli,25.0,0.0
2024-01-19 16:00:00,25.9,82,0.0,1003.9,8.2,17.0,73,75,16,19,1,4,19,26.5,0.0,27.1,0.0,27.2,0.3,27.9,0.0,25.1,0.0,26.85,0.0,27.666666666666668,1.4,25.75,1.4,-0.6000000000000014,0.0,Tiruchirappalli,24.0,0.0
2024-01-19 17:00:00,25.4,85,0.0,1003.7,9.6,19.0,75,77,17,19,1,4,19,25.9,0.0,26.9,0.0,27.4,0.0,28.3,0.2,24.6,0.0,26.516666666666666,0.0,27.425,1.2,25.78333333333333,1.4,-0.5,0.0,Tiruchirappalli,23.1,0.0
2024-01-19 18:00:00,25.3,86,0.0,1003.6,8.9,17.3,73,76,18,19,1,4,19,25.4,0.0,26.5,0.0,27.3,0.0,28.4,0.0,24.1,0.0,26.183333333333334,0.0,27.16666666666666,1.2,25.83333333333333,1.4,-0.0999999999999978,0.0,Tiruchirappalli,22.2,0.0
2024-01-19 19:00:00,25.1,88,0.0,1003.4,7.6,15.5,59,59,19,19,1,4,19,25.3,0.0,25.9,0.0,27.1,0.0,27.7,0.9,23.7,0.0,25.850000000000005,0.0,26.95,0.2999999999999999,25.891666666666666,1.4,-0.1999999999999993,0.0,Tiruchirappalli,21.4,0.0
2024-01-19 20:00:00,24.9,88,0.0,1002.9,7.6,14.8,56,59,20,19,1,4,19,25.1,0.0,25.4,0.0,26.9,0.0,28.9,0.0,23.3,0.0,25.516666666666666,0.0,26.616666666666664,0.2999999999999999,25.95833333333333,1.4,-0.2000000000000028,0.0,Tiruchirappalli,20.9,0.0
2024-01-19 21:00:00,24.8,88,0.0,1002.7,7.9,14.8,47,47,21,19,1,4,19,24.9,0.0,25.3,0.0,26.5,0.0,30.4,0.0,22.9,0.0,25.23333333333333,0.0,26.15,0.2999999999999999,26.0375,1.4,-0.0999999999999978,0.0,Tiruchirappalli,20.9,0.0
2024-01-19 22:00:00,24.4,89,0.0,1002.4,7.9,15.6,40,39,22,19,1,4,19,24.8,0.0,25.1,0.0,25.9,0.0,27.2,0.3,22.4,0.0,24.98333333333333,0.0,25.916666666666668,0.0,26.120833333333334,1.4,-0.4000000000000021,0.0,Tiruchirappalli,20.7,0.0
2024-01-19 23:00:00,24.2,89,0.0,1002.8,9.0,17.0,36,37,23,19,1,4,19,24.4,0.0,24.9,0.0,25.4,0.0,27.4,0.0,21.9,0.0,24.78333333333333,0.0,25.65,0.0,26.21666666666667,1.4,-0.1999999999999993,0.0,Tiruchirappalli,20.3,0.0
2024-01-20 00:00:00,24.0,89,0.0,1003.2,10.0,18.3,36,38,0,20,1,5,20,24.2,0.0,24.8,0.0,25.3,0.0,27.3,0.0,21.9,0.0,24.566666666666663,0.0,25.375,0.0,26.30416666666667,1.4,-0.1999999999999993,0.0,Tiruchirappalli,19.0,0.0
2024-01-20 01:00:00,24.2,86,0.0,1004.4,10.7,18.9,39,42,1,20,1,5,20,24.0,0.0,24.4,0.0,25.1,0.0,27.1,0.0,23.0,0.0,24.416666666666668,0.0,25.13333333333333,0.0,26.354166666666668,1.4,0.1999999999999993,0.0,Tiruchirappalli,20.2,0.0
2024-01-20 02:00:00,24.6,84,0.0,1005.5,13.2,20.7,41,43,2,20,1,5,20,24.2,0.0,24.2,0.0,24.9,0.0,26.9,0.0,24.1,0.0,24.366666666666664,0.0,24.941666666666663,0.0,26.375,1.4,0.4000000000000021,0.0,Tiruchirappalli,21.8,0.0
2024-01-20 03:00:00,25.9,79,0.0,1006.6,13.6,19.4,40,40,3,20,1,5,20,24.6,0.0,24.0,0.0,24.8,0.0,26.5,0.0,26.2,0.0,24.55,0.0,24.891666666666666,0.0,26.3625,1.4,1.2999999999999972,0.0,Tiruchirappalli,24.6,0.0
2024-01-20 04:00:00,27.2,74,0.0,1006.9,13.5,18.4,48,48,4,20,1,5,20,25.9,0.0,24.2,0.0,24.4,0.0,25.9,0.0,27.9,0.0,25.016666666666666,0.0,25.0,0.0,26.33333333333333,1.4,1.3000000000000007,0.0,Tiruchirappalli,26.9,0.0
2024-01-20 05:00:00,27.7,71,0.0,1006.6,12.7,17.1,48,47,5,20,1,5,20,27.2,0.0,24.6,0.0,24.2,0.0,25.4,0.0,28.3,0.2,25.6,0.0,25.191666666666663,0.0,26.308333333333334,1.2000000000000002,0.5,0.0,Tiruchirappalli,28.4,0.1
2024-01-20 06:00:00,28.9,62,0.0,1005.8,12.5,17.1,49,49,6,20,1,5,20,27.7,0.0,25.9,0.0,24.0,0.0,25.3,0.0,28.4,0.0,26.416666666666668,0.0,25.49166666666667,0.0,26.329166666666666,1.2000000000000002,1.1999999999999993,0.0,Tiruchirappalli,29.5,0.0
2024-01-20 07:00:00,29.2,58,0.0,1004.8,11.2,15.3,56,57,7,20,1,5,20,28.9,0.0,27.2,0.0,24.2,0.0,25.1,0.0,27.7,0.9,27.25,0.0,25.83333333333333,0.0,26.391666666666666,0.3,0.3000000000000007,0.0,Tiruchirappalli,30.5,0.0
2024-01-20 08:00:00,29.5,56,0.0,1003.6,10.6,14.3,62,62,8,20,1,5,20,29.2,0.0,27.7,0.0,24.6,0.0,24.9,0.0,28.9,0.0,28.066666666666663,0.0,26.21666666666667,0.0,26.416666666666668,0.3,0.3000000000000007,0.0,Tiruchirappalli,31.2,0.0
2024-01-20 09:00:00,30.4,53,0.0,1002.7,11.2,15.1,57,57,9,20,1,5,20,29.5,0.0,28.9,0.0,25.9,0.0,24.8,0.0,30.4,0.0,28.816666666666663,0.0,26.683333333333334,0.0,26.41666666666666,0.3,0.8999999999999986,0.0,Tiruchirappalli,31.4,0.0
2024-01-20 10:00:00,30.3,52,0.0,1002.0,11.7,15.6,56,56,10,20,1,5,20,30.4,0.0,29.2,0.0,27.2,0.0,24.4,0.0,27.2,0.3,29.33333333333333,0.0,27.175,0.0,26.54583333333333,0.0,-0.0999999999999978,0.0,Tiruchirappalli,31.4,0.0
2024-01-20 11:00:00,30.1,52,0.0,1001.8,11.3,16.2,53,53,11,20,1,5,20,30.3,0.0,29.5,0.0,27.7,0.0,24.2,0.0,27.4,0.0,29.73333333333333,0.0,27.666666666666668,0.0,26.65833333333333,0.0,-0.1999999999999993,0.0,Tiruchirappalli,31.1,0.0
2024-01-20 12:00:00,29.0,58,0.0,1002.2,7.9,15.0,48,47,12,20,1,5,20,30.1,0.0,30.4,0.0,28.9,0.0,24.0,0.0,27.3,0.0,29.75,0.0,28.08333333333333,0.0,26.729166666666668,0.0,-1.1000000000000014,0.0,Tiruchirappalli,30.0,0.0
2024-01-20 13:00:00,26.3,81,0.0,1003.0,3.5,5.1,129,156,13,20,1,5,20,29.0,0.0,30.3,0.0,29.2,0.0,24.2,0.0,27.1,0.0,29.26666666666667,0.0,28.258333333333336,0.0,26.695833333333336,0.0,-2.7,0.0,Tiruchirappalli,27.5,0.0
2024-01-20 14:00:00,25.6,80,0.1,1003.8,4.5,9.8,152,166,14,20,1,5,20,26.3,0.0,30.1,0.0,29.5,0.0,24.6,0.0,26.9,0.0,28.61666666666667,0.0999999999999999,28.341666666666665,0.0999999999999999,26.641666666666666,0.1,-0.6999999999999993,0.1,Tiruchirappalli,26.5,0.0
2024-01-20 15:00:00,25.5,84,0.0,1004.3,4.1,6.0,115,165,15,20,1,5,20,25.6,0.1,29.0,0.0,30.4,0.0,25.9,0.0,26.5,0.0,27.8,0.0999999999999999,28.308333333333334,0.0999999999999999,26.6,0.1,-0.1000000000000014,-0.1,Tiruchirappalli,25.8,0.0
2024-01-20 16:00:00,25.2,83,0.0,1004.8,5.4,11.0,79,98,16,20,1,5,20,25.5,0.0,26.3,0.0,30.3,0.0,27.2,0.0,25.9,0.0,26.95,0.0999999999999999,28.141666666666666,0.0999999999999999,26.57083333333333,0.1,-0.3000000000000007,0.0,Tiruchirappalli,24.5,0.0
2024-01-20 17:00:00,25.7,78,0.0,1005.3,10.4,20.2,68,70,17,20,1,5,20,25.2,0.0,25.6,0.1,30.1,0.0,27.7,0.0,25.4,0.0,26.21666666666667,0.0999999999999999,27.975000000000005,0.0999999999999999,26.58333333333333,0.1,0.5,0.0,Tiruchirappalli,23.4,0.0
2024-01-20 18:00:00,25.3,84,0.0,1005.0,9.4,18.5,69,72,18,20,1,5,20,25.7,0.0,25.5,0.0,29.0,0.0,28.9,0.0,25.3,0.0,25.6,0.0999999999999999,27.675,0.0999999999999999,26.58333333333333,0.1,-0.3999999999999986,0.0,Tiruchirappalli,22.6,0.0
2024-01-20 19:00:00,24.9,89,0.4,1004.6,7.2,15.0,69,72,19,20,1,5,20,25.3,0.0,25.2,0.0,26.3,0.0,29.2,0.0,25.1,0.0,25.366666666666664,0.4999999999999999,27.316666666666663,0.4999999999999999,26.575000000000003,0.5,-0.4000000000000021,0.4,Tiruchirappalli,21.6,0.0
2024-01-20 20:00:00,24.4,96,0.7,1004.0,5.6,13.0,62,63,20,20,1,5,20,24.9,0.4,25.7,0.0,25.6,0.1,29.5,0.0,24.9,0.0,25.166666666666668,1.1,26.891666666666666,1.1999999999999995,26.55416666666667,1.2,-0.5,0.2999999999999999,Tiruchirappalli,20.9,0.0
2024-01-20 21:00:00,24.2,97,0.4,1003.5,6.3,14.5,60,66,21,20,1,5,20,24.4,0.7,25.3,0.0,25.5,0.0,30.4,0.0,24.8,0.0,24.95,1.5,26.375,1.6,26.529166666666665,1.6,-0.1999999999999993,-0.2999999999999999,Tiruchirappalli,20.6,0.0
2024-01-20 22:00:00,24.0,96,0.1,1003.4,7.7,15.3,49,49,22,20,1,5,20,24.2,0.4,24.9,0.4,25.2,0.0,30.3,0.0,24.4,0.0,24.75,1.6,25.85,1.7,26.5125,1.7,-0.1999999999999993,-0.3,Tiruchirappalli,20.3,0.0
2024-01-20 23:00:00,23.9,96,0.0,1003.5,8.1,15.3,43,45,23,20,1,5,20,24.0,0.1,24.4,0.7,25.7,0.0,30.1,0.0,24.2,0.0,24.45,1.6,25.33333333333333,1.7,26.5,1.7,-0.1000000000000014,-0.1,Tiruchirappalli,20.2,0.0
2024-01-21 00:00:00,23.7,96,0.0,1004.0,7.5,14.8,34,35,0,21,1,6,21,23.9,0.0,24.2,0.4,25.3,0.0,29.0,0.0,24.0,0.0,24.183333333333334,1.6,24.891666666666666,1.7,26.4875,1.7,-0.1999999999999993,0.0,Tiruchirappalli,19.9,0.0
2024-01-21 01:00:00,24.7,92,0.0,1004.7,6.6,13.0,34,45,1,21,1,6,21,23.7,0.0,24.0,0.1,24.9,0.4,26.3,0.0,24.2,0.0,24.15,1.1999999999999995,24.75833333333333,1.7,26.508333333333336,1.7,1.0,0.0,Tiruchirappalli,21.6,0.0
2024-01-21 02:00:00,24.9,90,0.1,1005.7,10.7,17.1,46,50,2,21,1,6,21,24.7,0.0,23.9,0.0,24.4,0.7,25.6,0.1,24.6,0.0,24.23333333333333,0.5999999999999999,24.7,1.6999999999999995,26.52083333333333,1.8,0.1999999999999993,0.1,Tiruchirappalli,22.9,0.0
2024-01-21 03:00:00,26.2,85,0.1,1006.4,10.6,14.4,53,55,3,21,1,6,21,24.9,0.1,23.7,0.0,24.2,0.4,25.5,0.0,25.9,0.0,24.566666666666663,0.2999999999999999,24.758333333333336,1.7999999999999998,26.53333333333333,1.9,1.3000000000000007,0.0,Tiruchirappalli,25.5,0.0
2024-01-21 04:00:00,26.3,77,0.3,1006.8,14.2,19.6,64,66,4,21,1,6,21,26.2,0.1,24.7,0.0,24.0,0.1,25.2,0.0,27.2,0.0,24.95,0.4999999999999999,24.85,2.1,26.495833333333334,2.2,0.1000000000000014,0.1999999999999999,Tiruchirappalli,27.7,0.1
2024-01-21 05:00:00,27.3,79,0.1,1006.4,10.9,15.0,63,63,5,21,1,6,21,26.3,0.3,24.9,0.1,23.9,0.0,25.7,0.0,27.7,0.0,25.516666666666666,0.5999999999999999,24.98333333333333,2.2,26.479166666666668,2.3,1.0,-0.1999999999999999,Tiruchirappalli,29.0,0.0
2024-01-21 06:00:00,29.0,71,0.0,1005.5,12.7,16.7,65,65,6,21,1,6,21,27.3,0.1,26.2,0.1,23.7,0.0,25.3,0.0,28.9,0.0,26.4,0.5999999999999999,25.291666666666668,2.2,26.48333333333333,2.3,1.6999999999999993,-0.1,Tiruchirappalli,30.2,0.0
2024-01-21 07:00:00,29.9,65,0.2,1004.2,13.1,17.3,69,69,7,21,1,6,21,29.0,0.0,26.3,0.3,24.7,0.0,24.9,0.4,29.2,0.0,27.266666666666666,0.7999999999999999,25.70833333333333,2.0,26.512500000000003,2.5,0.8999999999999986,0.2,Tiruchirappalli,31.2,0.0
2024-01-21 08:00:00,30.8,59,0.0,1002.8,13.5,18.2,65,65,8,21,1,6,21,29.9,0.2,27.3,0.1,24.9,0.1,24.4,0.7,29.5,0.0,28.25,0.7,26.241666666666664,1.2999999999999998,26.566666666666663,2.5,0.9000000000000021,-0.2,Tiruchirappalli,31.9,0.0
2024-01-21 09:00:00,31.0,57,0.0,1001.8,13.8,18.5,61,62,9,21,1,6,21,30.8,0.0,29.0,0.0,26.2,0.1,24.2,0.4,30.4,0.0,29.05,0.5999999999999999,26.808333333333334,0.8999999999999999,26.59166666666667,2.5,0.1999999999999993,0.0,Tiruchirappalli,32.1,0.0
2024-01-21 10:00:00,31.1,55,0.0,1001.4,14.0,19.0,61,61,10,21,1,6,21,31.0,0.0,29.9,0.2,26.3,0.3,24.0,0.1,30.3,0.0,29.850000000000005,0.2999999999999999,27.4,0.7999999999999999,26.625,2.5,0.1000000000000014,0.0,Tiruchirappalli,31.4,0.0
2024-01-21 11:00:00,30.4,57,0.0,1001.4,14.7,20.3,63,62,11,21,1,6,21,31.1,0.0,30.8,0.0,27.3,0.1,23.9,0.0,30.1,0.0,30.366666666666664,0.1999999999999999,27.941666666666663,0.7999999999999999,26.6375,2.5,-0.7000000000000028,0.0,Tiruchirappalli,30.7,0.0
2024-01-21 12:00:00,29.2,63,0.0,1002.0,10.2,16.8,67,67,12,21,1,6,21,30.4,0.0,31.0,0.0,29.0,0.0,23.7,0.0,29.0,0.0,30.4,0.1999999999999999,28.4,0.7999999999999999,26.64583333333333,2.5,-1.1999999999999993,0.0,Tiruchirappalli,29.4,0.0
2024-01-21 13:00:00,28.0,67,0.0,1002.6,7.6,16.6,85,90,13,21,1,6,21,29.2,0.0,31.1,0.0,29.9,0.2,24.7,0.0,26.3,0.0,30.08333333333333,0.0,28.675,0.7999999999999999,26.71666666666667,2.5,-1.1999999999999993,0.0,Tiruchirappalli,27.3,0.0
2024-01-21 14:00:00,26.9,70,0.0,1003.4,8.8,19.5,78,81,14,21,1,6,21,28.0,0.0,30.4,0.0,30.8,0.0,24.9,0.1,25.6,0.1,29.433333333333337,0.0,28.84166666666667,0.7,26.77083333333333,2.4,-1.1000000000000014,0.0,Tiruchirappalli,25.7,0.0
2024-01-21 15:00:00,25.8,75,0.0,1004.4,8.1,18.5,97,103,15,21,1,6,21,26.9,0.0,29.2,0.0,31.0,0.0,26.2,0.1,25.5,0.0,28.566666666666663,0.0,28.808333333333334,0.5999999999999999,26.78333333333333,2.4,-1.099999999999998,0.0,Tiruchirappalli,25.0,0.0
2024-01-21 16:00:00,24.7,84,0.0,1005.0,7.7,17.9,99,101,16,21,1,6,21,25.8,0.0,28.0,0.0,31.1,0.0,26.3,0.3,25.2,0.0,27.5,0.0,28.675,0.2999999999999999,26.762500000000003,2.4,-1.1000000000000014,0.0,Tiruchirappalli,24.3,0.0
2024-01-21 17:00:00,23.9,90,0.0,1005.3,6.8,16.3,95,93,17,21,1,6,21,24.7,0.0,26.9,0.0,30.4,0.0,27.3,0.1,25.7,0.0,26.416666666666668,0.0,28.391666666666666,0.1999999999999999,26.6875,2.4,-0.8000000000000007,0.0,Tiruchirappalli,23.6,0.0
2024-01-21 18:00:00,23.2,95,0.0,1005.2,5.8,15.1,90,90,18,21,1,6,21,23.9,0.0,25.8,0.0,29.2,0.0,29.0,0.0,25.3,0.0,25.416666666666668,0.0,27.90833333333333,0.1999999999999999,26.600000000000005,2.4,-0.6999999999999993,0.0,Tiruchirappalli,23.1,0.0
2024-01-21 19:00:00,22.6,98,0.0,1005.1,5.1,14.1,84,82,19,21,1,6,21,23.2,0.0,24.7,0.0,28.0,0.0,29.9,0.2,24.9,0.4,24.516666666666666,0.0,27.3,0.0,26.504166666666663,2.0,-0.5999999999999979,0.0,Tiruchirappalli,22.7,0.0
2024-01-21 20:00:00,21.8,99,0.0,1004.6,6.6,11.5,76,68,20,21,1,6,21,22.6,0.0,23.9,0.0,26.9,0.0,30.8,0.0,24.4,0.7,23.666666666666668,0.0,26.55,0.0,26.39583333333333,1.3,-0.8000000000000007,0.0,Tiruchirappalli,22.2,0.0
2024-01-21 21:00:00,22.8,98,0.0,1004.5,3.4,9.5,65,58,21,21,1,6,21,21.8,0.0,23.2,0.0,25.8,0.0,31.0,0.0,24.2,0.4,23.166666666666668,0.0,25.86666666666667,0.0,26.3375,0.9,1.0,0.0,Tiruchirappalli,21.8,0.0
2024-01-21 22:00:00,23.0,97,0.0,1004.1,5.4,8.7,52,42,22,21,1,6,21,22.8,0.0,22.6,0.0,24.7,0.0,31.1,0.0,24.0,0.1,22.883333333333336,0.0,25.191666666666663,0.0,26.29583333333333,0.8,0.1999999999999993,0.0,Tiruchirappalli,21.5,0.0
2024-01-21 23:00:00,23.2,96,0.0,1004.3,5.9,9.2,42,43,23,21,1,6,21,23.0,0.0,21.8,0.0,23.9,0.0,30.4,0.0,23.9,0.0,22.766666666666666,0.0,24.59166666666667,0.0,26.266666666666666,0.8,0.1999999999999993,0.0,Tiruchirappalli,21.4,0.0
2024-01-22 00:00:00,23.4,94,0.0,1004.7,6.5,9.8,36,34,0,22,1,0,22,23.2,0.0,22.8,0.0,23.2,0.0,29.2,0.0,23.7,0.0,22.8,0.0,24.10833333333333,0.0,26.254166666666663,0.8,0.1999999999999993,0.0,Tiruchirappalli,21.4,0.0
2024-01-22 01:00:00,24.0,89,0.0,1005.8,7.1,11.0,49,45,1,22,1,0,22,23.4,0.0,23.0,0.0,22.6,0.0,28.0,0.0,24.7,0.0,23.03333333333333,0.0,23.774999999999995,0.0,26.225,0.8,0.6000000000000014,0.0,Tiruchirappalli,21.9,0.0
2024-01-22 02:00:00,24.1,88,0.0,1006.8,7.6,11.1,36,31,2,22,1,0,22,24.0,0.0,23.2,0.0,21.8,0.0,26.9,0.0,24.9,0.1,23.416666666666668,0.0,23.541666666666668,0.0,26.191666666666663,0.7,0.1000000000000014,0.0,Tiruchirappalli,23.1,0.0
2024-01-22 03:00:00,25.1,81,0.0,1007.5,8.4,11.5,41,40,3,22,1,0,22,24.1,0.0,23.4,0.0,22.8,0.0,25.8,0.0,26.2,0.1,23.8,0.0,23.48333333333333,0.0,26.14583333333333,0.6,1.0,0.0,Tiruchirappalli,24.9,0.0
2024-01-22 04:00:00,26.7,73,0.0,1007.8,9.4,12.2,47,47,4,22,1,0,22,25.1,0.0,24.0,0.0,23.0,0.0,24.7,0.0,26.3,0.3,24.416666666666668,0.0,23.65,0.0,26.1625,0.3,1.599999999999998,0.0,Tiruchirappalli,26.9,0.0
2024-01-22 05:00:00,28.0,65,0.0,1007.6,10.0,13.0,51,49,5,22,1,0,22,26.7,0.0,24.1,0.0,23.2,0.0,23.9,0.0,27.3,0.1,25.21666666666667,0.0,23.99166666666667,0.0,26.191666666666663,0.2,1.3000000000000007,0.0,Tiruchirappalli,28.1,0.0
2024-01-22 06:00:00,29.3,59,0.0,1006.9,10.8,14.2,54,53,6,22,1,0,22,28.0,0.0,25.1,0.0,23.4,0.0,23.2,0.0,29.0,0.0,26.2,0.0,24.5,0.0,26.20416666666667,0.2,1.3000000000000007,0.0,Tiruchirappalli,28.8,0.1
2024-01-22 07:00:00,30.2,55,0.0,1005.8,10.9,14.3,56,56,7,22,1,0,22,29.3,0.0,26.7,0.0,24.0,0.0,22.6,0.0,29.9,0.2,27.23333333333333,0.0,25.133333333333336,0.0,26.216666666666665,0.0,0.8999999999999986,0.0,Tiruchirappalli,29.7,0.0
2024-01-22 08:00:00,30.9,52,0.0,1004.3,10.5,14.2,60,59,8,22,1,0,22,30.2,0.0,28.0,0.0,24.1,0.0,21.8,0.0,30.8,0.0,28.366666666666664,0.0,25.891666666666666,0.0,26.22083333333333,0.0,0.6999999999999993,0.0,Tiruchirappalli,30.3,0.0
2024-01-22 09:00:00,31.4,48,0.0,1003.3,10.9,14.5,63,63,9,22,1,0,22,30.9,0.0,29.3,0.0,25.1,0.0,22.8,0.0,31.0,0.0,29.416666666666668,0.0,26.60833333333333,0.0,26.2375,0.0,0.5,0.0,Tiruchirappalli,30.3,0.0
2024-01-22 10:00:00,31.3,46,0.0,1002.9,11.3,15.3,60,59,10,22,1,0,22,31.4,0.0,30.2,0.0,26.7,0.0,23.0,0.0,31.1,0.0,30.183333333333334,0.0,27.3,0.0,26.245833333333334,0.0,-0.0999999999999978,0.0,Tiruchirappalli,30.3,0.0
2024-01-22 11:00:00,30.8,47,0.0,1002.7,11.5,15.7,58,58,11,22,1,0,22,31.3,0.0,30.9,0.0,28.0,0.0,23.2,0.0,30.4,0.0,30.649999999999995,0.0,27.933333333333334,0.0,26.2625,0.0,-0.5,0.0,Tiruchirappalli,30.2,0.0
2024-01-22 12:00:00,29.5,53,0.0,1003.2,8.5,15.8,55,54,12,22,1,0,22,30.8,0.0,31.4,0.0,29.3,0.0,23.4,0.0,29.2,0.0,30.683333333333334,0.0,28.441666666666663,0.0,26.274999999999995,0.0,-1.3000000000000007,0.0,Tiruchirappalli,29.3,0.0
2024-01-22 13:00:00,26.8,62,0.0,1003.7,6.6,16.1,42,45,13,22,1,0,22,29.5,0.0,31.3,0.0,30.2,0.0,24.0,0.0,28.0,0.0,30.116666666666664,0.0,28.675,0.0,26.225,0.0,-2.7,0.0,Tiruchirappalli,27.5,0.0
2024-01-22 14:00:00,25.9,65,0.0,1004.5,8.9,20.5,51,50,14,22,1,0,22,26.8,0.0,30.8,0.0,30.9,0.0,24.1,0.0,26.9,0.0,29.28333333333333,0.0,28.825,0.0,26.183333333333334,0.0,-0.9000000000000021,0.0,Tiruchirappalli,26.7,0.0
2024-01-22 15:00:00,25.0,67,0.0,1005.1,10.5,23.5,63,63,15,22,1,0,22,25.9,0.0,29.5,0.0,31.4,0.0,25.1,0.0,25.8,0.0,28.21666666666667,0.0,28.816666666666663,0.0,26.15,0.0,-0.8999999999999986,0.0,Tiruchirappalli,25.6,0.0
2024-01-22 16:00:00,24.0,72,0.0,1005.8,10.8,23.5,75,75,16,22,1,0,22,25.0,0.0,26.8,0.0,31.3,0.0,26.7,0.0,24.7,0.0,27.0,0.0,28.591666666666665,0.0,26.120833333333334,0.0,-1.0,0.0,Tiruchirappalli,24.3,0.0
2024-01-22 17:00:00,22.7,82,0.0,1006.1,8.1,20.0,76,77,17,22,1,0,22,24.0,0.0,25.9,0.0,30.8,0.0,28.0,0.0,23.9,0.0,25.65,0.0,28.15,0.0,26.070833333333336,0.0,-1.3000000000000007,0.0,Tiruchirappalli,23.5,0.0
2024-01-22 18:00:00,21.6,91,0.0,1005.8,5.9,16.6,72,76,18,22,1,0,22,22.7,0.0,25.0,0.0,29.5,0.0,29.3,0.0,23.2,0.0,24.33333333333333,0.0,27.50833333333333,0.0,26.004166666666663,0.0,-1.099999999999998,0.0,Tiruchirappalli,22.8,0.0
2024-01-22 19:00:00,20.7,95,0.0,1005.7,5.6,14.2,69,75,19,22,1,0,22,21.6,0.0,24.0,0.0,26.8,0.0,30.2,0.0,22.6,0.0,23.316666666666663,0.0,26.716666666666665,0.0,25.925,0.0,-0.9000000000000021,0.0,Tiruchirappalli,22.2,0.0
2024-01-22 20:00:00,20.3,97,0.0,1005.5,5.6,13.9,73,75,20,22,1,0,22,20.7,0.0,22.7,0.0,25.9,0.0,30.9,0.0,21.8,0.0,22.38333333333333,0.0,25.83333333333333,0.0,25.8625,0.0,-0.3999999999999986,0.0,Tiruchirappalli,21.8,0.0
2024-01-22 21:00:00,20.1,98,0.0,1005.1,5.0,13.7,67,60,21,22,1,0,22,20.3,0.0,21.6,0.0,25.0,0.0,31.4,0.0,22.8,0.0,21.566666666666663,0.0,24.891666666666666,0.0,25.75,0.0,-0.1999999999999993,0.0,Tiruchirappalli,21.6,0.0
2024-01-22 22:00:00,19.7,98,0.0,1005.1,6.7,12.8,58,54,22,22,1,0,22,20.1,0.0,20.7,0.0,24.0,0.0,31.3,0.0,23.0,0.0,20.85,0.0,23.925,0.0,25.6125,0.0,-0.4000000000000021,0.0,Tiruchirappalli,21.7,0.0
2024-01-22 23:00:00,19.4,99,0.0,1005.2,7.4,12.0,51,47,23,22,1,0,22,19.7,0.0,20.3,0.0,22.7,0.0,30.8,0.0,23.2,0.0,20.3,0.0,22.975,0.0,25.454166666666666,0.0,-0.3000000000000007,0.0,Tiruchirappalli,21.6,0.0
2024-01-23 00:00:00,19.5,99,0.0,1005.5,7.1,12.0,44,45,0,23,1,1,23,19.4,0.0,20.1,0.0,21.6,0.0,29.5,0.0,23.4,0.0,19.95,0.0,22.141666666666666,0.0,25.291666666666668,0.0,0.1000000000000014,0.0,Tiruchirappalli,21.7,0.0
2024-01-23 01:00:00,22.6,98,0.0,1006.0,5.4,13.0,39,37,1,23,1,1,23,19.5,0.0,19.7,0.0,20.7,0.0,26.8,0.0,24.0,0.0,20.26666666666667,0.0,21.791666666666668,0.0,25.23333333333333,0.0,3.1000000000000014,0.0,Tiruchirappalli,22.0,0.0
2024-01-23 02:00:00,23.6,92,0.0,1006.6,7.7,13.2,43,41,2,23,1,1,23,22.6,0.0,19.4,0.0,20.3,0.0,25.9,0.0,24.1,0.0,20.816666666666663,0.0,21.6,0.0,25.2125,0.0,1.0,0.0,Tiruchirappalli,23.1,0.0
2024-01-23 03:00:00,25.4,82,0.0,1007.2,6.3,9.3,62,59,3,23,1,1,23,23.6,0.0,19.5,0.0,20.1,0.0,25.0,0.0,25.1,0.0,21.7,0.0,21.633333333333336,0.0,25.225,0.0,1.7999999999999972,0.0,Tiruchirappalli,25.1,0.0
2024-01-23 04:00:00,27.3,71,0.0,1007.7,10.1,13.5,74,73,4,23,1,1,23,25.4,0.0,22.6,0.0,19.7,0.0,24.0,0.0,26.7,0.0,22.96666666666667,0.0,21.90833333333333,0.0,25.25,0.0,1.900000000000002,0.0,Tiruchirappalli,27.0,0.1
2024-01-23 05:00:00,28.7,63,0.0,1007.2,11.3,14.8,67,68,5,23,1,1,23,27.3,0.0,23.6,0.0,19.4,0.0,22.7,0.0,28.0,0.0,24.516666666666666,0.0,22.40833333333333,0.0,25.27916666666667,0.0,1.3999999999999986,0.0,Tiruchirappalli,28.5,0.0
2024-01-23 06:00:00,29.8,58,0.0,1006.5,10.9,14.7,62,63,6,23,1,1,23,28.7,0.0,25.4,0.0,19.5,0.0,21.6,0.0,29.3,0.0,26.23333333333333,0.0,23.09166666666667,0.0,25.3,0.0,1.1000000000000014,0.0,Tiruchirappalli,29.7,0.0
2024-01-23 07:00:00,30.7,52,0.0,1005.0,11.4,15.0,63,62,7,23,1,1,23,29.8,0.0,27.3,0.0,22.6,0.0,20.7,0.0,30.2,0.0,27.58333333333333,0.0,23.925,0.0,25.320833333333336,0.0,0.8999999999999986,0.0,Tiruchirappalli,30.8,0.0
2024-01-23 08:00:00,31.1,51,0.0,1003.7,10.6,13.8,62,62,8,23,1,1,23,30.7,0.0,28.7,0.0,23.6,0.0,20.3,0.0,30.9,0.0,28.83333333333333,0.0,24.825000000000003,0.0,25.32916666666667,0.0,0.4000000000000021,0.0,Tiruchirappalli,30.7,0.0
2024-01-23 09:00:00,31.3,48,0.0,1002.6,10.5,13.4,59,59,9,23,1,1,23,31.1,0.0,29.8,0.0,25.4,0.0,20.1,0.0,31.4,0.0,29.816666666666663,0.0,25.75833333333333,0.0,25.325,0.0,0.1999999999999993,0.0,Tiruchirappalli,30.9,0.0
2024-01-23 10:00:00,31.0,49,0.0,1001.9,10.9,14.6,57,56,10,23,1,1,23,31.3,0.0,30.7,0.0,27.3,0.0,19.7,0.0,31.3,0.0,30.433333333333334,0.0,26.7,0.0,25.3125,0.0,-0.3000000000000007,0.0,Tiruchirappalli,30.6,0.0
2024-01-23 11:00:00,30.8,49,0.0,1002.0,9.4,13.0,51,50,11,23,1,1,23,31.0,0.0,31.1,0.0,28.7,0.0,19.4,0.0,30.8,0.0,30.78333333333333,0.0,27.65,0.0,25.3125,0.0,-0.1999999999999993,0.0,Tiruchirappalli,30.3,0.0
2024-01-23 12:00:00,29.8,53,0.0,1002.3,8.9,15.9,57,58,12,23,1,1,23,30.8,0.0,31.3,0.0,29.8,0.0,19.5,0.0,29.5,0.0,30.78333333333333,0.0,28.508333333333336,0.0,25.325000000000003,0.0,-1.0,0.0,Tiruchirappalli,29.3,0.0
2024-01-23 13:00:00,27.5,63,0.0,1002.9,7.6,16.9,78,82,13,23,1,1,23,29.8,0.0,31.0,0.0,30.7,0.0,22.6,0.0,26.8,0.0,30.25,0.0,28.916666666666668,0.0,25.354166666666668,0.0,-2.3000000000000007,0.0,Tiruchirappalli,28.1,0.0
2024-01-23 14:00:00,26.2,68,0.0,1003.9,9.2,20.1,105,101,14,23,1,1,23,27.5,0.0,30.8,0.0,31.1,0.0,23.6,0.0,25.9,0.0,29.433333333333337,0.0,29.13333333333333,0.0,25.366666666666664,0.0,-1.3000000000000007,0.0,Tiruchirappalli,27.1,0.0
2024-01-23 15:00:00,25.2,71,0.0,1004.7,11.2,23.2,96,96,15,23,1,1,23,26.2,0.0,29.8,0.0,31.3,0.0,25.4,0.0,25.0,0.0,28.416666666666668,0.0,29.116666666666664,0.0,25.375,0.0,-1.0,0.0,Tiruchirappalli,26.3,0.0
2024-01-23 16:00:00,24.2,74,0.0,1005.3,9.4,20.6,95,92,16,23,1,1,23,25.2,0.0,27.5,0.0,31.0,0.0,27.3,0.0,24.0,0.0,27.28333333333333,0.0,28.85833333333333,0.0,25.383333333333336,0.0,-1.0,0.0,Tiruchirappalli,25.4,0.0
2024-01-23 17:00:00,23.2,80,0.0,1005.3,6.5,17.3,89,84,17,23,1,1,23,24.2,0.0,26.2,0.0,30.8,0.0,28.7,0.0,22.7,0.0,26.016666666666666,0.0,28.4,0.0,25.404166666666665,0.0,-1.0,0.0,Tiruchirappalli,24.6,0.0
2024-01-23 18:00:00,22.1,87,0.0,1005.3,5.4,14.0,89,90,18,23,1,1,23,23.2,0.0,25.2,0.0,29.8,0.0,29.8,0.0,21.6,0.0,24.73333333333333,0.0,27.75833333333333,0.0,25.425,0.0,-1.099999999999998,0.0,Tiruchirappalli,23.7,0.0
2024-01-23 19:00:00,21.3,92,0.0,1005.0,6.5,10.5,94,96,19,23,1,1,23,22.1,0.0,24.2,0.0,27.5,0.0,30.7,0.0,20.7,0.0,23.7,0.0,26.975,0.0,25.45,0.0,-0.8000000000000007,0.0,Tiruchirappalli,23.1,0.0
2024-01-23 20:00:00,21.4,91,0.0,1004.4,4.3,6.8,87,66,20,23,1,1,23,21.3,0.0,23.2,0.0,26.2,0.0,31.1,0.0,20.3,0.0,22.9,0.0,26.166666666666668,0.0,25.495833333333337,0.0,0.0999999999999978,0.0,Tiruchirappalli,22.7,0.0
2024-01-23 21:00:00,21.0,92,0.0,1004.0,3.6,5.4,82,37,21,23,1,1,23,21.4,0.0,22.1,0.0,25.2,0.0,31.3,0.0,20.1,0.0,22.2,0.0,25.308333333333337,0.0,25.53333333333333,0.0,-0.3999999999999986,0.0,Tiruchirappalli,22.3,0.0
2024-01-23 22:00:00,20.9,93,0.0,1003.9,2.2,3.6,84,360,22,23,1,1,23,21.0,0.0,21.3,0.0,24.2,0.0,31.0,0.0,19.7,0.0,21.65,0.0,24.46666666666667,0.0,25.58333333333333,0.0,-0.1000000000000014,0.0,Tiruchirappalli,22.1,0.0
2024-01-23 23:00:00,20.3,95,0.0,1004.2,1.1,2.3,108,270,23,23,1,1,23,20.9,0.0,21.4,0.0,23.2,0.0,30.8,0.0,19.4,0.0,21.166666666666668,0.0,23.59166666666667,0.0,25.620833333333334,0.0,-0.5999999999999979,0.0,Tiruchirappalli,22.0,0.0
2024-01-24 00:00:00,20.1,97,0.0,1004.8,1.8,1.9,68,281,0,24,1,2,24,20.3,0.0,21.0,0.0,22.1,0.0,29.8,0.0,19.5,0.0,20.83333333333333,0.0,22.78333333333333,0.0,25.64583333333333,0.0,-0.1999999999999993,0.0,Tiruchirappalli,22.0,0.0
2024-01-24 01:00:00,20.6,98,0.0,1005.2,4.3,5.2,34,5,1,24,1,2,24,20.1,0.0,20.9,0.0,21.3,0.0,27.5,0.0,22.6,0.0,20.716666666666665,0.0,22.20833333333333,0.0,25.5625,0.0,0.5,0.0,Tiruchirappalli,22.5,0.0
2024-01-24 02:00:00,21.7,94,0.0,1006.2,2.9,4.7,23,360,2,24,1,2,24,20.6,0.0,20.3,0.0,21.4,0.0,26.2,0.0,23.6,0.0,20.76666666666667,0.0,21.83333333333333,0.0,25.48333333333333,0.0,1.099999999999998,0.0,Tiruchirappalli,23.5,0.0
2024-01-24 03:00:00,24.7,82,0.0,1007.0,2.7,4.7,23,23,3,24,1,2,24,21.7,0.0,20.1,0.0,21.0,0.0,25.2,0.0,25.4,0.0,21.38333333333333,0.0,21.791666666666668,0.0,25.454166666666666,0.0,3.0,0.0,Tiruchirappalli,25.6,0.0
2024-01-24 04:00:00,26.9,70,0.0,1007.5,3.1,4.0,63,54,4,24,1,2,24,24.7,0.0,20.6,0.0,20.9,0.0,24.2,0.0,27.3,0.0,22.383333333333336,0.0,22.016666666666666,0.0,25.4375,0.0,2.2,0.0,Tiruchirappalli,27.2,0.0
2024-01-24 05:00:00,28.4,63,0.0,1007.2,6.5,8.6,92,90,5,24,1,2,24,26.9,0.0,21.7,0.0,20.3,0.0,23.2,0.0,28.7,0.0,23.73333333333333,0.0,22.45,0.0,25.425,0.0,1.5,0.0,Tiruchirappalli,28.6,0.0
2024-01-24 06:00:00,29.4,57,0.0,1006.6,7.6,9.4,90,90,6,24,1,2,24,28.4,0.0,24.7,0.0,20.1,0.0,22.1,0.0,29.8,0.0,25.28333333333333,0.0,23.058333333333334,0.0,25.40833333333333,0.0,1.0,0.0,Tiruchirappalli,29.8,0.0
2024-01-24 07:00:00,30.3,53,0.0,1005.3,8.4,10.5,82,80,7,24,1,2,24,29.4,0.0,26.9,0.0,20.6,0.0,21.3,0.0,30.7,0.0,26.9,0.0,23.808333333333334,0.0,25.391666666666666,0.0,0.9000000000000021,0.0,Tiruchirappalli,30.8,0.0
2024-01-24 08:00:00,31.1,49,0.0,1003.6,8.1,10.4,70,69,8,24,1,2,24,30.3,0.0,28.4,0.0,21.7,0.0,21.4,0.0,31.1,0.0,28.466666666666665,0.0,24.616666666666664,0.0,25.391666666666666,0.0,0.8000000000000007,0.0,Tiruchirappalli,31.8,0.0
2024-01-24 09:00:00,31.0,48,0.0,1002.2,7.4,9.8,62,61,9,24,1,2,24,31.1,0.0,29.4,0.0,24.7,0.0,21.0,0.0,31.3,0.0,29.516666666666666,0.0,25.45,0.0,25.379166666666663,0.0,-0.1000000000000014,0.0,Tiruchirappalli,31.6,0.0
2024-01-24 10:00:00,30.7,49,0.0,1001.6,6.9,9.1,83,84,10,24,1,2,24,31.0,0.0,30.3,0.0,26.9,0.0,20.9,0.0,31.0,0.0,30.149999999999995,0.0,26.26666666666667,0.0,25.366666666666664,0.0,-0.3000000000000007,0.0,Tiruchirappalli,30.9,0.0
2024-01-24 11:00:00,30.6,49,0.0,1001.4,7.2,9.4,113,117,11,24,1,2,24,30.7,0.0,31.1,0.0,28.4,0.0,20.3,0.0,30.8,0.0,30.51666666666667,0.0,27.125,0.0,25.35833333333333,0.0,-0.0999999999999978,0.0,Tiruchirappalli,30.5,0.0
2024-01-24 12:00:00,29.7,54,0.0,1001.8,6.5,12.4,120,124,12,24,1,2,24,30.6,0.0,31.0,0.0,29.4,0.0,20.1,0.0,29.8,0.0,30.566666666666663,0.0,27.925,0.0,25.354166666666668,0.0,-0.9000000000000021,0.0,Tiruchirappalli,29.5,0.0
2024-01-24 13:00:00,26.5,66,0.0,1002.7,5.7,14.6,106,108,13,24,1,2,24,29.7,0.0,30.7,0.0,30.3,0.0,20.6,0.0,27.5,0.0,29.933333333333334,0.0,28.416666666666668,0.0,25.3125,0.0,-3.2,0.0,Tiruchirappalli,26.8,0.0
2024-01-24 14:00:00,25.9,70,0.0,1003.7,10.0,22.4,116,116,14,24,1,2,24,26.5,0.0,30.6,0.0,31.1,0.0,21.7,0.0,26.2,0.0,29.066666666666663,0.0,28.766666666666666,0.0,25.3,0.0,-0.6000000000000014,0.0,Tiruchirappalli,26.0,0.0
2024-01-24 15:00:00,25.0,74,0.0,1004.6,9.4,20.6,123,122,15,24,1,2,24,25.9,0.0,29.7,0.0,31.0,0.0,24.7,0.0,25.2,0.0,28.066666666666663,0.0,28.791666666666668,0.0,25.291666666666668,0.0,-0.8999999999999986,0.0,Tiruchirappalli,25.3,0.0
2024-01-24 16:00:00,24.0,77,0.0,1005.3,8.2,19.0,117,113,16,24,1,2,24,25.0,0.0,26.5,0.0,30.7,0.0,26.9,0.0,24.2,0.0,26.950000000000003,0.0,28.55,0.0,25.28333333333333,0.0,-1.0,0.0,Tiruchirappalli,24.4,0.0
2024-01-24 17:00:00,23.1,82,0.0,1005.3,5.8,16.0,99,90,17,24,1,2,24,24.0,0.0,25.9,0.0,30.6,0.0,28.4,0.0,23.2,0.0,25.7,0.0,28.10833333333333,0.0,25.27916666666667,0.0,-0.8999999999999986,0.0,Tiruchirappalli,23.7,0.0
2024-01-24 18:00:00,22.2,87,0.0,1005.1,5.1,14.1,94,86,18,24,1,2,24,23.1,0.0,25.0,0.0,29.7,0.0,29.4,0.0,22.1,0.0,24.45,0.0,27.508333333333336,0.0,25.28333333333333,0.0,-0.9000000000000021,0.0,Tiruchirappalli,23.2,0.0
2024-01-24 19:00:00,21.4,92,0.0,1004.9,5.6,11.9,85,75,19,24,1,2,24,22.2,0.0,24.0,0.0,26.5,0.0,30.3,0.0,21.3,0.0,23.6,0.0,26.766666666666666,0.0,25.287500000000005,0.0,-0.8000000000000007,0.0,Tiruchirappalli,22.7,0.0
2024-01-24 20:00:00,20.9,94,0.0,1004.4,5.6,9.0,88,75,20,24,1,2,24,21.4,0.0,23.1,0.0,25.9,0.0,31.1,0.0,21.4,0.0,22.766666666666666,0.0,25.916666666666668,0.0,25.266666666666666,0.0,-0.5,0.0,Tiruchirappalli,22.1,0.0
2024-01-24 21:00:00,20.9,94,0.0,1003.7,4.2,6.2,69,31,21,24,1,2,24,20.9,0.0,22.2,0.0,25.0,0.0,31.0,0.0,21.0,0.0,22.08333333333333,0.0,25.075000000000003,0.0,25.2625,0.0,0.0,0.0,Tiruchirappalli,21.7,0.0
2024-01-24 22:00:00,20.7,95,0.0,1003.4,3.7,5.5,58,11,22,24,1,2,24,20.9,0.0,21.4,0.0,24.0,0.0,30.7,0.0,20.9,0.0,21.53333333333333,0.0,24.241666666666664,0.0,25.254166666666663,0.0,-0.1999999999999993,0.0,Tiruchirappalli,21.5,0.0
2024-01-24 23:00:00,20.3,98,0.0,1003.8,0.5,2.6,74,225,23,24,1,2,24,20.7,0.0,20.9,0.0,23.1,0.0,30.6,0.0,20.3,0.0,21.066666666666663,0.0,23.383333333333336,0.0,25.254166666666663,0.0,-0.3999999999999986,0.0,Tiruchirappalli,21.5,0.0
2024-01-25 00:00:00,19.0,99,0.0,1004.5,2.8,0.4,90,230,0,25,1,3,25,20.3,0.0,20.9,0.0,22.2,0.0,29.7,0.0,20.1,0.0,20.53333333333333,0.0,22.491666666666664,0.0,25.20833333333333,0.0,-1.3000000000000007,0.0,Tiruchirappalli,21.5,0.0
2024-01-25 01:00:00,20.2,98,0.0,1005.3,3.3,2.9,353,264,1,25,1,3,25,19.0,0.0,20.7,0.0,21.4,0.0,26.5,0.0,20.6,0.0,20.33333333333333,0.0,21.96666666666667,0.0,25.191666666666663,0.0,1.1999999999999993,0.0,Tiruchirappalli,22.0,0.0
2024-01-25 02:00:00,21.8,93,0.0,1006.3,2.2,2.5,352,261,2,25,1,3,25,20.2,0.0,20.3,0.0,20.9,0.0,25.9,0.0,21.7,0.0,20.48333333333333,0.0,21.625,0.0,25.195833333333336,0.0,1.6000000000000014,0.0,Tiruchirappalli,22.8,0.0
2024-01-25 03:00:00,24.6,82,0.0,1007.4,1.8,2.8,310,307,3,25,1,3,25,21.8,0.0,19.0,0.0,20.9,0.0,25.0,0.0,24.7,0.0,21.1,0.0,21.591666666666665,0.0,25.191666666666663,0.0,2.8000000000000007,0.0,Tiruchirappalli,24.9,0.0
2024-01-25 04:00:00,26.9,71,0.0,1008.0,1.1,1.1,18,360,4,25,1,3,25,24.6,0.0,20.2,0.0,20.7,0.0,24.0,0.0,26.9,0.0,22.133333333333336,0.0,21.83333333333333,0.0,25.191666666666663,0.0,2.299999999999997,0.0,Tiruchirappalli,26.9,0.0
2024-01-25 05:00:00,28.4,62,0.1,1007.4,5.5,7.1,105,101,5,25,1,3,25,26.9,0.0,21.8,0.0,20.3,0.0,23.1,0.0,28.4,0.0,23.48333333333333,0.0999999999999999,22.275,0.0999999999999999,25.191666666666663,0.1,1.5,0.1,Tiruchirappalli,28.7,0.0
2024-01-25 06:00:00,29.5,56,0.0,1006.8,6.1,8.0,98,93,6,25,1,3,25,28.4,0.1,24.6,0.0,19.0,0.0,22.2,0.0,29.4,0.0,25.23333333333333,0.0999999999999999,22.883333333333336,0.0999999999999999,25.19583333333333,0.1,1.1000000000000014,-0.1,Tiruchirappalli,30.1,0.0
2024-01-25 07:00:00,30.5,52,0.0,1005.6,7.2,9.0,88,84,7,25,1,3,25,29.5,0.0,26.9,0.0,20.2,0.0,21.4,0.0,30.3,0.0,26.95,0.0999999999999999,23.641666666666666,0.0999999999999999,25.204166666666666,0.1,1.0,0.0,Tiruchirappalli,31.1,0.0
2024-01-25 08:00:00,31.2,48,0.0,1004.3,8.9,11.1,77,76,8,25,1,3,25,30.5,0.0,28.4,0.1,21.8,0.0,20.9,0.0,31.1,0.0,28.516666666666666,0.0999999999999999,24.5,0.0999999999999999,25.20833333333333,0.1,0.6999999999999993,0.0,Tiruchirappalli,31.8,0.0
2024-01-25 09:00:00,31.4,47,0.0,1003.5,9.5,12.1,78,79,9,25,1,3,25,31.2,0.0,29.5,0.0,24.6,0.0,20.9,0.0,31.0,0.0,29.65,0.0999999999999999,25.375,0.0999999999999999,25.225,0.1,0.1999999999999993,0.0,Tiruchirappalli,32.1,0.0
2024-01-25 10:00:00,31.4,46,0.0,1002.8,9.3,11.9,76,77,10,25,1,3,25,31.4,0.0,30.5,0.0,26.9,0.0,20.7,0.0,30.7,0.0,30.4,0.0999999999999999,26.266666666666666,0.0999999999999999,25.254166666666663,0.1,0.0,0.0,Tiruchirappalli,32.6,0.0
2024-01-25 11:00:00,31.1,46,0.0,1002.8,9.9,13.6,58,57,11,25,1,3,25,31.4,0.0,31.2,0.0,28.4,0.1,20.3,0.0,30.6,0.0,30.85,0.0,27.166666666666668,0.0999999999999999,25.275,0.1,-0.2999999999999971,0.0,Tiruchirappalli,32.1,0.0
2024-01-25 12:00:00,30.0,51,0.0,1003.3,7.9,14.3,47,43,12,25,1,3,25,31.1,0.0,31.4,0.0,29.5,0.0,19.0,0.0,29.7,0.0,30.933333333333334,0.0,28.08333333333333,0.0999999999999999,25.2875,0.1,-1.1000000000000014,0.0,Tiruchirappalli,30.7,0.0
2024-01-25 13:00:00,27.5,59,0.0,1004.4,6.7,16.7,53,54,13,25,1,3,25,30.0,0.0,31.4,0.0,30.5,0.0,20.2,0.0,26.5,0.0,30.433333333333334,0.0,28.691666666666663,0.0999999999999999,25.329166666666666,0.1,-2.5,0.0,Tiruchirappalli,29.2,0.0
2024-01-25 14:00:00,26.5,63,0.0,1005.3,9.8,20.9,63,66,14,25,1,3,25,27.5,0.0,31.1,0.0,31.2,0.0,21.8,0.0,25.9,0.0,29.65,0.0,29.08333333333333,0.0999999999999999,25.354166666666668,0.1,-1.0,0.0,Tiruchirappalli,28.3,0.0
2024-01-25 15:00:00,25.8,68,0.0,1006.3,11.9,23.0,91,92,15,25,1,3,25,26.5,0.0,30.0,0.0,31.4,0.0,24.6,0.0,25.0,0.0,28.71666666666667,0.0,29.183333333333337,0.0999999999999999,25.3875,0.1,-0.6999999999999993,0.0,Tiruchirappalli,27.6,0.0
2024-01-25 16:00:00,24.5,76,0.0,1006.9,9.5,20.2,95,99,16,25,1,3,25,25.8,0.0,27.5,0.0,31.4,0.0,26.9,0.0,24.0,0.0,27.566666666666663,0.0,28.98333333333333,0.0999999999999999,25.40833333333333,0.1,-1.3000000000000007,0.0,Tiruchirappalli,26.3,0.0
2024-01-25 17:00:00,23.4,82,0.0,1007.3,8.3,19.4,89,90,17,25,1,3,25,24.5,0.0,26.5,0.0,31.1,0.0,28.4,0.1,23.1,0.0,26.28333333333333,0.0,28.566666666666663,0.0,25.42083333333333,0.1,-1.1000000000000014,0.0,Tiruchirappalli,25.3,0.0
2024-01-25 18:00:00,22.6,85,0.0,1007.1,7.3,18.2,82,81,18,25,1,3,25,23.4,0.0,25.8,0.0,30.0,0.0,29.5,0.0,22.2,0.0,25.05,0.0,27.99166666666667,0.0,25.4375,0.1,-0.7999999999999972,0.0,Tiruchirappalli,24.6,0.0
2024-01-25 19:00:00,21.6,91,0.0,1006.7,5.6,16.2,77,75,19,25,1,3,25,22.6,0.0,24.5,0.0,27.5,0.0,30.5,0.0,21.4,0.0,24.066666666666663,0.0,27.25,0.0,25.44583333333333,0.1,-1.0,0.0,Tiruchirappalli,23.9,0.0
2024-01-25 20:00:00,20.9,94,0.0,1006.1,5.6,15.8,63,50,20,25,1,3,25,21.6,0.0,23.4,0.0,26.5,0.0,31.2,0.0,20.9,0.0,23.133333333333336,0.0,26.39166666666667,0.0,25.44583333333333,0.1,-0.7000000000000028,0.0,Tiruchirappalli,23.5,0.0
2024-01-25 21:00:00,20.6,95,0.0,1005.5,5.6,16.0,54,45,21,25,1,3,25,20.9,0.0,22.6,0.0,25.8,0.0,31.4,0.0,20.9,0.0,22.266666666666666,0.0,25.491666666666664,0.0,25.433333333333334,0.1,-0.2999999999999971,0.0,Tiruchirappalli,23.1,0.0
2024-01-25 22:00:00,20.3,96,0.0,1005.1,5.6,15.6,52,50,22,25,1,3,25,20.6,0.0,21.6,0.0,24.5,0.0,31.4,0.0,20.7,0.0,21.566666666666663,0.0,24.566666666666663,0.0,25.416666666666668,0.1,-0.3000000000000007,0.0,Tiruchirappalli,22.9,0.0
2024-01-25 23:00:00,20.2,97,0.0,1005.2,5.8,16.8,55,60,23,25,1,3,25,20.3,0.0,20.9,0.0,23.4,0.0,31.1,0.0,20.3,0.0,21.03333333333333,0.0,23.65833333333333,0.0,25.4125,0.1,-0.1000000000000014,0.0,Tiruchirappalli,22.7,0.0
2024-01-26 00:00:00,19.9,98,0.0,1005.6,5.5,15.4,57,58,0,26,1,4,26,20.2,0.0,20.6,0.0,22.6,0.0,30.0,0.0,19.0,0.0,20.58333333333333,0.0,22.816666666666663,0.0,25.45,0.1,-0.3000000000000007,0.0,Tiruchirappalli,22.5,0.0
2024-01-26 01:00:00,21.6,95,0.0,1006.8,6.6,18.7,23,22,1,26,1,4,26,19.9,0.0,20.3,0.0,21.6,0.0,27.5,0.0,20.2,0.0,20.58333333333333,0.0,22.325,0.0,25.50833333333333,0.1,1.7000000000000028,0.0,Tiruchirappalli,22.4,0.0
2024-01-26 02:00:00,22.9,89,0.0,1007.6,9.2,18.2,27,31,2,26,1,4,26,21.6,0.0,20.2,0.0,20.9,0.0,26.5,0.0,21.8,0.0,20.916666666666668,0.0,22.025,0.0,25.554166666666664,0.1,1.2999999999999972,0.0,Tiruchirappalli,23.7,0.0
2024-01-26 03:00:00,25.5,78,0.0,1008.6,9.2,14.0,26,26,3,26,1,4,26,22.9,0.0,19.9,0.0,20.6,0.0,25.8,0.0,24.6,0.0,21.73333333333333,0.0,22.0,0.0,25.591666666666665,0.1,2.6000000000000014,0.0,Tiruchirappalli,25.5,0.0
2024-01-26 04:00:00,27.7,65,0.1,1009.3,13.2,17.9,34,35,4,26,1,4,26,25.5,0.0,21.6,0.0,20.3,0.0,24.5,0.0,26.9,0.0,22.96666666666667,0.0999999999999999,22.266666666666666,0.0999999999999999,25.625,0.2,2.2,0.1,Tiruchirappalli,27.6,0.0
2024-01-26 05:00:00,29.0,57,0.0,1008.9,14.5,19.4,47,46,5,26,1,4,26,27.7,0.1,22.9,0.0,20.2,0.0,23.4,0.0,28.4,0.1,24.433333333333334,0.0999999999999999,22.73333333333333,0.0999999999999999,25.65,0.1,1.3000000000000007,-0.1,Tiruchirappalli,29.3,0.0
2024-01-26 06:00:00,30.2,50,0.0,1008.3,13.8,17.8,48,47,6,26,1,4,26,29.0,0.0,25.5,0.0,19.9,0.0,22.6,0.0,29.5,0.0,26.15,0.0999999999999999,23.366666666666664,0.0999999999999999,25.679166666666664,0.1,1.1999999999999993,0.0,Tiruchirappalli,30.1,0.0
2024-01-26 07:00:00,31.2,43,0.0,1006.9,12.8,16.9,50,50,7,26,1,4,26,30.2,0.0,27.7,0.1,21.6,0.0,21.6,0.0,30.5,0.0,27.75,0.0999999999999999,24.166666666666668,0.0999999999999999,25.70833333333333,0.1,1.0,0.0,Tiruchirappalli,30.6,0.0
2024-01-26 08:00:00,31.9,39,0.0,1005.5,13.6,18.6,58,58,8,26,1,4,26,31.2,0.0,29.0,0.0,22.9,0.0,20.9,0.0,31.2,0.0,29.25,0.0999999999999999,25.08333333333333,0.0999999999999999,25.7375,0.1,0.6999999999999993,0.0,Tiruchirappalli,31.8,0.0
2024-01-26 09:00:00,32.1,37,0.0,1004.3,14.5,19.5,60,60,9,26,1,4,26,31.9,0.0,30.2,0.0,25.5,0.0,20.6,0.0,31.4,0.0,30.35,0.0999999999999999,26.041666666666668,0.0999999999999999,25.766666666666666,0.1,0.2000000000000028,0.0,Tiruchirappalli,32.2,0.0
2024-01-26 10:00:00,31.4,38,0.0,1003.8,15.9,21.6,62,62,10,26,1,4,26,32.1,0.0,31.2,0.0,27.7,0.1,20.3,0.0,31.4,0.0,30.966666666666665,0.0,26.96666666666667,0.0999999999999999,25.766666666666666,0.1,-0.7000000000000028,0.0,Tiruchirappalli,32.4,0.0
2024-01-26 11:00:00,30.7,40,0.0,1004.1,15.3,21.9,60,60,11,26,1,4,26,31.4,0.0,31.9,0.0,29.0,0.0,20.2,0.0,31.1,0.0,31.25,0.0,27.841666666666665,0.0999999999999999,25.75,0.1,-0.6999999999999993,0.0,Tiruchirappalli,31.9,0.0
2024-01-26 12:00:00,29.4,47,0.0,1004.8,12.8,21.5,59,58,12,26,1,4,26,30.7,0.0,32.1,0.0,30.2,0.0,19.9,0.0,30.0,0.0,31.116666666666664,0.0,28.633333333333336,0.0999999999999999,25.725,0.1,-1.3000000000000007,0.0,Tiruchirappalli,31.0,0.0
2024-01-26 13:00:00,27.3,54,0.0,1005.5,9.7,20.6,65,68,13,26,1,4,26,29.4,0.0,31.4,0.0,31.2,0.0,21.6,0.0,27.5,0.0,30.46666666666667,0.0,29.10833333333333,0.0999999999999999,25.716666666666665,0.1,-2.099999999999998,0.0,Tiruchirappalli,28.3,0.0
2024-01-26 14:00:00,25.7,60,0.0,1006.1,8.3,19.3,69,72,14,26,1,4,26,27.3,0.0,30.7,0.0,31.9,0.0,22.9,0.0,26.5,0.0,29.433333333333334,0.0,29.34166666666667,0.0999999999999999,25.683333333333334,0.1,-1.6000000000000014,0.0,Tiruchirappalli,27.3,0.0
2024-01-26 15:00:00,25.0,63,0.0,1007.0,11.6,25.3,73,74,15,26,1,4,26,25.7,0.0,29.4,0.0,32.1,0.0,25.5,0.0,25.8,0.0,28.25,0.0,29.3,0.0999999999999999,25.65,0.1,-0.6999999999999993,0.0,Tiruchirappalli,26.2,0.0
2024-01-26 16:00:00,24.3,69,0.0,1007.6,12.0,25.5,74,74,16,26,1,4,26,25.0,0.0,27.3,0.0,31.4,0.0,27.7,0.1,24.5,0.0,27.066666666666663,0.0,29.016666666666666,0.0,25.641666666666666,0.1,-0.6999999999999993,0.0,Tiruchirappalli,25.8,0.0
2024-01-26 17:00:00,23.6,77,0.0,1007.7,11.4,24.7,74,77,17,26,1,4,26,24.3,0.0,25.7,0.0,30.7,0.0,29.0,0.0,23.4,0.0,25.883333333333336,0.0,28.566666666666663,0.0,25.65,0.1,-0.6999999999999993,0.0,Tiruchirappalli,24.9,0.0
2024-01-26 18:00:00,23.1,83,0.0,1007.8,11.7,24.2,72,72,18,26,1,4,26,23.6,0.0,25.0,0.0,29.4,0.0,30.2,0.0,22.6,0.0,24.83333333333333,0.0,27.975000000000005,0.0,25.67083333333333,0.1,-0.5,0.0,Tiruchirappalli,24.2,0.0
2024-01-26 19:00:00,22.7,88,0.0,1007.6,11.3,23.4,61,59,19,26,1,4,26,23.1,0.0,24.3,0.0,27.3,0.0,31.2,0.0,21.6,0.0,24.066666666666663,0.0,27.266666666666666,0.0,25.71666666666667,0.1,-0.4000000000000021,0.0,Tiruchirappalli,23.1,0.0
2024-01-26 20:00:00,22.2,92,0.0,1007.2,9.8,21.4,54,54,20,26,1,4,26,22.7,0.0,23.6,0.0,25.7,0.0,31.9,0.0,20.9,0.0,23.48333333333333,0.0,26.45833333333333,0.0,25.77083333333333,0.1,-0.5,0.0,Tiruchirappalli,23.1,0.0
2024-01-26 21:00:00,21.8,95,0.0,1006.5,9.2,20.2,49,51,21,26,1,4,26,22.2,0.0,23.1,0.0,25.0,0.0,32.1,0.0,20.6,0.0,22.950000000000003,0.0,25.6,0.0,25.820833333333336,0.1,-0.3999999999999986,0.0,Tiruchirappalli,23.6,0.0
2024-01-26 22:00:00,21.5,96,0.0,1006.0,8.7,20.1,46,52,22,26,1,4,26,21.8,0.0,22.7,0.0,24.3,0.0,31.4,0.0,20.3,0.0,22.48333333333333,0.0,24.775,0.0,25.870833333333337,0.1,-0.3000000000000007,0.0,Tiruchirappalli,24.2,0.0
2024-01-26 23:00:00,21.4,95,0.0,1006.0,8.9,20.5,39,43,23,26,1,4,26,21.5,0.0,22.2,0.0,23.6,0.0,30.7,0.0,20.2,0.0,22.116666666666664,0.0,24.0,0.0,25.92083333333333,0.1,-0.1000000000000014,0.0,Tiruchirappalli,24.4,0.0
2024-01-27 00:00:00,21.4,94,0.0,1006.7,9.4,21.3,34,40,0,27,1,5,27,21.4,0.0,21.8,0.0,23.1,0.0,29.4,0.0,19.9,0.0,21.83333333333333,0.0,23.33333333333333,0.0,25.98333333333333,0.1,0.0,0.0,Tiruchirappalli,24.5,0.0
2024-01-27 01:00:00,21.9,88,0.0,1007.7,10.3,22.4,26,29,1,27,1,5,27,21.4,0.0,21.5,0.0,22.7,0.0,27.3,0.0,21.6,0.0,21.7,0.0,22.88333333333333,0.0,25.995833333333334,0.1,0.5,0.0,Tiruchirappalli,24.2,0.0
2024-01-27 02:00:00,23.1,84,0.0,1008.4,11.3,20.5,28,31,2,27,1,5,27,21.9,0.0,21.4,0.0,22.2,0.0,25.7,0.0,22.9,0.0,21.85,0.0,22.666666666666668,0.0,26.004166666666663,0.1,1.2000000000000028,0.0,Tiruchirappalli,24.8,0.0
2024-01-27 03:00:00,24.9,77,0.0,1009.1,10.7,15.5,31,33,3,27,1,5,27,23.1,0.0,21.4,0.0,21.8,0.0,25.0,0.0,25.5,0.0,22.366666666666664,0.0,22.65833333333333,0.0,25.979166666666668,0.1,1.7999999999999972,0.0,Tiruchirappalli,26.1,0.0
2024-01-27 04:00:00,26.9,68,0.0,1009.6,14.3,19.5,39,39,4,27,1,5,27,24.9,0.0,21.9,0.0,21.5,0.0,24.3,0.0,27.7,0.1,23.266666666666666,0.0,22.875,0.0,25.94583333333333,0.0,2.0,0.0,Tiruchirappalli,27.7,0.0
2024-01-27 05:00:00,28.1,62,0.0,1009.2,16.3,21.9,44,43,5,27,1,5,27,26.9,0.0,23.1,0.0,21.4,0.0,23.6,0.0,29.0,0.0,24.38333333333333,0.0,23.25,0.0,25.90833333333333,0.0,1.2000000000000028,0.0,Tiruchirappalli,29.6,0.1
2024-01-27 06:00:00,28.8,57,0.1,1008.0,17.3,23.2,43,43,6,27,1,5,27,28.1,0.0,24.9,0.0,21.4,0.0,23.1,0.0,30.2,0.0,25.616666666666664,0.0999999999999999,23.725,0.0999999999999999,25.850000000000005,0.1,0.6999999999999993,0.1,Tiruchirappalli,31.0,0.0
2024-01-27 07:00:00,29.7,54,0.0,1006.8,17.1,22.7,44,44,7,27,1,5,27,28.8,0.1,26.9,0.0,21.9,0.0,22.7,0.0,31.2,0.0,26.916666666666668,0.0999999999999999,24.308333333333334,0.0999999999999999,25.7875,0.1,0.8999999999999986,-0.1,Tiruchirappalli,32.2,0.0
2024-01-27 08:00:00,30.3,51,0.0,1005.7,16.8,22.2,47,47,8,27,1,5,27,29.7,0.0,28.1,0.0,23.1,0.0,22.2,0.0,31.9,0.0,28.116666666666664,0.0999999999999999,24.98333333333333,0.0999999999999999,25.72083333333333,0.1,0.6000000000000014,0.0,Tiruchirappalli,32.6,0.1
2024-01-27 09:00:00,30.3,50,0.0,1004.5,16.6,22.3,52,51,9,27,1,5,27,30.3,0.0,28.8,0.1,24.9,0.0,21.8,0.0,32.1,0.0,29.016666666666666,0.0999999999999999,25.691666666666663,0.0999999999999999,25.64583333333333,0.1,0.0,0.0,Tiruchirappalli,33.0,0.1
2024-01-27 10:00:00,30.3,50,0.0,1003.8,15.1,20.6,57,57,10,27,1,5,27,30.3,0.0,29.7,0.0,26.9,0.0,21.5,0.0,31.4,0.0,29.58333333333333,0.0999999999999999,26.425,0.0999999999999999,25.6,0.1,0.0,0.0,Tiruchirappalli,32.9,0.1
2024-01-27 11:00:00,30.2,50,0.0,1003.5,14.5,20.3,57,55,11,27,1,5,27,30.3,0.0,30.3,0.0,28.1,0.0,21.4,0.0,30.7,0.0,29.933333333333334,0.0999999999999999,27.15833333333333,0.0999999999999999,25.579166666666666,0.1,-0.1000000000000014,0.0,Tiruchirappalli,32.4,0.0
2024-01-27 12:00:00,29.3,52,0.0,1004.2,12.1,19.7,62,60,12,27,1,5,27,30.2,0.0,30.3,0.0,28.8,0.1,21.4,0.0,29.4,0.0,30.01666666666667,0.0,27.816666666666663,0.0999999999999999,25.575,0.1,-0.8999999999999986,0.0,Tiruchirappalli,31.5,0.0
2024-01-27 13:00:00,27.5,56,0.0,1004.9,8.4,19.3,53,50,13,27,1,5,27,29.3,0.0,30.3,0.0,29.7,0.0,21.9,0.0,27.3,0.0,29.65,0.0,28.28333333333333,0.0999999999999999,25.58333333333333,0.1,-1.8000000000000007,0.0,Tiruchirappalli,29.5,0.0
2024-01-27 14:00:00,26.7,58,0.0,1005.7,12.9,25.2,71,72,14,27,1,5,27,27.5,0.0,30.2,0.0,30.3,0.0,23.1,0.0,25.7,0.0,29.05,0.0,28.58333333333333,0.0999999999999999,25.625,0.1,-0.8000000000000007,0.0,Tiruchirappalli,28.4,0.0
2024-01-27 15:00:00,25.6,64,0.0,1006.6,13.5,26.2,74,74,15,27,1,5,27,26.7,0.0,29.3,0.0,30.3,0.0,24.9,0.0,25.0,0.0,28.266666666666666,0.0,28.64166666666667,0.0999999999999999,25.65,0.1,-1.099999999999998,0.0,Tiruchirappalli,27.5,0.0
2024-01-27 16:00:00,24.3,73,0.0,1007.4,12.3,25.2,73,75,16,27,1,5,27,25.6,0.0,27.5,0.0,30.3,0.0,26.9,0.0,24.3,0.0,27.266666666666666,0.0,28.425,0.0999999999999999,25.65,0.1,-1.3000000000000007,0.0,Tiruchirappalli,26.6,0.0
2024-01-27 17:00:00,23.5,81,0.0,1007.9,10.8,22.3,72,75,17,27,1,5,27,24.3,0.0,26.7,0.0,30.2,0.0,28.1,0.0,23.6,0.0,26.15,0.0,28.041666666666668,0.0999999999999999,25.64583333333333,0.1,-0.8000000000000007,0.0,Tiruchirappalli,25.6,0.0
2024-01-27 18:00:00,22.8,88,0.0,1007.7,9.7,21.1,63,63,18,27,1,5,27,23.5,0.0,25.6,0.0,29.3,0.0,28.8,0.1,23.1,0.0,25.066666666666663,0.0,27.541666666666668,0.0,25.633333333333336,0.1,-0.6999999999999993,0.0,Tiruchirappalli,24.7,0.0
2024-01-27 19:00:00,22.2,93,0.0,1007.1,9.2,20.7,51,51,19,27,1,5,27,22.8,0.0,24.3,0.0,27.5,0.0,29.7,0.0,22.7,0.0,24.183333333333334,0.0,26.916666666666668,0.0,25.6125,0.1,-0.6000000000000014,0.0,Tiruchirappalli,23.9,0.0
2024-01-27 20:00:00,21.8,96,0.0,1006.3,9.7,21.1,44,45,20,27,1,5,27,22.2,0.0,23.5,0.0,26.7,0.0,30.3,0.0,22.2,0.0,23.36666666666667,0.0,26.20833333333333,0.0,25.59583333333333,0.1,-0.3999999999999986,0.0,Tiruchirappalli,23.6,0.0
2024-01-27 21:00:00,21.6,97,0.0,1005.5,11.2,23.0,40,42,21,27,1,5,27,21.8,0.0,22.8,0.0,25.6,0.0,30.3,0.0,21.8,0.0,22.7,0.0,25.48333333333333,0.0,25.587499999999995,0.1,-0.1999999999999993,0.0,Tiruchirappalli,24.0,0.0
2024-01-27 22:00:00,21.7,96,0.0,1005.0,11.8,23.6,38,40,22,27,1,5,27,21.6,0.0,22.2,0.0,24.3,0.0,30.3,0.0,21.5,0.0,22.266666666666666,0.0,24.766666666666666,0.0,25.59583333333333,0.1,0.0999999999999978,0.0,Tiruchirappalli,24.5,0.0
2024-01-27 23:00:00,21.6,96,0.0,1005.2,11.5,23.6,38,41,23,27,1,5,27,21.7,0.0,21.8,0.0,23.5,0.0,30.2,0.0,21.4,0.0,21.95,0.0,24.05,0.0,25.604166666666668,0.1,-0.0999999999999978,0.0,Tiruchirappalli,24.7,0.0
2024-01-28 00:00:00,21.7,96,0.0,1005.9,11.3,23.0,35,37,0,28,1,6,28,21.6,0.0,21.6,0.0,22.8,0.0,29.3,0.0,21.4,0.0,21.766666666666666,0.0,23.416666666666668,0.0,25.616666666666664,0.1,0.0999999999999978,0.0,Tiruchirappalli,24.9,0.0
2024-01-28 01:00:00,22.0,95,0.0,1006.6,9.0,19.7,24,23,1,28,1,6,28,21.7,0.0,21.7,0.0,22.2,0.0,27.5,0.0,21.9,0.0,21.73333333333333,0.0,22.95833333333333,0.0,25.620833333333334,0.1,0.3000000000000007,0.0,Tiruchirappalli,23.8,0.8
2024-01-28 02:00:00,23.1,88,0.0,1007.7,10.1,18.0,26,27,2,28,1,6,28,22.0,0.0,21.6,0.0,21.8,0.0,26.7,0.0,23.1,0.0,21.950000000000003,0.0,22.65833333333333,0.0,25.620833333333334,0.1,1.1000000000000014,0.0,Tiruchirappalli,24.6,0.2
2024-01-28 03:00:00,25.1,78,0.0,1008.5,11.4,16.4,29,28,3,28,1,6,28,23.1,0.0,21.7,0.0,21.6,0.0,25.6,0.0,24.9,0.0,22.53333333333333,0.0,22.61666666666667,0.0,25.629166666666663,0.1,2.0,0.0,Tiruchirappalli,25.7,0.0
2024-01-28 04:00:00,27.0,68,0.1,1009.0,14.3,19.1,44,45,4,28,1,6,28,25.1,0.0,22.0,0.0,21.7,0.0,24.3,0.0,26.9,0.0,23.416666666666668,0.0999999999999999,22.84166666666667,0.0999999999999999,25.633333333333336,0.2,1.8999999999999984,0.1,Tiruchirappalli,27.7,0.0
2024-01-28 05:00:00,28.5,61,0.0,1008.7,15.5,20.9,46,46,5,28,1,6,28,27.0,0.1,23.1,0.0,21.6,0.0,23.5,0.0,28.1,0.0,24.566666666666663,0.0999999999999999,23.258333333333336,0.0999999999999999,25.65,0.2,1.5,-0.1,Tiruchirappalli,29.5,0.0
2024-01-28 06:00:00,29.7,55,0.0,1008.0,15.8,21.2,48,49,6,28,1,6,28,28.5,0.0,25.1,0.0,21.7,0.0,22.8,0.0,28.8,0.1,25.9,0.0999999999999999,23.83333333333333,0.0999999999999999,25.6875,0.1,1.1999999999999993,0.0,Tiruchirappalli,30.5,0.2
2024-01-28 07:00:00,30.8,50,0.0,1006.7,16.7,22.1,53,53,7,28,1,6,28,29.7,0.0,27.0,0.1,22.0,0.0,22.2,0.0,29.7,0.0,27.366666666666664,0.0999999999999999,24.55,0.0999999999999999,25.73333333333333,0.1,1.1000000000000014,0.0,Tiruchirappalli,31.4,0.1
2024-01-28 08:00:00,30.7,49,0.0,1005.3,15.6,21.1,57,56,8,28,1,6,28,30.8,0.0,28.5,0.0,23.1,0.0,21.8,0.0,30.3,0.0,28.633333333333336,0.0999999999999999,25.291666666666668,0.0999999999999999,25.75,0.1,-0.1000000000000014,0.0,Tiruchirappalli,32.2,0.0
2024-01-28 09:00:00,30.9,48,0.0,1004.3,15.4,20.6,54,53,9,28,1,6,28,30.7,0.0,29.7,0.0,25.1,0.0,21.6,0.0,30.3,0.0,29.600000000000005,0.0999999999999999,26.066666666666663,0.0999999999999999,25.775,0.1,0.1999999999999993,0.0,Tiruchirappalli,32.5,0.1
2024-01-28 10:00:00,30.6,49,0.0,1003.7,15.3,20.8,56,56,10,28,1,6,28,30.9,0.0,30.8,0.0,27.0,0.1,21.7,0.0,30.3,0.0,30.200000000000003,0.0,26.808333333333334,0.0999999999999999,25.787500000000005,0.1,-0.2999999999999971,0.0,Tiruchirappalli,32.1,0.1
2024-01-28 11:00:00,30.3,50,0.0,1003.5,14.2,19.2,56,54,11,28,1,6,28,30.6,0.0,30.7,0.0,28.5,0.0,21.6,0.0,30.2,0.0,30.5,0.0,27.53333333333333,0.0999999999999999,25.791666666666668,0.1,-0.3000000000000007,0.0,Tiruchirappalli,31.6,0.0
2024-01-28 12:00:00,29.3,52,0.0,1004.0,13.2,21.3,56,55,12,28,1,6,28,30.3,0.0,30.9,0.0,29.7,0.0,21.7,0.0,29.3,0.0,30.433333333333334,0.0,28.166666666666668,0.0999999999999999,25.791666666666668,0.1,-1.0,0.0,Tiruchirappalli,31.0,0.0
2024-01-28 13:00:00,28.1,56,0.0,1004.9,10.2,20.7,40,39,13,28,1,6,28,29.3,0.0,30.6,0.0,30.8,0.0,22.0,0.0,27.5,0.0,29.98333333333333,0.0,28.675,0.0999999999999999,25.816666666666663,0.1,-1.1999999999999993,0.0,Tiruchirappalli,29.5,0.0
2024-01-28 14:00:00,27.1,60,0.0,1005.7,12.8,25.0,54,52,14,28,1,6,28,28.1,0.0,30.3,0.0,30.7,0.0,23.1,0.0,26.7,0.0,29.383333333333336,0.0,29.008333333333336,0.0999999999999999,25.83333333333333,0.1,-1.0,0.0,Tiruchirappalli,28.5,0.0
2024-01-28 15:00:00,26.3,64,0.0,1006.8,14.4,26.5,59,58,15,28,1,6,28,27.1,0.0,29.3,0.0,30.9,0.0,25.1,0.0,25.6,0.0,28.61666666666667,0.0,29.10833333333333,0.0999999999999999,25.8625,0.1,-0.8000000000000007,0.0,Tiruchirappalli,27.9,0.0
2024-01-28 16:00:00,25.4,72,0.0,1007.3,14.3,26.3,61,62,16,28,1,6,28,26.3,0.0,28.1,0.0,30.6,0.0,27.0,0.1,24.3,0.0,27.75,0.0,28.975,0.0,25.90833333333333,0.1,-0.9000000000000021,0.0,Tiruchirappalli,27.0,0.0
2024-01-28 17:00:00,24.6,79,0.0,1007.5,13.0,24.5,62,62,17,28,1,6,28,25.4,0.0,27.1,0.0,30.3,0.0,28.5,0.0,23.5,0.0,26.8,0.0,28.65,0.0,25.95416666666667,0.1,-0.7999999999999972,0.0,Tiruchirappalli,25.9,0.0
2024-01-28 18:00:00,23.7,85,0.0,1007.3,12.0,23.6,59,57,18,28,1,6,28,24.6,0.0,26.3,0.0,29.3,0.0,29.7,0.0,22.8,0.0,25.866666666666664,0.0,28.15,0.0,25.991666666666664,0.1,-0.9000000000000021,0.0,Tiruchirappalli,25.2,0.0
2024-01-28 19:00:00,23.1,89,0.0,1006.7,11.5,22.7,48,46,19,28,1,6,28,23.7,0.0,25.4,0.0,28.1,0.0,30.8,0.0,22.2,0.0,25.03333333333333,0.0,27.50833333333333,0.0,26.02916666666667,0.1,-0.5999999999999979,0.0,Tiruchirappalli,24.5,0.0
2024-01-28 20:00:00,22.7,92,0.0,1006.1,11.5,23.0,41,41,20,28,1,6,28,23.1,0.0,24.6,0.0,27.1,0.0,30.7,0.0,21.8,0.0,24.3,0.0,26.84166666666667,0.0,26.066666666666663,0.1,-0.4000000000000021,0.0,Tiruchirappalli,23.7,0.0
2024-01-28 21:00:00,22.3,94,0.0,1005.5,11.2,22.5,39,40,21,28,1,6,28,22.7,0.0,23.7,0.0,26.3,0.0,30.9,0.0,21.6,0.0,23.633333333333336,0.0,26.125,0.0,26.09583333333333,0.1,-0.3999999999999986,0.0,Tiruchirappalli,23.2,0.0
2024-01-28 22:00:00,22.1,94,0.0,1005.0,11.0,22.5,39,41,22,28,1,6,28,22.3,0.0,23.1,0.0,25.4,0.0,30.6,0.0,21.7,0.0,23.08333333333333,0.0,25.416666666666668,0.0,26.1125,0.1,-0.1999999999999993,0.0,Tiruchirappalli,23.0,0.0
2024-01-28 23:00:00,22.0,93,0.0,1005.1,11.5,23.1,39,44,23,28,1,6,28,22.1,0.0,22.7,0.0,24.6,0.0,30.3,0.0,21.6,0.0,22.65,0.0,24.725,0.0,26.129166666666663,0.1,-0.1000000000000014,0.0,Tiruchirappalli,23.6,0.0
2024-01-29 00:00:00,22.0,92,0.0,1005.6,11.7,23.5,41,47,0,29,1,0,29,22.0,0.0,22.3,0.0,23.7,0.0,29.3,0.0,21.7,0.0,22.366666666666664,0.0,24.116666666666664,0.0,26.14166666666667,0.1,0.0,0.0,Tiruchirappalli,23.9,0.0
2024-01-29 01:00:00,22.5,88,0.0,1006.0,11.8,23.4,29,31,1,29,1,0,29,22.0,0.0,22.1,0.0,23.1,0.0,28.1,0.0,22.0,0.0,22.26666666666667,0.0,23.65,0.0,26.162500000000005,0.1,0.5,0.0,Tiruchirappalli,23.9,0.0
2024-01-29 02:00:00,23.5,84,0.0,1007.1,14.2,23.2,33,36,2,29,1,0,29,22.5,0.0,22.0,0.0,22.7,0.0,27.1,0.0,23.1,0.0,22.4,0.0,23.35,0.0,26.17916666666667,0.1,1.0,0.0,Tiruchirappalli,25.0,0.0
2024-01-29 03:00:00,25.6,74,0.0,1008.1,17.4,24.6,38,38,3,29,1,0,29,23.5,0.0,22.0,0.0,22.3,0.0,26.3,0.0,25.1,0.0,22.95,0.0,23.291666666666668,0.0,26.200000000000003,0.1,2.1000000000000014,0.0,Tiruchirappalli,26.2,0.1
2024-01-29 04:00:00,27.2,67,0.0,1008.7,16.0,21.9,36,36,4,29,1,0,29,25.6,0.0,22.5,0.0,22.1,0.0,25.4,0.0,27.0,0.1,23.8,0.0,23.441666666666663,0.0,26.20833333333333,0.0,1.599999999999998,0.0,Tiruchirappalli,28.3,0.1
2024-01-29 05:00:00,28.6,58,0.0,1008.1,16.5,21.9,36,36,5,29,1,0,29,27.2,0.0,23.5,0.0,22.0,0.0,24.6,0.0,28.5,0.0,24.9,0.0,23.774999999999995,0.0,26.2125,0.0,1.400000000000002,0.0,Tiruchirappalli,30.2,0.0
2024-01-29 06:00:00,29.8,51,0.0,1007.1,15.3,20.2,41,41,6,29,1,0,29,28.6,0.0,25.6,0.0,22.0,0.0,23.7,0.0,29.7,0.0,26.2,0.0,24.28333333333333,0.0,26.216666666666665,0.0,1.1999999999999993,0.0,Tiruchirappalli,31.5,0.0
2024-01-29 07:00:00,30.8,46,0.0,1005.8,13.8,18.1,49,49,7,29,1,0,29,29.8,0.0,27.2,0.0,22.5,0.0,23.1,0.0,30.8,0.0,27.58333333333333,0.0,24.925,0.0,26.21666666666667,0.0,1.0,0.0,Tiruchirappalli,32.4,0.0
2024-01-29 08:00:00,31.8,42,0.0,1004.4,12.3,16.1,51,50,8,29,1,0,29,30.8,0.0,28.6,0.0,23.5,0.0,22.7,0.0,30.7,0.0,28.96666666666667,0.0,25.683333333333334,0.0,26.2625,0.0,1.0,0.0,Tiruchirappalli,33.3,0.0
2024-01-29 09:00:00,31.6,42,0.0,1003.0,12.5,16.4,50,51,9,29,1,0,29,31.8,0.0,29.8,0.0,25.6,0.0,22.3,0.0,30.9,0.0,29.96666666666667,0.0,26.45833333333333,0.0,26.291666666666668,0.0,-0.1999999999999993,0.0,Tiruchirappalli,33.5,0.0
2024-01-29 10:00:00,30.9,44,0.0,1002.5,12.5,16.9,56,57,10,29,1,0,29,31.6,0.0,30.8,0.0,27.2,0.0,22.1,0.0,30.6,0.0,30.58333333333333,0.0,27.191666666666663,0.0,26.304166666666664,0.0,-0.7000000000000028,0.0,Tiruchirappalli,33.6,0.0
2024-01-29 11:00:00,30.5,46,0.0,1002.5,12.5,17.2,70,72,11,29,1,0,29,30.9,0.0,31.8,0.0,28.6,0.0,22.0,0.0,30.3,0.0,30.9,0.0,27.9,0.0,26.3125,0.0,-0.3999999999999986,0.0,Tiruchirappalli,33.1,0.0
2024-01-29 12:00:00,29.5,51,0.0,1003.1,11.0,17.7,78,79,12,29,1,0,29,30.5,0.0,31.6,0.0,29.8,0.0,22.0,0.0,29.3,0.0,30.850000000000005,0.0,28.525,0.0,26.320833333333336,0.0,-1.0,0.0,Tiruchirappalli,32.0,0.0
2024-01-29 13:00:00,26.8,65,0.0,1004.3,8.4,16.9,70,70,13,29,1,0,29,29.5,0.0,30.9,0.0,30.8,0.0,22.5,0.0,28.1,0.0,30.183333333333334,0.0,28.883333333333336,0.0,26.26666666666667,0.0,-2.7,0.0,Tiruchirappalli,29.6,0.0
2024-01-29 14:00:00,26.0,68,0.0,1005.2,8.9,19.2,73,76,14,29,1,0,29,26.8,0.0,30.5,0.0,31.8,0.0,23.5,0.0,27.1,0.0,29.216666666666665,0.0,29.09166666666667,0.0,26.22083333333333,0.0,-0.8000000000000007,0.0,Tiruchirappalli,28.1,0.0
2024-01-29 15:00:00,25.3,67,0.0,1006.1,15.1,27.3,72,72,15,29,1,0,29,26.0,0.0,29.5,0.0,31.6,0.0,25.6,0.0,26.3,0.0,28.166666666666668,0.0,29.066666666666663,0.0,26.179166666666664,0.0,-0.6999999999999993,0.0,Tiruchirappalli,26.8,0.0
2024-01-29 16:00:00,24.4,67,0.0,1006.9,14.6,26.7,74,74,16,29,1,0,29,25.3,0.0,26.8,0.0,30.9,0.0,27.2,0.0,25.4,0.0,27.08333333333333,0.0,28.83333333333333,0.0,26.1375,0.0,-0.9000000000000021,0.0,Tiruchirappalli,25.6,0.0
2024-01-29 17:00:00,23.7,73,0.0,1007.1,13.2,24.7,69,68,17,29,1,0,29,24.4,0.0,26.0,0.0,30.5,0.0,28.6,0.0,24.6,0.0,25.95,0.0,28.425,0.0,26.1,0.0,-0.6999999999999993,0.0,Tiruchirappalli,24.5,0.0
2024-01-29 18:00:00,23.2,79,0.0,1007.1,12.1,22.9,64,63,18,29,1,0,29,23.7,0.0,25.3,0.0,29.5,0.0,29.8,0.0,23.7,0.0,24.899999999999995,0.0,27.875,0.0,26.079166666666666,0.0,-0.5,0.0,Tiruchirappalli,23.6,0.0
2024-01-29 19:00:00,22.7,83,0.0,1006.6,10.4,20.5,56,56,19,29,1,0,29,23.2,0.0,24.4,0.0,26.8,0.0,30.8,0.0,23.1,0.0,24.216666666666665,0.0,27.2,0.0,26.0625,0.0,-0.5,0.0,Tiruchirappalli,23.0,0.0
2024-01-29 20:00:00,22.1,86,0.0,1005.8,8.7,18.8,47,48,20,29,1,0,29,22.7,0.0,23.7,0.0,26.0,0.0,31.8,0.0,22.7,0.0,23.566666666666663,0.0,26.391666666666666,0.0,26.0375,0.0,-0.5999999999999979,0.0,Tiruchirappalli,22.5,0.0
2024-01-29 21:00:00,21.7,88,0.0,1005.1,8.1,18.6,41,45,21,29,1,0,29,22.1,0.0,23.2,0.0,25.3,0.0,31.6,0.0,22.3,0.0,22.96666666666667,0.0,25.566666666666663,0.0,26.0125,0.0,-0.4000000000000021,0.0,Tiruchirappalli,22.1,0.0
2024-01-29 22:00:00,21.5,86,0.0,1004.6,8.9,20.0,38,43,22,29,1,0,29,21.7,0.0,22.7,0.0,24.4,0.0,30.9,0.0,22.1,0.0,22.48333333333333,0.0,24.78333333333333,0.0,25.9875,0.0,-0.1999999999999993,0.0,Tiruchirappalli,21.8,0.0
2024-01-29 23:00:00,21.5,84,0.0,1004.7,9.5,21.1,33,37,23,29,1,0,29,21.5,0.0,22.1,0.0,23.7,0.0,30.5,0.0,22.0,0.0,22.116666666666664,0.0,24.03333333333333,0.0,25.966666666666665,0.0,0.0,0.0,Tiruchirappalli,21.5,0.0
2024-01-30 00:00:00,21.5,82,0.0,1005.1,9.0,20.9,27,29,0,30,1,1,30,21.5,0.0,21.7,0.0,23.2,0.0,29.5,0.0,22.0,0.0,21.83333333333333,0.0,23.366666666666664,0.0,25.94583333333333,0.0,0.0,0.0,Tiruchirappalli,21.4,0.0
2024-01-30 01:00:00,22.0,80,0.0,1005.8,8.7,19.2,26,30,1,30,1,1,30,21.5,0.0,21.5,0.0,22.7,0.0,26.8,0.0,22.5,0.0,21.71666666666667,0.0,22.96666666666667,0.0,25.925,0.0,0.5,0.0,Tiruchirappalli,23.0,0.0
2024-01-30 02:00:00,22.8,78,0.0,1006.5,8.2,17.4,24,29,2,30,1,1,30,22.0,0.0,21.5,0.0,22.1,0.0,26.0,0.0,23.5,0.0,21.83333333333333,0.0,22.700000000000003,0.0,25.89583333333333,0.0,0.8000000000000007,0.0,Tiruchirappalli,24.1,0.0
2024-01-30 03:00:00,24.9,70,0.0,1007.2,10.0,14.5,14,15,3,30,1,1,30,22.8,0.0,21.5,0.0,21.7,0.0,25.3,0.0,25.6,0.0,22.366666666666664,0.0,22.666666666666668,0.0,25.866666666666664,0.0,2.099999999999998,0.0,Tiruchirappalli,26.0,0.0
2024-01-30 04:00:00,26.9,64,0.0,1007.6,12.4,17.1,22,22,4,30,1,1,30,24.9,0.0,22.0,0.0,21.5,0.0,24.4,0.0,27.2,0.0,23.266666666666666,0.0,22.875,0.0,25.854166666666668,0.0,2.0,0.0,Tiruchirappalli,28.0,0.0
2024-01-30 05:00:00,28.7,56,0.0,1007.2,12.9,17.1,22,23,5,30,1,1,30,26.9,0.0,22.8,0.0,21.5,0.0,23.7,0.0,28.6,0.0,24.46666666666667,0.0,23.291666666666668,0.0,25.85833333333333,0.0,1.8000000000000007,0.0,Tiruchirappalli,29.4,0.1
2024-01-30 06:00:00,30.1,50,0.0,1006.4,12.7,16.8,28,29,6,30,1,1,30,28.7,0.0,24.9,0.0,21.5,0.0,23.2,0.0,29.8,0.0,25.9,0.0,23.86666666666667,0.0,25.870833333333337,0.0,1.400000000000002,0.0,Tiruchirappalli,30.8,0.0
2024-01-30 07:00:00,31.1,47,0.0,1005.0,11.8,15.3,39,40,7,30,1,1,30,30.1,0.0,26.9,0.0,22.0,0.0,22.7,0.0,30.8,0.0,27.416666666666668,0.0,24.566666666666663,0.0,25.88333333333333,0.0,1.0,0.0,Tiruchirappalli,32.0,0.0
2024-01-30 08:00:00,31.8,46,0.0,1003.6,11.0,13.8,47,49,8,30,1,1,30,31.1,0.0,28.7,0.0,22.8,0.0,22.1,0.0,31.8,0.0,28.916666666666668,0.0,25.375,0.0,25.883333333333336,0.0,0.6999999999999993,0.0,Tiruchirappalli,32.9,0.0
2024-01-30 09:00:00,32.1,46,0.0,1002.1,9.5,12.1,67,65,9,30,1,1,30,31.8,0.0,30.1,0.0,24.9,0.0,21.7,0.0,31.6,0.0,30.11666666666667,0.0,26.24166666666667,0.0,25.90416666666667,0.0,0.3000000000000007,0.0,Tiruchirappalli,33.4,0.0
2024-01-30 10:00:00,32.6,44,0.0,1001.4,4.9,5.9,76,73,10,30,1,1,30,32.1,0.0,31.1,0.0,26.9,0.0,21.5,0.0,30.9,0.0,31.066666666666663,0.0,27.166666666666668,0.0,25.975,0.0,0.5,0.0,Tiruchirappalli,33.3,0.0
2024-01-30 11:00:00,32.1,45,0.0,1001.2,7.6,9.7,86,85,11,30,1,1,30,32.6,0.0,31.8,0.0,28.7,0.0,21.5,0.0,30.5,0.0,31.633333333333336,0.0,28.05,0.0,26.041666666666668,0.0,-0.5,0.0,Tiruchirappalli,32.6,0.0
2024-01-30 12:00:00,30.7,52,0.0,1001.7,11.2,17.6,90,90,12,30,1,1,30,32.1,0.0,32.1,0.0,30.1,0.0,21.5,0.0,29.5,0.0,31.73333333333333,0.0,28.816666666666663,0.0,26.09166666666667,0.0,-1.400000000000002,0.0,Tiruchirappalli,31.4,0.0
2024-01-30 13:00:00,29.2,57,0.0,1003.1,9.7,17.3,94,94,13,30,1,1,30,30.7,0.0,32.6,0.0,31.1,0.0,22.0,0.0,26.8,0.0,31.416666666666668,0.0,29.416666666666668,0.0,26.191666666666663,0.0,-1.5,0.0,Tiruchirappalli,29.3,0.0
2024-01-30 14:00:00,28.3,60,0.0,1003.9,8.0,17.1,97,98,14,30,1,1,30,29.2,0.0,32.1,0.0,31.8,0.0,22.8,0.0,26.0,0.0,30.83333333333333,0.0,29.875,0.0,26.2875,0.0,-0.8999999999999986,0.0,Tiruchirappalli,28.1,0.0
2024-01-30 15:00:00,27.6,68,0.0,1004.9,14.8,26.0,96,94,15,30,1,1,30,28.3,0.0,30.7,0.0,32.1,0.0,24.9,0.0,25.3,0.0,30.08333333333333,0.0,30.100000000000005,0.0,26.383333333333336,0.0,-0.6999999999999993,0.0,Tiruchirappalli,26.8,0.0
2024-01-30 16:00:00,26.3,78,0.0,1005.9,14.6,25.5,81,81,16,30,1,1,30,27.6,0.0,29.2,0.0,32.6,0.0,26.9,0.0,24.4,0.0,29.03333333333333,0.0,30.05,0.0,26.4625,0.0,-1.3000000000000007,0.0,Tiruchirappalli,25.3,0.0
2024-01-30 17:00:00,25.3,81,0.0,1006.2,13.0,23.5,75,76,17,30,1,1,30,26.3,0.0,28.3,0.0,32.1,0.0,28.7,0.0,23.7,0.0,27.9,0.0,29.766666666666666,0.0,26.529166666666665,0.0,-1.0,0.0,Tiruchirappalli,24.1,0.0
2024-01-30 18:00:00,24.6,85,0.0,1006.0,10.4,19.6,70,70,18,30,1,1,30,25.3,0.0,27.6,0.0,30.7,0.0,30.1,0.0,23.2,0.0,26.883333333333336,0.0,29.308333333333334,0.0,26.5875,0.0,-0.6999999999999993,0.0,Tiruchirappalli,23.3,0.0
2024-01-30 19:00:00,23.9,89,0.0,1005.6,8.3,16.9,61,56,19,30,1,1,30,24.6,0.0,26.3,0.0,29.2,0.0,31.1,0.0,22.7,0.0,26.0,0.0,28.70833333333333,0.0,26.6375,0.0,-0.7000000000000028,0.0,Tiruchirappalli,22.8,0.0
2024-01-30 20:00:00,23.5,90,0.0,1005.1,9.2,18.8,43,42,20,30,1,1,30,23.9,0.0,25.3,0.0,28.3,0.0,31.8,0.0,22.1,0.0,25.2,0.0,28.016666666666666,0.0,26.69583333333333,0.0,-0.3999999999999986,0.0,Tiruchirappalli,22.6,0.0
2024-01-30 21:00:00,23.1,92,0.0,1004.5,8.9,18.8,45,47,21,30,1,1,30,23.5,0.0,24.6,0.0,27.6,0.0,32.1,0.0,21.7,0.0,24.450000000000003,0.0,27.266666666666666,0.0,26.754166666666663,0.0,-0.3999999999999986,0.0,Tiruchirappalli,23.1,0.0
2024-01-30 22:00:00,22.9,93,0.0,1004.3,9.0,18.9,48,53,22,30,1,1,30,23.1,0.0,23.9,0.0,26.3,0.0,32.6,0.0,21.5,0.0,23.88333333333333,0.0,26.45833333333333,0.0,26.8125,0.0,-0.2000000000000028,0.0,Tiruchirappalli,23.4,0.0
2024-01-30 23:00:00,22.7,93,0.0,1004.3,8.4,18.6,41,47,23,30,1,1,30,22.9,0.0,23.5,0.0,25.3,0.0,32.1,0.0,21.5,0.0,23.45,0.0,25.675,0.0,26.8625,0.0,-0.1999999999999993,0.0,Tiruchirappalli,23.6,0.0
2024-01-31 00:00:00,22.5,92,0.0,1004.6,8.2,18.1,35,38,0,31,1,2,31,22.7,0.0,23.1,0.0,24.6,0.0,30.7,0.0,21.5,0.0,23.1,0.0,24.99166666666667,0.0,26.90416666666667,0.0,-0.1999999999999993,0.0,Tiruchirappalli,23.6,0.0
2024-01-31 01:00:00,22.4,91,0.0,1005.5,7.6,17.2,29,31,1,31,1,2,31,22.5,0.0,22.9,0.0,23.9,0.0,29.2,0.0,22.0,0.0,22.85,0.0,24.425,0.0,26.92083333333333,0.0,-0.1000000000000014,0.0,Tiruchirappalli,21.7,0.0
2024-01-31 02:00:00,23.7,84,0.0,1006.6,11.1,18.2,25,25,2,31,1,2,31,22.4,0.0,22.7,0.0,23.5,0.0,28.3,0.0,22.8,0.0,22.88333333333333,0.0,24.041666666666668,0.0,26.95833333333333,0.0,1.3000000000000007,0.0,Tiruchirappalli,22.8,0.0
2024-01-31 03:00:00,25.5,76,0.0,1007.2,9.4,13.2,22,23,3,31,1,2,31,23.7,0.0,22.5,0.0,23.1,0.0,27.6,0.0,24.9,0.0,23.28333333333333,0.0,23.866666666666664,0.0,26.98333333333333,0.0,1.8000000000000007,0.0,Tiruchirappalli,25.2,0.0
2024-01-31 04:00:00,27.6,66,0.0,1007.5,11.5,15.2,36,39,4,31,1,2,31,25.5,0.0,22.4,0.0,22.9,0.0,26.3,0.0,26.9,0.0,24.066666666666663,0.0,23.975,0.0,27.012500000000003,0.0,2.1000000000000014,0.0,Tiruchirappalli,27.6,0.0
2024-01-31 05:00:00,29.3,58,0.0,1007.3,9.9,13.2,45,46,5,31,1,2,31,27.6,0.0,23.7,0.0,22.7,0.0,25.3,0.0,28.7,0.0,25.166666666666668,0.0,24.308333333333337,0.0,27.0375,0.0,1.6999999999999993,0.0,Tiruchirappalli,29.2,0.0
2024-01-31 06:00:00,30.1,55,0.0,1006.4,10.0,12.8,52,52,6,31,1,2,31,29.3,0.0,25.5,0.0,22.5,0.0,24.6,0.0,30.1,0.0,26.433333333333337,0.0,24.766666666666666,0.0,27.0375,0.0,0.8000000000000007,0.0,Tiruchirappalli,30.4,0.0
2024-01-31 07:00:00,30.6,53,0.0,1005.3,8.2,10.5,49,49,7,31,1,2,31,30.1,0.0,27.6,0.0,22.4,0.0,23.9,0.0,31.1,0.0,27.8,0.0,25.325000000000003,0.0,27.01666666666667,0.0,0.5,0.0,Tiruchirappalli,31.4,0.0
2024-01-31 08:00:00,31.8,48,0.0,1004.1,6.9,9.2,42,43,8,31,1,2,31,30.6,0.0,29.3,0.0,23.7,0.0,23.5,0.0,31.8,0.0,29.15,0.0,26.01666666666667,0.0,27.016666666666666,0.0,1.1999999999999993,0.0,Tiruchirappalli,32.1,0.0
2024-01-31 09:00:00,32.2,46,0.0,1002.9,7.9,9.9,46,47,9,31,1,2,31,31.8,0.0,30.1,0.0,25.5,0.0,23.1,0.0,32.1,0.0,30.26666666666667,0.0,26.775,0.0,27.02083333333333,0.0,0.4000000000000021,0.0,Tiruchirappalli,32.4,0.0
2024-01-31 10:00:00,32.4,44,0.0,1002.4,8.7,11.2,50,48,10,31,1,2,31,32.2,0.0,30.6,0.0,27.6,0.0,22.9,0.0,32.6,0.0,31.066666666666663,0.0,27.566666666666663,0.0,27.012500000000003,0.0,0.1999999999999957,0.0,Tiruchirappalli,32.5,0.0
2024-01-31 11:00:00,31.9,44,0.0,1002.2,9.3,12.2,62,62,11,31,1,2,31,32.4,0.0,31.8,0.0,29.3,0.0,22.7,0.0,32.1,0.0,31.5,0.0,28.33333333333333,0.0,27.004166666666663,0.0,-0.5,0.0,Tiruchirappalli,32.0,0.0
2024-01-31 12:00:00,31.0,48,0.0,1002.4,11.4,18.2,81,79,12,31,1,2,31,31.9,0.0,32.2,0.0,30.1,0.0,22.5,0.0,30.7,0.0,31.649999999999995,0.0,29.041666666666668,0.0,27.016666666666666,0.0,-0.8999999999999986,0.0,Tiruchirappalli,30.8,0.0
2024-01-31 13:00:00,28.3,56,0.0,1003.1,6.6,14.0,125,131,13,31,1,2,31,31.0,0.0,32.4,0.0,30.6,0.0,22.4,0.0,29.2,0.0,31.266666666666666,0.0,29.53333333333333,0.0,26.97916666666667,0.0,-2.7,0.0,Tiruchirappalli,28.4,0.0
2024-01-31 14:00:00,27.3,59,0.0,1003.7,8.4,17.9,128,137,14,31,1,2,31,28.3,0.0,31.9,0.0,31.8,0.0,23.7,0.0,28.3,0.0,30.51666666666667,0.0,29.83333333333333,0.0,26.9375,0.0,-1.0,0.0,Tiruchirappalli,27.1,0.0
2024-01-31 15:00:00,26.2,61,0.0,1004.5,7.3,18.6,108,110,15,31,1,2,31,27.3,0.0,31.0,0.0,32.2,0.0,25.5,0.0,27.6,0.0,29.516666666666666,0.0,29.89166666666667,0.0,26.879166666666663,0.0,-1.1000000000000014,0.0,Tiruchirappalli,26.0,0.0
2024-01-31 16:00:00,25.8,74,0.0,1005.3,13.4,26.1,97,95,16,31,1,2,31,26.2,0.0,28.3,0.0,32.4,0.0,27.6,0.0,26.3,0.0,28.416666666666668,0.0,29.741666666666664,0.0,26.85833333333333,0.0,-0.3999999999999986,0.0,Tiruchirappalli,24.9,0.0
2024-01-31 17:00:00,24.9,85,0.0,1005.5,10.1,21.3,93,90,17,31,1,2,31,25.8,0.0,27.3,0.0,31.9,0.0,29.3,0.0,25.3,0.0,27.25,0.0,29.375,0.0,26.84166666666667,0.0,-0.9000000000000021,0.0,Tiruchirappalli,23.8,0.0
2024-01-31 18:00:00,24.2,90,0.0,1005.5,8.0,18.0,87,85,18,31,1,2,31,24.9,0.0,26.2,0.0,31.0,0.0,30.1,0.0,24.6,0.0,26.11666666666667,0.0,28.883333333333336,0.0,26.825000000000003,0.0,-0.6999999999999993,0.0,Tiruchirappalli,22.8,0.0
2024-01-31 19:00:00,23.1,96,0.0,1005.3,6.0,11.9,76,73,19,31,1,2,31,24.2,0.0,25.8,0.0,28.3,0.0,30.6,0.0,23.9,0.0,25.25,0.0,28.258333333333336,0.0,26.79166666666667,0.0,-1.099999999999998,0.0,Tiruchirappalli,22.0,0.0
2024-01-31 20:00:00,23.1,96,0.0,1005.1,4.9,7.9,60,36,20,31,1,2,31,23.1,0.0,24.9,0.0,27.3,0.0,31.8,0.0,23.5,0.0,24.55,0.0,27.53333333333333,0.0,26.775,0.0,0.0,0.0,Tiruchirappalli,21.5,0.0
2024-01-31 21:00:00,23.6,95,0.0,1004.6,1.8,6.4,38,349,21,31,1,2,31,23.1,0.0,24.2,0.0,26.2,0.0,32.2,0.0,23.1,0.0,24.11666666666667,0.0,26.816666666666663,0.0,26.79583333333333,0.0,0.5,0.0,Tiruchirappalli,21.1,0.0
2024-01-31 22:00:00,24.2,91,0.0,1004.2,2.9,7.4,29,353,22,31,1,2,31,23.6,0.0,23.1,0.0,25.8,0.0,32.4,0.0,22.9,0.0,23.85,0.0,26.133333333333336,0.0,26.850000000000005,0.0,0.5999999999999979,0.0,Tiruchirappalli,21.0,0.0
2024-01-31 23:00:00,24.4,90,0.0,1004.4,2.9,6.0,17,7,23,31,1,2,31,24.2,0.0,23.1,0.0,24.9,0.0,31.9,0.0,22.7,0.0,23.766666666666666,0.0,25.50833333333333,0.0,26.92083333333333,0.0,0.1999999999999993,0.0,Tiruchirappalli,21.1,0.0
2024-02-01 00:00:00,24.5,90,0.0,1004.9,3.7,6.4,16,11,0,1,2,3,32,24.4,0.0,23.6,0.0,24.2,0.0,31.0,0.0,22.5,0.0,23.816666666666663,0.0,24.966666666666665,0.0,27.004166666666663,0.0,0.1000000000000014,0.0,Tiruchirappalli,21.0,0.0
2024-02-01 01:00:00,24.2,97,0.0,1005.2,4.1,7.6,25,38,1,1,2,3,32,24.5,0.0,24.2,0.0,23.1,0.0,28.3,0.0,22.4,0.0,24.0,0.0,24.625,0.0,27.07916666666667,0.0,-0.3000000000000007,0.0,Tiruchirappalli,23.2,0.0
2024-02-01 02:00:00,24.8,93,0.0,1006.3,7.5,10.0,69,73,2,1,2,3,32,24.2,0.0,24.4,0.0,23.1,0.0,27.3,0.0,23.7,0.0,24.28333333333333,0.0,24.416666666666668,0.0,27.125,0.0,0.6000000000000014,0.0,Tiruchirappalli,23.8,0.0
2024-02-01 03:00:00,26.1,86,0.0,1007.3,7.2,9.3,36,37,3,1,2,3,32,24.8,0.0,24.5,0.0,23.6,0.0,26.2,0.0,25.5,0.0,24.7,0.0,24.40833333333333,0.0,27.15,0.0,1.3000000000000007,0.0,Tiruchirappalli,25.0,0.0
2024-02-01 04:00:00,27.7,77,0.0,1007.7,5.0,6.6,22,21,4,1,2,3,32,26.1,0.0,24.2,0.0,24.2,0.0,25.8,0.0,27.6,0.0,25.28333333333333,0.0,24.566666666666663,0.0,27.154166666666665,0.0,1.599999999999998,0.0,Tiruchirappalli,27.2,0.0
2024-02-01 05:00:00,29.6,66,0.1,1007.6,5.7,7.5,55,55,5,1,2,3,32,27.7,0.0,24.8,0.0,24.4,0.0,24.9,0.0,29.3,0.0,26.15,0.0999999999999999,24.95833333333333,0.0999999999999999,27.166666666666668,0.1,1.900000000000002,0.1,Tiruchirappalli,29.0,0.0
2024-02-01 06:00:00,31.0,58,0.0,1006.7,7.4,9.0,61,61,6,1,2,3,32,29.6,0.1,26.1,0.0,24.5,0.0,24.2,0.0,30.1,0.0,27.23333333333333,0.0999999999999999,25.525,0.0999999999999999,27.204166666666666,0.1,1.3999999999999986,-0.1,Tiruchirappalli,30.9,0.0
2024-02-01 07:00:00,32.2,52,0.0,1005.3,7.8,9.7,75,77,7,1,2,3,32,31.0,0.0,27.7,0.0,24.2,0.0,23.1,0.0,30.6,0.0,28.566666666666663,0.0999999999999999,26.28333333333333,0.0999999999999999,27.27083333333333,0.1,1.2000000000000028,0.0,Tiruchirappalli,32.1,0.0
2024-02-01 08:00:00,32.6,49,0.1,1003.8,7.4,9.3,77,76,8,1,2,3,32,32.2,0.0,29.6,0.1,24.8,0.0,23.1,0.0,31.8,0.0,29.866666666666664,0.1999999999999999,27.075000000000003,0.1999999999999999,27.30416666666667,0.2,0.3999999999999986,0.1,Tiruchirappalli,33.3,0.0
2024-02-01 09:00:00,33.0,47,0.1,1002.6,7.6,9.5,81,85,9,1,2,3,32,32.6,0.1,31.0,0.0,26.1,0.0,23.6,0.0,32.2,0.0,31.016666666666666,0.2999999999999999,27.85833333333333,0.2999999999999999,27.3375,0.3,0.3999999999999986,0.0,Tiruchirappalli,33.4,0.0
2024-02-01 10:00:00,32.9,47,0.1,1002.1,9.1,11.7,81,81,10,1,2,3,32,33.0,0.1,32.2,0.0,27.7,0.0,24.2,0.0,32.4,0.0,31.883333333333336,0.3999999999999999,28.58333333333333,0.3999999999999999,27.35833333333333,0.4,-0.1000000000000014,0.0,Tiruchirappalli,33.0,0.0
2024-02-01 11:00:00,32.4,47,0.0,1002.0,9.8,13.1,81,82,11,1,2,3,32,32.9,0.1,32.6,0.1,29.6,0.1,24.4,0.0,31.9,0.0,32.35,0.2999999999999999,29.25,0.3999999999999999,27.379166666666663,0.4,-0.5,-0.1,Tiruchirappalli,32.3,0.0
2024-02-01 12:00:00,31.5,49,0.0,1002.5,9.7,14.8,93,94,12,1,2,3,32,32.4,0.0,33.0,0.1,31.0,0.0,24.5,0.0,31.0,0.0,32.43333333333333,0.2999999999999999,29.83333333333333,0.3999999999999999,27.4,0.4,-0.8999999999999986,0.0,Tiruchirappalli,31.0,0.0
2024-02-01 13:00:00,29.5,59,0.0,1003.1,7.6,16.0,113,115,13,1,2,3,32,31.5,0.0,32.9,0.1,32.2,0.0,24.2,0.0,28.3,0.0,31.98333333333333,0.2999999999999999,30.274999999999995,0.3999999999999999,27.45,0.4,-2.0,0.0,Tiruchirappalli,29.2,0.0
2024-02-01 14:00:00,28.4,65,0.0,1004.2,10.6,20.8,116,114,14,1,2,3,32,29.5,0.0,32.4,0.0,32.6,0.1,24.8,0.0,27.3,0.0,31.28333333333333,0.1999999999999999,30.575000000000003,0.3999999999999999,27.495833333333334,0.4,-1.1000000000000014,0.0,Tiruchirappalli,27.9,0.0
2024-02-01 15:00:00,27.5,69,0.0,1004.8,9.4,19.1,101,97,15,1,2,3,32,28.4,0.0,31.5,0.0,33.0,0.1,26.1,0.0,26.2,0.0,30.366666666666664,0.0999999999999999,30.691666666666663,0.3999999999999999,27.55,0.4,-0.8999999999999986,0.0,Tiruchirappalli,26.6,0.0
2024-02-01 16:00:00,26.6,75,0.0,1005.4,10.3,20.6,106,102,16,1,2,3,32,27.5,0.0,29.5,0.0,32.9,0.1,27.7,0.0,25.8,0.0,29.316666666666663,0.0,30.6,0.3999999999999999,27.58333333333333,0.4,-0.8999999999999986,0.0,Tiruchirappalli,25.3,0.0
2024-02-01 17:00:00,25.6,85,0.0,1005.5,8.0,17.6,105,100,17,1,2,3,32,26.6,0.0,28.4,0.0,32.4,0.0,29.6,0.1,24.9,0.0,28.183333333333334,0.0,30.266666666666666,0.2999999999999999,27.6125,0.4,-1.0,0.0,Tiruchirappalli,24.1,0.0
2024-02-01 18:00:00,24.7,92,0.0,1005.4,5.0,13.8,97,90,18,1,2,3,32,25.6,0.0,27.5,0.0,31.5,0.0,31.0,0.0,24.2,0.0,27.05,0.0,29.741666666666664,0.2999999999999999,27.63333333333333,0.4,-0.9000000000000021,0.0,Tiruchirappalli,23.1,0.0
2024-02-01 19:00:00,23.9,97,0.0,1005.2,4.3,10.8,94,85,19,1,2,3,32,24.7,0.0,26.6,0.0,29.5,0.0,32.2,0.0,23.1,0.0,26.116666666666664,0.0,29.05,0.2999999999999999,27.666666666666668,0.4,-0.8000000000000007,0.0,Tiruchirappalli,22.4,0.0
2024-02-01 20:00:00,23.6,98,0.0,1004.8,4.8,7.6,93,77,20,1,2,3,32,23.9,0.0,25.6,0.0,28.4,0.0,32.6,0.1,23.1,0.0,25.316666666666663,0.0,28.3,0.1999999999999999,27.6875,0.4,-0.2999999999999971,0.0,Tiruchirappalli,21.9,0.0
2024-02-01 21:00:00,24.0,98,0.0,1004.3,2.3,5.4,94,72,21,1,2,3,32,23.6,0.0,24.7,0.0,27.5,0.0,33.0,0.1,23.6,0.0,24.73333333333333,0.0,27.55,0.0999999999999999,27.704166666666666,0.4,0.3999999999999986,0.0,Tiruchirappalli,21.4,0.0
2024-02-01 22:00:00,24.5,94,0.0,1004.1,1.9,3.3,84,68,22,1,2,3,32,24.0,0.0,23.9,0.0,26.6,0.0,32.9,0.1,24.2,0.0,24.383333333333336,0.0,26.85,0.0,27.716666666666665,0.4,0.5,0.0,Tiruchirappalli,21.2,0.0
2024-02-01 23:00:00,24.7,94,0.0,1004.1,2.6,3.5,66,56,23,1,2,3,32,24.5,0.0,23.6,0.0,25.6,0.0,32.4,0.0,24.4,0.0,24.23333333333333,0.0,26.20833333333333,0.0,27.729166666666668,0.4,0.1999999999999993,0.0,Tiruchirappalli,21.0,0.0
2024-02-02 00:00:00,24.9,91,0.0,1004.6,3.7,5.4,70,61,0,2,2,4,33,24.7,0.0,24.0,0.0,24.7,0.0,31.5,0.0,24.5,0.0,24.266666666666666,0.0,25.65833333333333,0.0,27.745833333333334,0.4,0.1999999999999993,0.0,Tiruchirappalli,20.8,0.0
2024-02-02 01:00:00,23.8,99,0.8,1005.4,6.3,11.4,28,13,1,2,2,4,33,24.9,0.0,24.5,0.0,23.9,0.0,29.5,0.0,24.2,0.0,24.25,0.7999999999999999,25.183333333333337,0.7999999999999999,27.729166666666668,1.2000000000000002,-1.099999999999998,0.8,Tiruchirappalli,22.8,0.0
2024-02-02 02:00:00,24.6,93,0.2,1006.3,6.1,11.2,48,62,2,2,2,4,33,23.8,0.8,24.7,0.0,23.6,0.0,28.4,0.0,24.8,0.0,24.416666666666668,1.0,24.866666666666664,1.0,27.72083333333333,1.4,0.8000000000000007,-0.6000000000000001,Tiruchirappalli,23.8,0.0
2024-02-02 03:00:00,25.7,88,0.0,1006.9,4.0,5.8,60,63,3,2,2,4,33,24.6,0.2,24.9,0.0,24.0,0.0,27.5,0.0,26.1,0.0,24.7,1.0,24.716666666666665,1.0,27.704166666666666,1.4,1.099999999999998,-0.2,Tiruchirappalli,25.2,0.0
2024-02-02 04:00:00,27.7,78,0.0,1007.3,8.1,10.3,78,77,4,2,2,4,33,25.7,0.0,23.8,0.8,24.5,0.0,26.6,0.0,27.7,0.0,25.23333333333333,1.0,24.808333333333337,1.0,27.70416666666667,1.4,2.0,0.0,Tiruchirappalli,27.1,0.0
2024-02-02 05:00:00,29.5,69,0.0,1007.0,8.7,11.2,84,85,5,2,2,4,33,27.7,0.0,24.6,0.2,24.7,0.0,25.6,0.0,29.6,0.1,26.03333333333333,1.0,25.133333333333336,1.0,27.700000000000003,1.3,1.8000000000000007,0.0,Tiruchirappalli,28.8,0.0
2024-02-02 06:00:00,30.5,62,0.2,1006.1,8.6,10.8,88,88,6,2,2,4,33,29.5,0.0,25.7,0.0,24.9,0.0,24.7,0.0,31.0,0.0,26.96666666666667,1.2,25.61666666666667,1.2,27.67916666666667,1.5,1.0,0.2,Tiruchirappalli,30.4,0.0
2024-02-02 07:00:00,31.4,56,0.1,1004.9,7.2,9.4,92,90,7,2,2,4,33,30.5,0.2,27.7,0.0,23.8,0.8,23.9,0.0,32.2,0.0,28.23333333333333,0.4999999999999999,26.241666666666664,1.3,27.64583333333333,1.6,0.8999999999999986,-0.1,Tiruchirappalli,31.6,0.0
2024-02-02 08:00:00,32.2,52,0.0,1003.6,6.9,9.1,83,81,8,2,2,4,33,31.4,0.1,29.5,0.0,24.6,0.2,23.6,0.0,32.6,0.1,29.5,0.2999999999999999,26.95833333333333,1.3,27.629166666666663,1.5000000000000002,0.8000000000000043,-0.1,Tiruchirappalli,32.5,0.0
2024-02-02 09:00:00,32.5,50,0.1,1002.5,8.1,10.4,76,77,9,2,2,4,33,32.2,0.0,30.5,0.2,25.7,0.0,24.0,0.0,33.0,0.1,30.633333333333336,0.3999999999999999,27.666666666666668,1.4,27.60833333333333,1.5,0.2999999999999971,0.1,Tiruchirappalli,33.0,0.0
2024-02-02 10:00:00,32.1,51,0.1,1001.9,8.7,10.9,84,85,10,2,2,4,33,32.5,0.1,31.4,0.1,27.7,0.0,24.5,0.0,32.9,0.1,31.366666666666664,0.4999999999999999,28.3,1.5,27.575,1.5,-0.3999999999999986,0.0,Tiruchirappalli,33.1,0.0
2024-02-02 11:00:00,31.6,53,0.0,1001.7,10.5,14.1,84,84,11,2,2,4,33,32.1,0.1,32.2,0.0,29.5,0.0,24.7,0.0,32.4,0.0,31.71666666666667,0.4999999999999999,28.875,1.5,27.541666666666668,1.5,-0.5,-0.1,Tiruchirappalli,32.6,0.0
2024-02-02 12:00:00,31.0,55,0.0,1002.0,10.1,14.1,87,88,12,2,2,4,33,31.6,0.0,32.5,0.1,30.5,0.2,24.9,0.0,31.5,0.0,31.8,0.2999999999999999,29.383333333333336,1.5,27.52083333333333,1.5,-0.6000000000000014,0.0,Tiruchirappalli,31.7,0.0
2024-02-02 13:00:00,29.5,61,0.0,1002.8,9.4,18.0,91,90,13,2,2,4,33,31.0,0.0,32.1,0.1,31.4,0.1,23.8,0.8,29.5,0.0,31.48333333333333,0.1999999999999999,29.85833333333333,0.7,27.52083333333333,1.5,-1.5,0.0,Tiruchirappalli,28.8,0.0
2024-02-02 14:00:00,28.5,65,0.0,1003.6,10.2,21.1,115,113,14,2,2,4,33,29.5,0.0,31.6,0.0,32.2,0.0,24.6,0.2,28.4,0.0,30.866666666666664,0.1999999999999999,30.183333333333337,0.4999999999999999,27.525,1.5,-1.0,0.0,Tiruchirappalli,27.9,0.0
2024-02-02 15:00:00,27.9,67,0.0,1004.2,11.2,22.7,108,105,15,2,2,4,33,28.5,0.0,31.0,0.0,32.5,0.1,25.7,0.0,27.5,0.0,30.1,0.0999999999999999,30.36666666666667,0.4999999999999999,27.541666666666668,1.5,-0.6000000000000014,0.0,Tiruchirappalli,26.5,0.0
2024-02-02 16:00:00,27.0,72,0.0,1004.7,12.6,23.4,104,103,16,2,2,4,33,27.9,0.0,29.5,0.0,32.1,0.1,27.7,0.0,26.6,0.0,29.25,0.0,30.308333333333334,0.4999999999999999,27.558333333333334,1.5,-0.8999999999999986,0.0,Tiruchirappalli,24.8,0.0
2024-02-02 17:00:00,25.9,79,0.0,1005.2,9.8,19.3,99,96,17,2,2,4,33,27.0,0.0,28.5,0.0,31.6,0.0,29.5,0.0,25.6,0.0,28.3,0.0,30.00833333333333,0.4999999999999999,27.57083333333333,1.5,-1.1000000000000014,0.0,Tiruchirappalli,23.4,0.0
2024-02-02 18:00:00,25.2,85,0.0,1005.1,7.9,16.9,90,87,18,2,2,4,33,25.9,0.0,27.9,0.0,31.0,0.0,30.5,0.2,24.7,0.0,27.33333333333333,0.0,29.566666666666663,0.2999999999999999,27.59166666666667,1.5,-0.6999999999999993,0.0,Tiruchirappalli,22.0,0.0
2024-02-02 19:00:00,24.5,90,0.0,1004.8,6.1,14.8,90,87,19,2,2,4,33,25.2,0.0,27.0,0.0,29.5,0.0,31.4,0.1,23.9,0.0,26.5,0.0,28.991666666666664,0.1999999999999999,27.616666666666664,1.5,-0.6999999999999993,0.0,Tiruchirappalli,20.9,0.0
2024-02-02 20:00:00,23.7,94,0.0,1004.6,4.8,13.0,84,77,20,2,2,4,33,24.5,0.0,25.9,0.0,28.5,0.0,32.2,0.0,23.6,0.0,25.700000000000003,0.0,28.28333333333333,0.1999999999999999,27.620833333333337,1.5,-0.8000000000000007,0.0,Tiruchirappalli,20.2,0.0
2024-02-02 21:00:00,23.2,97,0.0,1004.1,4.7,11.8,70,67,21,2,2,4,33,23.7,0.0,25.2,0.0,27.9,0.0,32.5,0.1,24.0,0.0,24.916666666666668,0.0,27.508333333333336,0.0999999999999999,27.5875,1.5,-0.5,0.0,Tiruchirappalli,19.8,0.0
2024-02-02 22:00:00,23.0,98,0.0,1004.0,4.0,11.3,63,63,22,2,2,4,33,23.2,0.0,24.5,0.0,27.0,0.0,32.1,0.1,24.5,0.0,24.25,0.0,26.75,0.0,27.525,1.5,-0.1999999999999993,0.0,Tiruchirappalli,20.2,0.0
2024-02-02 23:00:00,23.6,96,0.0,1004.1,4.3,8.5,62,66,23,2,2,4,33,23.0,0.0,23.7,0.0,25.9,0.0,31.6,0.0,24.7,0.0,23.866666666666664,0.0,26.08333333333333,0.0,27.479166666666668,1.5,0.6000000000000014,0.0,Tiruchirappalli,20.5,0.0
2024-02-03 00:00:00,23.9,95,0.0,1004.5,4.1,6.1,50,52,0,3,2,5,34,23.6,0.0,23.2,0.0,25.2,0.0,31.0,0.0,24.9,0.0,23.65,0.0,25.49166666666667,0.0,27.4375,1.5,0.2999999999999971,0.0,Tiruchirappalli,20.4,0.0
2024-02-03 01:00:00,23.9,97,0.0,1005.5,4.3,9.2,45,48,1,3,2,5,34,23.9,0.0,23.0,0.0,24.5,0.0,29.5,0.0,23.8,0.8,23.55,0.0,25.024999999999995,0.0,27.441666666666663,0.7000000000000001,0.0,0.0,Tiruchirappalli,22.1,0.0
2024-02-03 02:00:00,25.0,91,0.0,1006.4,5.9,8.4,50,52,2,3,2,5,34,23.9,0.0,23.6,0.0,23.7,0.0,28.5,0.0,24.6,0.2,23.766666666666666,0.0,24.73333333333333,0.0,27.45833333333333,0.5,1.1000000000000014,0.0,Tiruchirappalli,22.9,0.0
2024-02-03 03:00:00,26.2,85,0.1,1007.2,6.8,9.5,65,65,3,3,2,5,34,25.0,0.0,23.9,0.0,23.2,0.0,27.9,0.0,25.7,0.0,24.266666666666666,0.0999999999999999,24.591666666666665,0.0999999999999999,27.479166666666668,0.6,1.1999999999999993,0.1,Tiruchirappalli,24.5,0.0
2024-02-03 04:00:00,28.3,71,0.1,1007.4,8.4,11.0,71,70,4,3,2,5,34,26.2,0.1,23.9,0.0,23.0,0.0,27.0,0.0,27.7,0.0,25.15,0.1999999999999999,24.7,0.1999999999999999,27.504166666666663,0.7000000000000001,2.1000000000000014,0.0,Tiruchirappalli,26.8,0.0
2024-02-03 05:00:00,30.2,59,0.0,1007.1,10.0,12.8,68,69,5,3,2,5,34,28.3,0.1,25.0,0.0,23.6,0.0,25.9,0.0,29.5,0.0,26.25,0.1999999999999999,25.058333333333334,0.1999999999999999,27.53333333333333,0.7,1.8999999999999984,-0.1,Tiruchirappalli,29.3,0.0
2024-02-03 06:00:00,31.5,53,0.0,1006.1,11.1,14.3,62,61,6,3,2,5,34,30.2,0.0,26.2,0.1,23.9,0.0,25.2,0.0,30.5,0.2,27.516666666666666,0.1999999999999999,25.58333333333333,0.1999999999999999,27.575,0.5,1.3000000000000007,0.0,Tiruchirappalli,31.1,0.0
2024-02-03 07:00:00,32.4,50,0.0,1005.1,11.4,15.0,63,62,7,3,2,5,34,31.5,0.0,28.3,0.1,23.9,0.0,24.5,0.0,31.4,0.1,28.933333333333337,0.1999999999999999,26.24166666666667,0.1999999999999999,27.616666666666664,0.4,0.8999999999999986,0.0,Tiruchirappalli,32.3,0.0
2024-02-03 08:00:00,33.3,46,0.0,1003.9,12.2,15.9,62,62,8,3,2,5,34,32.4,0.0,30.2,0.0,25.0,0.0,23.7,0.0,32.2,0.0,30.316666666666663,0.1999999999999999,27.041666666666668,0.1999999999999999,27.662500000000005,0.4,0.8999999999999986,0.0,Tiruchirappalli,33.3,0.0
2024-02-03 09:00:00,33.5,45,0.0,1002.8,13.6,18.0,57,58,9,3,2,5,34,33.3,0.0,31.5,0.0,26.2,0.1,23.2,0.0,32.5,0.1,31.53333333333333,0.0999999999999999,27.899999999999995,0.1999999999999999,27.70416666666667,0.3,0.2000000000000028,0.0,Tiruchirappalli,33.8,0.0
2024-02-03 10:00:00,33.6,43,0.0,1002.3,13.4,17.6,59,59,10,3,2,5,34,33.5,0.0,32.4,0.0,28.3,0.1,23.0,0.0,32.1,0.1,32.416666666666664,0.0,28.78333333333333,0.1999999999999999,27.766666666666666,0.2,0.1000000000000014,0.0,Tiruchirappalli,33.7,0.0
2024-02-03 11:00:00,33.1,43,0.0,1002.2,13.4,18.1,59,59,11,3,2,5,34,33.6,0.0,33.3,0.0,30.2,0.0,23.6,0.0,31.6,0.0,32.9,0.0,29.575000000000003,0.1999999999999999,27.829166666666666,0.2,-0.5,0.0,Tiruchirappalli,33.3,0.0
2024-02-03 12:00:00,32.0,44,0.0,1002.4,13.4,20.8,60,59,12,3,2,5,34,33.1,0.0,33.5,0.0,31.5,0.0,23.9,0.0,31.0,0.0,32.98333333333333,0.0,30.25,0.1999999999999999,27.870833333333334,0.2,-1.1000000000000014,0.0,Tiruchirappalli,32.5,0.0
2024-02-03 13:00:00,29.6,53,0.0,1003.4,12.2,22.7,67,66,13,3,2,5,34,32.0,0.0,33.6,0.0,32.4,0.0,23.9,0.0,29.5,0.0,32.51666666666667,0.0,30.725,0.1999999999999999,27.875,0.2,-2.3999999999999986,0.0,Tiruchirappalli,29.7,0.0
2024-02-03 14:00:00,28.1,62,0.0,1004.6,14.6,26.0,80,80,14,3,2,5,34,29.6,0.0,33.1,0.0,33.3,0.0,25.0,0.0,28.5,0.0,31.65,0.0,30.98333333333333,0.1999999999999999,27.85833333333333,0.2,-1.5,0.0,Tiruchirappalli,28.2,0.0
2024-02-03 15:00:00,26.8,69,0.0,1005.8,13.2,24.1,80,79,15,3,2,5,34,28.1,0.0,32.0,0.0,33.5,0.0,26.2,0.1,27.9,0.0,30.53333333333333,0.0,31.03333333333333,0.0999999999999999,27.8125,0.2,-1.3000000000000007,0.0,Tiruchirappalli,26.6,0.0
2024-02-03 16:00:00,25.6,76,0.0,1006.5,12.0,22.6,82,81,16,3,2,5,34,26.8,0.0,29.6,0.0,33.6,0.0,28.3,0.1,27.0,0.0,29.200000000000003,0.0,30.808333333333334,0.0,27.754166666666663,0.2,-1.1999999999999993,0.0,Tiruchirappalli,25.3,0.0
2024-02-03 17:00:00,24.5,83,0.0,1006.8,10.5,20.8,81,82,17,3,2,5,34,25.6,0.0,28.1,0.0,33.1,0.0,30.2,0.0,25.9,0.0,27.76666666666667,0.0,30.33333333333333,0.0,27.695833333333336,0.2,-1.1000000000000014,0.0,Tiruchirappalli,24.0,0.0
2024-02-03 18:00:00,23.6,89,0.0,1006.7,10.0,20.0,76,77,18,3,2,5,34,24.5,0.0,26.8,0.0,32.0,0.0,31.5,0.0,25.2,0.0,26.36666666666667,0.0,29.675,0.0,27.629166666666663,0.2,-0.8999999999999986,0.0,Tiruchirappalli,22.7,0.0
2024-02-03 19:00:00,23.0,93,0.0,1006.6,9.3,19.7,75,74,19,3,2,5,34,23.6,0.0,25.6,0.0,29.6,0.0,32.4,0.0,24.5,0.0,25.266666666666666,0.0,28.891666666666666,0.0,27.566666666666663,0.2,-0.6000000000000014,0.0,Tiruchirappalli,21.5,0.0
2024-02-03 20:00:00,22.5,96,0.0,1006.1,7.3,17.5,71,70,20,3,2,5,34,23.0,0.0,24.5,0.0,28.1,0.0,33.3,0.0,23.7,0.0,24.33333333333333,0.0,27.991666666666664,0.0,27.516666666666666,0.2,-0.5,0.0,Tiruchirappalli,20.7,0.0
2024-02-03 21:00:00,22.1,98,0.0,1005.7,6.1,15.6,64,62,21,3,2,5,34,22.5,0.0,23.6,0.0,26.8,0.0,33.5,0.0,23.2,0.0,23.55,0.0,27.041666666666668,0.0,27.47083333333333,0.2,-0.3999999999999986,0.0,Tiruchirappalli,21.6,0.0
2024-02-03 22:00:00,21.8,98,0.0,1005.4,5.4,14.0,48,42,22,3,2,5,34,22.1,0.0,23.0,0.0,25.6,0.0,33.6,0.0,23.0,0.0,22.916666666666668,0.0,26.058333333333337,0.0,27.42083333333333,0.2,-0.3000000000000007,0.0,Tiruchirappalli,21.5,0.0
2024-02-03 23:00:00,21.5,99,0.0,1005.5,5.0,14.0,35,30,23,3,2,5,34,21.8,0.0,22.5,0.0,24.5,0.0,33.1,0.0,23.6,0.0,22.416666666666668,0.0,25.09166666666667,0.0,27.33333333333333,0.2,-0.3000000000000007,0.0,Tiruchirappalli,21.9,0.0
2024-02-04 00:00:00,21.4,98,0.0,1006.1,5.0,14.7,28,30,0,4,2,6,35,21.5,0.0,22.1,0.0,23.6,0.0,32.0,0.0,23.9,0.0,22.05,0.0,24.20833333333333,0.0,27.229166666666668,0.2,-0.1000000000000014,0.0,Tiruchirappalli,22.0,0.0
2024-02-04 01:00:00,23.0,97,0.0,1007.1,5.1,12.0,16,8,1,4,2,6,35,21.4,0.0,21.8,0.0,23.0,0.0,29.6,0.0,23.9,0.0,22.05,0.0,23.65833333333333,0.0,27.191666666666663,0.2,1.6000000000000014,0.0,Tiruchirappalli,22.7,0.0
2024-02-04 02:00:00,24.1,89,0.0,1008.0,8.8,12.8,11,9,2,4,2,6,35,23.0,0.0,21.5,0.0,22.5,0.0,28.1,0.0,25.0,0.0,22.316666666666663,0.0,23.325,0.0,27.15416666666667,0.2,1.1000000000000014,0.0,Tiruchirappalli,22.9,0.1
2024-02-04 03:00:00,26.0,78,0.0,1008.8,9.6,12.9,18,20,3,4,2,6,35,24.1,0.0,21.4,0.0,22.1,0.0,26.8,0.0,26.2,0.1,22.96666666666667,0.0,23.258333333333336,0.0,27.14583333333333,0.1,1.8999999999999984,0.0,Tiruchirappalli,24.2,0.1
2024-02-04 04:00:00,28.0,67,0.0,1009.3,10.4,13.5,34,34,4,4,2,6,35,26.0,0.0,23.0,0.0,21.8,0.0,25.6,0.0,28.3,0.1,24.0,0.0,23.45833333333333,0.0,27.133333333333336,0.0,2.0,0.0,Tiruchirappalli,26.7,0.1
2024-02-04 05:00:00,29.4,60,0.1,1009.2,11.7,15.5,42,43,5,4,2,6,35,28.0,0.0,24.1,0.0,21.5,0.0,24.5,0.0,30.2,0.0,25.316666666666663,0.0999999999999999,23.866666666666664,0.0999999999999999,27.1,0.1,1.3999999999999986,0.1,Tiruchirappalli,29.0,0.0
2024-02-04 06:00:00,30.8,53,0.0,1008.4,12.8,16.8,42,40,6,4,2,6,35,29.4,0.1,26.0,0.0,21.4,0.0,23.6,0.0,31.5,0.0,26.88333333333333,0.0999999999999999,24.466666666666665,0.0999999999999999,27.070833333333336,0.1,1.400000000000002,-0.1,Tiruchirappalli,30.7,0.0
2024-02-04 07:00:00,32.0,47,0.0,1007.1,12.7,16.5,44,43,7,4,2,6,35,30.8,0.0,28.0,0.0,23.0,0.0,23.0,0.0,32.4,0.0,28.383333333333336,0.0999999999999999,25.216666666666665,0.0999999999999999,27.05416666666667,0.1,1.1999999999999993,0.0,Tiruchirappalli,31.9,0.0
2024-02-04 08:00:00,32.9,42,0.0,1005.9,13.2,17.3,47,45,8,4,2,6,35,32.0,0.0,29.4,0.1,24.1,0.0,22.5,0.0,33.3,0.0,29.85,0.0999999999999999,26.08333333333333,0.0999999999999999,27.0375,0.1,0.8999999999999986,0.0,Tiruchirappalli,33.0,0.0
2024-02-04 09:00:00,33.4,38,0.0,1004.7,14.0,18.6,46,46,9,4,2,6,35,32.9,0.0,30.8,0.0,26.0,0.0,22.1,0.0,33.5,0.0,31.08333333333333,0.0999999999999999,27.025,0.0999999999999999,27.03333333333333,0.1,0.5,0.0,Tiruchirappalli,33.3,0.0
2024-02-04 10:00:00,33.3,37,0.0,1004.0,15.3,20.4,49,49,10,4,2,6,35,33.4,0.0,32.0,0.0,28.0,0.0,21.8,0.0,33.6,0.0,31.96666666666667,0.0999999999999999,27.98333333333333,0.0999999999999999,27.02083333333333,0.1,-0.1000000000000014,0.0,Tiruchirappalli,33.4,0.0
2024-02-04 11:00:00,32.6,38,0.0,1003.9,15.7,21.6,53,53,11,4,2,6,35,33.3,0.0,32.9,0.0,29.4,0.1,21.5,0.0,33.1,0.0,32.5,0.0,28.90833333333333,0.0999999999999999,27.0,0.1,-0.6999999999999957,0.0,Tiruchirappalli,32.9,0.0
2024-02-04 12:00:00,31.4,41,0.0,1004.1,13.6,21.8,59,58,12,4,2,6,35,32.6,0.0,33.4,0.0,30.8,0.0,21.4,0.0,32.0,0.0,32.6,0.0,29.74166666666667,0.0999999999999999,26.975,0.1,-1.2000000000000028,0.0,Tiruchirappalli,31.8,0.0
2024-02-04 13:00:00,29.3,51,0.0,1005.3,11.6,22.1,83,85,13,4,2,6,35,31.4,0.0,33.3,0.0,32.0,0.0,23.0,0.0,29.6,0.0,32.15,0.0,30.26666666666667,0.0999999999999999,26.9625,0.1,-2.099999999999998,0.0,Tiruchirappalli,30.0,0.0
2024-02-04 14:00:00,28.1,52,0.0,1005.9,13.4,26.2,82,82,14,4,2,6,35,29.3,0.0,32.6,0.0,32.9,0.0,24.1,0.0,28.1,0.0,31.35,0.0,30.6,0.0999999999999999,26.9625,0.1,-1.1999999999999993,0.0,Tiruchirappalli,28.5,0.0
2024-02-04 15:00:00,26.8,58,0.0,1006.9,14.3,28.0,78,78,15,4,2,6,35,28.1,0.0,31.4,0.0,33.4,0.0,26.0,0.0,26.8,0.0,30.25,0.0,30.666666666666668,0.0999999999999999,26.9625,0.1,-1.3000000000000007,0.0,Tiruchirappalli,27.2,0.0
2024-02-04 16:00:00,25.3,71,0.0,1007.5,12.4,25.3,79,80,16,4,2,6,35,26.8,0.0,29.3,0.0,33.3,0.0,28.0,0.0,25.6,0.0,28.916666666666668,0.0,30.441666666666663,0.0999999999999999,26.95,0.1,-1.5,0.0,Tiruchirappalli,26.1,0.0
2024-02-04 17:00:00,24.1,84,0.0,1007.7,10.5,22.2,77,74,17,4,2,6,35,25.3,0.0,28.1,0.0,32.6,0.0,29.4,0.1,24.5,0.0,27.5,0.0,30.0,0.0,26.933333333333334,0.1,-1.1999999999999993,0.0,Tiruchirappalli,25.2,0.0
2024-02-04 18:00:00,23.3,93,0.0,1007.5,9.0,19.5,65,61,18,4,2,6,35,24.1,0.0,26.8,0.0,31.4,0.0,30.8,0.0,23.6,0.0,26.15000000000001,0.0,29.375,0.0,26.92083333333333,0.1,-0.8000000000000007,0.0,Tiruchirappalli,24.5,0.0
2024-02-04 19:00:00,22.8,97,0.0,1007.1,7.7,17.2,53,49,19,4,2,6,35,23.3,0.0,25.3,0.0,29.3,0.0,32.0,0.0,23.0,0.0,25.066666666666663,0.0,28.60833333333333,0.0,26.9125,0.1,-0.5,0.0,Tiruchirappalli,23.9,0.0
2024-02-04 20:00:00,22.6,98,0.0,1006.6,7.6,17.1,44,45,20,4,2,6,35,22.8,0.0,24.1,0.0,28.1,0.0,32.9,0.0,22.5,0.0,24.15,0.0,27.75,0.0,26.916666666666668,0.1,-0.1999999999999993,0.0,Tiruchirappalli,23.3,0.0
2024-02-04 21:00:00,23.1,96,0.0,1006.2,8.7,16.8,43,45,21,4,2,6,35,22.6,0.0,23.3,0.0,26.8,0.0,33.4,0.0,22.1,0.0,23.53333333333333,0.0,26.891666666666666,0.0,26.95833333333333,0.1,0.5,0.0,Tiruchirappalli,22.9,0.0
2024-02-04 22:00:00,23.4,94,0.0,1005.8,10.2,16.3,45,45,22,4,2,6,35,23.1,0.0,22.8,0.0,25.3,0.0,33.3,0.0,21.8,0.0,23.21666666666667,0.0,26.066666666666663,0.0,27.025,0.1,0.2999999999999971,0.0,Tiruchirappalli,22.6,0.0
2024-02-04 23:00:00,23.6,91,0.0,1005.7,10.2,15.5,46,45,23,4,2,6,35,23.4,0.0,22.6,0.0,24.1,0.0,32.6,0.0,21.5,0.0,23.133333333333336,0.0,25.316666666666663,0.0,27.1125,0.1,0.2000000000000028,0.0,Tiruchirappalli,22.3,0.0
2024-02-05 00:00:00,23.6,90,0.0,1006.1,8.7,13.5,42,42,0,5,2,0,36,23.6,0.0,23.1,0.0,23.3,0.0,31.4,0.0,21.4,0.0,23.183333333333334,0.0,24.666666666666668,0.0,27.204166666666666,0.1,0.0,0.0,Tiruchirappalli,22.3,0.0
2024-02-05 01:00:00,21.7,98,0.0,1006.9,5.9,16.1,39,47,1,5,2,0,36,23.6,0.0,23.4,0.0,22.8,0.0,29.3,0.0,23.0,0.0,23.0,0.0,24.03333333333333,0.0,27.15,0.1,-1.900000000000002,0.0,Tiruchirappalli,22.9,0.0
2024-02-05 02:00:00,22.8,92,0.0,1007.8,7.9,17.9,38,43,2,5,2,0,36,21.7,0.0,23.6,0.0,22.6,0.0,28.1,0.0,24.1,0.0,23.03333333333333,0.0,23.59166666666667,0.0,27.09583333333333,0.1,1.1000000000000014,0.0,Tiruchirappalli,24.1,0.0
2024-02-05 03:00:00,25.2,80,0.0,1008.6,9.8,14.0,35,36,3,5,2,0,36,22.8,0.0,23.6,0.0,23.1,0.0,26.8,0.0,26.0,0.0,23.383333333333336,0.0,23.45833333333333,0.0,27.0625,0.1,2.3999999999999986,0.0,Tiruchirappalli,26.5,0.0
2024-02-05 04:00:00,27.6,67,0.0,1009.3,14.8,19.9,48,47,4,5,2,0,36,25.2,0.0,21.7,0.0,23.4,0.0,25.3,0.0,28.0,0.0,24.08333333333333,0.0,23.65,0.0,27.04583333333333,0.1,2.400000000000002,0.0,Tiruchirappalli,28.5,0.0
2024-02-05 05:00:00,29.2,57,0.0,1009.2,13.8,18.4,51,51,5,5,2,0,36,27.6,0.0,22.8,0.0,23.6,0.0,24.1,0.0,29.4,0.1,25.016666666666666,0.0,24.075000000000003,0.0,27.0375,0.0,1.599999999999998,0.0,Tiruchirappalli,30.0,0.0
2024-02-05 06:00:00,30.4,51,0.0,1008.6,12.5,16.6,51,51,6,5,2,0,36,29.2,0.0,25.2,0.0,23.6,0.0,23.3,0.0,30.8,0.0,26.15,0.0,24.666666666666668,0.0,27.02083333333333,0.0,1.1999999999999993,0.0,Tiruchirappalli,31.3,0.0
2024-02-05 07:00:00,31.4,45,0.0,1007.4,12.0,15.6,50,49,7,5,2,0,36,30.4,0.0,27.6,0.0,21.7,0.0,22.8,0.0,32.0,0.0,27.766666666666666,0.0,25.383333333333336,0.0,26.995833333333334,0.0,1.0,0.0,Tiruchirappalli,32.1,0.0
2024-02-05 08:00:00,32.1,42,0.0,1006.2,11.6,15.2,54,54,8,5,2,0,36,31.4,0.0,29.2,0.0,22.8,0.0,22.6,0.0,32.9,0.0,29.316666666666663,0.0,26.175,0.0,26.9625,0.0,0.7000000000000028,0.0,Tiruchirappalli,32.9,0.0
2024-02-05 09:00:00,32.4,42,0.0,1005.2,11.2,14.8,56,57,9,5,2,0,36,32.1,0.0,30.4,0.0,25.2,0.0,23.1,0.0,33.4,0.0,30.516666666666666,0.0,26.950000000000003,0.0,26.92083333333333,0.0,0.2999999999999971,0.0,Tiruchirappalli,33.4,0.0
2024-02-05 10:00:00,32.5,40,0.0,1004.6,11.5,15.2,59,58,10,5,2,0,36,32.4,0.0,31.4,0.0,27.6,0.0,23.4,0.0,33.3,0.0,31.33333333333333,0.0,27.70833333333333,0.0,26.887500000000003,0.0,0.1000000000000014,0.0,Tiruchirappalli,33.3,0.0
2024-02-05 11:00:00,32.0,41,0.0,1004.4,12.8,16.8,59,58,11,5,2,0,36,32.5,0.0,32.1,0.0,29.2,0.0,23.6,0.0,32.6,0.0,31.8,0.0,28.40833333333333,0.0,26.8625,0.0,-0.5,0.0,Tiruchirappalli,32.5,0.0
2024-02-05 12:00:00,30.8,44,0.0,1004.7,11.9,18.0,61,61,12,5,2,0,36,32.0,0.0,32.4,0.0,30.4,0.0,23.6,0.0,31.4,0.0,31.866666666666664,0.0,29.00833333333333,0.0,26.8375,0.0,-1.1999999999999993,0.0,Tiruchirappalli,31.4,0.0
2024-02-05 13:00:00,28.4,53,0.0,1005.4,7.0,15.8,69,69,13,5,2,0,36,30.8,0.0,32.5,0.0,31.4,0.0,21.7,0.0,29.3,0.0,31.36666666666667,0.0,29.566666666666663,0.0,26.8,0.0,-2.400000000000002,0.0,Tiruchirappalli,29.2,0.0
2024-02-05 14:00:00,27.1,59,0.0,1006.4,10.5,21.9,67,68,14,5,2,0,36,28.4,0.0,32.0,0.0,32.1,0.0,22.8,0.0,28.1,0.0,30.53333333333333,0.0,29.925,0.0,26.75833333333333,0.0,-1.2999999999999972,0.0,Tiruchirappalli,28.1,0.0
2024-02-05 15:00:00,26.0,64,0.0,1007.4,10.9,22.7,80,81,15,5,2,0,36,27.1,0.0,30.8,0.0,32.4,0.0,25.2,0.0,26.8,0.0,29.46666666666667,0.0,29.991666666666664,0.0,26.725,0.0,-1.1000000000000014,0.0,Tiruchirappalli,26.9,0.0
2024-02-05 16:00:00,24.9,71,0.0,1008.1,10.1,21.3,85,86,16,5,2,0,36,26.0,0.0,28.4,0.0,32.5,0.0,27.6,0.0,25.3,0.0,28.200000000000003,0.0,29.766666666666666,0.0,26.70833333333333,0.0,-1.1000000000000014,0.0,Tiruchirappalli,25.8,0.0
2024-02-05 17:00:00,23.8,79,0.0,1008.4,8.9,20.1,75,76,17,5,2,0,36,24.9,0.0,27.1,0.0,32.0,0.0,29.2,0.0,24.1,0.0,26.83333333333333,0.0,29.316666666666663,0.0,26.695833333333336,0.0,-1.099999999999998,0.0,Tiruchirappalli,25.0,0.0
2024-02-05 18:00:00,22.8,87,0.0,1008.1,7.6,18.1,59,59,18,5,2,0,36,23.8,0.0,26.0,0.0,30.8,0.0,30.4,0.0,23.3,0.0,25.5,0.0,28.683333333333334,0.0,26.675,0.0,-1.0,0.0,Tiruchirappalli,24.3,0.0
2024-02-05 19:00:00,22.0,92,0.0,1007.5,6.6,17.3,48,49,19,5,2,0,36,22.8,0.0,24.9,0.0,28.4,0.0,31.4,0.0,22.8,0.0,24.433333333333334,0.0,27.899999999999995,0.0,26.641666666666666,0.0,-0.8000000000000007,0.0,Tiruchirappalli,23.6,0.0
2024-02-05 20:00:00,21.5,96,0.0,1006.8,5.4,15.5,42,42,20,5,2,0,36,22.0,0.0,23.8,0.0,27.1,0.0,32.1,0.0,22.6,0.0,23.5,0.0,27.016666666666666,0.0,26.59583333333333,0.0,-0.5,0.0,Tiruchirappalli,23.0,0.0
2024-02-05 21:00:00,21.1,97,0.0,1006.0,5.1,15.0,35,39,21,5,2,0,36,21.5,0.0,22.8,0.0,26.0,0.0,32.4,0.0,23.1,0.0,22.683333333333334,0.0,26.075,0.0,26.5125,0.0,-0.3999999999999986,0.0,Tiruchirappalli,22.5,0.0
2024-02-05 22:00:00,21.0,97,0.0,1005.5,6.3,16.6,30,31,22,5,2,0,36,21.1,0.0,22.0,0.0,24.9,0.0,32.5,0.0,23.4,0.0,22.03333333333333,0.0,25.116666666666664,0.0,26.4125,0.0,-0.1000000000000014,0.0,Tiruchirappalli,22.5,0.0
2024-02-05 23:00:00,21.1,97,0.0,1005.2,7.0,18.4,31,35,23,5,2,0,36,21.0,0.0,21.5,0.0,23.8,0.0,32.0,0.0,23.6,0.0,21.58333333333333,0.0,24.20833333333333,0.0,26.308333333333334,0.0,0.1000000000000014,0.0,Tiruchirappalli,23.1,0.0
2024-02-06 00:00:00,21.0,97,0.0,1005.5,6.9,18.6,36,43,0,6,2,1,37,21.1,0.0,21.1,0.0,22.8,0.0,30.8,0.0,23.6,0.0,21.28333333333333,0.0,23.39166666666667,0.0,26.200000000000003,0.0,-0.1000000000000014,0.0,Tiruchirappalli,23.7,0.0
2024-02-06 01:00:00,23.2,92,0.0,1006.4,8.9,16.8,42,43,1,6,2,1,37,21.0,0.0,21.0,0.0,22.0,0.0,28.4,0.0,21.7,0.0,21.48333333333333,0.0,22.95833333333333,0.0,26.2625,0.0,2.2,0.0,Tiruchirappalli,24.0,0.0
2024-02-06 02:00:00,23.8,87,0.0,1007.4,11.7,16.8,48,47,2,6,2,1,37,23.2,0.0,21.1,0.0,21.5,0.0,27.1,0.0,22.8,0.0,21.866666666666664,0.0,22.683333333333334,0.0,26.30416666666667,0.0,0.6000000000000014,0.0,Tiruchirappalli,24.5,0.0
2024-02-06 03:00:00,25.0,78,0.0,1008.3,13.2,17.8,48,47,3,6,2,1,37,23.8,0.0,21.0,0.0,21.1,0.0,26.0,0.0,25.2,0.0,22.516666666666666,0.0,22.6,0.0,26.29583333333333,0.0,1.1999999999999993,0.0,Tiruchirappalli,26.7,0.0
2024-02-06 04:00:00,27.2,66,0.0,1009.1,14.7,19.8,53,54,4,6,2,1,37,25.0,0.0,23.2,0.0,21.0,0.0,24.9,0.0,27.6,0.0,23.55,0.0,22.791666666666668,0.0,26.279166666666665,0.0,2.2,0.0,Tiruchirappalli,28.7,0.0
2024-02-06 05:00:00,29.0,57,0.0,1008.7,14.1,19.0,53,52,5,6,2,1,37,27.2,0.0,23.8,0.0,21.1,0.0,23.8,0.0,29.2,0.0,24.866666666666664,0.0,23.225,0.0,26.27083333333333,0.0,1.8000000000000007,0.0,Tiruchirappalli,30.0,0.0
2024-02-06 06:00:00,30.9,49,0.0,1007.9,15.6,20.6,57,56,6,6,2,1,37,29.0,0.0,25.0,0.0,21.0,0.0,22.8,0.0,30.4,0.0,26.516666666666666,0.0,23.9,0.0,26.291666666666668,0.0,1.8999999999999984,0.0,Tiruchirappalli,31.2,0.0
2024-02-06 07:00:00,32.1,44,0.0,1006.5,15.1,20.0,64,65,7,6,2,1,37,30.9,0.0,27.2,0.0,23.2,0.0,22.0,0.0,31.4,0.0,28.0,0.0,24.741666666666664,0.0,26.32083333333333,0.0,1.2000000000000028,0.0,Tiruchirappalli,32.2,0.0
2024-02-06 08:00:00,33.3,38,0.0,1005.1,14.8,19.8,74,76,8,6,2,1,37,32.1,0.0,29.0,0.0,23.8,0.0,21.5,0.0,32.1,0.0,29.58333333333333,0.0,25.725,0.0,26.370833333333334,0.0,1.1999999999999955,0.0,Tiruchirappalli,32.7,0.0
2024-02-06 09:00:00,33.4,40,0.0,1004.0,15.9,20.9,71,72,9,6,2,1,37,33.3,0.0,30.9,0.0,25.0,0.0,21.1,0.0,32.4,0.0,30.98333333333333,0.0,26.75,0.0,26.4125,0.0,0.1000000000000014,0.0,Tiruchirappalli,33.0,0.0
2024-02-06 10:00:00,33.0,42,0.0,1003.2,14.4,19.4,68,68,10,6,2,1,37,33.4,0.0,32.1,0.0,27.2,0.0,21.0,0.0,32.5,0.0,31.95,0.0,27.75,0.0,26.433333333333334,0.0,-0.3999999999999986,0.0,Tiruchirappalli,32.8,0.0
2024-02-06 11:00:00,32.3,44,0.0,1003.3,14.3,19.7,66,65,11,6,2,1,37,33.0,0.0,33.3,0.0,29.0,0.0,21.1,0.0,32.0,0.0,32.5,0.0,28.683333333333334,0.0,26.44583333333333,0.0,-0.7000000000000028,0.0,Tiruchirappalli,31.7,0.0
2024-02-06 12:00:00,31.0,47,0.0,1003.6,14.7,21.7,63,62,12,6,2,1,37,32.3,0.0,33.4,0.0,30.9,0.0,21.0,0.0,30.8,0.0,32.516666666666666,0.0,29.516666666666666,0.0,26.454166666666666,0.0,-1.2999999999999972,0.0,Tiruchirappalli,30.2,0.0
2024-02-06 13:00:00,29.2,54,0.0,1004.3,11.6,22.3,56,54,13,6,2,1,37,31.0,0.0,33.0,0.0,32.1,0.0,23.2,0.0,28.4,0.0,32.03333333333333,0.0,30.016666666666666,0.0,26.4875,0.0,-1.8000000000000007,0.0,Tiruchirappalli,28.7,0.0
2024-02-06 14:00:00,27.9,58,0.0,1005.3,15.1,27.9,61,62,14,6,2,1,37,29.2,0.0,32.3,0.0,33.3,0.0,23.8,0.0,27.1,0.0,31.13333333333333,0.0,30.35833333333333,0.0,26.52083333333333,0.0,-1.3000000000000007,0.0,Tiruchirappalli,27.4,0.0
2024-02-06 15:00:00,26.6,65,0.0,1006.4,14.0,26.7,64,64,15,6,2,1,37,27.9,0.0,31.0,0.0,33.4,0.0,25.0,0.0,26.0,0.0,30.0,0.0,30.491666666666664,0.0,26.54583333333333,0.0,-1.2999999999999972,0.0,Tiruchirappalli,26.4,0.0
2024-02-06 16:00:00,25.3,75,0.0,1007.0,12.1,24.1,68,67,16,6,2,1,37,26.6,0.0,29.2,0.0,33.0,0.0,27.2,0.0,24.9,0.0,28.71666666666667,0.0,30.33333333333333,0.0,26.5625,0.0,-1.3000000000000007,0.0,Tiruchirappalli,25.5,0.0
2024-02-06 17:00:00,24.1,84,0.0,1007.3,9.5,20.8,67,65,17,6,2,1,37,25.3,0.0,27.9,0.0,32.3,0.0,29.0,0.0,23.8,0.0,27.35,0.0,29.925,0.0,26.575,0.0,-1.1999999999999993,0.0,Tiruchirappalli,24.5,0.0
2024-02-06 18:00:00,23.1,91,0.0,1007.1,6.5,16.8,59,56,18,6,2,1,37,24.1,0.0,26.6,0.0,31.0,0.0,30.9,0.0,22.8,0.0,26.03333333333333,0.0,29.274999999999995,0.0,26.5875,0.0,-1.0,0.0,Tiruchirappalli,23.6,0.0
2024-02-06 19:00:00,22.4,95,0.0,1006.5,5.6,15.3,51,50,19,6,2,1,37,23.1,0.0,25.3,0.0,29.2,0.0,32.1,0.0,22.0,0.0,24.9,0.0,28.46666666666667,0.0,26.604166666666668,0.0,-0.7000000000000028,0.0,Tiruchirappalli,22.6,0.0
2024-02-06 20:00:00,21.9,97,0.0,1005.9,5.1,15.0,48,51,20,6,2,1,37,22.4,0.0,24.1,0.0,27.9,0.0,33.3,0.0,21.5,0.0,23.9,0.0,27.516666666666666,0.0,26.620833333333334,0.0,-0.5,0.0,Tiruchirappalli,22.0,0.0
2024-02-06 21:00:00,21.4,98,0.0,1005.3,5.1,14.8,41,45,21,6,2,1,37,21.9,0.0,23.1,0.0,26.6,0.0,33.4,0.0,21.1,0.0,23.03333333333333,0.0,26.516666666666666,0.0,26.633333333333336,0.0,-0.5,0.0,Tiruchirappalli,21.6,0.0
2024-02-06 22:00:00,21.2,98,0.0,1004.9,5.6,15.9,38,40,22,6,2,1,37,21.4,0.0,22.4,0.0,25.3,0.0,33.0,0.0,21.0,0.0,22.35,0.0,25.53333333333333,0.0,26.641666666666666,0.0,-0.1999999999999993,0.0,Tiruchirappalli,21.4,0.0
2024-02-06 23:00:00,21.0,97,0.0,1005.1,5.6,16.7,37,45,23,6,2,1,37,21.2,0.0,21.9,0.0,24.1,0.0,32.3,0.0,21.1,0.0,21.83333333333333,0.0,24.59166666666667,0.0,26.6375,0.0,-0.1999999999999993,0.0,Tiruchirappalli,21.4,0.0
2024-02-07 00:00:00,20.8,97,0.0,1005.5,5.7,16.8,43,55,0,7,2,2,38,21.0,0.0,21.4,0.0,23.1,0.0,31.0,0.0,21.0,0.0,21.45,0.0,23.74166666666667,0.0,26.629166666666663,0.0,-0.1999999999999993,0.0,Tiruchirappalli,21.3,0.0
2024-02-07 01:00:00,22.8,94,0.0,1006.1,7.1,16.8,43,45,1,7,2,2,38,20.8,0.0,21.2,0.0,22.4,0.0,29.2,0.0,23.2,0.0,21.516666666666666,0.0,23.20833333333333,0.0,26.6125,0.0,2.0,0.0,Tiruchirappalli,22.1,0.0
2024-02-07 02:00:00,23.8,87,0.0,1007.1,9.7,14.8,49,51,2,7,2,2,38,22.8,0.0,21.0,0.0,21.9,0.0,27.9,0.0,23.8,0.0,21.83333333333333,0.0,22.866666666666664,0.0,26.6125,0.0,1.0,0.0,Tiruchirappalli,23.2,0.0
2024-02-07 03:00:00,25.2,78,0.0,1008.2,9.9,13.5,56,57,3,7,2,2,38,23.8,0.0,20.8,0.0,21.4,0.0,26.6,0.0,25.0,0.0,22.466666666666665,0.0,22.75,0.0,26.620833333333334,0.0,1.3999999999999986,0.0,Tiruchirappalli,25.5,0.0
2024-02-07 04:00:00,27.1,67,0.0,1008.6,8.8,11.6,54,55,4,7,2,2,38,25.2,0.0,22.8,0.0,21.2,0.0,25.3,0.0,27.2,0.0,23.450000000000003,0.0,22.9,0.0,26.61666666666667,0.0,1.900000000000002,0.0,Tiruchirappalli,27.7,0.0
2024-02-07 05:00:00,28.8,58,0.0,1008.3,8.2,10.2,48,49,5,7,2,2,38,27.1,0.0,23.8,0.0,21.0,0.0,24.1,0.0,29.0,0.0,24.75,0.0,23.291666666666668,0.0,26.60833333333333,0.0,1.6999999999999993,0.0,Tiruchirappalli,29.3,0.0
2024-02-07 06:00:00,30.4,51,0.0,1007.7,9.2,12.0,51,51,6,7,2,2,38,28.8,0.0,25.2,0.0,20.8,0.0,23.1,0.0,30.9,0.0,26.35,0.0,23.899999999999995,0.0,26.587499999999995,0.0,1.599999999999998,0.0,Tiruchirappalli,30.7,0.0
2024-02-07 07:00:00,31.6,46,0.0,1006.6,9.4,12.0,57,58,7,7,2,2,38,30.4,0.0,27.1,0.0,22.8,0.0,22.4,0.0,32.1,0.0,27.816666666666663,0.0,24.666666666666668,0.0,26.566666666666663,0.0,1.2000000000000028,0.0,Tiruchirappalli,31.2,0.0
2024-02-07 08:00:00,32.5,44,0.0,1005.4,8.9,11.3,63,63,8,7,2,2,38,31.6,0.0,28.8,0.0,23.8,0.0,21.9,0.0,33.3,0.0,29.266666666666666,0.0,25.55,0.0,26.53333333333333,0.0,0.8999999999999986,0.0,Tiruchirappalli,32.3,0.0
2024-02-07 09:00:00,33.0,43,0.0,1004.3,9.2,12.3,69,69,9,7,2,2,38,32.5,0.0,30.4,0.0,25.2,0.0,21.4,0.0,33.4,0.0,30.566666666666663,0.0,26.516666666666666,0.0,26.516666666666666,0.0,0.5,0.0,Tiruchirappalli,33.3,0.0
2024-02-07 10:00:00,33.1,42,0.0,1003.6,10.5,13.9,73,74,10,7,2,2,38,33.0,0.0,31.6,0.0,27.1,0.0,21.2,0.0,33.0,0.0,31.566666666666663,0.0,27.508333333333336,0.0,26.52083333333333,0.0,0.1000000000000014,0.0,Tiruchirappalli,32.9,0.0
2024-02-07 11:00:00,32.6,42,0.0,1003.4,11.7,15.6,71,72,11,7,2,2,38,33.1,0.0,32.5,0.0,28.8,0.0,21.0,0.0,32.3,0.0,32.2,0.0,28.475,0.0,26.53333333333333,0.0,-0.5,0.0,Tiruchirappalli,32.0,0.0
2024-02-07 12:00:00,31.7,43,0.0,1003.7,11.6,17.4,68,68,12,7,2,2,38,32.6,0.0,33.0,0.0,30.4,0.0,20.8,0.0,31.0,0.0,32.416666666666664,0.0,29.38333333333333,0.0,26.5625,0.0,-0.9000000000000021,0.0,Tiruchirappalli,30.8,0.0
2024-02-07 13:00:00,28.8,55,0.0,1004.1,7.3,17.3,69,70,13,7,2,2,38,31.7,0.0,33.1,0.0,31.6,0.0,22.8,0.0,29.2,0.0,31.950000000000003,0.0,29.883333333333336,0.0,26.54583333333333,0.0,-2.8999999999999986,0.0,Tiruchirappalli,28.5,0.0
2024-02-07 14:00:00,27.9,55,0.0,1004.8,11.8,24.6,65,67,14,7,2,2,38,28.8,0.0,32.6,0.0,32.5,0.0,23.8,0.0,27.9,0.0,31.183333333333337,0.0,30.225000000000005,0.0,26.54583333333333,0.0,-0.9000000000000021,0.0,Tiruchirappalli,27.1,0.0
2024-02-07 15:00:00,26.5,59,0.0,1005.9,10.8,23.4,87,88,15,7,2,2,38,27.9,0.0,31.7,0.0,33.0,0.0,25.2,0.0,26.6,0.0,30.100000000000005,0.0,30.33333333333333,0.0,26.541666666666668,0.0,-1.3999999999999986,0.0,Tiruchirappalli,26.2,0.0
2024-02-07 16:00:00,24.8,72,0.0,1006.5,9.1,20.2,94,97,16,7,2,2,38,26.5,0.0,28.8,0.0,33.1,0.0,27.1,0.0,25.3,0.0,28.716666666666665,0.0,30.141666666666666,0.0,26.52083333333333,0.0,-1.6999999999999993,0.0,Tiruchirappalli,25.3,0.0
2024-02-07 17:00:00,23.4,84,0.0,1006.7,7.2,18.0,92,93,17,7,2,2,38,24.8,0.0,27.9,0.0,32.6,0.0,28.8,0.0,24.1,0.0,27.183333333333334,0.0,29.691666666666663,0.0,26.49166666666667,0.0,-1.400000000000002,0.0,Tiruchirappalli,24.3,0.0
2024-02-07 18:00:00,22.0,93,0.0,1006.8,5.4,15.5,87,86,18,7,2,2,38,23.4,0.0,26.5,0.0,31.7,0.0,30.4,0.0,23.1,0.0,25.566666666666663,0.0,28.99166666666667,0.0,26.445833333333336,0.0,-1.3999999999999986,0.0,Tiruchirappalli,23.8,0.0
2024-02-07 19:00:00,20.9,97,0.0,1006.3,6.6,13.1,74,68,19,7,2,2,38,22.0,0.0,24.8,0.0,28.8,0.0,31.6,0.0,22.4,0.0,24.25,0.0,28.1,0.0,26.383333333333336,0.0,-1.1000000000000014,0.0,Tiruchirappalli,23.2,0.0
2024-02-07 20:00:00,20.2,99,0.0,1005.5,7.9,12.3,58,47,20,7,2,2,38,20.9,0.0,23.4,0.0,27.9,0.0,32.5,0.0,21.9,0.0,22.96666666666667,0.0,27.075,0.0,26.3125,0.0,-0.6999999999999993,0.0,Tiruchirappalli,22.6,0.0
2024-02-07 21:00:00,19.8,100,0.0,1004.6,7.8,12.0,39,22,21,7,2,2,38,20.2,0.0,22.0,0.0,26.5,0.0,33.0,0.0,21.4,0.0,21.85,0.0,25.975,0.0,26.245833333333334,0.0,-0.3999999999999986,0.0,Tiruchirappalli,22.3,0.0
2024-02-07 22:00:00,20.2,100,0.0,1004.0,6.0,10.3,36,25,22,7,2,2,38,19.8,0.0,20.9,0.0,24.8,0.0,33.1,0.0,21.2,0.0,21.08333333333333,0.0,24.9,0.0,26.204166666666666,0.0,0.3999999999999986,0.0,Tiruchirappalli,22.4,0.0
2024-02-07 23:00:00,20.5,100,0.0,1004.0,5.2,9.7,31,12,23,7,2,2,38,20.2,0.0,20.2,0.0,23.4,0.0,32.6,0.0,21.0,0.0,20.6,0.0,23.891666666666666,0.0,26.183333333333334,0.0,0.3000000000000007,0.0,Tiruchirappalli,22.4,0.0
2024-02-08 00:00:00,20.4,100,0.0,1004.5,4.8,9.0,37,48,0,8,2,3,39,20.5,0.0,19.8,0.0,22.0,0.0,31.7,0.0,20.8,0.0,20.33333333333333,0.0,22.95,0.0,26.166666666666668,0.0,-0.1000000000000014,0.0,Tiruchirappalli,22.3,0.0
2024-02-08 01:00:00,22.1,97,0.0,1005.0,3.1,7.6,31,21,1,8,2,3,39,20.4,0.0,20.2,0.0,20.9,0.0,28.8,0.0,22.8,0.0,20.53333333333333,0.0,22.391666666666666,0.0,26.1375,0.0,1.7000000000000028,0.0,Tiruchirappalli,23.5,0.0
2024-02-08 02:00:00,22.9,92,0.0,1005.8,4.9,7.0,35,36,2,8,2,3,39,22.1,0.0,20.5,0.0,20.2,0.0,27.9,0.0,23.8,0.0,20.98333333333333,0.0,21.975,0.0,26.100000000000005,0.0,0.7999999999999972,0.0,Tiruchirappalli,24.5,0.0
2024-02-08 03:00:00,24.5,83,0.0,1006.7,4.1,5.1,45,45,3,8,2,3,39,22.9,0.0,20.4,0.0,19.8,0.0,26.5,0.0,25.2,0.0,21.766666666666666,0.0,21.808333333333334,0.0,26.070833333333336,0.0,1.6000000000000014,0.0,Tiruchirappalli,27.0,0.0
2024-02-08 04:00:00,26.8,72,0.0,1007.5,3.1,4.2,70,69,4,8,2,3,39,24.5,0.0,22.1,0.0,20.2,0.0,24.8,0.0,27.1,0.0,22.866666666666664,0.0,21.975,0.0,26.058333333333334,0.0,2.3000000000000007,0.0,Tiruchirappalli,29.1,0.0
2024-02-08 05:00:00,29.3,55,0.0,1007.3,5.3,6.9,62,62,5,8,2,3,39,26.8,0.0,22.9,0.0,20.5,0.0,23.4,0.0,28.8,0.0,24.33333333333333,0.0,22.46666666666667,0.0,26.079166666666666,0.0,2.5,0.0,Tiruchirappalli,30.6,0.2
2024-02-08 06:00:00,31.1,48,0.0,1006.0,8.9,11.1,61,63,6,8,2,3,39,29.3,0.0,24.5,0.0,20.4,0.0,22.0,0.0,30.4,0.0,26.116666666666664,0.0,23.225,0.0,26.10833333333333,0.0,1.8000000000000007,0.0,Tiruchirappalli,31.2,0.4
2024-02-08 07:00:00,32.3,47,0.0,1005.1,9.3,11.7,72,74,7,8,2,3,39,31.1,0.0,26.8,0.0,22.1,0.0,20.9,0.0,31.6,0.0,27.816666666666663,0.0,24.175,0.0,26.137500000000003,0.0,1.1999999999999955,0.0,Tiruchirappalli,32.1,0.2
2024-02-08 08:00:00,33.3,44,0.0,1004.0,9.8,12.8,80,84,8,8,2,3,39,32.3,0.0,29.3,0.0,22.9,0.0,20.2,0.0,32.5,0.0,29.55,0.0,25.266666666666666,0.0,26.17083333333333,0.0,1.0,0.0,Tiruchirappalli,32.8,0.1
2024-02-08 09:00:00,33.8,41,0.0,1002.7,11.7,15.4,79,81,9,8,2,3,39,33.3,0.0,31.1,0.0,24.5,0.0,19.8,0.0,33.0,0.0,31.1,0.0,26.433333333333334,0.0,26.204166666666666,0.0,0.5,0.0,Tiruchirappalli,33.0,0.0
2024-02-08 10:00:00,33.7,41,0.0,1002.0,13.5,18.0,74,74,10,8,2,3,39,33.8,0.0,32.3,0.0,26.8,0.0,20.2,0.0,33.1,0.0,32.25,0.0,27.558333333333334,0.0,26.229166666666668,0.0,-0.0999999999999943,0.0,Tiruchirappalli,32.5,0.0
2024-02-08 11:00:00,33.3,41,0.0,1002.1,14.2,19.7,69,69,11,8,2,3,39,33.7,0.0,33.3,0.0,29.3,0.0,20.5,0.0,32.6,0.0,32.916666666666664,0.0,28.625,0.0,26.25833333333333,0.0,-0.4000000000000057,0.0,Tiruchirappalli,31.9,0.0
2024-02-08 12:00:00,32.5,43,0.0,1002.4,12.4,19.5,62,60,12,8,2,3,39,33.3,0.0,33.8,0.0,31.1,0.0,20.4,0.0,31.7,0.0,33.15,0.0,29.633333333333336,0.0,26.291666666666668,0.0,-0.7999999999999972,0.0,Tiruchirappalli,30.6,0.0
2024-02-08 13:00:00,29.7,54,0.0,1002.9,7.6,17.7,61,59,13,8,2,3,39,32.5,0.0,33.7,0.0,32.3,0.0,22.1,0.0,28.8,0.0,32.71666666666666,0.0,30.266666666666666,0.0,26.329166666666666,0.0,-2.8000000000000007,0.0,Tiruchirappalli,29.4,0.0
2024-02-08 14:00:00,28.2,59,0.0,1003.8,10.1,21.7,95,94,14,8,2,3,39,29.7,0.0,33.3,0.0,33.3,0.0,22.9,0.0,27.9,0.0,31.866666666666664,0.0,30.70833333333333,0.0,26.34166666666667,0.0,-1.5,0.0,Tiruchirappalli,28.5,0.0
2024-02-08 15:00:00,26.6,65,0.0,1005.2,10.4,22.3,91,90,15,8,2,3,39,28.2,0.0,32.5,0.0,33.8,0.0,24.5,0.0,26.5,0.0,30.666666666666668,0.0,30.883333333333336,0.0,26.34583333333333,0.0,-1.599999999999998,0.0,Tiruchirappalli,26.3,0.0
2024-02-08 16:00:00,25.3,72,0.0,1006.1,10.1,21.6,89,90,16,8,2,3,39,26.6,0.0,29.7,0.0,33.7,0.0,26.8,0.0,24.8,0.0,29.266666666666666,0.0,30.75833333333333,0.0,26.36666666666667,0.0,-1.3000000000000007,0.0,Tiruchirappalli,25.2,0.1
2024-02-08 17:00:00,24.0,83,0.0,1006.3,7.9,18.4,90,93,17,8,2,3,39,25.3,0.0,28.2,0.0,33.3,0.0,29.3,0.0,23.4,0.0,27.716666666666665,0.0,30.316666666666663,0.0,26.391666666666666,0.0,-1.3000000000000007,0.0,Tiruchirappalli,24.9,0.0
2024-02-08 18:00:00,22.7,93,0.0,1006.2,5.5,15.5,94,101,18,8,2,3,39,24.0,0.0,26.6,0.0,32.5,0.0,31.1,0.0,22.0,0.0,26.08333333333333,0.0,29.61666666666667,0.0,26.42083333333333,0.0,-1.3000000000000007,0.0,Tiruchirappalli,24.5,0.0
2024-02-08 19:00:00,21.5,98,0.0,1005.6,6.2,13.0,92,100,19,8,2,3,39,22.7,0.0,25.3,0.0,29.7,0.0,32.3,0.0,20.9,0.0,24.71666666666667,0.0,28.71666666666667,0.0,26.44583333333333,0.0,-1.1999999999999993,0.0,Tiruchirappalli,24.3,0.0
2024-02-08 20:00:00,20.7,100,0.0,1004.9,7.6,11.2,88,93,20,8,2,3,39,21.5,0.0,24.0,0.0,28.2,0.0,33.3,0.0,20.2,0.0,23.46666666666667,0.0,27.666666666666668,0.0,26.46666666666667,0.0,-0.8000000000000007,0.0,Tiruchirappalli,24.2,0.0
2024-02-08 21:00:00,21.6,99,0.0,1004.2,4.1,7.6,85,75,21,8,2,3,39,20.7,0.0,22.7,0.0,26.6,0.0,33.8,0.0,19.8,0.0,22.633333333333336,0.0,26.649999999999995,0.0,26.541666666666668,0.0,0.9000000000000021,0.0,Tiruchirappalli,24.1,0.0
2024-02-08 22:00:00,21.5,100,0.0,1003.9,3.0,5.0,60,346,22,8,2,3,39,21.6,0.0,21.5,0.0,25.3,0.0,33.7,0.0,20.2,0.0,22.0,0.0,25.63333333333333,0.0,26.59583333333333,0.0,-0.1000000000000014,0.0,Tiruchirappalli,23.8,0.0
2024-02-08 23:00:00,21.9,100,0.0,1004.0,3.1,4.4,35,21,23,8,2,3,39,21.5,0.0,20.7,0.0,24.0,0.0,33.3,0.0,20.5,0.0,21.65,0.0,24.683333333333334,0.0,26.65416666666667,0.0,0.3999999999999986,0.0,Tiruchirappalli,23.7,0.0
2024-02-09 00:00:00,22.0,100,0.0,1004.5,5.1,7.3,11,8,0,9,2,4,40,21.9,0.0,21.6,0.0,22.7,0.0,32.5,0.0,20.4,0.0,21.53333333333333,0.0,23.808333333333334,0.0,26.72083333333333,0.0,0.1000000000000014,0.0,Tiruchirappalli,23.8,0.0
2024-02-09 01:00:00,22.7,98,0.0,1005.4,6.0,7.5,35,33,1,9,2,4,40,22.0,0.0,21.5,0.0,21.5,0.0,29.7,0.0,22.1,0.0,21.73333333333333,0.0,23.225,0.0,26.745833333333337,0.0,0.6999999999999993,0.0,Tiruchirappalli,24.4,0.0
2024-02-09 02:00:00,22.9,97,0.1,1006.5,6.9,9.7,39,39,2,9,2,4,40,22.7,0.0,21.9,0.0,20.7,0.0,28.2,0.0,22.9,0.0,22.1,0.0999999999999999,22.78333333333333,0.0999999999999999,26.745833333333334,0.1,0.1999999999999993,0.1,Tiruchirappalli,25.4,0.0
2024-02-09 03:00:00,24.2,88,0.1,1007.6,7.9,10.5,49,47,3,9,2,4,40,22.9,0.1,22.0,0.0,21.6,0.0,26.6,0.0,24.5,0.0,22.53333333333333,0.1999999999999999,22.58333333333333,0.1999999999999999,26.73333333333333,0.2,1.3000000000000007,0.0,Tiruchirappalli,26.8,0.1
2024-02-09 04:00:00,26.7,72,0.1,1008.1,9.6,12.2,56,56,4,9,2,4,40,24.2,0.1,22.7,0.0,21.5,0.0,25.3,0.0,26.8,0.0,23.399999999999995,0.2999999999999999,22.7,0.2999999999999999,26.729166666666668,0.3,2.5,0.0,Tiruchirappalli,28.5,0.1
2024-02-09 05:00:00,29.0,60,0.0,1007.9,11.0,14.1,58,58,5,9,2,4,40,26.7,0.1,22.9,0.1,21.9,0.0,24.0,0.0,29.3,0.0,24.58333333333333,0.2999999999999999,23.116666666666664,0.2999999999999999,26.71666666666667,0.3,2.3000000000000007,-0.1,Tiruchirappalli,30.3,0.0
2024-02-09 06:00:00,30.7,52,0.0,1007.0,12.1,16.0,67,67,6,9,2,4,40,29.0,0.0,24.2,0.1,22.0,0.0,22.7,0.0,31.1,0.0,26.03333333333333,0.2999999999999999,23.78333333333333,0.2999999999999999,26.7,0.3,1.6999999999999993,0.0,Tiruchirappalli,32.2,0.0
2024-02-09 07:00:00,31.9,48,0.0,1005.6,11.6,15.4,74,74,7,9,2,4,40,30.7,0.0,26.7,0.1,22.7,0.0,21.5,0.0,32.3,0.0,27.566666666666663,0.2999999999999999,24.65,0.2999999999999999,26.683333333333334,0.3,1.1999999999999993,0.0,Tiruchirappalli,33.4,0.0
2024-02-09 08:00:00,33.0,43,0.0,1004.2,13.0,17.1,75,76,8,9,2,4,40,31.9,0.0,29.0,0.0,22.9,0.1,20.7,0.0,33.3,0.0,29.25,0.1999999999999999,25.675,0.2999999999999999,26.67083333333333,0.3,1.1000000000000014,0.0,Tiruchirappalli,34.2,0.0
2024-02-09 09:00:00,33.3,42,0.0,1003.1,13.5,17.5,81,81,9,9,2,4,40,33.0,0.0,30.7,0.0,24.2,0.1,21.6,0.0,33.8,0.0,30.766666666666666,0.0999999999999999,26.649999999999995,0.2999999999999999,26.65,0.3,0.2999999999999971,0.0,Tiruchirappalli,34.2,0.0
2024-02-09 10:00:00,33.4,41,0.0,1002.2,14.3,19.1,78,78,10,9,2,4,40,33.3,0.0,31.9,0.0,26.7,0.1,21.5,0.0,33.7,0.0,31.88333333333333,0.0,27.641666666666666,0.2999999999999999,26.6375,0.3,0.1000000000000014,0.0,Tiruchirappalli,34.2,0.0
2024-02-09 11:00:00,32.9,42,0.0,1002.3,13.9,18.7,79,80,11,9,2,4,40,33.4,0.0,33.0,0.0,29.0,0.0,21.9,0.0,33.3,0.0,32.53333333333333,0.0,28.558333333333334,0.2999999999999999,26.620833333333334,0.3,-0.5,0.0,Tiruchirappalli,33.1,0.0
2024-02-09 12:00:00,31.8,44,0.0,1003.1,13.0,19.5,85,87,12,9,2,4,40,32.9,0.0,33.3,0.0,30.7,0.0,22.0,0.0,32.5,0.0,32.71666666666667,0.0,29.375,0.2999999999999999,26.59166666666667,0.3,-1.099999999999998,0.0,Tiruchirappalli,31.6,0.0
2024-02-09 13:00:00,30.0,52,0.0,1003.8,11.0,21.6,72,71,13,9,2,4,40,31.8,0.0,33.4,0.0,31.9,0.0,22.7,0.0,29.7,0.0,32.4,0.0,29.98333333333333,0.2999999999999999,26.604166666666668,0.3,-1.8000000000000007,0.0,Tiruchirappalli,29.5,0.0
2024-02-09 14:00:00,28.5,59,0.0,1005.0,12.8,24.6,78,80,14,9,2,4,40,30.0,0.0,32.9,0.0,33.0,0.0,22.9,0.1,28.2,0.0,31.65,0.0,30.45,0.1999999999999999,26.616666666666664,0.3,-1.5,0.0,Tiruchirappalli,28.3,0.0
2024-02-09 15:00:00,27.2,66,0.0,1006.0,12.3,23.9,85,87,15,9,2,4,40,28.5,0.0,31.8,0.0,33.3,0.0,24.2,0.1,26.6,0.0,30.633333333333336,0.0,30.7,0.0999999999999999,26.641666666666666,0.3,-1.3000000000000007,0.0,Tiruchirappalli,27.1,0.0
2024-02-09 16:00:00,26.1,74,0.0,1006.9,12.0,24.1,81,81,16,9,2,4,40,27.2,0.0,30.0,0.0,33.4,0.0,26.7,0.1,25.3,0.0,29.416666666666668,0.0,30.65,0.0,26.675,0.3,-1.099999999999998,0.0,Tiruchirappalli,25.9,0.0
2024-02-09 17:00:00,25.2,79,0.0,1007.1,11.0,22.4,75,79,17,9,2,4,40,26.1,0.0,28.5,0.0,32.9,0.0,29.0,0.0,24.0,0.0,28.133333333333336,0.0,30.33333333333333,0.0,26.725,0.3,-0.9000000000000021,0.0,Tiruchirappalli,25.0,0.0
2024-02-09 18:00:00,24.5,85,0.0,1007.3,10.1,21.4,70,73,18,9,2,4,40,25.2,0.0,27.2,0.0,31.8,0.0,30.7,0.0,22.7,0.0,26.916666666666668,0.0,29.816666666666663,0.0,26.8,0.3,-0.6999999999999993,0.0,Tiruchirappalli,24.3,0.0
2024-02-09 19:00:00,23.9,89,0.0,1007.0,8.6,19.3,66,68,19,9,2,4,40,24.5,0.0,26.1,0.0,30.0,0.0,31.9,0.0,21.5,0.0,25.899999999999995,0.0,29.149999999999995,0.0,26.9,0.3,-0.6000000000000014,0.0,Tiruchirappalli,23.7,0.0
2024-02-09 20:00:00,23.3,92,0.0,1006.5,7.2,17.7,61,63,20,9,2,4,40,23.9,0.0,25.2,0.0,28.5,0.0,33.0,0.0,20.7,0.0,25.03333333333333,0.0,28.341666666666665,0.0,27.00833333333333,0.3,-0.5999999999999979,0.0,Tiruchirappalli,23.2,0.0
2024-02-09 21:00:00,22.9,95,0.0,1006.3,7.0,17.3,54,55,21,9,2,4,40,23.3,0.0,24.5,0.0,27.2,0.0,33.3,0.0,21.6,0.0,24.316666666666663,0.0,27.475,0.0,27.0625,0.3,-0.4000000000000021,0.0,Tiruchirappalli,22.8,0.0
2024-02-09 22:00:00,22.6,96,0.0,1005.9,6.4,16.3,45,43,22,9,2,4,40,22.9,0.0,23.9,0.0,26.1,0.0,33.4,0.0,21.5,0.0,23.73333333333333,0.0,26.575,0.0,27.10833333333333,0.3,-0.2999999999999971,0.0,Tiruchirappalli,22.6,0.0
2024-02-09 23:00:00,22.3,97,0.0,1005.9,6.0,15.8,35,33,23,9,2,4,40,22.6,0.0,23.3,0.0,25.2,0.0,32.9,0.0,21.9,0.0,23.25,0.0,25.691666666666663,0.0,27.125,0.3,-0.3000000000000007,0.0,Tiruchirappalli,22.5,0.0
2024-02-10 00:00:00,22.3,97,0.0,1006.0,5.6,15.0,27,27,0,10,2,5,41,22.3,0.0,22.9,0.0,24.5,0.0,31.8,0.0,22.0,0.0,22.883333333333336,0.0,24.9,0.0,27.1375,0.3,0.0,0.0,Tiruchirappalli,22.6,0.0
2024-02-10 01:00:00,22.9,95,0.0,1007.1,4.7,13.5,25,23,1,10,2,5,41,22.3,0.0,22.6,0.0,23.9,0.0,30.0,0.0,22.7,0.0,22.71666666666667,0.0,24.308333333333334,0.0,27.14583333333333,0.3,0.5999999999999979,0.0,Tiruchirappalli,24.2,0.0
2024-02-10 02:00:00,24.1,89,0.0,1007.8,6.0,14.0,26,33,2,10,2,5,41,22.9,0.0,22.3,0.0,23.3,0.0,28.5,0.0,22.9,0.1,22.85,0.0,23.941666666666663,0.0,27.19583333333333,0.2,1.2000000000000028,0.0,Tiruchirappalli,24.9,0.1
2024-02-10 03:00:00,26.5,77,0.0,1008.5,7.6,11.0,32,31,3,10,2,5,41,24.1,0.0,22.3,0.0,22.9,0.0,27.2,0.0,24.2,0.1,23.45,0.0,23.883333333333336,0.0,27.291666666666668,0.1,2.3999999999999986,0.0,Tiruchirappalli,26.3,0.1
2024-02-10 04:00:00,28.5,66,0.0,1008.9,14.4,19.5,52,53,4,10,2,5,41,26.5,0.0,22.9,0.0,22.6,0.0,26.1,0.0,26.7,0.1,24.433333333333334,0.0,24.08333333333333,0.0,27.366666666666664,0.0,2.0,0.0,Tiruchirappalli,28.1,0.0
2024-02-10 05:00:00,30.0,59,0.0,1008.7,14.5,19.4,55,55,5,10,2,5,41,28.5,0.0,24.1,0.0,22.3,0.0,25.2,0.0,29.0,0.0,25.71666666666667,0.0,24.48333333333333,0.0,27.40833333333333,0.0,1.5,0.0,Tiruchirappalli,29.5,0.1
2024-02-10 06:00:00,31.3,52,0.0,1007.9,14.4,19.0,53,53,6,10,2,5,41,30.0,0.0,26.5,0.0,22.3,0.0,24.5,0.0,30.7,0.0,27.216666666666665,0.0,25.05,0.0,27.433333333333337,0.0,1.3000000000000007,0.0,Tiruchirappalli,30.8,0.1
2024-02-10 07:00:00,32.1,48,0.0,1006.6,16.6,21.9,63,63,7,10,2,5,41,31.3,0.0,28.5,0.0,22.9,0.0,23.9,0.0,31.9,0.0,28.75,0.0,25.73333333333333,0.0,27.441666666666663,0.0,0.8000000000000007,0.0,Tiruchirappalli,32.7,0.0
2024-02-10 08:00:00,32.9,45,0.0,1005.3,16.1,21.3,64,63,8,10,2,5,41,32.1,0.0,30.0,0.0,24.1,0.0,23.3,0.0,33.0,0.0,30.216666666666665,0.0,26.53333333333333,0.0,27.4375,0.0,0.7999999999999972,0.0,Tiruchirappalli,32.7,0.0
2024-02-10 09:00:00,33.4,42,0.0,1004.0,16.3,21.7,66,65,9,10,2,5,41,32.9,0.0,31.3,0.0,26.5,0.0,22.9,0.0,33.3,0.0,31.366666666666664,0.0,27.40833333333333,0.0,27.441666666666663,0.0,0.5,0.0,Tiruchirappalli,33.3,0.0
2024-02-10 10:00:00,33.3,41,0.0,1003.3,16.2,22.1,68,69,10,10,2,5,41,33.4,0.0,32.1,0.0,28.5,0.0,22.6,0.0,33.4,0.0,32.166666666666664,0.0,28.3,0.0,27.4375,0.0,-0.1000000000000014,0.0,Tiruchirappalli,33.5,0.0
2024-02-10 11:00:00,32.5,44,0.0,1003.4,16.7,23.0,70,71,11,10,2,5,41,33.3,0.0,32.9,0.0,30.0,0.0,22.3,0.0,32.9,0.0,32.583333333333336,0.0,29.15,0.0,27.42083333333333,0.0,-0.7999999999999972,0.0,Tiruchirappalli,32.8,0.0
2024-02-10 12:00:00,31.4,47,0.0,1003.7,16.0,23.3,68,67,12,10,2,5,41,32.5,0.0,33.4,0.0,31.3,0.0,22.3,0.0,31.8,0.0,32.6,0.0,29.90833333333333,0.0,27.404166666666665,0.0,-1.1000000000000014,0.0,Tiruchirappalli,31.2,0.0
2024-02-10 13:00:00,29.2,54,0.0,1004.9,11.2,20.4,69,69,13,10,2,5,41,31.4,0.0,33.3,0.0,32.1,0.0,22.9,0.0,30.0,0.0,32.11666666666667,0.0,30.433333333333334,0.0,27.370833333333334,0.0,-2.2,0.0,Tiruchirappalli,29.4,0.0
2024-02-10 14:00:00,28.1,58,0.0,1005.8,11.6,22.1,68,68,14,10,2,5,41,29.2,0.0,32.5,0.0,32.9,0.0,24.1,0.0,28.5,0.0,31.316666666666663,0.0,30.766666666666666,0.0,27.354166666666668,0.0,-1.099999999999998,0.0,Tiruchirappalli,27.9,0.0
2024-02-10 15:00:00,26.9,63,0.0,1007.0,10.0,20.6,74,75,15,10,2,5,41,28.1,0.0,31.4,0.0,33.4,0.0,26.5,0.0,27.2,0.0,30.23333333333333,0.0,30.8,0.0,27.34166666666667,0.0,-1.2000000000000028,0.0,Tiruchirappalli,26.6,0.0
2024-02-10 16:00:00,25.8,70,0.0,1007.6,9.8,20.7,77,82,16,10,2,5,41,26.9,0.0,29.2,0.0,33.3,0.0,28.5,0.0,26.1,0.0,28.98333333333333,0.0,30.575,0.0,27.329166666666666,0.0,-1.099999999999998,0.0,Tiruchirappalli,25.5,0.0
2024-02-10 17:00:00,25.0,76,0.0,1007.6,9.5,20.3,77,81,17,10,2,5,41,25.8,0.0,28.1,0.0,32.5,0.0,30.0,0.0,25.2,0.0,27.73333333333333,0.0,30.15833333333333,0.0,27.32083333333333,0.0,-0.8000000000000007,0.0,Tiruchirappalli,24.7,0.0
2024-02-10 18:00:00,24.3,80,0.0,1007.6,8.4,19.3,76,83,18,10,2,5,41,25.0,0.0,26.9,0.0,31.4,0.0,31.3,0.0,24.5,0.0,26.55,0.0,29.575,0.0,27.3125,0.0,-0.6999999999999993,0.0,Tiruchirappalli,24.3,0.0
2024-02-10 19:00:00,23.6,84,0.0,1007.3,6.7,17.2,70,74,19,10,2,5,41,24.3,0.0,25.8,0.0,29.2,0.0,32.1,0.0,23.9,0.0,25.616666666666664,0.0,28.86666666666667,0.0,27.3,0.0,-0.6999999999999993,0.0,Tiruchirappalli,23.9,0.0
2024-02-10 20:00:00,23.0,88,0.0,1006.7,5.2,15.0,63,65,20,10,2,5,41,23.6,0.0,25.0,0.0,28.1,0.0,32.9,0.0,23.3,0.0,24.766666666666666,0.0,28.041666666666668,0.0,27.287500000000005,0.0,-0.6000000000000014,0.0,Tiruchirappalli,23.4,0.0
2024-02-10 21:00:00,22.5,90,0.0,1006.1,4.6,13.2,45,39,21,10,2,5,41,23.0,0.0,24.3,0.0,26.9,0.0,33.4,0.0,22.9,0.0,24.03333333333333,0.0,27.133333333333336,0.0,27.27083333333333,0.0,-0.5,0.0,Tiruchirappalli,23.3,0.0
2024-02-10 22:00:00,22.5,90,0.0,1005.9,5.3,14.9,32,28,22,10,2,5,41,22.5,0.0,23.6,0.0,25.8,0.0,33.3,0.0,22.6,0.0,23.48333333333333,0.0,26.23333333333333,0.0,27.26666666666667,0.0,0.0,0.0,Tiruchirappalli,23.2,0.0
2024-02-10 23:00:00,23.1,88,0.0,1005.7,6.4,15.7,37,43,23,10,2,5,41,22.5,0.0,23.0,0.0,25.0,0.0,32.5,0.0,22.3,0.0,23.166666666666668,0.0,25.45,0.0,27.3,0.0,0.6000000000000014,0.0,Tiruchirappalli,23.1,0.0
2024-02-11 00:00:00,23.7,86,0.0,1005.9,7.7,16.1,40,49,0,11,2,6,42,23.1,0.0,22.5,0.0,24.3,0.0,31.4,0.0,22.3,0.0,23.066666666666663,0.0,24.808333333333334,0.0,27.35833333333333,0.0,0.5999999999999979,0.0,Tiruchirappalli,23.8,0.0
2024-02-11 01:00:00,24.0,86,0.0,1007.0,8.4,17.7,38,40,1,11,2,6,42,23.7,0.0,22.5,0.0,23.6,0.0,29.2,0.0,22.9,0.0,23.133333333333336,0.0,24.375,0.0,27.40416666666667,0.0,0.3000000000000007,0.0,Tiruchirappalli,23.3,0.0
2024-02-11 02:00:00,24.5,85,0.0,1007.9,9.1,17.7,33,34,2,11,2,6,42,24.0,0.0,23.1,0.0,23.0,0.0,28.1,0.0,24.1,0.0,23.383333333333336,0.0,24.075,0.0,27.42083333333333,0.0,0.5,0.0,Tiruchirappalli,24.6,0.0
2024-02-11 03:00:00,26.7,74,0.0,1008.8,10.9,15.8,35,34,3,11,2,6,42,24.5,0.0,23.7,0.0,22.5,0.0,26.9,0.0,26.5,0.0,24.08333333333333,0.0,24.058333333333337,0.0,27.42916666666667,0.0,2.2,0.0,Tiruchirappalli,26.4,0.1
2024-02-11 04:00:00,28.7,62,0.0,1009.4,16.8,22.4,46,47,4,11,2,6,42,26.7,0.0,24.0,0.0,22.5,0.0,25.8,0.0,28.5,0.0,25.116666666666664,0.0,24.3,0.0,27.4375,0.0,2.0,0.0,Tiruchirappalli,27.6,0.3
2024-02-11 05:00:00,30.0,55,0.0,1009.2,17.9,24.0,50,50,5,11,2,6,42,28.7,0.0,24.5,0.0,23.1,0.0,25.0,0.0,30.0,0.0,26.266666666666666,0.0,24.71666666666667,0.0,27.4375,0.0,1.3000000000000007,0.0,Tiruchirappalli,29.4,0.3
2024-02-11 06:00:00,31.2,50,0.0,1008.5,17.4,23.1,51,50,6,11,2,6,42,30.0,0.0,26.7,0.0,23.7,0.0,24.3,0.0,31.3,0.0,27.516666666666666,0.0,25.291666666666668,0.0,27.433333333333334,0.0,1.1999999999999993,0.0,Tiruchirappalli,31.4,0.0
2024-02-11 07:00:00,32.2,45,0.0,1007.2,15.6,21.0,52,52,7,11,2,6,42,31.2,0.0,28.7,0.0,24.0,0.0,23.6,0.0,32.1,0.0,28.883333333333336,0.0,26.00833333333333,0.0,27.4375,0.0,1.0000000000000036,0.0,Tiruchirappalli,32.7,0.0
2024-02-11 08:00:00,32.7,43,0.0,1006.0,18.2,24.0,60,60,8,11,2,6,42,32.2,0.0,30.0,0.0,24.5,0.0,23.0,0.0,32.9,0.0,30.25,0.0,26.816666666666663,0.0,27.429166666666664,0.0,0.5,0.0,Tiruchirappalli,33.3,0.0
2024-02-11 09:00:00,33.0,41,0.0,1004.7,17.4,23.4,65,66,9,11,2,6,42,32.7,0.0,31.2,0.0,26.7,0.0,22.5,0.0,33.4,0.0,31.3,0.0,27.691666666666663,0.0,27.4125,0.0,0.2999999999999971,0.0,Tiruchirappalli,33.9,0.0
2024-02-11 10:00:00,32.8,41,0.0,1004.1,18.4,24.8,64,64,10,11,2,6,42,33.0,0.0,32.2,0.0,28.7,0.0,22.5,0.0,33.3,0.0,31.98333333333333,0.0,28.55,0.0,27.391666666666666,0.0,-0.2000000000000028,0.0,Tiruchirappalli,33.8,0.0
2024-02-11 11:00:00,31.7,42,0.0,1004.3,19.0,26.4,61,61,11,11,2,6,42,32.8,0.0,32.7,0.0,30.0,0.0,23.1,0.0,32.5,0.0,32.266666666666666,0.0,29.266666666666666,0.0,27.35833333333333,0.0,-1.099999999999998,0.0,Tiruchirappalli,33.2,0.0
2024-02-11 12:00:00,30.2,45,0.0,1004.8,18.4,26.7,63,62,12,11,2,6,42,31.7,0.0,33.0,0.0,31.2,0.0,23.7,0.0,31.4,0.0,32.1,0.0,29.808333333333337,0.0,27.308333333333337,0.0,-1.5,0.0,Tiruchirappalli,32.0,0.0
2024-02-11 13:00:00,28.7,53,0.0,1005.5,12.6,22.7,67,66,13,11,2,6,42,30.2,0.0,32.8,0.0,32.2,0.0,24.0,0.0,29.2,0.0,31.516666666666666,0.0,30.200000000000003,0.0,27.2875,0.0,-1.5,0.0,Tiruchirappalli,30.7,0.0
2024-02-11 14:00:00,27.4,58,0.0,1006.5,14.8,27.6,66,67,14,11,2,6,42,28.7,0.0,31.7,0.0,32.7,0.0,24.5,0.0,28.1,0.0,30.63333333333333,0.0,30.441666666666663,0.0,27.25833333333333,0.0,-1.3000000000000007,0.0,Tiruchirappalli,29.3,0.0
2024-02-11 15:00:00,26.4,63,0.0,1007.5,14.9,27.8,69,70,15,11,2,6,42,27.4,0.0,30.2,0.0,33.0,0.0,26.7,0.0,26.9,0.0,29.53333333333333,0.0,30.416666666666668,0.0,27.2375,0.0,-1.0,0.0,Tiruchirappalli,27.7,0.0
2024-02-11 16:00:00,25.5,69,0.0,1007.8,13.6,26.0,71,73,16,11,2,6,42,26.4,0.0,28.7,0.0,32.8,0.0,28.7,0.0,25.8,0.0,28.316666666666663,0.0,30.15,0.0,27.225000000000005,0.0,-0.8999999999999986,0.0,Tiruchirappalli,26.5,0.0
2024-02-11 17:00:00,24.5,76,0.0,1007.9,10.8,22.3,67,69,17,11,2,6,42,25.5,0.0,27.4,0.0,31.7,0.0,30.0,0.0,25.0,0.0,27.11666666666667,0.0,29.691666666666663,0.0,27.20416666666667,0.0,-1.0,0.0,Tiruchirappalli,25.4,0.0
2024-02-11 18:00:00,23.6,82,0.0,1008.0,7.7,19.0,63,62,18,11,2,6,42,24.5,0.0,26.4,0.0,30.2,0.0,31.2,0.0,24.3,0.0,26.016666666666666,0.0,29.058333333333334,0.0,27.175,0.0,-0.8999999999999986,0.0,Tiruchirappalli,24.7,0.0
2024-02-11 19:00:00,22.6,87,0.0,1007.3,6.4,16.9,52,47,19,11,2,6,42,23.6,0.0,25.5,0.0,28.7,0.0,32.2,0.0,23.6,0.0,25.0,0.0,28.258333333333336,0.0,27.13333333333333,0.0,-1.0,0.0,Tiruchirappalli,24.0,0.0
2024-02-11 20:00:00,22.0,91,0.0,1006.3,6.8,17.4,38,32,20,11,2,6,42,22.6,0.0,24.5,0.0,27.4,0.0,32.7,0.0,23.0,0.0,24.1,0.0,27.366666666666664,0.0,27.091666666666665,0.0,-0.6000000000000014,0.0,Tiruchirappalli,23.4,0.0
2024-02-11 21:00:00,21.6,93,0.0,1005.7,6.8,18.0,33,32,21,11,2,6,42,22.0,0.0,23.6,0.0,26.4,0.0,33.0,0.0,22.5,0.0,23.3,0.0,26.41666666666666,0.0,27.054166666666664,0.0,-0.3999999999999986,0.0,Tiruchirappalli,23.0,0.0
2024-02-11 22:00:00,21.4,94,0.0,1005.4,7.5,19.4,31,35,22,11,2,6,42,21.6,0.0,22.6,0.0,25.5,0.0,32.8,0.0,22.5,0.0,22.61666666666667,0.0,25.46666666666667,0.0,27.00833333333333,0.0,-0.2000000000000028,0.0,Tiruchirappalli,22.7,0.0
2024-02-11 23:00:00,21.4,94,0.0,1005.4,9.0,21.5,31,37,23,11,2,6,42,21.4,0.0,22.0,0.0,24.5,0.0,31.7,0.0,23.1,0.0,22.1,0.0,24.60833333333333,0.0,26.9375,0.0,0.0,0.0,Tiruchirappalli,22.6,0.0
2024-02-12 00:00:00,21.3,94,0.0,1005.7,9.4,22.1,28,32,0,12,2,0,43,21.4,0.0,21.6,0.0,23.6,0.0,30.2,0.0,23.7,0.0,21.71666666666667,0.0,23.866666666666664,0.0,26.8375,0.0,-0.0999999999999978,0.0,Tiruchirappalli,22.4,0.0
2024-02-12 01:00:00,22.1,90,0.0,1006.7,8.7,20.5,24,30,1,12,2,0,43,21.3,0.0,21.4,0.0,22.6,0.0,28.7,0.0,24.0,0.0,21.633333333333336,0.0,23.316666666666663,0.0,26.758333333333336,0.0,0.8000000000000007,0.0,Tiruchirappalli,23.2,0.0
2024-02-12 02:00:00,23.2,85,0.0,1007.8,9.4,20.3,25,32,2,12,2,0,43,22.1,0.0,21.4,0.0,22.0,0.0,27.4,0.0,24.5,0.0,21.83333333333333,0.0,22.96666666666667,0.0,26.704166666666666,0.0,1.099999999999998,0.0,Tiruchirappalli,24.4,0.0
2024-02-12 03:00:00,25.5,73,0.0,1008.5,12.3,17.4,22,21,3,12,2,0,43,23.2,0.0,21.3,0.0,21.6,0.0,26.4,0.0,26.7,0.0,22.48333333333333,0.0,22.891666666666666,0.0,26.654166666666665,0.0,2.3000000000000007,0.0,Tiruchirappalli,26.8,0.0
2024-02-12 04:00:00,27.7,63,0.0,1009.0,19.1,26.3,41,43,4,12,2,0,43,25.5,0.0,22.1,0.0,21.4,0.0,25.5,0.0,28.7,0.0,23.53333333333333,0.0,23.075,0.0,26.6125,0.0,2.2,0.0,Tiruchirappalli,29.1,0.0
2024-02-12 05:00:00,29.3,55,0.0,1008.7,18.7,25.0,50,50,5,12,2,0,43,27.7,0.0,23.2,0.0,21.4,0.0,24.5,0.0,30.0,0.0,24.85,0.0,23.475,0.0,26.58333333333333,0.0,1.6000000000000014,0.0,Tiruchirappalli,30.9,0.0
2024-02-12 06:00:00,30.7,49,0.0,1007.8,18.1,24.0,54,55,6,12,2,0,43,29.3,0.0,25.5,0.0,21.3,0.0,23.6,0.0,31.2,0.0,26.416666666666668,0.0,24.066666666666663,0.0,26.5625,0.0,1.3999999999999986,0.0,Tiruchirappalli,32.2,0.0
2024-02-12 07:00:00,31.2,46,0.0,1006.5,17.6,23.8,55,55,7,12,2,0,43,30.7,0.0,27.7,0.0,22.1,0.0,22.6,0.0,32.2,0.0,27.933333333333334,0.0,24.78333333333333,0.0,26.52083333333333,0.0,0.5,0.0,Tiruchirappalli,33.3,0.0
2024-02-12 08:00:00,32.3,42,0.0,1004.9,16.9,22.7,61,61,8,12,2,0,43,31.2,0.0,29.3,0.0,23.2,0.0,22.0,0.0,32.7,0.0,29.45,0.0,25.64166666666667,0.0,26.504166666666663,0.0,1.099999999999998,0.0,Tiruchirappalli,34.0,0.0
2024-02-12 09:00:00,33.3,38,0.0,1003.7,16.9,22.6,65,66,9,12,2,0,43,32.3,0.0,30.7,0.0,25.5,0.0,21.6,0.0,33.0,0.0,30.75,0.0,26.616666666666664,0.0,26.516666666666666,0.0,1.0,0.0,Tiruchirappalli,34.3,0.0
2024-02-12 10:00:00,32.9,39,0.0,1002.9,17.4,23.2,66,66,10,12,2,0,43,33.3,0.0,31.2,0.0,27.7,0.0,21.4,0.0,32.8,0.0,31.616666666666664,0.0,27.575000000000003,0.0,26.52083333333333,0.0,-0.3999999999999986,0.0,Tiruchirappalli,33.8,0.0
2024-02-12 11:00:00,32.0,42,0.0,1003.0,15.8,21.7,63,63,11,12,2,0,43,32.9,0.0,32.3,0.0,29.3,0.0,21.4,0.0,31.7,0.0,32.06666666666666,0.0,28.45833333333333,0.0,26.53333333333333,0.0,-0.8999999999999986,0.0,Tiruchirappalli,33.3,0.0
2024-02-12 12:00:00,30.8,45,0.0,1003.4,15.5,22.1,66,65,12,12,2,0,43,32.0,0.0,33.3,0.0,30.7,0.0,21.3,0.0,30.2,0.0,32.083333333333336,0.0,29.25,0.0,26.558333333333334,0.0,-1.1999999999999993,0.0,Tiruchirappalli,32.2,0.0
2024-02-12 13:00:00,28.5,53,0.0,1005.0,10.8,19.9,70,69,13,12,2,0,43,30.8,0.0,32.9,0.0,31.2,0.0,22.1,0.0,28.7,0.0,31.633333333333336,0.0,29.78333333333333,0.0,26.55,0.0,-2.3000000000000007,0.0,Tiruchirappalli,30.9,0.0
2024-02-12 14:00:00,27.1,58,0.0,1006.0,12.1,24.1,63,63,14,12,2,0,43,28.5,0.0,32.0,0.0,32.3,0.0,23.2,0.0,27.4,0.0,30.766666666666666,0.0,30.10833333333333,0.0,26.537500000000005,0.0,-1.3999999999999986,0.0,Tiruchirappalli,29.6,0.0
2024-02-12 15:00:00,26.2,62,0.0,1007.1,12.9,25.0,67,67,15,12,2,0,43,27.1,0.0,30.8,0.0,33.3,0.0,25.5,0.0,26.4,0.0,29.58333333333333,0.0,30.166666666666668,0.0,26.529166666666665,0.0,-0.9000000000000021,0.0,Tiruchirappalli,28.5,0.0
2024-02-12 16:00:00,25.3,68,0.0,1007.8,12.9,25.3,62,60,16,12,2,0,43,26.2,0.0,28.5,0.0,32.9,0.0,27.7,0.0,25.5,0.0,28.316666666666663,0.0,29.966666666666665,0.0,26.52083333333333,0.0,-0.8999999999999986,0.0,Tiruchirappalli,27.0,0.0
2024-02-12 17:00:00,24.3,74,0.0,1007.9,10.5,22.2,61,63,17,12,2,0,43,25.3,0.0,27.1,0.0,32.0,0.0,29.3,0.0,24.5,0.0,27.03333333333333,0.0,29.55,0.0,26.5125,0.0,-1.0,0.0,Tiruchirappalli,25.8,0.0
2024-02-12 18:00:00,23.8,79,0.0,1007.6,8.4,19.8,63,65,18,12,2,0,43,24.3,0.0,26.2,0.0,30.8,0.0,30.7,0.0,23.6,0.0,25.866666666666664,0.0,28.975,0.0,26.52083333333333,0.0,-0.5,0.0,Tiruchirappalli,24.8,0.0
2024-02-12 19:00:00,23.2,82,0.0,1007.0,6.5,17.2,57,56,19,12,2,0,43,23.8,0.0,25.3,0.0,28.5,0.0,31.2,0.0,22.6,0.0,24.98333333333333,0.0,28.308333333333334,0.0,26.54583333333333,0.0,-0.6000000000000014,0.0,Tiruchirappalli,24.1,0.0
2024-02-12 20:00:00,22.6,86,0.0,1006.3,5.4,15.5,42,37,20,12,2,0,43,23.2,0.0,24.3,0.0,27.1,0.0,32.3,0.0,22.0,0.0,24.23333333333333,0.0,27.5,0.0,26.570833333333336,0.0,-0.5999999999999979,0.0,Tiruchirappalli,23.5,0.0
2024-02-12 21:00:00,22.3,88,0.0,1005.8,6.0,15.8,30,25,21,12,2,0,43,22.6,0.0,23.8,0.0,26.2,0.0,33.3,0.0,21.6,0.0,23.58333333333333,0.0,26.58333333333333,0.0,26.6,0.0,-0.3000000000000007,0.0,Tiruchirappalli,23.3,0.0
2024-02-12 22:00:00,22.4,87,0.0,1005.1,8.0,18.8,20,18,22,12,2,0,43,22.3,0.0,23.2,0.0,25.3,0.0,32.9,0.0,21.4,0.0,23.1,0.0,25.70833333333333,0.0,26.641666666666666,0.0,0.0999999999999978,0.0,Tiruchirappalli,23.5,0.0
2024-02-12 23:00:00,22.4,86,0.0,1004.7,8.1,19.7,18,21,23,12,2,0,43,22.4,0.0,22.6,0.0,24.3,0.0,32.0,0.0,21.4,0.0,22.78333333333333,0.0,24.90833333333333,0.0,26.683333333333337,0.0,0.0,0.0,Tiruchirappalli,23.7,0.0
2024-02-13 00:00:00,22.3,87,0.0,1005.0,7.1,18.7,19,24,0,13,2,1,44,22.4,0.0,22.3,0.0,23.8,0.0,30.8,0.0,21.3,0.0,22.53333333333333,0.0,24.200000000000003,0.0,26.725,0.0,-0.0999999999999978,0.0,Tiruchirappalli,24.1,0.0
2024-02-13 01:00:00,23.5,87,0.0,1005.6,7.1,17.7,355,345,1,13,2,1,44,22.3,0.0,22.4,0.0,23.2,0.0,28.5,0.0,22.1,0.0,22.58333333333333,0.0,23.78333333333333,0.0,26.78333333333333,0.0,1.1999999999999993,0.0,Tiruchirappalli,24.7,0.0
2024-02-13 02:00:00,24.5,82,0.0,1006.2,8.7,17.9,350,343,2,13,2,1,44,23.5,0.0,22.4,0.0,22.6,0.0,27.1,0.0,23.2,0.0,22.9,0.0,23.566666666666663,0.0,26.8375,0.0,1.0,0.0,Tiruchirappalli,25.0,0.0
2024-02-13 03:00:00,27.0,70,0.0,1007.3,8.3,11.5,360,358,3,13,2,1,44,24.5,0.0,22.3,0.0,22.3,0.0,26.2,0.0,25.5,0.0,23.683333333333334,0.0,23.633333333333336,0.0,26.9,0.0,2.5,0.0,Tiruchirappalli,26.2,0.0
2024-02-13 04:00:00,29.1,59,0.0,1007.6,10.7,14.5,19,20,4,13,2,1,44,27.0,0.0,23.5,0.0,22.4,0.0,25.3,0.0,27.7,0.0,24.8,0.0,23.95,0.0,26.95833333333333,0.0,2.1000000000000014,0.0,Tiruchirappalli,28.3,0.0
2024-02-13 05:00:00,30.6,53,0.2,1007.4,17.8,24.1,52,54,5,13,2,1,44,29.1,0.0,24.5,0.0,22.4,0.0,24.3,0.0,29.3,0.0,26.166666666666668,0.1999999999999999,24.475,0.1999999999999999,27.012500000000003,0.2,1.5,0.2,Tiruchirappalli,30.1,0.0
2024-02-13 06:00:00,31.2,52,0.4,1006.4,20.0,26.7,55,56,6,13,2,1,44,30.6,0.2,27.0,0.0,22.3,0.0,23.8,0.0,30.7,0.0,27.65,0.5999999999999999,25.091666666666665,0.5999999999999999,27.03333333333333,0.6000000000000001,0.5999999999999979,0.2,Tiruchirappalli,31.8,0.0
2024-02-13 07:00:00,32.1,50,0.2,1005.2,18.6,25.2,53,54,7,13,2,1,44,31.2,0.4,29.1,0.0,23.5,0.0,23.2,0.0,31.2,0.0,29.08333333333333,0.7999999999999999,25.83333333333333,0.7999999999999999,27.070833333333336,0.8,0.9000000000000021,-0.2,Tiruchirappalli,33.3,0.0
2024-02-13 08:00:00,32.8,47,0.1,1004.0,18.2,24.7,59,60,8,13,2,1,44,32.1,0.2,30.6,0.2,24.5,0.0,22.6,0.0,32.3,0.0,30.46666666666667,0.8999999999999999,26.683333333333334,0.8999999999999999,27.091666666666665,0.9,0.6999999999999957,-0.1,Tiruchirappalli,33.9,0.0
2024-02-13 09:00:00,33.0,47,0.0,1003.1,18.2,24.6,65,65,9,13,2,1,44,32.8,0.1,31.2,0.4,27.0,0.0,22.3,0.0,33.3,0.0,31.46666666666667,0.8999999999999999,27.575000000000003,0.8999999999999999,27.079166666666666,0.9,0.2000000000000028,-0.1,Tiruchirappalli,34.6,0.0
2024-02-13 10:00:00,32.5,48,0.0,1002.5,17.8,24.3,69,69,10,13,2,1,44,33.0,0.0,32.1,0.2,29.1,0.0,22.4,0.0,32.9,0.0,32.03333333333333,0.8999999999999999,28.416666666666668,0.8999999999999999,27.0625,0.9,-0.5,0.0,Tiruchirappalli,34.5,0.0
2024-02-13 11:00:00,31.9,51,0.0,1002.6,17.1,23.6,71,72,11,13,2,1,44,32.5,0.0,32.8,0.1,30.6,0.2,22.4,0.0,32.0,0.0,32.25,0.7,29.20833333333333,0.8999999999999999,27.058333333333337,0.9,-0.6000000000000014,0.0,Tiruchirappalli,33.8,0.0
2024-02-13 12:00:00,30.6,55,0.0,1002.9,18.9,27.2,72,72,12,13,2,1,44,31.9,0.0,33.0,0.0,31.2,0.4,22.3,0.0,30.8,0.0,32.15,0.2999999999999999,29.9,0.8999999999999999,27.05,0.9,-1.2999999999999972,0.0,Tiruchirappalli,32.7,0.0
2024-02-13 13:00:00,29.4,58,0.0,1004.0,8.0,16.2,73,72,13,13,2,1,44,30.6,0.0,32.5,0.0,32.1,0.2,23.5,0.0,28.5,0.0,31.7,0.0999999999999999,30.391666666666666,0.8999999999999999,27.0875,0.9,-1.2000000000000028,0.0,Tiruchirappalli,30.1,0.0
2024-02-13 14:00:00,28.5,63,0.0,1004.7,13.8,24.8,81,81,14,13,2,1,44,29.4,0.0,31.9,0.0,32.8,0.1,24.5,0.0,27.1,0.0,30.98333333333333,0.0,30.725,0.8999999999999999,27.14583333333333,0.9,-0.8999999999999986,0.0,Tiruchirappalli,29.0,0.0
2024-02-13 15:00:00,26.3,75,0.0,1006.1,15.1,24.5,88,91,15,13,2,1,44,28.5,0.0,30.6,0.0,33.0,0.0,27.0,0.0,26.2,0.0,29.866666666666664,0.0,30.666666666666668,0.8999999999999999,27.15,0.9,-2.2,0.0,Tiruchirappalli,28.1,0.0
2024-02-13 16:00:00,25.2,81,0.1,1006.7,11.9,20.2,87,90,16,13,2,1,44,26.3,0.0,29.4,0.0,32.5,0.0,29.1,0.0,25.3,0.0,28.649999999999995,0.0999999999999999,30.341666666666665,1.0,27.14583333333333,1.0,-1.1000000000000014,0.1,Tiruchirappalli,26.7,0.0
2024-02-13 17:00:00,24.9,85,0.0,1006.7,10.6,19.2,77,80,17,13,2,1,44,25.2,0.1,28.5,0.0,31.9,0.0,30.6,0.2,24.3,0.0,27.48333333333333,0.0999999999999999,29.866666666666664,0.8,27.17083333333333,1.0,-0.3000000000000007,-0.1,Tiruchirappalli,25.9,0.0
2024-02-13 18:00:00,24.5,88,0.0,1006.7,9.4,18.3,70,72,18,13,2,1,44,24.9,0.0,26.3,0.0,30.6,0.0,31.2,0.4,23.8,0.0,26.46666666666667,0.0999999999999999,29.308333333333337,0.3999999999999999,27.200000000000003,1.0,-0.3999999999999986,0.0,Tiruchirappalli,25.2,0.0
2024-02-13 19:00:00,24.3,90,0.0,1005.9,9.6,18.2,56,56,19,13,2,1,44,24.5,0.0,25.2,0.1,29.4,0.0,32.1,0.2,23.2,0.0,25.61666666666667,0.0999999999999999,28.65833333333333,0.1999999999999999,27.245833333333334,1.0,-0.1999999999999993,0.0,Tiruchirappalli,24.5,0.0
2024-02-13 20:00:00,24.2,91,0.0,1005.3,10.5,20.5,56,59,20,13,2,1,44,24.3,0.0,24.9,0.0,28.5,0.0,32.8,0.1,22.6,0.0,24.9,0.0999999999999999,27.941666666666663,0.0999999999999999,27.3125,1.0,-0.1000000000000014,0.0,Tiruchirappalli,23.9,0.0
2024-02-13 21:00:00,24.1,90,0.0,1004.6,9.9,19.9,44,46,21,13,2,1,44,24.2,0.0,24.5,0.0,26.3,0.0,33.0,0.0,22.3,0.0,24.53333333333333,0.0999999999999999,27.2,0.0999999999999999,27.387500000000003,1.0,-0.0999999999999978,0.0,Tiruchirappalli,23.4,0.0
2024-02-13 22:00:00,23.8,89,0.0,1004.5,9.2,18.6,41,45,22,13,2,1,44,24.1,0.0,24.3,0.0,25.2,0.1,32.5,0.0,22.4,0.0,24.3,0.0,26.475,0.0999999999999999,27.445833333333336,1.0,-0.3000000000000007,0.0,Tiruchirappalli,23.0,0.0
2024-02-13 23:00:00,23.7,90,0.0,1004.4,9.4,19.2,38,43,23,13,2,1,44,23.8,0.0,24.2,0.0,24.9,0.0,31.9,0.0,22.4,0.0,24.1,0.0,25.791666666666668,0.0999999999999999,27.5,1.0,-0.1000000000000014,0.0,Tiruchirappalli,23.6,0.0
2024-02-14 00:00:00,23.8,90,0.0,1004.8,10.8,21.0,35,37,0,14,2,2,45,23.7,0.0,24.1,0.0,24.5,0.0,30.6,0.0,22.3,0.0,23.98333333333333,0.0,25.225,0.0999999999999999,27.5625,1.0,0.1000000000000014,0.0,Tiruchirappalli,23.7,0.0
2024-02-14 01:00:00,24.4,89,0.0,1005.3,12.8,23.7,30,32,1,14,2,2,45,23.8,0.0,23.8,0.0,24.3,0.0,29.4,0.0,23.5,0.0,24.0,0.0,24.808333333333334,0.0999999999999999,27.6,1.0,0.5999999999999979,0.0,Tiruchirappalli,24.9,0.0
2024-02-14 02:00:00,25.4,84,0.0,1006.2,14.3,22.5,41,45,2,14,2,2,45,24.4,0.0,23.7,0.0,24.2,0.0,28.5,0.0,24.5,0.0,24.2,0.0,24.55,0.0999999999999999,27.6375,1.0,1.0,0.0,Tiruchirappalli,25.4,0.0
2024-02-14 03:00:00,26.8,77,0.1,1007.1,15.9,21.9,49,51,3,14,2,2,45,25.4,0.0,23.8,0.0,24.1,0.0,26.3,0.0,27.0,0.0,24.65,0.0999999999999999,24.59166666666667,0.1999999999999999,27.629166666666663,1.1,1.400000000000002,0.1,Tiruchirappalli,26.6,0.1
2024-02-14 04:00:00,28.5,68,0.1,1007.5,15.6,21.3,51,52,4,14,2,2,45,26.8,0.1,24.4,0.0,23.8,0.0,25.2,0.1,29.1,0.0,25.433333333333334,0.1999999999999999,24.866666666666664,0.1999999999999999,27.604166666666668,1.2000000000000002,1.6999999999999993,0.0,Tiruchirappalli,28.5,0.1
2024-02-14 05:00:00,30.3,58,0.0,1006.9,15.9,21.3,53,52,5,14,2,2,45,28.5,0.1,25.4,0.0,23.7,0.0,24.9,0.0,30.6,0.2,26.53333333333333,0.1999999999999999,25.316666666666663,0.1999999999999999,27.591666666666665,1.0,1.8000000000000007,-0.1,Tiruchirappalli,30.6,0.0
2024-02-14 06:00:00,32.2,49,0.0,1005.7,16.3,21.5,55,55,6,14,2,2,45,30.3,0.0,26.8,0.1,23.8,0.0,24.5,0.0,31.2,0.4,27.933333333333334,0.1999999999999999,25.95833333333333,0.1999999999999999,27.633333333333336,0.6,1.900000000000002,0.0,Tiruchirappalli,31.9,0.0
2024-02-14 07:00:00,33.4,44,0.0,1004.6,15.9,21.1,57,57,7,14,2,2,45,32.2,0.0,28.5,0.1,24.4,0.0,24.3,0.0,32.1,0.2,29.433333333333334,0.1999999999999999,26.71666666666667,0.1999999999999999,27.6875,0.4,1.1999999999999955,0.0,Tiruchirappalli,32.3,0.1
2024-02-14 08:00:00,34.2,40,0.0,1003.2,17.0,22.8,59,58,8,14,2,2,45,33.4,0.0,30.3,0.0,25.4,0.0,24.2,0.0,32.8,0.1,30.9,0.1999999999999999,27.55,0.1999999999999999,27.745833333333337,0.3,0.8000000000000043,0.0,Tiruchirappalli,33.1,0.0
2024-02-14 09:00:00,34.2,39,0.0,1002.3,16.7,22.2,58,57,9,14,2,2,45,34.2,0.0,32.2,0.0,26.8,0.1,24.1,0.0,33.0,0.0,32.13333333333333,0.0999999999999999,28.391666666666666,0.1999999999999999,27.79583333333333,0.3,0.0,0.0,Tiruchirappalli,33.5,0.0
2024-02-14 10:00:00,34.2,36,0.0,1001.6,17.7,24.0,64,63,10,14,2,2,45,34.2,0.0,33.4,0.0,28.5,0.1,23.8,0.0,32.5,0.0,33.083333333333336,0.0,29.258333333333336,0.1999999999999999,27.86666666666667,0.3,0.0,0.0,Tiruchirappalli,33.3,0.0
2024-02-14 11:00:00,33.1,34,0.0,1001.6,19.3,26.8,66,66,11,14,2,2,45,34.2,0.0,34.2,0.0,30.3,0.0,23.7,0.0,31.9,0.0,33.550000000000004,0.0,30.041666666666668,0.1999999999999999,27.916666666666668,0.3,-1.1000000000000014,0.0,Tiruchirappalli,33.2,0.0
2024-02-14 12:00:00,31.6,37,0.0,1002.1,19.2,28.2,65,64,12,14,2,2,45,33.1,0.0,34.2,0.0,32.2,0.0,23.8,0.0,30.6,0.0,33.45,0.0,30.691666666666663,0.1999999999999999,27.95833333333333,0.3,-1.5,0.0,Tiruchirappalli,32.4,0.0
2024-02-14 13:00:00,29.5,46,0.0,1003.4,11.9,22.7,65,65,13,14,2,2,45,31.6,0.0,34.2,0.0,33.4,0.0,24.4,0.0,29.4,0.0,32.800000000000004,0.0,31.11666666666667,0.1999999999999999,27.962499999999995,0.3,-2.1000000000000014,0.0,Tiruchirappalli,30.8,0.0
2024-02-14 14:00:00,28.3,52,0.0,1004.2,13.2,25.6,66,68,14,14,2,2,45,29.5,0.0,33.1,0.0,34.2,0.0,25.4,0.0,28.5,0.0,31.816666666666663,0.0,31.35833333333333,0.1999999999999999,27.954166666666666,0.3,-1.1999999999999993,0.0,Tiruchirappalli,29.8,0.0
2024-02-14 15:00:00,27.1,59,0.0,1005.2,12.2,25.1,69,71,15,14,2,2,45,28.3,0.0,31.6,0.0,34.2,0.0,26.8,0.1,26.3,0.0,30.633333333333336,0.0,31.38333333333333,0.0999999999999999,27.9875,0.3,-1.1999999999999993,0.0,Tiruchirappalli,28.7,0.0
2024-02-14 16:00:00,25.9,70,0.0,1005.7,12.3,24.9,72,75,16,14,2,2,45,27.1,0.0,29.5,0.0,34.2,0.0,28.5,0.1,25.2,0.1,29.25,0.0,31.16666666666667,0.0,28.016666666666666,0.2,-1.2000000000000028,0.0,Tiruchirappalli,27.1,0.0
2024-02-14 17:00:00,25.0,80,0.0,1005.8,11.5,23.6,74,76,17,14,2,2,45,25.9,0.0,28.3,0.0,33.1,0.0,30.3,0.0,24.9,0.0,27.899999999999995,0.0,30.725000000000005,0.0,28.02083333333333,0.2,-0.8999999999999986,0.0,Tiruchirappalli,25.8,0.0
2024-02-14 18:00:00,24.3,87,0.0,1005.9,10.1,21.2,72,73,18,14,2,2,45,25.0,0.0,27.1,0.0,31.6,0.0,32.2,0.0,24.5,0.0,26.683333333333334,0.0,30.066666666666663,0.0,28.0125,0.2,-0.6999999999999993,0.0,Tiruchirappalli,24.9,0.0
2024-02-14 19:00:00,23.7,93,0.0,1005.5,8.6,18.9,59,57,19,14,2,2,45,24.3,0.0,25.9,0.0,29.5,0.0,33.4,0.0,24.3,0.0,25.716666666666665,0.0,29.258333333333336,0.0,27.9875,0.2,-0.6000000000000014,0.0,Tiruchirappalli,24.4,0.0
2024-02-14 20:00:00,23.2,96,0.0,1004.7,7.9,17.6,49,47,20,14,2,2,45,23.7,0.0,25.0,0.0,28.3,0.0,34.2,0.0,24.2,0.0,24.866666666666664,0.0,28.34166666666667,0.0,27.94583333333333,0.2,-0.5,0.0,Tiruchirappalli,23.7,0.0
2024-02-14 21:00:00,22.8,98,0.0,1004.2,7.9,17.9,40,39,21,14,2,2,45,23.2,0.0,24.3,0.0,27.1,0.0,34.2,0.0,24.1,0.0,24.15,0.0,27.39166666666667,0.0,27.891666666666666,0.2,-0.3999999999999986,0.0,Tiruchirappalli,23.3,0.0
2024-02-14 22:00:00,22.6,98,0.0,1003.8,8.4,18.5,37,40,22,14,2,2,45,22.8,0.0,23.7,0.0,25.9,0.0,34.2,0.0,23.8,0.0,23.6,0.0,26.425,0.0,27.84166666666667,0.2,-0.1999999999999993,0.0,Tiruchirappalli,22.7,0.0
2024-02-14 23:00:00,22.5,97,0.0,1003.8,8.7,18.9,39,45,23,14,2,2,45,22.6,0.0,23.2,0.0,25.0,0.0,33.1,0.0,23.7,0.0,23.183333333333334,0.0,25.541666666666668,0.0,27.791666666666668,0.2,-0.1000000000000014,0.0,Tiruchirappalli,22.7,0.0
2024-02-15 00:00:00,22.6,95,0.0,1004.2,9.4,19.1,41,50,0,15,2,3,46,22.5,0.0,22.8,0.0,24.3,0.0,31.6,0.0,23.8,0.0,22.9,0.0,24.791666666666668,0.0,27.741666666666664,0.2,0.1000000000000014,0.0,Tiruchirappalli,22.8,0.0
2024-02-15 01:00:00,24.2,92,0.0,1005.1,10.4,18.4,35,34,1,15,2,3,46,22.6,0.0,22.6,0.0,23.7,0.0,29.5,0.0,24.4,0.0,22.98333333333333,0.0,24.35,0.0,27.73333333333333,0.2,1.599999999999998,0.0,Tiruchirappalli,24.2,0.0
2024-02-15 02:00:00,24.9,86,0.1,1006.0,12.9,18.5,37,36,2,15,2,3,46,24.2,0.0,22.5,0.0,23.2,0.0,28.3,0.0,25.4,0.0,23.26666666666667,0.0999999999999999,24.066666666666663,0.0999999999999999,27.7125,0.3,0.6999999999999993,0.1,Tiruchirappalli,25.0,0.0
2024-02-15 03:00:00,26.3,77,0.1,1006.8,13.0,17.9,40,39,3,15,2,3,46,24.9,0.1,22.6,0.0,22.8,0.0,27.1,0.0,26.8,0.1,23.85,0.1999999999999999,24.0,0.1999999999999999,27.691666666666663,0.3,1.400000000000002,0.0,Tiruchirappalli,26.6,0.2
2024-02-15 04:00:00,28.1,67,0.0,1007.1,12.8,16.6,41,40,4,15,2,3,46,26.3,0.1,24.2,0.0,22.6,0.0,25.9,0.0,28.5,0.1,24.766666666666666,0.1999999999999999,24.183333333333334,0.1999999999999999,27.675,0.2,1.8000000000000007,-0.1,Tiruchirappalli,28.5,0.1
2024-02-15 05:00:00,29.5,61,0.1,1007.1,15.3,20.1,46,47,5,15,2,3,46,28.1,0.0,24.9,0.1,22.5,0.0,25.0,0.0,30.3,0.0,25.933333333333334,0.2999999999999999,24.558333333333334,0.2999999999999999,27.641666666666666,0.3,1.3999999999999986,0.1,Tiruchirappalli,30.8,0.0
2024-02-15 06:00:00,30.8,54,0.1,1006.0,16.1,21.4,49,50,6,15,2,3,46,29.5,0.1,26.3,0.1,22.6,0.0,24.3,0.0,32.2,0.0,27.3,0.3999999999999999,25.1,0.3999999999999999,27.58333333333333,0.4,1.3000000000000007,0.0,Tiruchirappalli,32.4,0.0
2024-02-15 07:00:00,32.7,46,0.0,1004.7,18.0,23.9,53,53,7,15,2,3,46,30.8,0.1,28.1,0.0,24.2,0.0,23.7,0.0,33.4,0.0,28.71666666666667,0.3999999999999999,25.85,0.3999999999999999,27.554166666666664,0.4,1.900000000000002,-0.1,Tiruchirappalli,33.7,0.0
2024-02-15 08:00:00,32.7,44,0.0,1003.6,18.4,24.6,52,51,8,15,2,3,46,32.7,0.0,29.5,0.1,24.9,0.1,23.2,0.0,34.2,0.0,30.01666666666667,0.2999999999999999,26.641666666666666,0.3999999999999999,27.491666666666664,0.4,0.0,0.0,Tiruchirappalli,34.4,0.0
2024-02-15 09:00:00,33.3,42,0.0,1002.5,17.3,23.0,55,54,9,15,2,3,46,32.7,0.0,30.8,0.1,26.3,0.1,22.8,0.0,34.2,0.0,31.183333333333337,0.1999999999999999,27.516666666666666,0.3999999999999999,27.45416666666667,0.4,0.5999999999999943,0.0,Tiruchirappalli,34.5,0.0
2024-02-15 10:00:00,33.5,40,0.0,1001.9,16.6,22.6,56,56,10,15,2,3,46,33.3,0.0,32.7,0.0,28.1,0.0,22.6,0.0,34.2,0.0,32.083333333333336,0.1999999999999999,28.425,0.3999999999999999,27.425,0.4,0.2000000000000028,0.0,Tiruchirappalli,34.4,0.0
2024-02-15 11:00:00,32.8,40,0.0,1002.1,16.8,22.9,62,62,11,15,2,3,46,33.5,0.0,32.7,0.0,29.5,0.1,22.5,0.0,33.1,0.0,32.63333333333333,0.0999999999999999,29.28333333333333,0.3999999999999999,27.4125,0.4,-0.7000000000000028,0.0,Tiruchirappalli,33.8,0.0
2024-02-15 12:00:00,31.2,41,0.0,1002.6,17.9,25.7,68,68,12,15,2,3,46,32.8,0.0,33.3,0.0,30.8,0.1,22.6,0.0,31.6,0.0,32.7,0.0,30.0,0.3999999999999999,27.39583333333333,0.4,-1.599999999999998,0.0,Tiruchirappalli,33.4,0.0
2024-02-15 13:00:00,29.4,50,0.0,1003.4,15.8,26.0,68,69,13,15,2,3,46,31.2,0.0,33.5,0.0,32.7,0.0,24.2,0.0,29.5,0.0,32.15,0.0,30.433333333333334,0.3999999999999999,27.39166666666667,0.4,-1.8000000000000007,0.0,Tiruchirappalli,30.5,0.0
2024-02-15 14:00:00,27.9,56,0.0,1004.4,15.0,26.3,68,69,14,15,2,3,46,29.4,0.0,32.8,0.0,32.7,0.0,24.9,0.1,28.3,0.0,31.35,0.0,30.683333333333334,0.2999999999999999,27.375,0.4,-1.5,0.0,Tiruchirappalli,29.4,0.0
2024-02-15 15:00:00,26.6,63,0.0,1005.4,14.0,25.8,63,64,15,15,2,3,46,27.9,0.0,31.2,0.0,33.3,0.0,26.3,0.1,27.1,0.0,30.23333333333333,0.0,30.70833333333333,0.1999999999999999,27.354166666666668,0.4,-1.2999999999999972,0.0,Tiruchirappalli,28.2,0.0
2024-02-15 16:00:00,25.5,72,0.0,1005.8,13.4,25.3,66,66,16,15,2,3,46,26.6,0.0,29.4,0.0,33.5,0.0,28.1,0.0,25.9,0.0,28.899999999999995,0.0,30.491666666666664,0.1999999999999999,27.3375,0.4,-1.1000000000000014,0.0,Tiruchirappalli,27.0,0.0
2024-02-15 17:00:00,24.7,80,0.0,1006.0,12.6,24.2,62,63,17,15,2,3,46,25.5,0.0,27.9,0.0,32.8,0.0,29.5,0.1,25.0,0.0,27.55,0.0,30.09166666666667,0.0999999999999999,27.325,0.4,-0.8000000000000007,0.0,Tiruchirappalli,26.4,0.0
2024-02-15 18:00:00,24.3,84,0.0,1005.9,11.5,22.9,57,58,18,15,2,3,46,24.7,0.0,26.6,0.0,31.2,0.0,30.8,0.1,24.3,0.0,26.4,0.0,29.55,0.0,27.325000000000003,0.4,-0.3999999999999986,0.0,Tiruchirappalli,25.7,0.0
2024-02-15 19:00:00,23.9,87,0.0,1005.4,10.3,21.1,63,65,19,15,2,3,46,24.3,0.0,25.5,0.0,29.4,0.0,32.7,0.0,23.7,0.0,25.48333333333333,0.0,28.816666666666663,0.0,27.33333333333333,0.4,-0.4000000000000021,0.0,Tiruchirappalli,25.1,0.0
2024-02-15 20:00:00,23.4,90,0.0,1005.1,9.2,19.5,52,51,20,15,2,3,46,23.9,0.0,24.7,0.0,27.9,0.0,32.7,0.0,23.2,0.0,24.73333333333333,0.0,28.041666666666668,0.0,27.34166666666667,0.4,-0.5,0.0,Tiruchirappalli,24.2,0.0
2024-02-15 21:00:00,23.3,91,0.0,1004.5,9.2,19.4,48,51,21,15,2,3,46,23.4,0.0,24.3,0.0,26.6,0.0,33.3,0.0,22.8,0.0,24.183333333333334,0.0,27.20833333333333,0.0,27.3625,0.4,-0.0999999999999978,0.0,Tiruchirappalli,24.3,0.0
2024-02-15 22:00:00,23.2,92,0.0,1004.3,9.4,19.4,43,43,22,15,2,3,46,23.3,0.0,23.9,0.0,25.5,0.0,33.5,0.0,22.6,0.0,23.8,0.0,26.35,0.0,27.3875,0.4,-0.1000000000000014,0.0,Tiruchirappalli,23.8,0.0
2024-02-15 23:00:00,23.1,92,0.0,1004.3,9.5,19.9,35,37,23,15,2,3,46,23.2,0.0,23.4,0.0,24.7,0.0,32.8,0.0,22.5,0.0,23.53333333333333,0.0,25.541666666666668,0.0,27.4125,0.4,-0.0999999999999978,0.0,Tiruchirappalli,22.7,0.0
2024-02-16 00:00:00,23.8,87,0.0,1004.9,11.5,20.6,33,32,0,16,2,4,47,23.1,0.0,23.3,0.0,24.3,0.0,31.2,0.0,22.6,0.0,23.45,0.0,24.925,0.0,27.4625,0.4,0.6999999999999993,0.0,Tiruchirappalli,22.3,0.0
2024-02-16 01:00:00,23.3,94,0.0,1005.5,8.2,19.1,32,38,1,16,2,4,47,23.8,0.0,23.2,0.0,23.9,0.0,29.4,0.0,24.2,0.0,23.35,0.0,24.416666666666668,0.0,27.425,0.4,-0.5,0.0,Tiruchirappalli,23.3,0.0
2024-02-16 02:00:00,24.6,87,0.0,1006.4,12.0,19.2,30,33,2,16,2,4,47,23.3,0.0,23.1,0.0,23.4,0.0,27.9,0.0,24.9,0.1,23.55,0.0,24.141666666666666,0.0,27.4125,0.3,1.3000000000000007,0.0,Tiruchirappalli,24.6,0.0
2024-02-16 03:00:00,26.4,77,0.1,1007.3,14.6,20.6,36,38,3,16,2,4,47,24.6,0.0,23.8,0.0,23.3,0.0,26.6,0.0,26.3,0.1,24.066666666666663,0.0999999999999999,24.125,0.0999999999999999,27.416666666666668,0.3,1.7999999999999972,0.1,Tiruchirappalli,26.7,0.0
2024-02-16 04:00:00,27.6,71,0.3,1007.7,16.5,22.1,44,46,4,16,2,4,47,26.4,0.1,23.3,0.0,23.2,0.0,25.5,0.0,28.1,0.0,24.8,0.3999999999999999,24.3,0.3999999999999999,27.39583333333333,0.6,1.2000000000000028,0.1999999999999999,Tiruchirappalli,28.8,0.0
2024-02-16 05:00:00,29.4,62,0.3,1007.6,16.1,21.7,50,50,5,16,2,4,47,27.6,0.3,24.6,0.0,23.1,0.0,24.7,0.0,29.5,0.1,25.85,0.6999999999999998,24.691666666666663,0.6999999999999998,27.39166666666667,0.8,1.7999999999999972,0.0,Tiruchirappalli,30.6,0.0
2024-02-16 06:00:00,31.4,53,0.0,1006.4,15.9,21.3,53,52,6,16,2,4,47,29.4,0.3,26.4,0.1,23.8,0.0,24.3,0.0,30.8,0.1,27.11666666666667,0.6999999999999998,25.28333333333333,0.6999999999999998,27.416666666666668,0.7,2.0,-0.3,Tiruchirappalli,32.2,0.0
2024-02-16 07:00:00,32.7,47,0.0,1005.4,15.5,20.5,59,59,7,16,2,4,47,31.4,0.0,27.6,0.3,23.3,0.0,23.9,0.0,32.7,0.0,28.683333333333337,0.6999999999999998,26.016666666666666,0.6999999999999998,27.416666666666668,0.7,1.3000000000000045,0.0,Tiruchirappalli,33.7,0.0
2024-02-16 08:00:00,33.3,43,0.0,1004.1,14.8,20.0,67,67,8,16,2,4,47,32.7,0.0,29.4,0.3,24.6,0.0,23.4,0.0,32.7,0.0,30.133333333333336,0.6999999999999998,26.84166666666667,0.6999999999999998,27.441666666666663,0.7,0.5999999999999943,0.0,Tiruchirappalli,34.6,0.0
2024-02-16 09:00:00,33.9,41,0.0,1002.9,15.4,20.5,68,69,9,16,2,4,47,33.3,0.0,31.4,0.0,26.4,0.1,23.3,0.0,33.3,0.0,31.383333333333336,0.5999999999999999,27.725,0.6999999999999998,27.466666666666665,0.7,0.6000000000000014,0.0,Tiruchirappalli,35.1,0.0
2024-02-16 10:00:00,33.8,41,0.0,1002.2,16.3,21.8,68,68,10,16,2,4,47,33.9,0.0,32.7,0.0,27.6,0.3,23.2,0.0,33.5,0.0,32.416666666666664,0.2999999999999998,28.60833333333333,0.6999999999999998,27.479166666666668,0.7,-0.1000000000000014,0.0,Tiruchirappalli,35.1,0.0
2024-02-16 11:00:00,33.2,41,0.0,1002.3,16.7,22.9,71,71,11,16,2,4,47,33.8,0.0,33.3,0.0,29.4,0.3,23.1,0.0,32.8,0.0,33.050000000000004,0.0,29.45,0.6999999999999998,27.495833333333334,0.7,-0.5999999999999943,0.0,Tiruchirappalli,34.8,0.0
2024-02-16 12:00:00,32.0,43,0.0,1002.8,16.6,23.6,69,68,12,16,2,4,47,33.2,0.0,33.9,0.0,31.4,0.0,23.8,0.0,31.2,0.0,33.15,0.0,30.133333333333336,0.6999999999999998,27.52916666666667,0.7,-1.2000000000000028,0.0,Tiruchirappalli,33.7,0.0
2024-02-16 13:00:00,30.7,47,0.0,1003.5,12.9,21.9,73,72,13,16,2,4,47,32.0,0.0,33.8,0.0,32.7,0.0,23.3,0.0,29.4,0.0,32.81666666666666,0.0,30.75,0.6999999999999998,27.58333333333333,0.7,-1.3000000000000007,0.0,Tiruchirappalli,31.6,0.0
2024-02-16 14:00:00,29.3,53,0.0,1004.5,14.4,24.9,68,68,14,16,2,4,47,30.7,0.0,33.2,0.0,33.3,0.0,24.6,0.0,27.9,0.0,32.15,0.0,31.141666666666666,0.6999999999999998,27.641666666666666,0.7,-1.3999999999999986,0.0,Tiruchirappalli,30.1,0.0
2024-02-16 15:00:00,27.7,60,0.0,1005.3,14.7,26.2,72,73,15,16,2,4,47,29.3,0.0,32.0,0.0,33.9,0.0,26.4,0.1,26.6,0.0,31.116666666666664,0.0,31.25,0.5999999999999999,27.6875,0.7,-1.6000000000000014,0.0,Tiruchirappalli,29.0,0.0
2024-02-16 16:00:00,26.5,69,0.0,1005.9,13.7,24.8,71,72,16,16,2,4,47,27.7,0.0,30.7,0.0,33.8,0.0,27.6,0.3,25.5,0.0,29.9,0.0,31.15833333333333,0.2999999999999998,27.729166666666668,0.7,-1.1999999999999993,0.0,Tiruchirappalli,28.1,0.0
2024-02-16 17:00:00,25.4,76,0.0,1006.2,11.8,23.0,65,67,17,16,2,4,47,26.5,0.0,29.3,0.0,33.2,0.0,29.4,0.3,24.7,0.0,28.6,0.0,30.825000000000003,0.0,27.758333333333336,0.7,-1.1000000000000014,0.0,Tiruchirappalli,26.9,0.0
2024-02-16 18:00:00,24.7,82,0.0,1006.0,10.2,20.9,58,58,18,16,2,4,47,25.4,0.0,27.7,0.0,32.0,0.0,31.4,0.0,24.3,0.0,27.38333333333333,0.0,30.266666666666666,0.0,27.774999999999995,0.7,-0.6999999999999993,0.0,Tiruchirappalli,25.8,0.0
2024-02-16 19:00:00,24.0,87,0.0,1005.6,9.2,19.6,49,48,19,16,2,4,47,24.7,0.0,26.5,0.0,30.7,0.0,32.7,0.0,23.9,0.0,26.266666666666666,0.0,29.541666666666668,0.0,27.779166666666665,0.7,-0.6999999999999993,0.0,Tiruchirappalli,25.0,0.0
2024-02-16 20:00:00,23.4,90,0.0,1004.7,9.2,19.9,42,45,20,16,2,4,47,24.0,0.0,25.4,0.0,29.3,0.0,33.3,0.0,23.4,0.0,25.28333333333333,0.0,28.716666666666665,0.0,27.77916666666667,0.7,-0.6000000000000014,0.0,Tiruchirappalli,24.4,0.0
2024-02-16 21:00:00,23.0,91,0.0,1004.1,9.4,20.9,44,50,21,16,2,4,47,23.4,0.0,24.7,0.0,27.7,0.0,33.9,0.0,23.3,0.0,24.5,0.0,27.808333333333334,0.0,27.76666666666667,0.7,-0.3999999999999986,0.0,Tiruchirappalli,24.3,0.0
2024-02-16 22:00:00,22.7,90,0.0,1003.5,10.2,21.7,42,48,22,16,2,4,47,23.0,0.0,24.0,0.0,26.5,0.0,33.8,0.0,23.2,0.0,23.866666666666664,0.0,26.88333333333333,0.0,27.745833333333334,0.7,-0.3000000000000007,0.0,Tiruchirappalli,24.1,0.0
2024-02-16 23:00:00,22.6,87,0.0,1003.5,10.7,22.5,39,45,23,16,2,4,47,22.7,0.0,23.4,0.0,25.4,0.0,33.2,0.0,23.1,0.0,23.4,0.0,26.0,0.0,27.725,0.7,-0.0999999999999978,0.0,Tiruchirappalli,23.7,0.0
2024-02-17 00:00:00,22.4,84,0.0,1003.7,10.2,22.6,37,45,0,17,2,5,48,22.6,0.0,23.0,0.0,24.7,0.0,32.0,0.0,23.8,0.0,23.016666666666666,0.0,25.2,0.0,27.666666666666668,0.7,-0.2000000000000028,0.0,Tiruchirappalli,23.5,0.0
2024-02-17 01:00:00,23.2,81,0.0,1004.5,8.4,19.6,36,47,1,17,2,5,48,22.4,0.0,22.7,0.0,24.0,0.0,30.7,0.0,23.3,0.0,22.883333333333336,0.0,24.575000000000003,0.0,27.6625,0.7,0.8000000000000007,0.0,Tiruchirappalli,24.3,0.0
2024-02-17 02:00:00,24.4,75,0.0,1005.2,8.8,19.7,38,55,2,17,2,5,48,23.2,0.0,22.6,0.0,23.4,0.0,29.3,0.0,24.6,0.0,23.05,0.0,24.166666666666668,0.0,27.65416666666667,0.7,1.1999999999999993,0.0,Tiruchirappalli,25.5,0.0
2024-02-17 03:00:00,26.8,65,0.0,1005.9,11.8,16.8,35,38,3,17,2,5,48,24.4,0.0,22.4,0.0,23.0,0.0,27.7,0.0,26.4,0.1,23.683333333333334,0.0,24.09166666666667,0.0,27.67083333333333,0.5999999999999999,2.400000000000002,0.0,Tiruchirappalli,28.0,0.0
2024-02-17 04:00:00,29.1,56,0.0,1006.3,15.1,20.3,33,33,4,17,2,5,48,26.8,0.0,23.2,0.0,22.7,0.0,26.5,0.0,27.6,0.3,24.75,0.0,24.308333333333334,0.0,27.73333333333333,0.3,2.3000000000000007,0.0,Tiruchirappalli,30.2,0.0
2024-02-17 05:00:00,30.9,48,0.0,1005.7,14.6,19.4,40,40,5,17,2,5,48,29.1,0.0,24.4,0.0,22.6,0.0,25.4,0.0,29.4,0.3,26.133333333333336,0.0,24.766666666666666,0.0,27.79583333333333,0.0,1.7999999999999972,0.0,Tiruchirappalli,32.2,0.0
2024-02-17 06:00:00,32.2,45,0.0,1004.9,14.5,19.4,47,46,6,17,2,5,48,30.9,0.0,26.8,0.0,22.4,0.0,24.7,0.0,31.4,0.0,27.766666666666666,0.0,25.391666666666666,0.0,27.829166666666666,0.0,1.3000000000000045,0.0,Tiruchirappalli,33.9,0.0
2024-02-17 07:00:00,33.3,42,0.0,1003.7,15.1,19.7,52,52,7,17,2,5,48,32.2,0.0,29.1,0.0,23.2,0.0,24.0,0.0,32.7,0.0,29.45,0.0,26.166666666666668,0.0,27.854166666666668,0.0,1.0999999999999943,0.0,Tiruchirappalli,34.7,0.0
2024-02-17 08:00:00,34.0,39,0.0,1002.4,15.3,20.3,60,60,8,17,2,5,48,33.3,0.0,30.9,0.0,24.4,0.0,23.4,0.0,33.3,0.0,31.05,0.0,27.05,0.0,27.88333333333333,0.0,0.7000000000000028,0.0,Tiruchirappalli,35.5,0.0
2024-02-17 09:00:00,34.3,37,0.0,1001.4,16.5,21.7,69,70,9,17,2,5,48,34.0,0.0,32.2,0.0,26.8,0.0,23.0,0.0,33.9,0.0,32.3,0.0,27.991666666666664,0.0,27.9,0.0,0.2999999999999971,0.0,Tiruchirappalli,35.7,0.0
2024-02-17 10:00:00,33.8,39,0.0,1000.8,16.1,21.1,70,70,10,17,2,5,48,34.3,0.0,33.3,0.0,29.1,0.0,22.7,0.0,33.8,0.0,33.083333333333336,0.0,28.916666666666668,0.0,27.9,0.0,-0.5,0.0,Tiruchirappalli,35.6,0.0
2024-02-17 11:00:00,33.3,40,0.0,1000.8,15.1,20.3,77,78,11,17,2,5,48,33.8,0.0,34.0,0.0,30.9,0.0,22.6,0.0,33.2,0.0,33.48333333333333,0.0,29.808333333333334,0.0,27.90416666666667,0.0,-0.5,0.0,Tiruchirappalli,35.2,0.0
2024-02-17 12:00:00,32.2,42,0.0,1001.5,15.0,21.3,79,79,12,17,2,5,48,33.3,0.0,34.3,0.0,32.2,0.0,22.4,0.0,32.0,0.0,33.48333333333333,0.0,30.625,0.0,27.9125,0.0,-1.0999999999999943,0.0,Tiruchirappalli,34.3,0.0
2024-02-17 13:00:00,30.9,50,0.0,1001.9,12.0,21.0,83,83,13,17,2,5,48,32.2,0.0,33.8,0.0,33.3,0.0,23.2,0.0,30.7,0.0,33.08333333333333,0.0,31.266666666666666,0.0,27.92083333333333,0.0,-1.3000000000000045,0.0,Tiruchirappalli,31.2,0.0
2024-02-17 14:00:00,29.6,53,0.0,1003.0,14.0,25.8,77,78,14,17,2,5,48,30.9,0.0,33.3,0.0,34.0,0.0,24.4,0.0,29.3,0.0,32.35,0.0,31.7,0.0,27.933333333333334,0.0,-1.2999999999999972,0.0,Tiruchirappalli,29.8,0.0
2024-02-17 15:00:00,28.5,58,0.0,1004.1,15.2,26.9,82,83,15,17,2,5,48,29.6,0.0,32.2,0.0,34.3,0.0,26.8,0.0,27.7,0.0,31.383333333333336,0.0,31.841666666666665,0.0,27.966666666666665,0.0,-1.1000000000000014,0.0,Tiruchirappalli,29.0,0.0
2024-02-17 16:00:00,27.0,70,0.0,1004.8,13.3,24.2,79,77,16,17,2,5,48,28.5,0.0,30.9,0.0,33.8,0.0,29.1,0.0,26.5,0.0,30.25,0.0,31.666666666666668,0.0,27.9875,0.0,-1.5,0.0,Tiruchirappalli,28.1,0.0
2024-02-17 17:00:00,25.8,80,0.0,1005.1,11.8,22.3,72,70,17,17,2,5,48,27.0,0.0,29.6,0.0,33.3,0.0,30.9,0.0,25.4,0.0,29.0,0.0,31.241666666666664,0.0,28.004166666666663,0.0,-1.1999999999999993,0.0,Tiruchirappalli,27.5,0.0
2024-02-17 18:00:00,24.8,87,0.0,1004.7,10.2,19.9,58,58,18,17,2,5,48,25.8,0.0,28.5,0.0,32.2,0.0,32.2,0.0,24.7,0.0,27.76666666666667,0.0,30.625,0.0,28.008333333333336,0.0,-1.0,0.0,Tiruchirappalli,26.9,0.0
2024-02-17 19:00:00,24.1,92,0.0,1004.3,8.3,18.0,53,56,19,17,2,5,48,24.8,0.0,27.0,0.0,30.9,0.0,33.3,0.0,24.0,0.0,26.633333333333336,0.0,29.85833333333333,0.0,28.012500000000003,0.0,-0.6999999999999993,0.0,Tiruchirappalli,26.3,0.0
2024-02-17 20:00:00,23.5,96,0.0,1003.6,7.3,16.4,52,57,20,17,2,5,48,24.1,0.0,25.8,0.0,29.6,0.0,34.0,0.0,23.4,0.0,25.616666666666664,0.0,28.98333333333333,0.0,28.016666666666666,0.0,-0.6000000000000014,0.0,Tiruchirappalli,25.9,0.0
2024-02-17 21:00:00,23.3,98,0.0,1003.0,7.8,16.6,49,56,21,17,2,5,48,23.5,0.0,24.8,0.0,28.5,0.0,34.3,0.0,23.0,0.0,24.75,0.0,28.066666666666663,0.0,28.029166666666665,0.0,-0.1999999999999993,0.0,Tiruchirappalli,25.4,0.0
2024-02-17 22:00:00,23.5,96,0.0,1002.5,8.3,16.1,50,56,22,17,2,5,48,23.3,0.0,24.1,0.0,27.0,0.0,33.8,0.0,22.7,0.0,24.166666666666668,0.0,27.20833333333333,0.0,28.0625,0.0,0.1999999999999993,0.0,Tiruchirappalli,25.0,0.0
2024-02-17 23:00:00,23.7,95,0.0,1002.5,7.9,13.5,56,60,23,17,2,5,48,23.5,0.0,23.5,0.0,25.8,0.0,33.3,0.0,22.6,0.0,23.816666666666663,0.0,26.40833333333333,0.0,28.10833333333333,0.0,0.1999999999999993,0.0,Tiruchirappalli,24.5,0.0
2024-02-18 00:00:00,24.1,92,0.0,1002.9,9.8,15.5,54,54,0,18,2,6,49,23.7,0.0,23.3,0.0,24.8,0.0,32.2,0.0,22.4,0.0,23.7,0.0,25.73333333333333,0.0,28.17916666666667,0.0,0.4000000000000021,0.0,Tiruchirappalli,23.8,0.0
2024-02-18 01:00:00,24.7,89,0.0,1003.9,8.7,14.6,52,52,1,18,2,6,49,24.1,0.0,23.5,0.0,24.1,0.0,30.9,0.0,23.2,0.0,23.8,0.0,25.216666666666665,0.0,28.241666666666664,0.0,0.5999999999999979,0.0,Tiruchirappalli,26.0,0.0
2024-02-18 02:00:00,25.0,85,0.0,1004.8,8.2,11.6,54,52,2,18,2,6,49,24.7,0.0,23.7,0.0,23.5,0.0,29.6,0.0,24.4,0.0,24.05,0.0,24.83333333333333,0.0,28.266666666666666,0.0,0.3000000000000007,0.0,Tiruchirappalli,26.9,0.0
2024-02-18 03:00:00,26.2,77,0.0,1005.5,8.3,10.9,56,56,3,18,2,6,49,25.0,0.0,24.1,0.0,23.3,0.0,28.5,0.0,26.8,0.0,24.53333333333333,0.0,24.64166666666667,0.0,28.24166666666667,0.0,1.1999999999999993,0.0,Tiruchirappalli,28.7,0.0
2024-02-18 04:00:00,28.3,65,0.0,1005.9,8.8,11.2,57,55,4,18,2,6,49,26.2,0.0,24.7,0.0,23.5,0.0,27.0,0.0,29.1,0.0,25.33333333333333,0.0,24.75,0.0,28.20833333333333,0.0,2.1000000000000014,0.0,Tiruchirappalli,30.7,0.0
2024-02-18 05:00:00,30.1,57,0.0,1005.7,8.7,11.3,53,52,5,18,2,6,49,28.3,0.0,25.0,0.0,23.7,0.0,25.8,0.0,30.9,0.0,26.4,0.0,25.10833333333333,0.0,28.175,0.0,1.8000000000000007,0.0,Tiruchirappalli,32.3,0.1
2024-02-18 06:00:00,31.8,50,0.0,1004.8,9.8,12.4,54,54,6,18,2,6,49,30.1,0.0,26.2,0.0,24.1,0.0,24.8,0.0,32.2,0.0,27.683333333333334,0.0,25.691666666666663,0.0,28.15833333333333,0.0,1.6999999999999993,0.0,Tiruchirappalli,33.6,0.0
2024-02-18 07:00:00,33.3,43,0.0,1003.2,10.6,13.8,62,62,7,18,2,6,49,31.8,0.0,28.3,0.0,24.7,0.0,24.1,0.0,33.3,0.0,29.116666666666664,0.0,26.45833333333333,0.0,28.15833333333333,0.0,1.4999999999999964,0.0,Tiruchirappalli,34.8,0.0
2024-02-18 08:00:00,33.9,39,0.0,1001.8,11.1,14.5,67,65,8,18,2,6,49,33.3,0.0,30.1,0.0,25.0,0.0,23.5,0.0,34.0,0.0,30.6,0.0,27.325000000000003,0.0,28.15416666666667,0.0,0.6000000000000014,0.0,Tiruchirappalli,35.7,0.0
2024-02-18 09:00:00,34.6,36,0.0,1000.8,11.6,15.0,69,68,9,18,2,6,49,33.9,0.0,31.8,0.0,26.2,0.0,23.3,0.0,34.3,0.0,32.0,0.0,28.26666666666667,0.0,28.166666666666668,0.0,0.7000000000000028,0.0,Tiruchirappalli,36.0,0.0
2024-02-18 10:00:00,34.5,35,0.0,1000.2,12.8,16.5,74,74,10,18,2,6,49,34.6,0.0,33.3,0.0,28.3,0.0,23.5,0.0,33.8,0.0,33.03333333333333,0.0,29.183333333333337,0.0,28.195833333333336,0.0,-0.1000000000000014,0.0,Tiruchirappalli,36.3,0.0
2024-02-18 11:00:00,33.8,36,0.0,1000.1,13.3,17.7,77,77,11,18,2,6,49,34.5,0.0,33.9,0.0,30.1,0.0,23.7,0.0,33.3,0.0,33.65,0.0,30.024999999999995,0.0,28.21666666666667,0.0,-0.7000000000000028,0.0,Tiruchirappalli,36.3,0.0
2024-02-18 12:00:00,32.7,39,0.0,1000.3,13.4,19.2,82,82,12,18,2,6,49,33.8,0.0,34.6,0.0,31.8,0.0,24.1,0.0,32.2,0.0,33.800000000000004,0.0,30.741666666666664,0.0,28.2375,0.0,-1.0999999999999943,0.0,Tiruchirappalli,35.3,0.0
2024-02-18 13:00:00,30.1,50,0.0,1001.3,6.6,15.8,55,49,13,18,2,6,49,32.7,0.0,34.5,0.0,33.3,0.0,24.7,0.0,30.9,0.0,33.266666666666666,0.0,31.191666666666663,0.0,28.20416666666667,0.0,-2.6000000000000014,0.0,Tiruchirappalli,33.3,0.0
2024-02-18 14:00:00,29.0,55,0.0,1002.4,9.9,20.9,79,80,14,18,2,6,49,30.1,0.0,33.8,0.0,33.9,0.0,25.0,0.0,29.6,0.0,32.45,0.0,31.525,0.0,28.17916666666667,0.0,-1.1000000000000014,0.0,Tiruchirappalli,30.9,0.0
2024-02-18 15:00:00,28.1,65,0.0,1003.6,16.6,28.1,94,94,15,18,2,6,49,29.0,0.0,32.7,0.0,34.6,0.0,26.2,0.0,28.5,0.0,31.36666666666667,0.0,31.683333333333337,0.0,28.1625,0.0,-0.8999999999999986,0.0,Tiruchirappalli,29.8,0.0
2024-02-18 16:00:00,26.7,77,0.0,1004.4,15.1,25.9,88,87,16,18,2,6,49,28.1,0.0,30.1,0.0,34.5,0.0,28.3,0.0,27.0,0.0,30.066666666666663,0.0,31.55,0.0,28.15,0.0,-1.400000000000002,0.0,Tiruchirappalli,28.9,0.0
2024-02-18 17:00:00,25.9,83,0.0,1004.4,12.3,22.4,85,85,17,18,2,6,49,26.7,0.0,29.0,0.0,33.8,0.0,30.1,0.0,25.8,0.0,28.75,0.0,31.2,0.0,28.154166666666665,0.0,-0.8000000000000007,0.0,Tiruchirappalli,28.2,0.0
2024-02-18 18:00:00,25.2,88,0.0,1004.4,9.8,19.2,84,82,18,18,2,6,49,25.9,0.0,28.1,0.0,32.7,0.0,31.8,0.0,24.8,0.0,27.5,0.0,30.649999999999995,0.0,28.17083333333333,0.0,-0.6999999999999993,0.0,Tiruchirappalli,27.5,0.0
2024-02-18 19:00:00,24.5,92,0.0,1004.2,8.2,17.1,72,67,19,18,2,6,49,25.2,0.0,26.7,0.0,30.1,0.0,33.3,0.0,24.1,0.0,26.566666666666663,0.0,29.916666666666668,0.0,28.1875,0.0,-0.6999999999999993,0.0,Tiruchirappalli,26.7,0.0
2024-02-18 20:00:00,23.9,95,0.0,1003.8,6.9,15.7,53,47,20,18,2,6,49,24.5,0.0,25.9,0.0,29.0,0.0,33.9,0.0,23.5,0.0,25.716666666666665,0.0,29.08333333333333,0.0,28.204166666666666,0.0,-0.6000000000000014,0.0,Tiruchirappalli,26.3,0.0
2024-02-18 21:00:00,23.4,97,0.0,1003.0,5.4,13.8,51,48,21,18,2,6,49,23.9,0.0,25.2,0.0,28.1,0.0,34.6,0.0,23.3,0.0,24.933333333333334,0.0,28.149999999999995,0.0,28.20833333333333,0.0,-0.5,0.0,Tiruchirappalli,25.7,0.0
2024-02-18 22:00:00,23.0,98,0.0,1002.6,4.1,11.8,50,52,22,18,2,6,49,23.4,0.0,24.5,0.0,26.7,0.0,34.5,0.0,23.5,0.0,24.316666666666663,0.0,27.191666666666663,0.0,28.1875,0.0,-0.3999999999999986,0.0,Tiruchirappalli,25.6,0.0
2024-02-18 23:00:00,23.6,96,0.0,1002.8,5.2,10.4,34,34,23,18,2,6,49,23.0,0.0,23.9,0.0,25.9,0.0,33.8,0.0,23.7,0.0,23.933333333333334,0.0,26.34166666666667,0.0,28.183333333333334,0.0,0.6000000000000014,0.0,Tiruchirappalli,25.2,0.0
2024-02-19 00:00:00,23.7,96,0.0,1003.4,6.8,12.1,23,25,0,19,2,0,50,23.6,0.0,23.4,0.0,25.2,0.0,32.7,0.0,24.1,0.0,23.683333333333334,0.0,25.591666666666665,0.0,28.166666666666668,0.0,0.0999999999999978,0.0,Tiruchirappalli,25.4,0.0
2024-02-19 01:00:00,24.9,89,0.0,1004.3,8.2,12.4,36,38,1,19,2,0,50,23.7,0.0,23.0,0.0,24.5,0.0,30.1,0.0,24.7,0.0,23.75,0.0,25.15833333333333,0.0,28.175,0.0,1.1999999999999993,0.0,Tiruchirappalli,25.4,0.0
2024-02-19 02:00:00,25.4,85,0.0,1005.3,9.2,12.7,43,42,2,19,2,0,50,24.9,0.0,23.6,0.0,23.9,0.0,29.0,0.0,25.0,0.0,24.0,0.0,24.85833333333333,0.0,28.191666666666663,0.0,0.5,0.0,Tiruchirappalli,25.9,0.0
2024-02-19 03:00:00,26.6,78,0.1,1006.3,9.3,12.2,56,54,3,19,2,0,50,25.4,0.0,23.7,0.0,23.4,0.0,28.1,0.0,26.2,0.0,24.53333333333333,0.0999999999999998,24.73333333333333,0.0999999999999998,28.20833333333333,0.1,1.2000000000000028,0.1,Tiruchirappalli,27.6,0.0
2024-02-19 04:00:00,28.5,68,0.1,1006.5,9.0,11.9,61,61,4,19,2,0,50,26.6,0.1,24.9,0.0,23.0,0.0,26.7,0.0,28.3,0.0,25.45,0.1999999999999998,24.88333333333333,0.1999999999999998,28.21666666666667,0.2,1.8999999999999984,0.0,Tiruchirappalli,30.3,0.0
2024-02-19 05:00:00,30.6,57,0.0,1006.1,9.4,12.1,73,72,5,19,2,0,50,28.5,0.1,25.4,0.0,23.6,0.0,25.9,0.0,30.1,0.0,26.61666666666667,0.1999999999999998,25.275,0.1999999999999998,28.2375,0.2,2.1000000000000014,-0.1,Tiruchirappalli,30.9,0.6
2024-02-19 06:00:00,31.9,51,0.0,1005.3,11.4,14.3,78,77,6,19,2,0,50,30.6,0.0,26.6,0.1,23.7,0.0,25.2,0.0,31.8,0.0,27.98333333333333,0.1999999999999998,25.83333333333333,0.1999999999999998,28.24166666666667,0.2,1.2999999999999972,0.0,Tiruchirappalli,31.7,0.1
2024-02-19 07:00:00,32.3,50,0.1,1004.1,11.4,14.6,80,79,7,19,2,0,50,31.9,0.0,28.5,0.1,24.9,0.0,24.5,0.0,33.3,0.0,29.21666666666667,0.2999999999999998,26.48333333333333,0.2999999999999998,28.2,0.3,0.3999999999999986,0.1,Tiruchirappalli,32.9,0.1
2024-02-19 08:00:00,33.1,46,0.0,1002.6,11.3,14.6,81,81,8,19,2,0,50,32.3,0.1,30.6,0.0,25.4,0.0,23.9,0.0,33.9,0.0,30.5,0.2999999999999998,27.25,0.2999999999999998,28.166666666666668,0.3,0.8000000000000043,-0.1,Tiruchirappalli,33.7,0.1
2024-02-19 09:00:00,33.5,43,0.0,1001.3,11.5,15.0,73,70,9,19,2,0,50,33.1,0.0,31.9,0.0,26.6,0.1,23.4,0.0,34.6,0.0,31.65,0.1999999999999998,28.09166666666667,0.2999999999999998,28.120833333333334,0.3,0.3999999999999986,0.0,Tiruchirappalli,33.7,0.1
2024-02-19 10:00:00,33.3,41,0.0,1000.6,11.5,14.8,72,70,10,19,2,0,50,33.5,0.0,32.3,0.1,28.5,0.1,23.0,0.0,34.5,0.0,32.45,0.0999999999999998,28.950000000000003,0.2999999999999998,28.07083333333333,0.3,-0.2000000000000028,0.0,Tiruchirappalli,33.5,0.7
2024-02-19 11:00:00,33.2,39,0.0,1000.7,12.4,16.5,67,64,11,19,2,0,50,33.3,0.0,33.1,0.0,30.6,0.0,23.6,0.0,33.8,0.0,32.88333333333333,0.0999999999999998,29.75,0.2999999999999998,28.04583333333333,0.3,-0.0999999999999943,0.0,Tiruchirappalli,32.3,0.9
2024-02-19 12:00:00,32.4,40,0.0,1001.3,12.0,16.8,62,57,12,19,2,0,50,33.2,0.0,33.5,0.0,31.9,0.0,23.7,0.0,32.7,0.0,32.96666666666667,0.0999999999999998,30.475,0.2999999999999998,28.03333333333333,0.3,-0.8000000000000043,0.0,Tiruchirappalli,32.3,0.1
2024-02-19 13:00:00,30.8,46,0.0,1001.7,6.8,16.4,81,72,13,19,2,0,50,32.4,0.0,33.3,0.0,32.3,0.1,24.9,0.0,30.1,0.0,32.71666666666667,0.0,30.96666666666667,0.2999999999999998,28.0625,0.3,-1.599999999999998,0.0,Tiruchirappalli,31.2,0.0
2024-02-19 14:00:00,29.8,48,0.0,1002.9,13.0,24.1,92,90,14,19,2,0,50,30.8,0.0,33.2,0.0,33.1,0.0,25.4,0.0,29.0,0.0,32.166666666666664,0.0,31.33333333333333,0.2999999999999998,28.09583333333333,0.3,-1.0,0.0,Tiruchirappalli,29.8,0.0
2024-02-19 15:00:00,28.7,54,0.0,1004.2,12.3,23.1,94,93,15,19,2,0,50,29.8,0.0,32.4,0.0,33.5,0.0,26.6,0.1,28.1,0.0,31.36666666666667,0.0,31.508333333333336,0.1999999999999998,28.120833333333337,0.3,-1.1000000000000014,0.0,Tiruchirappalli,29.0,0.0
2024-02-19 16:00:00,27.1,67,0.0,1004.9,12.3,23.0,91,93,16,19,2,0,50,28.7,0.0,30.8,0.0,33.3,0.0,28.5,0.1,26.7,0.0,30.33333333333333,0.0,31.39166666666667,0.0999999999999998,28.1375,0.3,-1.599999999999998,0.0,Tiruchirappalli,28.0,0.0
2024-02-19 17:00:00,25.8,79,0.0,1005.0,11.9,22.7,88,88,17,19,2,0,50,27.1,0.0,29.8,0.0,33.2,0.0,30.6,0.0,25.9,0.0,29.100000000000005,0.0,30.991666666666664,0.0999999999999998,28.133333333333336,0.3,-1.3000000000000007,0.0,Tiruchirappalli,27.0,0.0
2024-02-19 18:00:00,24.9,88,0.0,1005.0,10.6,20.8,80,80,18,19,2,0,50,25.8,0.0,28.7,0.0,32.4,0.0,31.9,0.0,25.2,0.0,27.85,0.0,30.40833333333333,0.0999999999999998,28.120833333333334,0.3,-0.9000000000000021,0.0,Tiruchirappalli,26.4,0.0
2024-02-19 19:00:00,24.4,92,0.0,1004.5,7.8,17.0,77,77,19,19,2,0,50,24.9,0.0,27.1,0.0,30.8,0.0,32.3,0.1,24.5,0.0,26.78333333333333,0.0,29.75,0.0,28.116666666666664,0.3,-0.5,0.0,Tiruchirappalli,25.7,0.0
2024-02-19 20:00:00,23.7,95,0.0,1003.8,4.8,13.6,73,77,20,19,2,0,50,24.4,0.0,25.8,0.0,29.8,0.0,33.1,0.0,23.9,0.0,25.766666666666666,0.0,28.966666666666665,0.0,28.10833333333333,0.3,-0.6999999999999993,0.0,Tiruchirappalli,24.9,0.0
2024-02-19 21:00:00,23.3,97,0.0,1003.3,4.6,12.6,70,72,21,19,2,0,50,23.7,0.0,24.9,0.0,28.7,0.0,33.5,0.0,23.4,0.0,24.866666666666664,0.0,28.116666666666664,0.0,28.104166666666668,0.3,-0.3999999999999986,0.0,Tiruchirappalli,24.3,0.0
2024-02-19 22:00:00,22.7,99,0.0,1002.9,4.9,10.6,62,54,22,19,2,0,50,23.3,0.0,24.4,0.0,27.1,0.0,33.3,0.0,23.0,0.0,24.13333333333333,0.0,27.23333333333333,0.0,28.09166666666667,0.3,-0.6000000000000014,0.0,Tiruchirappalli,23.6,0.0
2024-02-19 23:00:00,22.7,99,0.0,1003.1,4.5,8.5,62,61,23,19,2,0,50,22.7,0.0,23.7,0.0,25.8,0.0,33.2,0.0,23.6,0.0,23.616666666666664,0.0,26.35833333333333,0.0,28.054166666666664,0.3,0.0,0.0,Tiruchirappalli,23.5,0.0
2024-02-20 00:00:00,22.8,99,0.0,1003.5,2.6,7.9,47,34,0,20,2,1,51,22.7,0.0,23.3,0.0,24.9,0.0,32.4,0.0,23.7,0.0,23.266666666666666,0.0,25.558333333333334,0.0,28.016666666666666,0.3,0.1000000000000014,0.0,Tiruchirappalli,22.9,0.0
2024-02-20 01:00:00,24.2,96,0.0,1004.3,4.4,7.0,12,9,1,20,2,1,51,22.8,0.0,22.7,0.0,24.4,0.0,30.8,0.0,24.9,0.0,23.23333333333333,0.0,25.008333333333336,0.0,27.9875,0.3,1.3999999999999986,0.0,Tiruchirappalli,23.9,0.0
2024-02-20 02:00:00,25.0,92,0.0,1005.1,6.6,8.8,12,9,2,20,2,1,51,24.2,0.0,22.7,0.0,23.7,0.0,29.8,0.0,25.4,0.0,23.45,0.0,24.60833333333333,0.0,27.97083333333333,0.3,0.8000000000000007,0.0,Tiruchirappalli,24.9,0.0
2024-02-20 03:00:00,26.6,82,0.2,1005.8,7.2,9.5,53,53,3,20,2,1,51,25.0,0.0,22.8,0.0,23.3,0.0,28.7,0.0,26.6,0.1,24.0,0.1999999999999998,24.433333333333334,0.1999999999999998,27.97083333333333,0.4,1.6000000000000014,0.2,Tiruchirappalli,27.1,0.0
2024-02-20 04:00:00,28.5,71,0.1,1006.2,7.1,9.3,77,75,4,20,2,1,51,26.6,0.2,24.2,0.0,22.7,0.0,27.1,0.0,28.5,0.1,24.96666666666667,0.2999999999999998,24.55,0.2999999999999998,27.97083333333333,0.4,1.8999999999999984,-0.1,Tiruchirappalli,29.0,0.0
2024-02-20 05:00:00,30.8,57,0.0,1006.0,7.9,10.4,88,87,5,20,2,1,51,28.5,0.1,25.0,0.0,22.7,0.0,25.8,0.0,30.6,0.0,26.316666666666663,0.2999999999999998,24.966666666666665,0.2999999999999998,27.979166666666668,0.4,2.3000000000000007,-0.1,Tiruchirappalli,30.8,0.0
2024-02-20 06:00:00,32.4,50,0.0,1004.9,8.6,11.2,92,90,6,20,2,1,51,30.8,0.0,26.6,0.2,22.8,0.0,24.9,0.0,31.9,0.0,27.916666666666668,0.2999999999999998,25.59166666666667,0.2999999999999998,28.0,0.4,1.599999999999998,0.0,Tiruchirappalli,32.1,0.1
2024-02-20 07:00:00,33.7,44,0.0,1003.4,9.8,12.3,83,84,7,20,2,1,51,32.4,0.0,28.5,0.1,24.2,0.0,24.4,0.0,32.3,0.1,29.5,0.2999999999999998,26.36666666666667,0.2999999999999998,28.058333333333334,0.3,1.3000000000000045,0.0,Tiruchirappalli,32.9,0.1
2024-02-20 08:00:00,34.4,41,0.0,1002.2,11.1,14.1,77,77,8,20,2,1,51,33.7,0.0,30.8,0.0,25.0,0.0,23.7,0.0,33.1,0.0,31.066666666666663,0.2999999999999998,27.258333333333336,0.2999999999999998,28.1125,0.3,0.6999999999999957,0.0,Tiruchirappalli,33.6,0.0
2024-02-20 09:00:00,34.5,39,0.0,1001.0,10.5,13.5,74,74,9,20,2,1,51,34.4,0.0,32.4,0.0,26.6,0.2,23.3,0.0,33.5,0.0,32.38333333333333,0.0999999999999998,28.191666666666663,0.2999999999999998,28.15416666666667,0.3,0.1000000000000014,0.0,Tiruchirappalli,34.2,0.0
2024-02-20 10:00:00,34.4,39,0.0,1000.2,9.1,12.0,81,81,10,20,2,1,51,34.5,0.0,33.7,0.0,28.5,0.1,22.7,0.0,33.3,0.0,33.36666666666667,0.0,29.166666666666668,0.2999999999999998,28.200000000000003,0.3,-0.1000000000000014,0.0,Tiruchirappalli,34.3,0.1
2024-02-20 11:00:00,33.8,39,0.0,1000.2,9.3,12.1,100,103,11,20,2,1,51,34.4,0.0,34.4,0.0,30.8,0.0,22.7,0.0,33.2,0.0,33.86666666666667,0.0,30.091666666666665,0.2999999999999998,28.225,0.3,-0.6000000000000014,0.0,Tiruchirappalli,34.1,0.1
2024-02-20 12:00:00,33.4,39,0.0,1000.6,7.7,10.3,115,118,12,20,2,1,51,33.8,0.0,34.5,0.0,32.4,0.0,22.8,0.0,32.4,0.0,34.03333333333333,0.0,30.975000000000005,0.2999999999999998,28.266666666666666,0.3,-0.3999999999999986,0.0,Tiruchirappalli,33.0,0.0
2024-02-20 13:00:00,30.5,53,0.0,1001.8,13.7,21.9,126,125,13,20,2,1,51,33.4,0.0,34.4,0.0,33.7,0.0,24.2,0.0,30.8,0.0,33.5,0.0,31.5,0.2999999999999998,28.254166666666663,0.3,-2.8999999999999986,0.0,Tiruchirappalli,30.6,0.0
2024-02-20 14:00:00,29.4,58,0.0,1002.9,13.0,20.4,132,132,14,20,2,1,51,30.5,0.0,33.8,0.0,34.4,0.0,25.0,0.0,29.8,0.0,32.666666666666664,0.0,31.866666666666664,0.2999999999999998,28.2375,0.3,-1.1000000000000014,0.0,Tiruchirappalli,29.4,0.0
2024-02-20 15:00:00,28.2,65,0.0,1003.6,13.4,22.4,127,126,15,20,2,1,51,29.4,0.0,33.4,0.0,34.5,0.0,26.6,0.2,28.7,0.0,31.616666666666664,0.0,32.0,0.0999999999999998,28.216666666666665,0.3,-1.1999999999999993,0.0,Tiruchirappalli,28.5,0.0
2024-02-20 16:00:00,27.0,71,0.0,1004.0,11.8,21.4,107,102,16,20,2,1,51,28.2,0.0,30.5,0.0,34.4,0.0,28.5,0.1,27.1,0.0,30.38333333333333,0.0,31.875,0.0,28.2125,0.3,-1.1999999999999993,0.0,Tiruchirappalli,27.5,0.0
2024-02-20 17:00:00,26.4,76,0.0,1004.3,8.6,17.7,103,105,17,20,2,1,51,27.0,0.0,29.4,0.0,33.8,0.0,30.8,0.0,25.8,0.0,29.15,0.0,31.508333333333336,0.0,28.2375,0.3,-0.6000000000000014,0.0,Tiruchirappalli,26.7,0.0
2024-02-20 18:00:00,25.7,82,0.0,1004.2,6.5,14.6,99,96,18,20,2,1,51,26.4,0.0,28.2,0.0,33.4,0.0,32.4,0.0,24.9,0.0,27.866666666666664,0.0,30.950000000000003,0.0,28.27083333333333,0.3,-0.6999999999999993,0.0,Tiruchirappalli,26.3,0.0
2024-02-20 19:00:00,25.1,87,0.0,1004.0,5.5,13.1,106,101,19,20,2,1,51,25.7,0.0,27.0,0.0,30.5,0.0,33.7,0.0,24.4,0.0,26.96666666666667,0.0,30.23333333333333,0.0,28.3,0.3,-0.5999999999999979,0.0,Tiruchirappalli,26.0,0.0
2024-02-20 20:00:00,24.2,93,0.0,1003.2,4.7,7.7,118,113,20,20,2,1,51,25.1,0.0,26.4,0.0,29.4,0.0,34.4,0.0,23.7,0.0,26.1,0.0,29.383333333333336,0.0,28.32083333333333,0.3,-0.9000000000000021,0.0,Tiruchirappalli,26.2,0.0
2024-02-20 21:00:00,24.3,92,0.0,1002.7,2.9,5.1,141,150,21,20,2,1,51,24.2,0.0,25.7,0.0,28.2,0.0,34.5,0.0,23.3,0.0,25.450000000000003,0.0,28.53333333333333,0.0,28.3625,0.3,0.1000000000000014,0.0,Tiruchirappalli,26.0,0.0
2024-02-20 22:00:00,23.8,94,0.0,1002.5,0.5,1.8,169,315,22,20,2,1,51,24.3,0.0,25.1,0.0,27.0,0.0,34.4,0.0,22.7,0.0,24.916666666666668,0.0,27.65,0.0,28.40833333333333,0.3,-0.5,0.0,Tiruchirappalli,26.0,0.0
2024-02-20 23:00:00,22.7,98,0.0,1002.6,2.5,0.8,333,352,23,20,2,1,51,23.8,0.0,24.2,0.0,26.4,0.0,33.8,0.0,22.7,0.0,24.3,0.0,26.725,0.0,28.40833333333333,0.3,-1.1000000000000014,0.0,Tiruchirappalli,25.0,0.0
2024-02-21 00:00:00,22.3,99,0.0,1002.8,3.8,2.6,16,17,0,21,2,2,52,22.7,0.0,24.3,0.0,25.7,0.0,33.4,0.0,22.8,0.0,23.73333333333333,0.0,25.8,0.0,28.3875,0.3,-0.3999999999999986,0.0,Tiruchirappalli,24.1,0.0
2024-02-21 01:00:00,23.3,99,0.0,1003.3,2.9,3.8,41,30,1,21,2,2,52,22.3,0.0,23.8,0.0,25.1,0.0,30.5,0.0,24.2,0.0,23.433333333333337,0.0,25.2,0.0,28.350000000000005,0.3,1.0,0.0,Tiruchirappalli,24.7,0.0
2024-02-21 02:00:00,24.6,92,0.0,1004.1,4.1,5.0,21,15,2,21,2,2,52,23.3,0.0,22.7,0.0,24.2,0.0,29.4,0.0,25.0,0.0,23.5,0.0,24.8,0.0,28.33333333333333,0.3,1.3000000000000007,0.0,Tiruchirappalli,26.1,0.0
2024-02-21 03:00:00,26.7,79,0.0,1004.9,4.2,5.5,122,121,3,21,2,2,52,24.6,0.0,22.3,0.0,24.3,0.0,28.2,0.0,26.6,0.2,23.9,0.0,24.675,0.0,28.3375,0.1,2.099999999999998,0.0,Tiruchirappalli,26.7,0.3
2024-02-21 04:00:00,28.8,67,0.0,1005.4,5.9,7.4,137,137,4,21,2,2,52,26.7,0.0,23.3,0.0,23.8,0.0,27.0,0.0,28.5,0.1,24.73333333333333,0.0,24.825000000000003,0.0,28.35,0.0,2.1000000000000014,0.0,Tiruchirappalli,27.4,0.1
2024-02-21 05:00:00,30.6,57,0.0,1005.1,3.8,5.1,135,131,5,21,2,2,52,28.8,0.0,24.6,0.0,22.7,0.0,26.4,0.0,30.8,0.0,26.05,0.0,25.175,0.0,28.341666666666665,0.0,1.8000000000000007,0.0,Tiruchirappalli,28.8,0.3
2024-02-21 06:00:00,32.2,50,0.0,1004.0,3.3,4.5,104,103,6,21,2,2,52,30.6,0.0,26.7,0.0,22.3,0.0,25.7,0.0,32.4,0.0,27.7,0.0,25.71666666666667,0.0,28.33333333333333,0.0,1.6000000000000014,0.0,Tiruchirappalli,30.9,0.0
2024-02-21 07:00:00,33.7,42,0.0,1002.5,4.0,5.0,90,90,7,21,2,2,52,32.2,0.0,28.8,0.0,23.3,0.0,25.1,0.0,33.7,0.0,29.433333333333334,0.0,26.433333333333337,0.0,28.33333333333333,0.0,1.5,0.0,Tiruchirappalli,32.2,0.0
2024-02-21 08:00:00,34.6,38,0.0,1001.1,5.8,7.2,84,83,8,21,2,2,52,33.7,0.0,30.6,0.0,24.6,0.0,24.2,0.0,34.4,0.0,31.1,0.0,27.3,0.0,28.341666666666665,0.0,0.8999999999999986,0.0,Tiruchirappalli,32.7,0.0
2024-02-21 09:00:00,35.1,35,0.0,999.7,6.1,7.6,87,87,9,21,2,2,52,34.6,0.0,32.2,0.0,26.7,0.0,24.3,0.0,34.5,0.0,32.5,0.0,28.200000000000003,0.0,28.366666666666664,0.0,0.5,0.0,Tiruchirappalli,33.0,0.1
2024-02-21 10:00:00,35.1,34,0.0,999.3,5.4,6.6,99,98,10,21,2,2,52,35.1,0.0,33.7,0.0,28.8,0.0,23.8,0.0,34.4,0.0,33.550000000000004,0.0,29.14166666666667,0.0,28.39583333333333,0.0,0.0,0.0,Tiruchirappalli,33.3,0.0
2024-02-21 11:00:00,34.8,34,0.0,999.4,6.6,7.8,103,99,11,21,2,2,52,35.1,0.0,34.6,0.0,30.6,0.0,22.7,0.0,33.8,0.0,34.25,0.0,30.15,0.0,28.4375,0.0,-0.3000000000000042,0.0,Tiruchirappalli,32.2,0.0
2024-02-21 12:00:00,33.7,35,0.0,999.7,12.2,16.4,105,104,12,21,2,2,52,34.8,0.0,35.1,0.0,32.2,0.0,22.3,0.0,33.4,0.0,34.50000000000001,0.0,31.100000000000005,0.0,28.450000000000003,0.0,-1.0999999999999943,0.0,Tiruchirappalli,31.0,0.0
2024-02-21 13:00:00,31.6,45,0.0,1000.0,8.4,16.7,97,100,13,21,2,2,52,33.7,0.0,35.1,0.0,33.7,0.0,23.3,0.0,30.5,0.0,34.15,0.0,31.791666666666668,0.0,28.495833333333337,0.0,-2.1000000000000014,0.0,Tiruchirappalli,29.8,0.0
2024-02-21 14:00:00,30.1,47,0.0,1000.6,8.0,17.2,106,98,14,21,2,2,52,31.6,0.0,34.8,0.0,34.6,0.0,24.6,0.0,29.4,0.0,33.4,0.0,32.25,0.0,28.524999999999995,0.0,-1.5,0.0,Tiruchirappalli,28.6,0.0
2024-02-21 15:00:00,29.0,49,0.0,1001.4,8.2,18.2,108,113,15,21,2,2,52,30.1,0.0,33.7,0.0,35.1,0.0,26.7,0.0,28.2,0.0,32.38333333333333,0.0,32.44166666666667,0.0,28.558333333333334,0.0,-1.1000000000000014,0.0,Tiruchirappalli,27.9,0.0
2024-02-21 16:00:00,28.1,59,0.0,1002.1,12.8,24.7,132,128,16,21,2,2,52,29.0,0.0,31.6,0.0,35.1,0.0,28.8,0.0,27.0,0.0,31.21666666666667,0.0,32.38333333333333,0.0,28.604166666666668,0.0,-0.8999999999999986,0.0,Tiruchirappalli,27.2,0.0
2024-02-21 17:00:00,26.9,65,0.0,1002.9,10.5,20.9,126,121,17,21,2,2,52,28.1,0.0,30.1,0.0,34.8,0.0,30.6,0.0,26.4,0.0,29.9,0.0,32.075,0.0,28.625,0.0,-1.2000000000000028,0.0,Tiruchirappalli,26.4,0.0
2024-02-21 18:00:00,25.8,75,0.0,1002.8,5.6,14.5,136,135,18,21,2,2,52,26.9,0.0,29.0,0.0,33.7,0.0,32.2,0.0,25.7,0.0,28.58333333333333,0.0,31.54166666666667,0.0,28.629166666666663,0.0,-1.099999999999998,0.0,Tiruchirappalli,25.9,0.0
2024-02-21 19:00:00,25.0,82,0.0,1002.7,4.2,10.4,182,200,19,21,2,2,52,25.8,0.0,28.1,0.0,31.6,0.0,33.7,0.0,25.1,0.0,27.48333333333333,0.0,30.816666666666663,0.0,28.625,0.0,-0.8000000000000007,0.0,Tiruchirappalli,25.5,0.0
2024-02-21 20:00:00,24.4,85,0.0,1002.0,6.1,9.5,191,208,20,21,2,2,52,25.0,0.0,26.9,0.0,30.1,0.0,34.6,0.0,24.2,0.0,26.53333333333333,0.0,29.96666666666667,0.0,28.633333333333336,0.0,-0.6000000000000014,0.0,Tiruchirappalli,25.0,0.0
2024-02-21 21:00:00,24.3,83,0.0,1001.4,5.5,10.2,198,212,21,21,2,2,52,24.4,0.0,25.8,0.0,29.0,0.0,35.1,0.0,24.3,0.0,25.75,0.0,29.066666666666663,0.0,28.63333333333333,0.0,-0.0999999999999978,0.0,Tiruchirappalli,24.6,0.0
2024-02-21 22:00:00,24.1,80,0.0,1001.4,5.6,9.4,182,165,22,21,2,2,52,24.3,0.0,25.0,0.0,28.1,0.0,35.1,0.0,23.8,0.0,25.08333333333333,0.0,28.149999999999995,0.0,28.64583333333333,0.0,-0.1999999999999993,0.0,Tiruchirappalli,24.3,0.0
2024-02-21 23:00:00,23.7,81,0.0,1001.7,4.3,9.7,153,114,23,21,2,2,52,24.1,0.0,24.4,0.0,26.9,0.0,34.8,0.0,22.7,0.0,24.55,0.0,27.225000000000005,0.0,28.6875,0.0,-0.4000000000000021,0.0,Tiruchirappalli,24.2,0.0
2024-02-22 00:00:00,23.5,85,0.0,1002.2,4.5,9.9,136,104,0,22,2,3,53,23.7,0.0,24.3,0.0,25.8,0.0,33.7,0.0,22.3,0.0,24.166666666666668,0.0,26.375,0.0,28.7375,0.0,-0.1999999999999993,0.0,Tiruchirappalli,24.1,0.0
2024-02-22 01:00:00,24.3,92,0.0,1003.2,4.7,10.5,142,113,1,22,2,3,53,23.5,0.0,24.1,0.0,25.0,0.0,31.6,0.0,23.3,0.0,24.05,0.0,25.76666666666667,0.0,28.77916666666667,0.0,0.8000000000000007,0.0,Tiruchirappalli,24.7,0.0
2024-02-22 02:00:00,25.5,87,0.0,1004.3,5.5,12.3,142,113,2,22,2,3,53,24.3,0.0,23.7,0.0,24.4,0.0,30.1,0.0,24.6,0.0,24.23333333333333,0.0,25.383333333333336,0.0,28.816666666666663,0.0,1.1999999999999993,0.0,Tiruchirappalli,25.9,0.0
2024-02-22 03:00:00,28.0,75,0.0,1005.1,8.0,10.7,147,144,3,22,2,3,53,25.5,0.0,23.5,0.0,24.3,0.0,29.0,0.0,26.7,0.0,24.85,0.0,25.3,0.0,28.870833333333334,0.0,2.5,0.0,Tiruchirappalli,27.6,0.1
2024-02-22 04:00:00,30.2,61,0.0,1005.4,6.8,9.0,164,162,4,22,2,3,53,28.0,0.0,24.3,0.0,24.1,0.0,28.1,0.0,28.8,0.0,25.866666666666664,0.0,25.475,0.0,28.92916666666667,0.0,2.2,0.0,Tiruchirappalli,28.5,0.6
2024-02-22 05:00:00,32.2,51,0.0,1004.9,6.5,8.3,182,180,5,22,2,3,53,30.2,0.0,25.5,0.0,23.7,0.0,26.9,0.0,30.6,0.0,27.28333333333333,0.0,25.916666666666668,0.0,28.995833333333337,0.0,2.000000000000004,0.0,Tiruchirappalli,30.0,0.2
2024-02-22 06:00:00,33.9,42,0.0,1003.8,6.1,7.6,188,183,6,22,2,3,53,32.2,0.0,28.0,0.0,23.5,0.0,25.8,0.0,32.2,0.0,29.01666666666667,0.0,26.591666666666665,0.0,29.066666666666663,0.0,1.6999999999999955,0.0,Tiruchirappalli,31.2,0.1
2024-02-22 07:00:00,34.7,39,0.0,1002.2,5.7,7.1,165,162,7,22,2,3,53,33.9,0.0,30.2,0.0,24.3,0.0,25.0,0.0,33.7,0.0,30.75,0.0,27.4,0.0,29.10833333333333,0.0,0.8000000000000043,0.0,Tiruchirappalli,32.7,0.0
2024-02-22 08:00:00,35.5,37,0.0,1000.8,7.3,8.9,148,147,8,22,2,3,53,34.7,0.0,32.2,0.0,25.5,0.0,24.4,0.0,34.6,0.0,32.416666666666664,0.0,28.325000000000003,0.0,29.14583333333333,0.0,0.7999999999999972,0.0,Tiruchirappalli,34.2,0.0
2024-02-22 09:00:00,35.7,36,0.0,999.7,9.8,12.1,153,152,9,22,2,3,53,35.5,0.0,33.9,0.0,28.0,0.0,24.3,0.0,35.1,0.0,33.7,0.0,29.275,0.0,29.17083333333333,0.0,0.2000000000000028,0.0,Tiruchirappalli,34.6,0.0
2024-02-22 10:00:00,35.6,36,0.0,998.8,9.4,11.8,142,140,10,22,2,3,53,35.7,0.0,34.7,0.0,30.2,0.0,24.1,0.0,35.1,0.0,34.6,0.0,30.23333333333333,0.0,29.191666666666663,0.0,-0.1000000000000014,0.0,Tiruchirappalli,34.5,0.0
2024-02-22 11:00:00,35.2,37,0.0,999.0,10.2,12.7,137,135,11,22,2,3,53,35.6,0.0,35.5,0.0,32.2,0.0,23.7,0.0,34.8,0.0,35.1,0.0,31.191666666666663,0.0,29.20833333333333,0.0,-0.3999999999999986,0.0,Tiruchirappalli,33.8,0.0
2024-02-22 12:00:00,34.3,39,0.0,999.7,11.2,15.6,128,123,12,22,2,3,53,35.2,0.0,35.7,0.0,33.9,0.0,23.5,0.0,33.7,0.0,35.166666666666664,0.0,32.09166666666667,0.0,29.23333333333333,0.0,-0.9000000000000057,0.0,Tiruchirappalli,32.3,0.0
2024-02-22 13:00:00,31.2,55,0.0,1000.5,18.7,30.2,129,128,13,22,2,3,53,34.3,0.0,35.6,0.0,34.7,0.0,24.3,0.0,31.6,0.0,34.583333333333336,0.0,32.66666666666667,0.0,29.216666666666665,0.0,-3.099999999999998,0.0,Tiruchirappalli,29.9,0.0
2024-02-22 14:00:00,29.8,67,0.0,1001.3,14.3,24.9,135,133,14,22,2,3,53,31.2,0.0,35.2,0.0,35.5,0.0,25.5,0.0,30.1,0.0,33.63333333333333,0.0,33.025,0.0,29.20416666666667,0.0,-1.3999999999999986,0.0,Tiruchirappalli,28.8,0.0
2024-02-22 15:00:00,29.0,72,0.0,1002.3,13.0,23.4,143,141,15,22,2,3,53,29.8,0.0,34.3,0.0,35.7,0.0,28.0,0.0,29.0,0.0,32.516666666666666,0.0,33.10833333333333,0.0,29.20416666666667,0.0,-0.8000000000000007,0.0,Tiruchirappalli,28.0,0.0
2024-02-22 16:00:00,28.1,76,0.0,1002.9,13.2,23.3,148,145,16,22,2,3,53,29.0,0.0,31.2,0.0,35.6,0.0,30.2,0.0,28.1,0.0,31.266666666666666,0.0,32.93333333333333,0.0,29.20416666666667,0.0,-0.8999999999999986,0.0,Tiruchirappalli,27.5,0.0
2024-02-22 17:00:00,27.5,76,0.0,1003.1,11.8,21.9,155,153,17,22,2,3,53,28.1,0.0,29.8,0.0,35.2,0.0,32.2,0.0,26.9,0.0,29.98333333333333,0.0,32.541666666666664,0.0,29.22916666666667,0.0,-0.6000000000000014,0.0,Tiruchirappalli,26.5,0.0
2024-02-22 18:00:00,26.9,76,0.0,1003.2,9.8,19.2,167,163,18,22,2,3,53,27.5,0.0,29.0,0.0,34.3,0.0,33.9,0.0,25.8,0.0,28.75,0.0,31.95833333333333,0.0,29.275,0.0,-0.6000000000000014,0.0,Tiruchirappalli,25.7,0.0
2024-02-22 19:00:00,26.3,79,0.0,1003.3,6.3,14.7,169,156,19,22,2,3,53,26.9,0.0,28.1,0.0,31.2,0.0,34.7,0.0,25.0,0.0,27.933333333333337,0.0,31.25833333333333,0.0,29.329166666666666,0.0,-0.5999999999999979,0.0,Tiruchirappalli,24.8,0.0
2024-02-22 20:00:00,25.9,81,0.0,1002.4,6.9,15.5,168,152,20,22,2,3,53,26.3,0.0,27.5,0.0,29.8,0.0,35.5,0.0,24.4,0.0,27.28333333333333,0.0,30.45833333333333,0.0,29.391666666666666,0.0,-0.4000000000000021,0.0,Tiruchirappalli,24.1,0.0
2024-02-22 21:00:00,25.4,83,0.0,1002.1,6.8,15.7,171,155,21,22,2,3,53,25.9,0.0,26.9,0.0,29.0,0.0,35.7,0.0,24.3,0.0,26.683333333333334,0.0,29.6,0.0,29.437500000000004,0.0,-0.5,0.0,Tiruchirappalli,23.7,0.0
2024-02-22 22:00:00,25.0,87,0.0,1001.7,6.0,14.4,167,147,22,22,2,3,53,25.4,0.0,26.3,0.0,28.1,0.0,35.6,0.0,24.1,0.0,26.166666666666668,0.0,28.71666666666667,0.0,29.475000000000005,0.0,-0.3999999999999986,0.0,Tiruchirappalli,23.4,0.0
2024-02-22 23:00:00,24.5,91,0.0,1001.6,5.8,14.1,167,150,23,22,2,3,53,25.0,0.0,25.9,0.0,27.5,0.0,35.2,0.0,23.7,0.0,25.666666666666668,0.0,27.825,0.0,29.508333333333336,0.0,-0.5,0.0,Tiruchirappalli,23.3,0.0
2024-02-23 00:00:00,23.8,96,0.0,1002.0,4.3,12.0,171,156,0,23,2,4,54,24.5,0.0,25.4,0.0,26.9,0.0,34.3,0.0,23.5,0.0,25.15,0.0,26.950000000000003,0.0,29.52083333333333,0.0,-0.6999999999999993,0.0,Tiruchirappalli,23.1,0.0
2024-02-23 01:00:00,26.0,91,0.0,1003.0,6.9,12.6,178,171,1,23,2,4,54,23.8,0.0,25.0,0.0,26.3,0.0,31.2,0.0,24.3,0.0,25.1,0.0,26.516666666666666,0.0,29.59166666666667,0.0,2.2,0.0,Tiruchirappalli,23.5,0.0
2024-02-23 02:00:00,26.9,86,0.0,1003.4,5.8,8.5,192,187,2,23,2,4,54,26.0,0.0,24.5,0.0,25.9,0.0,29.8,0.0,25.5,0.0,25.266666666666666,0.0,26.274999999999995,0.0,29.65,0.0,0.8999999999999986,0.0,Tiruchirappalli,25.0,0.0
2024-02-23 03:00:00,28.7,75,0.0,1004.3,5.8,7.4,203,202,3,23,2,4,54,26.9,0.0,23.8,0.0,25.4,0.0,29.0,0.0,28.0,0.0,25.816666666666663,0.0,26.25,0.0,29.67916666666667,0.0,1.8000000000000007,0.0,Tiruchirappalli,27.5,0.0
2024-02-23 04:00:00,30.7,65,0.0,1004.4,3.5,4.5,209,204,4,23,2,4,54,28.7,0.0,26.0,0.0,25.0,0.0,28.1,0.0,30.2,0.0,26.766666666666666,0.0,26.46666666666667,0.0,29.7,0.0,2.0,0.0,Tiruchirappalli,29.6,0.0
2024-02-23 05:00:00,32.3,56,0.1,1004.0,3.7,4.8,193,191,5,23,2,4,54,30.7,0.0,26.9,0.0,24.5,0.0,27.5,0.0,32.2,0.0,28.066666666666663,0.0999999999999998,26.866666666666664,0.0999999999999998,29.704166666666666,0.1,1.599999999999998,0.1,Tiruchirappalli,31.1,0.0
2024-02-23 06:00:00,33.6,49,0.0,1002.8,5.1,6.6,189,188,6,23,2,4,54,32.3,0.1,28.7,0.0,23.8,0.0,26.9,0.0,33.9,0.0,29.7,0.0999999999999998,27.425,0.0999999999999998,29.691666666666663,0.1,1.3000000000000045,-0.1,Tiruchirappalli,32.8,0.0
2024-02-23 07:00:00,34.8,43,0.0,1001.4,4.4,5.4,172,171,7,23,2,4,54,33.6,0.0,30.7,0.0,26.0,0.0,26.3,0.0,34.7,0.0,31.166666666666668,0.0999999999999998,28.133333333333336,0.0999999999999998,29.695833333333336,0.1,1.1999999999999955,0.0,Tiruchirappalli,33.5,0.0
2024-02-23 08:00:00,35.7,39,0.0,1000.1,4.2,5.4,160,160,8,23,2,4,54,34.8,0.0,32.3,0.1,26.9,0.0,25.9,0.0,35.5,0.0,32.63333333333333,0.0999999999999998,28.95,0.0999999999999998,29.70416666666667,0.1,0.9000000000000057,0.0,Tiruchirappalli,34.0,0.0
2024-02-23 09:00:00,36.0,37,0.0,998.8,3.8,5.0,159,163,9,23,2,4,54,35.7,0.0,33.6,0.0,28.7,0.0,25.4,0.0,35.7,0.0,33.85,0.0999999999999998,29.83333333333333,0.0999999999999998,29.71666666666667,0.1,0.2999999999999971,0.0,Tiruchirappalli,34.2,0.0
2024-02-23 10:00:00,36.3,35,0.0,998.2,3.3,4.6,141,139,10,23,2,4,54,36.0,0.0,34.8,0.0,30.7,0.0,25.0,0.0,35.6,0.0,34.78333333333333,0.0999999999999998,30.775,0.0999999999999998,29.745833333333334,0.1,0.2999999999999971,0.0,Tiruchirappalli,34.3,0.0
2024-02-23 11:00:00,36.3,34,0.0,998.3,3.1,3.9,146,144,11,23,2,4,54,36.3,0.0,35.7,0.0,32.3,0.1,24.5,0.0,35.2,0.0,35.45,0.0,31.758333333333336,0.0999999999999998,29.791666666666668,0.1,0.0,0.0,Tiruchirappalli,34.0,0.0
2024-02-23 12:00:00,35.3,35,0.0,998.8,10.0,13.4,114,111,12,23,2,4,54,36.3,0.0,36.0,0.0,33.6,0.0,23.8,0.0,34.3,0.0,35.73333333333333,0.0,32.71666666666666,0.0999999999999998,29.83333333333333,0.1,-1.0,0.0,Tiruchirappalli,32.4,0.0
2024-02-23 13:00:00,33.3,43,0.0,999.3,12.7,23.0,139,135,13,23,2,4,54,35.3,0.0,36.3,0.0,34.8,0.0,26.0,0.0,31.2,0.0,35.48333333333333,0.0,33.325,0.0999999999999998,29.92083333333333,0.1,-2.0,0.0,Tiruchirappalli,30.4,0.0
2024-02-23 14:00:00,30.9,58,0.0,1000.4,16.3,27.1,151,152,14,23,2,4,54,33.3,0.0,36.3,0.0,35.7,0.0,26.9,0.0,29.8,0.0,34.68333333333333,0.0,33.65833333333333,0.0999999999999998,29.966666666666665,0.1,-2.3999999999999986,0.0,Tiruchirappalli,29.0,0.0
2024-02-23 15:00:00,29.8,61,0.0,1000.9,16.3,27.4,155,152,15,23,2,4,54,30.9,0.0,35.3,0.0,36.0,0.0,28.7,0.0,29.0,0.0,33.65,0.0,33.75,0.0999999999999998,30.0,0.1,-1.099999999999998,0.0,Tiruchirappalli,27.5,0.0
2024-02-23 16:00:00,28.9,65,0.0,1001.7,14.2,25.1,153,150,16,23,2,4,54,29.8,0.0,33.3,0.0,36.3,0.0,30.7,0.0,28.1,0.0,32.416666666666664,0.0,33.6,0.0999999999999998,30.03333333333333,0.1,-0.9000000000000021,0.0,Tiruchirappalli,26.4,0.0
2024-02-23 17:00:00,28.2,66,0.0,1002.1,11.2,21.1,137,130,17,23,2,4,54,28.9,0.0,30.9,0.0,36.3,0.0,32.3,0.1,27.5,0.0,31.066666666666663,0.0,33.25833333333333,0.0,30.0625,0.1,-0.6999999999999993,0.0,Tiruchirappalli,25.2,0.0
2024-02-23 18:00:00,27.5,70,0.0,1002.1,8.0,16.3,135,126,18,23,2,4,54,28.2,0.0,29.8,0.0,35.3,0.0,33.6,0.0,26.9,0.0,29.766666666666666,0.0,32.75,0.0,30.087499999999995,0.1,-0.6999999999999993,0.0,Tiruchirappalli,24.2,0.0
2024-02-23 19:00:00,26.7,77,0.0,1001.7,6.6,14.4,143,131,19,23,2,4,54,27.5,0.0,28.9,0.0,33.3,0.0,34.8,0.0,26.3,0.0,28.666666666666668,0.0,32.075,0.0,30.104166666666668,0.1,-0.8000000000000007,0.0,Tiruchirappalli,23.1,0.0
2024-02-23 20:00:00,26.3,81,0.0,1001.3,5.7,13.5,155,145,20,23,2,4,54,26.7,0.0,28.2,0.0,30.9,0.0,35.7,0.0,25.9,0.0,27.899999999999995,0.0,31.291666666666668,0.0,30.120833333333334,0.1,-0.3999999999999986,0.0,Tiruchirappalli,22.5,0.0
2024-02-23 21:00:00,25.7,85,0.0,1001.1,3.7,11.1,167,151,21,23,2,4,54,26.3,0.0,27.5,0.0,29.8,0.0,36.0,0.0,25.4,0.0,27.21666666666667,0.0,30.433333333333334,0.0,30.13333333333333,0.1,-0.6000000000000014,0.0,Tiruchirappalli,22.0,0.0
2024-02-23 22:00:00,25.6,85,0.0,1000.9,3.9,10.7,166,146,22,23,2,4,54,25.7,0.0,26.7,0.0,28.9,0.0,36.3,0.0,25.0,0.0,26.666666666666668,0.0,29.541666666666668,0.0,30.15833333333333,0.1,-0.0999999999999978,0.0,Tiruchirappalli,21.7,0.0
2024-02-23 23:00:00,25.2,86,0.0,1001.0,3.6,7.6,149,96,23,23,2,4,54,25.6,0.0,26.3,0.0,28.2,0.0,36.3,0.0,24.5,0.0,26.166666666666668,0.0,28.61666666666667,0.0,30.1875,0.1,-0.4000000000000021,0.0,Tiruchirappalli,21.8,0.0
2024-02-24 00:00:00,25.4,86,0.0,1001.4,3.5,8.1,148,114,0,24,2,5,55,25.2,0.0,25.7,0.0,27.5,0.0,35.3,0.0,23.8,0.0,25.816666666666663,0.0,27.791666666666668,0.0,30.254166666666663,0.1,0.1999999999999993,0.0,Tiruchirappalli,22.0,0.0
2024-02-24 01:00:00,25.4,97,0.0,1002.4,5.2,6.2,80,65,1,24,2,5,55,25.4,0.0,25.6,0.0,26.7,0.0,33.3,0.0,26.0,0.0,25.6,0.0,27.133333333333336,0.0,30.229166666666668,0.1,0.0,0.0,Tiruchirappalli,22.5,0.0
2024-02-24 02:00:00,25.9,94,0.0,1003.2,4.5,6.5,93,61,2,24,2,5,55,25.4,0.0,25.2,0.0,26.3,0.0,30.9,0.0,26.9,0.0,25.53333333333333,0.0,26.71666666666667,0.0,30.1875,0.1,0.5,0.0,Tiruchirappalli,24.0,0.0
2024-02-24 03:00:00,27.6,83,0.0,1004.1,5.7,7.7,79,72,3,24,2,5,55,25.9,0.0,25.4,0.0,25.7,0.0,29.8,0.0,28.7,0.0,25.85,0.0,26.53333333333333,0.0,30.141666666666666,0.1,1.7000000000000028,0.0,Tiruchirappalli,26.7,0.0
2024-02-24 04:00:00,30.3,64,0.0,1004.6,6.2,7.4,104,100,4,24,2,5,55,27.6,0.0,25.4,0.0,25.6,0.0,28.9,0.0,30.7,0.0,26.633333333333336,0.0,26.649999999999995,0.0,30.125,0.1,2.7,0.0,Tiruchirappalli,29.5,0.0
2024-02-24 05:00:00,30.9,63,0.6,1004.3,8.0,10.0,111,108,5,24,2,5,55,30.3,0.0,25.9,0.0,25.2,0.0,28.2,0.0,32.3,0.1,27.58333333333333,0.5999999999999999,26.875,0.5999999999999999,30.066666666666663,0.6,0.5999999999999979,0.6,Tiruchirappalli,31.7,0.0
2024-02-24 06:00:00,31.7,59,0.1,1003.5,5.7,7.5,107,108,6,24,2,5,55,30.9,0.6,27.6,0.0,25.4,0.0,27.5,0.0,33.6,0.0,28.633333333333336,0.6999999999999997,27.225,0.6999999999999997,29.9875,0.7,0.8000000000000007,-0.5,Tiruchirappalli,32.9,0.0
2024-02-24 07:00:00,32.9,53,0.1,1002.2,4.5,6.1,118,119,7,24,2,5,55,31.7,0.1,30.3,0.0,25.4,0.0,26.7,0.0,34.8,0.0,29.883333333333336,0.7999999999999998,27.741666666666664,0.7999999999999998,29.90833333333333,0.8,1.1999999999999993,0.0,Tiruchirappalli,33.9,0.0
2024-02-24 08:00:00,33.7,48,0.1,1001.0,8.5,10.9,117,118,8,24,2,5,55,32.9,0.1,30.9,0.6,25.9,0.0,26.3,0.0,35.7,0.0,31.183333333333334,0.8999999999999998,28.35833333333333,0.8999999999999998,29.825,0.9,0.8000000000000043,0.0,Tiruchirappalli,34.4,0.0
2024-02-24 09:00:00,33.7,46,0.1,1000.0,10.9,13.8,118,117,9,24,2,5,55,33.7,0.1,31.7,0.1,27.6,0.0,25.7,0.0,36.0,0.0,32.2,0.9999999999999998,29.025,0.9999999999999998,29.72916666666666,1.0,0.0,0.0,Tiruchirappalli,34.9,0.0
2024-02-24 10:00:00,33.5,47,0.7,999.2,11.8,15.0,117,117,10,24,2,5,55,33.7,0.1,32.9,0.1,30.3,0.0,25.6,0.0,36.3,0.0,32.73333333333333,1.6999999999999995,29.683333333333334,1.6999999999999995,29.6125,1.7,-0.2000000000000028,0.6,Tiruchirappalli,34.0,0.0
2024-02-24 11:00:00,32.3,52,0.9,999.4,11.1,14.8,124,126,11,24,2,5,55,33.5,0.7,33.7,0.1,30.9,0.6,25.2,0.0,36.3,0.0,32.96666666666667,2.0,30.274999999999995,2.6,29.445833333333336,2.6,-1.2000000000000028,0.2,Tiruchirappalli,34.0,0.0
2024-02-24 12:00:00,32.3,50,0.1,999.7,9.3,13.4,126,126,12,24,2,5,55,32.3,0.9,33.7,0.1,31.7,0.1,25.4,0.0,35.3,0.0,33.06666666666666,2.0,30.85,2.7,29.32083333333333,2.7,0.0,-0.8,Tiruchirappalli,33.4,0.0
2024-02-24 13:00:00,31.2,51,0.0,1000.6,11.5,20.4,131,129,13,24,2,5,55,32.3,0.1,33.5,0.7,32.9,0.1,25.4,0.0,33.3,0.0,32.78333333333334,1.9,31.33333333333333,2.7,29.23333333333333,2.7,-1.099999999999998,-0.1,Tiruchirappalli,31.4,0.0
2024-02-24 14:00:00,29.8,52,0.0,1001.6,12.2,22.7,136,133,14,24,2,5,55,31.2,0.0,32.3,0.9,33.7,0.1,25.9,0.0,30.9,0.0,32.13333333333333,1.7999999999999998,31.65833333333333,2.7,29.1875,2.7,-1.3999999999999986,0.0,Tiruchirappalli,30.2,0.0
2024-02-24 15:00:00,29.0,54,0.0,1002.7,12.6,22.4,120,114,15,24,2,5,55,29.8,0.0,32.3,0.1,33.7,0.1,27.6,0.0,29.8,0.0,31.350000000000005,1.6999999999999995,31.774999999999995,2.7,29.154166666666665,2.7,-0.8000000000000007,0.0,Tiruchirappalli,28.8,0.0
2024-02-24 16:00:00,28.0,61,0.0,1003.4,13.7,23.1,105,104,16,24,2,5,55,29.0,0.0,31.2,0.0,33.5,0.7,30.3,0.0,28.9,0.0,30.433333333333337,0.9999999999999998,31.58333333333333,2.7,29.116666666666664,2.7,-1.0,0.0,Tiruchirappalli,27.4,0.0
2024-02-24 17:00:00,27.0,73,0.0,1003.5,12.6,20.9,88,85,17,24,2,5,55,28.0,0.0,29.8,0.0,32.3,0.9,30.9,0.6,28.2,0.0,29.55,0.0999999999999997,31.25833333333333,2.1,29.066666666666663,2.7,-1.0,0.0,Tiruchirappalli,26.1,0.0
2024-02-24 18:00:00,26.4,79,0.0,1003.5,11.9,20.2,89,87,18,24,2,5,55,27.0,0.0,29.0,0.0,32.3,0.1,31.7,0.1,27.5,0.0,28.566666666666663,0.0,30.816666666666663,2.0,29.02083333333333,2.7,-0.6000000000000014,0.0,Tiruchirappalli,24.9,0.0
2024-02-24 19:00:00,25.7,83,0.0,1003.0,8.3,16.2,89,85,19,24,2,5,55,26.4,0.0,28.0,0.0,31.2,0.0,32.9,0.1,26.7,0.0,27.65,0.0,30.21666666666667,1.9,28.979166666666668,2.7,-0.6999999999999993,0.0,Tiruchirappalli,24.0,0.0
2024-02-24 20:00:00,24.9,87,0.0,1002.1,5.5,13.0,84,79,20,24,2,5,55,25.7,0.0,27.0,0.0,29.8,0.0,33.7,0.1,26.3,0.0,26.83333333333333,0.0,29.48333333333333,1.7999999999999998,28.92083333333333,2.7,-0.8000000000000007,0.0,Tiruchirappalli,23.4,0.0
2024-02-24 21:00:00,24.3,90,0.0,1001.4,4.7,11.9,85,81,21,24,2,5,55,24.9,0.0,26.4,0.0,29.0,0.0,33.7,0.1,25.7,0.0,26.05,0.0,28.7,1.6999999999999995,28.8625,2.7,-0.5999999999999979,0.0,Tiruchirappalli,23.1,0.0
2024-02-24 22:00:00,23.6,94,0.0,1001.1,4.2,9.1,81,70,22,24,2,5,55,24.3,0.0,25.7,0.0,28.0,0.0,33.5,0.7,25.6,0.0,25.316666666666663,0.0,27.875,0.9999999999999998,28.779166666666665,2.7,-0.6999999999999993,0.0,Tiruchirappalli,22.7,0.0
2024-02-24 23:00:00,23.5,94,0.0,1001.2,3.8,6.2,80,49,23,24,2,5,55,23.6,0.0,24.9,0.0,27.0,0.0,32.3,0.9,25.2,0.0,24.73333333333333,0.0,27.14166666666667,0.0999999999999997,28.70833333333333,2.7,-0.1000000000000014,0.0,Tiruchirappalli,22.8,0.0
2024-02-25 00:00:00,22.9,97,0.0,1001.6,4.1,5.7,72,38,0,25,2,6,56,23.5,0.0,24.3,0.0,26.4,0.0,32.3,0.1,25.4,0.0,24.149999999999995,0.0,26.35833333333333,0.0,28.604166666666668,2.7,-0.6000000000000014,0.0,Tiruchirappalli,23.3,0.0
2024-02-25 01:00:00,23.9,92,0.0,1002.3,2.8,5.6,27,310,1,25,2,6,56,22.9,0.0,23.6,0.0,25.7,0.0,31.2,0.0,25.4,0.0,23.85,0.0,25.75,0.0,28.541666666666668,2.7,1.0,0.0,Tiruchirappalli,25.1,0.0
2024-02-25 02:00:00,24.9,87,0.0,1003.3,2.5,6.4,16,352,2,25,2,6,56,23.9,0.0,23.5,0.0,24.9,0.0,29.8,0.0,25.9,0.0,23.85,0.0,25.34166666666667,0.0,28.5,2.7,1.0,0.0,Tiruchirappalli,26.0,0.0
2024-02-25 03:00:00,27.1,73,0.0,1003.9,3.9,5.2,25,22,3,25,2,6,56,24.9,0.0,22.9,0.0,24.3,0.0,29.0,0.0,27.6,0.0,24.316666666666663,0.0,25.183333333333334,0.0,28.479166666666668,2.7,2.200000000000003,0.0,Tiruchirappalli,27.5,0.0
2024-02-25 04:00:00,29.0,64,0.0,1004.3,6.6,8.4,80,77,4,25,2,6,56,27.1,0.0,23.9,0.0,23.6,0.0,28.0,0.0,30.3,0.0,25.21666666666667,0.0,25.266666666666666,0.0,28.425,2.7,1.8999999999999984,0.0,Tiruchirappalli,29.0,0.0
2024-02-25 05:00:00,30.8,55,0.0,1003.7,8.5,11.0,79,78,5,25,2,6,56,29.0,0.0,24.9,0.0,23.5,0.0,27.0,0.0,30.9,0.6,26.433333333333334,0.0,25.58333333333333,0.0,28.42083333333333,2.1,1.8000000000000007,0.0,Tiruchirappalli,31.2,0.0
2024-02-25 06:00:00,32.1,50,0.1,1002.9,10.5,13.5,65,63,6,25,2,6,56,30.8,0.0,27.1,0.0,22.9,0.0,26.4,0.0,31.7,0.1,27.96666666666667,0.0999999999999997,26.058333333333334,0.0999999999999997,28.4375,2.1,1.3000000000000007,0.1,Tiruchirappalli,32.8,0.0
2024-02-25 07:00:00,32.9,47,0.1,1001.6,11.5,14.9,53,51,7,25,2,6,56,32.1,0.1,29.0,0.0,23.9,0.0,25.7,0.0,32.9,0.1,29.466666666666665,0.1999999999999998,26.65833333333333,0.1999999999999998,28.4375,2.1,0.7999999999999972,0.0,Tiruchirappalli,34.3,0.0
2024-02-25 08:00:00,33.6,45,0.0,1000.4,12.2,15.6,56,56,8,25,2,6,56,32.9,0.1,30.8,0.0,24.9,0.0,24.9,0.0,33.7,0.1,30.916666666666668,0.1999999999999998,27.383333333333336,0.1999999999999998,28.433333333333334,2.0,0.7000000000000028,-0.1,Tiruchirappalli,34.8,0.0
2024-02-25 09:00:00,34.2,42,0.0,999.4,12.6,16.3,59,59,9,25,2,6,56,33.6,0.0,32.1,0.1,27.1,0.0,24.3,0.0,33.7,0.1,32.1,0.1999999999999998,28.20833333333333,0.1999999999999998,28.45416666666667,1.9,0.6000000000000014,0.0,Tiruchirappalli,35.3,0.0
2024-02-25 10:00:00,34.3,40,0.1,998.6,12.7,16.8,62,61,10,25,2,6,56,34.2,0.0,32.9,0.1,29.0,0.0,23.6,0.0,33.5,0.7,32.98333333333333,0.2999999999999998,29.1,0.2999999999999998,28.4875,1.3,0.0999999999999943,0.1,Tiruchirappalli,35.2,0.0
2024-02-25 11:00:00,34.1,40,0.1,998.7,14.7,19.7,69,68,11,25,2,6,56,34.3,0.1,33.6,0.0,30.8,0.0,23.5,0.0,32.3,0.9,33.53333333333334,0.3999999999999998,29.98333333333333,0.3999999999999998,28.5625,0.5,-0.1999999999999957,0.0,Tiruchirappalli,34.5,0.0
2024-02-25 12:00:00,33.0,43,0.0,999.0,15.4,21.5,80,79,12,25,2,6,56,34.1,0.1,34.2,0.0,32.1,0.1,22.9,0.0,32.3,0.1,33.68333333333334,0.2999999999999998,30.825,0.3999999999999998,28.59166666666667,0.4,-1.1000000000000014,-0.1,Tiruchirappalli,32.9,0.0
2024-02-25 13:00:00,30.6,53,0.0,999.9,9.7,17.7,88,90,13,25,2,6,56,33.0,0.0,34.3,0.1,32.9,0.1,23.9,0.0,31.2,0.0,33.300000000000004,0.1999999999999998,31.383333333333336,0.3999999999999998,28.566666666666663,0.4,-2.3999999999999986,0.0,Tiruchirappalli,30.8,0.0
2024-02-25 14:00:00,29.4,57,0.0,1001.1,15.5,26.3,87,87,14,25,2,6,56,30.6,0.0,34.1,0.1,33.6,0.0,24.9,0.0,29.8,0.0,32.6,0.1999999999999998,31.75833333333333,0.3999999999999998,28.55,0.4,-1.2000000000000028,0.0,Tiruchirappalli,29.4,0.0
2024-02-25 15:00:00,28.5,61,0.0,1002.1,13.6,24.0,77,78,15,25,2,6,56,29.4,0.0,33.0,0.0,34.2,0.0,27.1,0.0,29.0,0.0,31.65,0.1999999999999998,31.875,0.3999999999999998,28.52916666666667,0.4,-0.8999999999999986,0.0,Tiruchirappalli,28.1,0.0
2024-02-25 16:00:00,27.5,66,0.0,1002.7,13.7,24.1,76,76,16,25,2,6,56,28.5,0.0,30.6,0.0,34.3,0.1,29.0,0.0,28.0,0.0,30.51666666666667,0.0999999999999997,31.75,0.3999999999999998,28.508333333333336,0.4,-1.0,0.0,Tiruchirappalli,26.8,0.0
2024-02-25 17:00:00,26.7,72,0.0,1002.9,13.2,24.2,72,73,17,25,2,6,56,27.5,0.0,29.4,0.0,34.1,0.1,30.8,0.0,27.0,0.0,29.28333333333333,0.0,31.40833333333333,0.3999999999999998,28.495833333333334,0.4,-0.8000000000000007,0.0,Tiruchirappalli,25.8,0.0
2024-02-25 18:00:00,26.3,75,0.0,1003.1,12.4,23.2,66,68,18,25,2,6,56,26.7,0.0,28.5,0.0,33.0,0.0,32.1,0.1,26.4,0.0,28.166666666666668,0.0,30.925,0.2999999999999998,28.49166666666667,0.4,-0.3999999999999986,0.0,Tiruchirappalli,24.8,0.0
2024-02-25 19:00:00,26.0,77,0.0,1002.6,10.9,21.3,62,63,19,25,2,6,56,26.3,0.0,27.5,0.0,30.6,0.0,32.9,0.1,25.7,0.0,27.4,0.0,30.35,0.1999999999999998,28.504166666666663,0.4,-0.3000000000000007,0.0,Tiruchirappalli,23.9,0.0
2024-02-25 20:00:00,26.2,75,0.0,1002.2,10.7,20.2,59,57,20,25,2,6,56,26.0,0.0,26.7,0.0,29.4,0.0,33.6,0.0,24.9,0.0,26.866666666666664,0.0,29.73333333333333,0.1999999999999998,28.558333333333334,0.4,0.1999999999999993,0.0,Tiruchirappalli,23.2,0.0
2024-02-25 21:00:00,26.0,75,0.0,1001.6,10.0,18.0,53,49,21,25,2,6,56,26.2,0.0,26.3,0.0,28.5,0.0,34.2,0.0,24.3,0.0,26.45,0.0,29.05,0.1999999999999998,28.629166666666663,0.4,-0.1999999999999993,0.0,Tiruchirappalli,23.3,0.0
2024-02-25 22:00:00,26.0,75,0.0,1001.4,8.2,15.0,46,41,22,25,2,6,56,26.0,0.0,26.0,0.0,27.5,0.0,34.3,0.1,23.6,0.0,26.2,0.0,28.35833333333333,0.0999999999999997,28.729166666666668,0.4,0.0,0.0,Tiruchirappalli,24.6,0.0
2024-02-25 23:00:00,25.0,80,0.0,1001.4,6.6,14.2,36,29,23,25,2,6,56,26.0,0.0,26.2,0.0,26.7,0.0,34.1,0.1,23.5,0.0,25.916666666666668,0.0,27.600000000000005,0.0,28.791666666666668,0.4,-1.0,0.0,Tiruchirappalli,24.0,0.0
2024-02-26 00:00:00,24.1,84,0.0,1001.5,6.6,15.3,34,29,0,26,2,0,57,25.0,0.0,26.0,0.0,26.3,0.0,33.0,0.0,22.9,0.0,25.55,0.0,26.85833333333333,0.0,28.841666666666665,0.4,-0.8999999999999986,0.0,Tiruchirappalli,23.7,0.0
2024-02-26 01:00:00,24.7,85,0.0,1002.2,5.7,13.0,357,342,1,26,2,0,57,24.1,0.0,26.0,0.0,26.0,0.0,30.6,0.0,23.9,0.0,25.33333333333333,0.0,26.366666666666664,0.0,28.875,0.4,0.5999999999999979,0.0,Tiruchirappalli,24.8,0.0
2024-02-26 02:00:00,26.1,78,0.0,1003.0,4.3,10.4,358,360,2,26,2,0,57,24.7,0.0,25.0,0.0,26.2,0.0,29.4,0.0,24.9,0.0,25.316666666666663,0.0,26.09166666666667,0.0,28.925,0.4,1.400000000000002,0.0,Tiruchirappalli,25.1,0.0
2024-02-26 03:00:00,26.7,76,0.3,1004.2,12.3,16.7,83,85,3,26,2,0,57,26.1,0.0,24.1,0.0,26.0,0.0,28.5,0.0,27.1,0.0,25.433333333333334,0.2999999999999997,25.941666666666663,0.2999999999999997,28.90833333333333,0.7000000000000001,0.5999999999999979,0.3,Tiruchirappalli,26.5,0.0
2024-02-26 04:00:00,27.4,74,0.1,1004.8,11.2,14.9,75,75,4,26,2,0,57,26.7,0.3,24.7,0.0,26.0,0.0,27.5,0.0,29.0,0.0,25.666666666666668,0.3999999999999998,25.933333333333337,0.3999999999999998,28.841666666666665,0.8,0.6999999999999993,-0.1999999999999999,Tiruchirappalli,28.6,0.0
2024-02-26 05:00:00,28.8,69,0.3,1004.7,13.0,17.1,65,66,5,26,2,0,57,27.4,0.1,26.1,0.0,25.0,0.0,26.7,0.0,30.8,0.0,26.3,0.6999999999999997,26.10833333333333,0.6999999999999997,28.758333333333336,1.1,1.400000000000002,0.1999999999999999,Tiruchirappalli,30.6,0.0
2024-02-26 06:00:00,30.9,59,0.0,1003.6,14.7,19.7,69,68,6,26,2,0,57,28.8,0.3,26.7,0.3,24.1,0.0,26.3,0.0,32.1,0.1,27.433333333333337,0.6999999999999997,26.49166666666667,0.6999999999999997,28.70833333333333,1.0,2.099999999999998,-0.3,Tiruchirappalli,32.4,0.0
2024-02-26 07:00:00,32.2,52,0.0,1002.6,17.1,22.6,76,75,7,26,2,0,57,30.9,0.0,27.4,0.1,24.7,0.0,26.0,0.0,32.9,0.1,28.683333333333334,0.6999999999999997,27.008333333333336,0.6999999999999997,28.679166666666664,0.9,1.3000000000000045,0.0,Tiruchirappalli,34.0,0.0
2024-02-26 08:00:00,32.7,49,0.0,1001.3,17.6,23.5,75,75,8,26,2,0,57,32.2,0.0,28.8,0.3,26.1,0.0,26.2,0.0,33.6,0.0,29.78333333333333,0.6999999999999997,27.55,0.6999999999999997,28.641666666666666,0.9,0.5,0.0,Tiruchirappalli,35.0,0.0
2024-02-26 09:00:00,33.0,48,0.1,1000.2,17.9,24.3,75,75,9,26,2,0,57,32.7,0.0,30.9,0.0,26.7,0.3,26.0,0.0,34.2,0.0,30.83333333333333,0.4999999999999998,28.13333333333333,0.7999999999999997,28.59166666666667,1.0,0.2999999999999971,0.1,Tiruchirappalli,35.2,0.0
2024-02-26 10:00:00,33.3,46,0.0,999.4,19.9,27.4,73,73,10,26,2,0,57,33.0,0.1,32.2,0.0,27.4,0.1,26.0,0.0,34.3,0.1,31.816666666666663,0.3999999999999998,28.741666666666664,0.7999999999999997,28.55,0.9,0.2999999999999971,-0.1,Tiruchirappalli,34.9,0.0
2024-02-26 11:00:00,32.2,48,0.0,999.7,21.5,30.3,80,80,11,26,2,0,57,33.3,0.0,32.7,0.0,28.8,0.3,25.0,0.0,34.1,0.1,32.38333333333333,0.0999999999999997,29.341666666666665,0.7999999999999997,28.47083333333333,0.8,-1.0999999999999943,0.0,Tiruchirappalli,34.3,0.0
2024-02-26 12:00:00,31.0,52,0.0,1000.2,21.3,30.4,79,79,12,26,2,0,57,32.2,0.0,33.0,0.1,30.9,0.0,24.1,0.0,33.0,0.0,32.400000000000006,0.0999999999999997,29.916666666666668,0.7999999999999997,28.3875,0.8,-1.2000000000000028,0.0,Tiruchirappalli,33.7,0.0
2024-02-26 13:00:00,29.8,54,0.0,1001.2,13.0,22.2,63,62,13,26,2,0,57,31.0,0.0,33.3,0.0,32.2,0.0,24.7,0.0,30.6,0.0,32.0,0.0999999999999997,30.34166666666667,0.7999999999999997,28.35416666666667,0.8,-1.1999999999999993,0.0,Tiruchirappalli,29.7,0.0
2024-02-26 14:00:00,28.6,59,0.0,1002.1,12.9,23.8,61,60,14,26,2,0,57,29.8,0.0,32.2,0.0,32.7,0.0,26.1,0.0,29.4,0.0,31.316666666666663,0.0999999999999997,30.55,0.7999999999999997,28.32083333333333,0.8,-1.1999999999999993,0.0,Tiruchirappalli,28.4,0.0
2024-02-26 15:00:00,27.9,63,0.0,1003.0,15.6,27.4,62,61,15,26,2,0,57,28.6,0.0,31.0,0.0,33.0,0.1,26.7,0.3,28.5,0.0,30.466666666666665,0.0,30.65,0.4999999999999998,28.29583333333333,0.8,-0.7000000000000028,0.0,Tiruchirappalli,27.5,0.0
2024-02-26 16:00:00,27.2,68,0.0,1003.7,14.2,25.1,65,66,16,26,2,0,57,27.9,0.0,29.8,0.0,33.3,0.0,27.4,0.1,27.5,0.0,29.45,0.0,30.63333333333333,0.3999999999999998,28.28333333333333,0.8,-0.6999999999999993,0.0,Tiruchirappalli,27.7,0.0
2024-02-26 17:00:00,26.4,73,0.0,1004.1,12.4,23.0,61,64,17,26,2,0,57,27.2,0.0,28.6,0.0,32.2,0.0,28.8,0.3,26.7,0.0,28.48333333333333,0.0,30.433333333333337,0.0999999999999997,28.27083333333333,0.8,-0.8000000000000007,0.0,Tiruchirappalli,26.2,0.0
2024-02-26 18:00:00,25.9,75,0.0,1004.0,11.4,21.7,61,62,18,26,2,0,57,26.4,0.0,27.9,0.0,31.0,0.0,30.9,0.0,26.3,0.0,27.63333333333333,0.0,30.016666666666666,0.0999999999999997,28.254166666666663,0.8,-0.5,0.0,Tiruchirappalli,25.2,0.0
2024-02-26 19:00:00,25.5,78,0.0,1003.6,10.4,20.3,57,56,19,26,2,0,57,25.9,0.0,27.2,0.0,29.8,0.0,32.2,0.0,26.0,0.0,26.916666666666668,0.0,29.45833333333333,0.0999999999999997,28.23333333333333,0.8,-0.3999999999999986,0.0,Tiruchirappalli,24.5,0.0
2024-02-26 20:00:00,25.0,81,0.0,1003.0,9.9,19.6,46,44,20,26,2,0,57,25.5,0.0,26.4,0.0,28.6,0.0,32.7,0.0,26.2,0.0,26.316666666666663,0.0,28.816666666666663,0.0999999999999997,28.183333333333337,0.8,-0.5,0.0,Tiruchirappalli,23.9,0.0
2024-02-26 21:00:00,24.6,84,0.0,1002.5,10.0,19.5,39,38,21,26,2,0,57,25.0,0.0,25.9,0.0,27.9,0.0,33.0,0.1,26.0,0.0,25.766666666666666,0.0,28.11666666666667,0.0,28.125,0.8,-0.3999999999999986,0.0,Tiruchirappalli,23.6,0.0
2024-02-26 22:00:00,24.3,88,0.0,1002.3,11.1,21.0,35,36,22,26,2,0,57,24.6,0.0,25.5,0.0,27.2,0.0,33.3,0.0,26.0,0.0,25.28333333333333,0.0,27.366666666666664,0.0,28.05416666666667,0.8,-0.3000000000000007,0.0,Tiruchirappalli,23.6,0.0
2024-02-26 23:00:00,24.2,90,0.0,1002.3,11.6,21.0,35,36,23,26,2,0,57,24.3,0.0,25.0,0.0,26.4,0.0,32.2,0.0,25.0,0.0,24.916666666666668,0.0,26.700000000000003,0.0,28.02083333333333,0.8,-0.1000000000000014,0.0,Tiruchirappalli,24.0,0.0
2024-02-27 00:00:00,24.1,91,0.0,1002.6,11.8,21.7,32,31,0,27,2,1,58,24.2,0.0,24.6,0.0,25.9,0.0,31.0,0.0,24.1,0.0,24.616666666666664,0.0,26.125,0.0,28.02083333333333,0.8,-0.0999999999999978,0.0,Tiruchirappalli,24.2,0.0
2024-02-27 01:00:00,24.7,90,0.0,1003.1,9.7,19.6,20,22,1,27,2,1,58,24.1,0.0,24.3,0.0,25.5,0.0,29.8,0.0,24.7,0.0,24.48333333333333,0.0,25.7,0.0,28.02083333333333,0.8,0.5999999999999979,0.0,Tiruchirappalli,24.9,0.0
2024-02-27 02:00:00,25.9,82,0.0,1004.2,12.2,19.2,26,28,2,27,2,1,58,24.7,0.0,24.2,0.0,25.0,0.0,28.6,0.0,26.1,0.0,24.633333333333336,0.0,25.475,0.0,28.012500000000003,0.8,1.1999999999999993,0.0,Tiruchirappalli,25.5,0.0
2024-02-27 03:00:00,27.6,72,0.1,1004.9,17.4,24.7,34,34,3,27,2,1,58,25.9,0.0,24.1,0.0,24.6,0.0,27.9,0.0,26.7,0.3,25.133333333333336,0.0999999999999997,25.45,0.0999999999999997,28.05,0.6000000000000001,1.7000000000000028,0.1,Tiruchirappalli,27.1,0.0
2024-02-27 04:00:00,28.5,68,0.6,1005.1,20.9,29.0,43,44,4,27,2,1,58,27.6,0.1,24.7,0.0,24.3,0.0,27.2,0.0,27.4,0.1,25.83333333333333,0.6999999999999997,25.558333333333334,0.6999999999999997,28.09583333333333,1.1,0.8999999999999986,0.5,Tiruchirappalli,29.3,0.0
2024-02-27 05:00:00,30.0,60,0.2,1005.2,21.5,29.4,49,50,5,27,2,1,58,28.5,0.6,25.9,0.0,24.2,0.0,26.4,0.0,28.8,0.3,26.8,0.8999999999999997,25.85833333333333,0.8999999999999997,28.14583333333333,1.0,1.5,-0.3999999999999999,Tiruchirappalli,31.1,0.0
2024-02-27 06:00:00,31.2,55,0.1,1004.2,19.8,26.7,53,53,6,27,2,1,58,30.0,0.2,27.6,0.1,24.1,0.0,25.9,0.0,30.9,0.0,27.98333333333333,0.9999999999999998,26.3,0.9999999999999998,28.15833333333333,1.1,1.1999999999999993,-0.1,Tiruchirappalli,32.4,0.0
2024-02-27 07:00:00,32.7,50,0.0,1003.2,18.0,24.5,62,61,7,27,2,1,58,31.2,0.1,28.5,0.6,24.7,0.0,25.5,0.0,32.2,0.0,29.316666666666663,0.9999999999999998,26.9,0.9999999999999998,28.179166666666664,1.1,1.5000000000000036,-0.1,Tiruchirappalli,33.5,0.0
2024-02-27 08:00:00,34.2,44,0.0,1002.0,17.4,23.1,72,72,8,27,2,1,58,32.7,0.0,30.0,0.2,25.9,0.0,25.0,0.0,32.7,0.0,30.7,0.9999999999999998,27.666666666666668,0.9999999999999998,28.24166666666667,1.1,1.5,0.0,Tiruchirappalli,34.5,0.0
2024-02-27 09:00:00,34.6,39,0.0,1000.8,16.9,22.4,79,79,9,27,2,1,58,34.2,0.0,31.2,0.1,27.6,0.1,24.6,0.0,33.0,0.1,31.866666666666664,0.8999999999999998,28.5,0.9999999999999998,28.308333333333334,1.0,0.3999999999999986,0.0,Tiruchirappalli,35.0,0.0
2024-02-27 10:00:00,34.5,37,0.0,1000.1,17.8,24.1,76,76,10,27,2,1,58,34.6,0.0,32.7,0.0,28.5,0.6,24.3,0.0,33.3,0.0,32.86666666666667,0.2999999999999998,29.350000000000005,0.9999999999999998,28.35833333333333,1.0,-0.1000000000000014,0.0,Tiruchirappalli,34.9,0.0
2024-02-27 11:00:00,33.8,39,0.0,1000.4,18.9,26.1,75,76,11,27,2,1,58,34.5,0.0,34.2,0.0,30.0,0.2,24.2,0.0,32.2,0.0,33.5,0.0999999999999997,30.149999999999995,0.9999999999999998,28.425,1.0,-0.7000000000000028,0.0,Tiruchirappalli,34.6,0.0
2024-02-27 12:00:00,32.3,42,0.0,1000.6,19.6,28.2,76,76,12,27,2,1,58,33.8,0.0,34.6,0.0,31.2,0.1,24.1,0.0,31.0,0.0,33.68333333333334,0.0,30.83333333333333,0.9999999999999998,28.479166666666668,1.0,-1.5,0.0,Tiruchirappalli,33.7,0.0
2024-02-27 13:00:00,29.9,48,0.0,1001.7,10.6,19.0,57,55,13,27,2,1,58,32.3,0.0,34.5,0.0,32.7,0.0,24.7,0.0,29.8,0.0,33.21666666666666,0.0,31.26666666666667,0.9999999999999998,28.48333333333333,1.0,-2.3999999999999986,0.0,Tiruchirappalli,31.0,0.0
2024-02-27 14:00:00,28.8,52,0.0,1002.3,9.4,19.2,50,50,14,27,2,1,58,29.9,0.0,33.8,0.0,34.2,0.0,25.9,0.0,28.6,0.0,32.31666666666667,0.0,31.50833333333333,0.9999999999999998,28.49166666666667,1.0,-1.099999999999998,0.0,Tiruchirappalli,29.6,0.0
2024-02-27 15:00:00,28.0,54,0.0,1003.2,11.4,22.5,63,66,15,27,2,1,58,28.8,0.0,32.3,0.0,34.6,0.0,27.6,0.1,27.9,0.0,31.21666666666667,0.0,31.541666666666668,0.8999999999999998,28.495833333333334,1.0,-0.8000000000000007,0.0,Tiruchirappalli,27.5,0.0
2024-02-27 16:00:00,27.5,60,0.0,1004.1,11.4,21.5,76,77,16,27,2,1,58,28.0,0.0,29.9,0.0,34.5,0.0,28.5,0.6,27.2,0.0,30.05,0.0,31.45833333333333,0.2999999999999998,28.508333333333336,1.0,-0.5,0.0,Tiruchirappalli,26.5,0.0
2024-02-27 17:00:00,26.5,69,0.0,1004.2,10.2,20.0,67,67,17,27,2,1,58,27.5,0.0,28.8,0.0,33.8,0.0,30.0,0.2,26.4,0.0,28.83333333333333,0.0,31.166666666666668,0.0999999999999997,28.512500000000003,1.0,-1.0,0.0,Tiruchirappalli,25.5,0.0
2024-02-27 18:00:00,25.7,75,0.0,1004.4,7.4,16.6,63,67,18,27,2,1,58,26.5,0.0,28.0,0.0,32.3,0.0,31.2,0.1,25.9,0.0,27.73333333333333,0.0,30.70833333333333,0.0,28.504166666666663,1.0,-0.8000000000000007,0.0,Tiruchirappalli,24.5,0.0
2024-02-27 19:00:00,24.8,80,0.0,1004.0,5.1,14.1,52,51,19,27,2,1,58,25.7,0.0,27.5,0.0,29.9,0.0,32.7,0.0,25.5,0.0,26.883333333333336,0.0,30.05,0.0,28.475,1.0,-0.8999999999999986,0.0,Tiruchirappalli,23.5,0.0
2024-02-27 20:00:00,24.1,84,0.0,1003.1,5.2,14.1,38,34,20,27,2,1,58,24.8,0.0,26.5,0.0,28.8,0.0,34.2,0.0,25.0,0.0,26.1,0.0,29.20833333333333,0.0,28.437500000000004,1.0,-0.6999999999999993,0.0,Tiruchirappalli,22.3,0.0
2024-02-27 21:00:00,23.7,84,0.0,1002.6,6.4,15.8,30,27,21,27,2,1,58,24.1,0.0,25.7,0.0,28.0,0.0,34.6,0.0,24.6,0.0,25.383333333333336,0.0,28.3,0.0,28.4,1.0,-0.4000000000000021,0.0,Tiruchirappalli,21.8,0.0
2024-02-27 22:00:00,23.4,85,0.0,1002.2,6.4,16.9,34,38,22,27,2,1,58,23.7,0.0,24.8,0.0,27.5,0.0,34.5,0.0,24.3,0.0,24.7,0.0,27.375,0.0,28.3625,1.0,-0.3000000000000007,0.0,Tiruchirappalli,21.2,0.0
2024-02-27 23:00:00,23.3,84,0.0,1001.9,7.4,18.4,35,43,23,27,2,1,58,23.4,0.0,24.1,0.0,26.5,0.0,33.8,0.0,24.2,0.0,24.166666666666668,0.0,26.5,0.0,28.325000000000003,1.0,-0.0999999999999978,0.0,Tiruchirappalli,20.5,0.0
2024-02-28 00:00:00,23.1,83,0.0,1002.0,6.9,17.9,34,43,0,28,2,2,59,23.3,0.0,23.7,0.0,25.7,0.0,32.3,0.0,24.1,0.0,23.73333333333333,0.0,25.73333333333333,0.0,28.28333333333333,1.0,-0.1999999999999993,0.0,Tiruchirappalli,20.2,0.0
2024-02-28 01:00:00,23.5,78,0.0,1003.1,6.9,17.8,36,47,1,28,2,2,59,23.1,0.0,23.4,0.0,24.8,0.0,29.9,0.0,24.7,0.0,23.516666666666666,0.0,25.2,0.0,28.23333333333333,1.0,0.3999999999999986,0.0,Tiruchirappalli,21.2,0.0
2024-02-28 02:00:00,25.0,72,0.0,1004.0,8.6,18.4,42,57,2,28,2,2,59,23.5,0.0,23.3,0.0,24.1,0.0,28.8,0.0,25.9,0.0,23.666666666666668,0.0,24.883333333333336,0.0,28.195833333333336,1.0,1.5,0.0,Tiruchirappalli,23.4,0.0
2024-02-28 03:00:00,27.5,61,0.0,1005.0,10.7,15.3,41,42,3,28,2,2,59,25.0,0.0,23.1,0.0,23.7,0.0,28.0,0.0,27.6,0.1,24.3,0.0,24.84166666666667,0.0,28.191666666666663,0.8999999999999999,2.5,0.0,Tiruchirappalli,26.0,0.0
2024-02-28 04:00:00,29.6,52,0.0,1005.1,13.5,17.8,42,42,4,28,2,2,59,27.5,0.0,23.5,0.0,23.4,0.0,27.5,0.0,28.5,0.6,25.33333333333333,0.0,25.01666666666667,0.0,28.2375,0.3,2.1000000000000014,0.0,Tiruchirappalli,28.0,0.0
2024-02-28 05:00:00,31.1,47,0.0,1004.8,13.2,17.3,47,47,5,28,2,2,59,29.6,0.0,25.0,0.0,23.3,0.0,26.5,0.0,30.0,0.2,26.633333333333336,0.0,25.4,0.0,28.28333333333333,0.1,1.5,0.0,Tiruchirappalli,30.1,0.0
2024-02-28 06:00:00,32.8,42,0.0,1003.8,15.5,20.4,54,54,6,28,2,2,59,31.1,0.0,27.5,0.0,23.1,0.0,25.7,0.0,31.2,0.1,28.25,0.0,25.991666666666664,0.0,28.350000000000005,0.0,1.6999999999999955,0.0,Tiruchirappalli,32.0,0.0
2024-02-28 07:00:00,33.5,39,0.0,1002.3,15.0,19.7,55,55,7,28,2,2,59,32.8,0.0,29.6,0.0,23.5,0.0,24.8,0.0,32.7,0.0,29.916666666666668,0.0,26.71666666666667,0.0,28.383333333333336,0.0,0.7000000000000028,0.0,Tiruchirappalli,33.5,0.0
2024-02-28 08:00:00,34.0,38,0.0,1001.0,15.7,20.9,58,58,8,28,2,2,59,33.5,0.0,31.1,0.0,25.0,0.0,24.1,0.0,34.2,0.0,31.416666666666668,0.0,27.541666666666668,0.0,28.375,0.0,0.5,0.0,Tiruchirappalli,34.4,0.0
2024-02-28 09:00:00,34.2,38,0.0,1000.2,16.1,21.4,63,63,9,28,2,2,59,34.0,0.0,32.8,0.0,27.5,0.0,23.7,0.0,34.6,0.0,32.53333333333333,0.0,28.416666666666668,0.0,28.35833333333333,0.0,0.2000000000000028,0.0,Tiruchirappalli,34.7,0.0
2024-02-28 10:00:00,34.3,36,0.0,999.5,14.6,19.7,69,70,10,28,2,2,59,34.2,0.0,33.5,0.0,29.6,0.0,23.4,0.0,34.5,0.0,33.31666666666666,0.0,29.325,0.0,28.350000000000005,0.0,0.0999999999999943,0.0,Tiruchirappalli,34.6,0.0
2024-02-28 11:00:00,34.0,36,0.0,999.4,16.6,22.6,68,68,11,28,2,2,59,34.3,0.0,34.0,0.0,31.1,0.0,23.3,0.0,33.8,0.0,33.800000000000004,0.0,30.21666666666667,0.0,28.35833333333333,0.0,-0.2999999999999971,0.0,Tiruchirappalli,34.3,0.0
2024-02-28 12:00:00,32.4,40,0.0,999.8,17.3,24.4,74,73,12,28,2,2,59,34.0,0.0,34.2,0.0,32.8,0.0,23.1,0.0,32.3,0.0,33.73333333333333,0.0,30.991666666666664,0.0,28.3625,0.0,-1.6000000000000014,0.0,Tiruchirappalli,33.4,0.0
2024-02-28 13:00:00,30.4,49,0.0,1000.3,14.7,25.2,73,73,13,28,2,2,59,32.4,0.0,34.3,0.0,33.5,0.0,23.5,0.0,29.9,0.0,33.21666666666666,0.0,31.566666666666663,0.0,28.383333333333336,0.0,-2.0,0.0,Tiruchirappalli,30.6,0.0
2024-02-28 14:00:00,29.0,57,0.0,1001.5,15.3,26.0,76,75,14,28,2,2,59,30.4,0.0,34.0,0.0,34.0,0.0,25.0,0.0,28.8,0.0,32.38333333333333,0.0,31.9,0.0,28.391666666666666,0.0,-1.3999999999999986,0.0,Tiruchirappalli,30.2,0.0
2024-02-28 15:00:00,27.5,63,0.0,1002.4,12.6,23.2,84,85,15,28,2,2,59,29.0,0.0,32.4,0.0,34.2,0.0,27.5,0.0,28.0,0.0,31.266666666666666,0.0,31.9,0.0,28.370833333333334,0.0,-1.5,0.0,Tiruchirappalli,28.6,0.0
2024-02-28 16:00:00,26.4,68,0.0,1003.1,9.7,19.9,85,88,16,28,2,2,59,27.5,0.0,30.4,0.0,34.3,0.0,29.6,0.0,27.5,0.0,29.950000000000003,0.0,31.63333333333333,0.0,28.325,0.0,-1.1000000000000014,0.0,Tiruchirappalli,27.0,0.0
2024-02-28 17:00:00,25.2,74,0.0,1003.7,7.2,17.1,83,84,17,28,2,2,59,26.4,0.0,29.0,0.0,34.0,0.0,31.1,0.0,26.5,0.0,28.48333333333333,0.0,31.141666666666666,0.0,28.27083333333333,0.0,-1.1999999999999993,0.0,Tiruchirappalli,26.0,0.0
2024-02-28 18:00:00,24.2,80,0.0,1003.8,5.5,14.8,67,67,18,28,2,2,59,25.2,0.0,27.5,0.0,32.4,0.0,32.8,0.0,25.7,0.0,27.116666666666664,0.0,30.425,0.0,28.20833333333333,0.0,-1.0,0.0,Tiruchirappalli,25.1,0.0
2024-02-28 19:00:00,23.1,87,0.0,1003.5,5.9,12.4,54,52,19,28,2,2,59,24.2,0.0,26.4,0.0,30.4,0.0,33.5,0.0,24.8,0.0,25.9,0.0,29.558333333333334,0.0,28.1375,0.0,-1.099999999999998,0.0,Tiruchirappalli,24.3,0.0
2024-02-28 20:00:00,22.5,92,0.0,1002.9,5.4,12.3,40,37,20,28,2,2,59,23.1,0.0,25.2,0.0,29.0,0.0,34.0,0.0,24.1,0.0,24.816666666666663,0.0,28.6,0.0,28.07083333333333,0.0,-0.6000000000000014,0.0,Tiruchirappalli,23.5,0.0
2024-02-28 21:00:00,22.0,95,0.0,1002.3,6.4,12.4,36,38,21,28,2,2,59,22.5,0.0,24.2,0.0,27.5,0.0,34.2,0.0,23.7,0.0,23.9,0.0,27.58333333333333,0.0,28.0,0.0,-0.5,0.0,Tiruchirappalli,22.5,0.0
2024-02-28 22:00:00,21.7,97,0.0,1001.9,6.6,13.3,33,41,22,28,2,2,59,22.0,0.0,23.1,0.0,26.4,0.0,34.3,0.0,23.4,0.0,23.116666666666664,0.0,26.53333333333333,0.0,27.92916666666667,0.0,-0.3000000000000007,0.0,Tiruchirappalli,22.3,0.0
2024-02-28 23:00:00,21.8,96,0.0,1001.6,5.1,14.8,34,45,23,28,2,2,59,21.7,0.0,22.5,0.0,25.2,0.0,34.0,0.0,23.3,0.0,22.55,0.0,25.516666666666666,0.0,27.866666666666664,0.0,0.1000000000000014,0.0,Tiruchirappalli,21.9,0.0
2024-02-29 00:00:00,22.0,95,0.0,1001.9,6.1,16.7,37,50,0,29,2,3,60,21.8,0.0,22.0,0.0,24.2,0.0,32.4,0.0,23.1,0.0,22.183333333333334,0.0,24.65,0.0,27.82083333333333,0.0,0.1999999999999993,0.0,Tiruchirappalli,21.6,0.0
2024-02-29 01:00:00,22.5,93,0.0,1002.7,5.2,9.1,18,12,1,29,2,3,60,22.0,0.0,21.7,0.0,23.1,0.0,30.4,0.0,23.5,0.0,22.08333333333333,0.0,23.991666666666664,0.0,27.779166666666665,0.0,0.5,0.0,Tiruchirappalli,23.1,0.0
2024-02-29 02:00:00,24.0,85,0.0,1003.5,4.3,9.6,20,24,2,29,2,3,60,22.5,0.0,21.8,0.0,22.5,0.0,29.0,0.0,25.0,0.0,22.33333333333333,0.0,23.575,0.0,27.7375,0.0,1.5,0.0,Tiruchirappalli,24.6,0.0
2024-02-29 03:00:00,26.7,69,0.0,1004.5,4.2,5.7,18,20,3,29,2,3,60,24.0,0.0,22.0,0.0,22.0,0.0,27.5,0.0,27.5,0.0,23.11666666666667,0.0,23.50833333333333,0.0,27.704166666666666,0.0,2.7,0.0,Tiruchirappalli,26.5,0.0
2024-02-29 04:00:00,29.5,53,0.0,1004.8,7.5,9.8,36,35,4,29,2,3,60,26.7,0.0,22.5,0.0,21.7,0.0,26.4,0.0,29.6,0.0,24.416666666666668,0.0,23.766666666666666,0.0,27.700000000000003,0.0,2.8000000000000007,0.0,Tiruchirappalli,28.5,0.0
2024-02-29 05:00:00,31.7,43,0.0,1004.8,11.1,14.7,54,54,5,29,2,3,60,29.5,0.0,24.0,0.0,21.8,0.0,25.2,0.0,31.1,0.0,26.066666666666663,0.0,24.308333333333337,0.0,27.725,0.0,2.2,0.0,Tiruchirappalli,30.7,0.0
2024-02-29 06:00:00,32.9,41,0.0,1004.1,12.3,16.2,69,69,6,29,2,3,60,31.7,0.0,26.7,0.0,22.0,0.0,24.2,0.0,32.8,0.0,27.88333333333333,0.0,25.03333333333333,0.0,27.72916666666666,0.0,1.1999999999999993,0.0,Tiruchirappalli,32.5,0.0
2024-02-29 07:00:00,33.9,39,0.0,1002.9,13.0,16.7,71,71,7,29,2,3,60,32.9,0.0,29.5,0.0,22.5,0.0,23.1,0.0,33.5,0.0,29.78333333333333,0.0,25.933333333333334,0.0,27.745833333333337,0.0,1.0,0.0,Tiruchirappalli,34.0,0.0
2024-02-29 08:00:00,34.4,37,0.0,1001.6,13.2,17.4,72,73,8,29,2,3,60,33.9,0.0,31.7,0.0,24.0,0.0,22.5,0.0,34.0,0.0,31.516666666666666,0.0,26.925,0.0,27.762500000000003,0.0,0.5,0.0,Tiruchirappalli,35.1,0.0
2024-02-29 09:00:00,34.9,35,0.0,1000.5,16.3,21.2,75,76,9,29,2,3,60,34.4,0.0,32.9,0.0,26.7,0.0,22.0,0.0,34.2,0.0,32.88333333333333,0.0,28.0,0.0,27.791666666666668,0.0,0.5,0.0,Tiruchirappalli,35.6,0.0
2024-02-29 10:00:00,34.0,37,0.0,999.9,14.3,19.0,80,80,10,29,2,3,60,34.9,0.0,33.9,0.0,29.5,0.0,21.7,0.0,34.3,0.0,33.63333333333333,0.0,29.025,0.0,27.77916666666667,0.0,-0.8999999999999986,0.0,Tiruchirappalli,35.1,0.0
2024-02-29 11:00:00,34.0,35,0.0,999.9,11.8,15.9,77,78,11,29,2,3,60,34.0,0.0,34.4,0.0,31.7,0.0,21.8,0.0,34.0,0.0,34.01666666666667,0.0,30.041666666666668,0.0,27.77916666666667,0.0,0.0,0.0,Tiruchirappalli,34.1,0.0
2024-02-29 12:00:00,33.4,36,0.0,1000.5,14.4,21.0,77,77,12,29,2,3,60,34.0,0.0,34.9,0.0,32.9,0.0,22.0,0.0,32.4,0.0,34.1,0.0,30.991666666666664,0.0,27.82083333333333,0.0,-0.6000000000000014,0.0,Tiruchirappalli,33.2,0.0
2024-02-29 13:00:00,31.4,42,0.0,1001.8,10.9,20.4,98,96,13,29,2,3,60,33.4,0.0,34.0,0.0,33.9,0.0,22.5,0.0,30.4,0.0,33.68333333333333,0.0,31.73333333333333,0.0,27.8625,0.0,-2.0,0.0,Tiruchirappalli,32.1,0.0
2024-02-29 14:00:00,30.2,43,0.0,1002.9,14.0,25.8,103,102,14,29,2,3,60,31.4,0.0,34.0,0.0,34.4,0.0,24.0,0.0,29.0,0.0,32.98333333333333,0.0,32.25,0.0,27.9125,0.0,-1.1999999999999993,0.0,Tiruchirappalli,30.1,0.0
2024-02-29 15:00:00,28.8,48,0.0,1004.0,11.9,24.3,96,92,15,29,2,3,60,30.2,0.0,33.4,0.0,34.9,0.0,26.7,0.0,27.5,0.0,31.96666666666667,0.0,32.425000000000004,0.0,27.966666666666665,0.0,-1.3999999999999986,0.0,Tiruchirappalli,28.3,0.0
2024-02-29 16:00:00,27.4,55,0.0,1004.7,12.5,25.2,80,78,16,29,2,3,60,28.8,0.0,31.4,0.0,34.0,0.0,29.5,0.0,26.4,0.0,30.86666666666667,0.0,32.25,0.0,28.008333333333336,0.0,-1.400000000000002,0.0,Tiruchirappalli,27.1,0.0
2024-02-29 17:00:00,26.1,68,0.0,1004.8,11.5,23.9,74,76,17,29,2,3,60,27.4,0.0,30.2,0.0,34.0,0.0,31.7,0.0,25.2,0.0,29.55,0.0,31.78333333333333,0.0,28.04583333333333,0.0,-1.2999999999999972,0.0,Tiruchirappalli,26.1,0.0
2024-02-29 18:00:00,24.9,79,0.0,1004.7,8.5,19.8,74,78,18,29,2,3,60,26.1,0.0,28.8,0.0,33.4,0.0,32.9,0.0,24.2,0.0,28.133333333333336,0.0,31.116666666666664,0.0,28.075000000000003,0.0,-1.2000000000000028,0.0,Tiruchirappalli,25.2,0.0
2024-02-29 19:00:00,24.0,88,0.0,1004.2,6.6,16.9,74,77,19,29,2,3,60,24.9,0.0,27.4,0.0,31.4,0.0,33.9,0.0,23.1,0.0,26.9,0.0,30.291666666666668,0.0,28.1125,0.0,-0.8999999999999986,0.0,Tiruchirappalli,24.4,0.0
2024-02-29 20:00:00,23.4,95,0.0,1003.6,5.5,15.4,74,79,20,29,2,3,60,24.0,0.0,26.1,0.0,30.2,0.0,34.4,0.0,22.5,0.0,25.76666666666667,0.0,29.375,0.0,28.15,0.0,-0.6000000000000014,0.0,Tiruchirappalli,23.4,0.0
2024-02-29 21:00:00,23.1,98,0.0,1002.9,4.5,13.2,64,61,21,29,2,3,60,23.4,0.0,24.9,0.0,28.8,0.0,34.9,0.0,22.0,0.0,24.816666666666663,0.0,28.391666666666666,0.0,28.195833333333336,0.0,-0.2999999999999971,0.0,Tiruchirappalli,23.8,0.0
2024-02-29 22:00:00,22.7,99,0.0,1002.7,4.6,12.3,52,45,22,29,2,3,60,23.1,0.0,24.0,0.0,27.4,0.0,34.0,0.0,21.7,0.0,24.03333333333333,0.0,27.45,0.0,28.2375,0.0,-0.4000000000000021,0.0,Tiruchirappalli,23.4,0.0
2024-02-29 23:00:00,22.8,99,0.0,1002.8,4.4,13.0,39,35,23,29,2,3,60,22.7,0.0,23.4,0.0,26.1,0.0,34.0,0.0,21.8,0.0,23.48333333333333,0.0,26.516666666666666,0.0,28.27916666666667,0.0,0.1000000000000014,0.0,Tiruchirappalli,22.6,0.0
2024-03-01 00:00:00,23.3,99,0.0,1003.4,6.6,15.1,33,29,0,1,3,4,61,22.8,0.0,23.1,0.0,24.9,0.0,33.4,0.0,22.0,0.0,23.216666666666665,0.0,25.675,0.0,28.33333333333333,0.0,0.5,0.0,Tiruchirappalli,22.7,0.0
2024-03-01 01:00:00,25.1,92,0.0,1004.3,6.4,13.4,27,27,1,1,3,4,61,23.3,0.0,22.7,0.0,24.0,0.0,31.4,0.0,22.5,0.0,23.4,0.0,25.15,0.0,28.441666666666663,0.0,1.8000000000000007,0.0,Tiruchirappalli,22.9,0.0
2024-03-01 02:00:00,26.0,84,0.0,1005.4,8.7,13.0,42,45,2,1,3,4,61,25.1,0.0,22.8,0.0,23.4,0.0,30.2,0.0,24.0,0.0,23.83333333333333,0.0,24.8,0.0,28.525,0.0,0.8999999999999986,0.0,Tiruchirappalli,24.8,0.0
2024-03-01 03:00:00,27.5,75,0.0,1005.9,8.2,11.2,48,49,3,1,3,4,61,26.0,0.0,23.3,0.0,23.1,0.0,28.8,0.0,26.7,0.0,24.566666666666663,0.0,24.691666666666663,0.0,28.558333333333334,0.0,1.5,0.0,Tiruchirappalli,27.5,0.0
2024-03-01 04:00:00,29.0,66,0.0,1006.3,10.2,13.8,51,51,4,1,3,4,61,27.5,0.0,25.1,0.0,22.7,0.0,27.4,0.0,29.5,0.0,25.61666666666667,0.0,24.825000000000003,0.0,28.5375,0.0,1.5,0.0,Tiruchirappalli,29.6,0.0
2024-03-01 05:00:00,31.2,53,0.0,1006.1,13.4,17.8,54,54,5,1,3,4,61,29.0,0.0,26.0,0.0,22.8,0.0,26.1,0.0,31.7,0.0,27.016666666666666,0.0,25.25,0.0,28.516666666666666,0.0,2.2,0.0,Tiruchirappalli,31.5,0.0
2024-03-01 06:00:00,32.8,45,0.0,1004.8,14.3,19.0,63,62,6,1,3,4,61,31.2,0.0,27.5,0.0,23.3,0.0,24.9,0.0,32.9,0.0,28.600000000000005,0.0,25.90833333333333,0.0,28.512500000000003,0.0,1.599999999999998,0.0,Tiruchirappalli,33.1,0.0
2024-03-01 07:00:00,34.3,39,0.0,1003.8,15.9,20.9,71,72,7,1,3,4,61,32.8,0.0,29.0,0.0,25.1,0.0,24.0,0.0,33.9,0.0,30.13333333333333,0.0,26.766666666666666,0.0,28.529166666666665,0.0,1.5,0.0,Tiruchirappalli,34.4,0.0
2024-03-01 08:00:00,34.8,37,0.0,1002.8,16.2,21.4,77,77,8,1,3,4,61,34.3,0.0,31.2,0.0,26.0,0.0,23.4,0.0,34.4,0.0,31.599999999999994,0.0,27.716666666666665,0.0,28.54583333333333,0.0,0.5,0.0,Tiruchirappalli,35.3,0.0
2024-03-01 09:00:00,35.3,34,0.0,1001.8,15.2,20.0,76,76,9,1,3,4,61,34.8,0.0,32.8,0.0,27.5,0.0,23.1,0.0,34.9,0.0,32.9,0.0,28.73333333333333,0.0,28.5625,0.0,0.5,0.0,Tiruchirappalli,36.0,0.0
2024-03-01 10:00:00,35.2,33,0.0,1000.9,15.0,19.8,78,79,10,1,3,4,61,35.3,0.0,34.3,0.0,29.0,0.0,22.7,0.0,34.0,0.0,33.93333333333333,0.0,29.775,0.0,28.6125,0.0,-0.0999999999999943,0.0,Tiruchirappalli,36.1,0.0
2024-03-01 11:00:00,34.5,33,0.0,1001.1,15.9,21.4,83,84,11,1,3,4,61,35.2,0.0,34.8,0.0,31.2,0.0,22.8,0.0,34.0,0.0,34.48333333333333,0.0,30.75,0.0,28.633333333333336,0.0,-0.7000000000000028,0.0,Tiruchirappalli,35.4,0.0
2024-03-01 12:00:00,32.9,34,0.0,1001.4,17.3,24.5,87,88,12,1,3,4,61,34.5,0.0,35.3,0.0,32.8,0.0,23.3,0.0,33.4,0.0,34.49999999999999,0.0,31.55,0.0,28.6125,0.0,-1.6000000000000014,0.0,Tiruchirappalli,34.1,0.0
2024-03-01 13:00:00,30.8,40,0.0,1002.2,12.4,23.0,107,107,13,1,3,4,61,32.9,0.0,35.2,0.0,34.3,0.0,25.1,0.0,31.4,0.0,33.916666666666664,0.0,32.025,0.0,28.5875,0.0,-2.099999999999998,0.0,Tiruchirappalli,31.2,0.0
2024-03-01 14:00:00,29.4,45,0.0,1003.3,11.7,23.9,108,108,14,1,3,4,61,30.8,0.0,34.5,0.0,34.8,0.0,26.0,0.0,30.2,0.0,33.016666666666666,0.0,32.30833333333333,0.0,28.554166666666664,0.0,-1.400000000000002,0.0,Tiruchirappalli,29.6,0.0
2024-03-01 15:00:00,28.1,50,0.0,1004.4,9.8,21.9,99,98,15,1,3,4,61,29.4,0.0,32.9,0.0,35.3,0.0,27.5,0.0,28.8,0.0,31.816666666666663,0.0,32.35833333333333,0.0,28.525,0.0,-1.2999999999999972,0.0,Tiruchirappalli,29.2,0.0
2024-03-01 16:00:00,26.8,58,0.0,1005.2,8.6,19.8,92,92,16,1,3,4,61,28.1,0.0,30.8,0.0,35.2,0.0,29.0,0.0,27.4,0.0,30.416666666666668,0.0,32.175,0.0,28.5,0.0,-1.3000000000000007,0.0,Tiruchirappalli,27.5,0.0
2024-03-01 17:00:00,25.8,68,0.0,1005.4,8.3,19.4,91,95,17,1,3,4,61,26.8,0.0,29.4,0.0,34.5,0.0,31.2,0.0,26.1,0.0,28.966666666666665,0.0,31.725,0.0,28.4875,0.0,-1.0,0.0,Tiruchirappalli,26.6,0.0
2024-03-01 18:00:00,24.8,79,0.0,1005.2,7.2,17.6,90,93,18,1,3,4,61,25.8,0.0,28.1,0.0,32.9,0.0,32.8,0.0,24.9,0.0,27.61666666666667,0.0,31.058333333333334,0.0,28.48333333333333,0.0,-1.0,0.0,Tiruchirappalli,25.7,0.0
2024-03-01 19:00:00,23.9,87,0.0,1004.7,5.2,14.3,80,74,19,1,3,4,61,24.8,0.0,26.8,0.0,30.8,0.0,34.3,0.0,24.0,0.0,26.46666666666667,0.0,30.191666666666663,0.0,28.479166666666668,0.0,-0.9000000000000021,0.0,Tiruchirappalli,24.7,0.0
2024-03-01 20:00:00,23.2,92,0.0,1004.1,4.1,11.2,42,15,20,1,3,4,61,23.9,0.0,25.8,0.0,29.4,0.0,34.8,0.0,23.4,0.0,25.433333333333334,0.0,29.225,0.0,28.47083333333333,0.0,-0.6999999999999993,0.0,Tiruchirappalli,23.9,0.0
2024-03-01 21:00:00,23.3,92,0.0,1003.5,4.0,11.4,24,5,21,1,3,4,61,23.2,0.0,24.8,0.0,28.1,0.0,35.3,0.0,23.1,0.0,24.633333333333336,0.0,28.225,0.0,28.479166666666668,0.0,0.1000000000000014,0.0,Tiruchirappalli,24.0,0.0
2024-03-01 22:00:00,24.6,93,0.0,1003.0,6.8,9.2,31,32,22,1,3,4,61,23.3,0.0,23.9,0.0,26.8,0.0,35.2,0.0,22.7,0.0,24.266666666666666,0.0,27.34166666666667,0.0,28.558333333333334,0.0,1.3000000000000007,0.0,Tiruchirappalli,23.5,0.0
2024-03-01 23:00:00,24.0,97,0.0,1002.8,4.5,9.3,36,29,23,1,3,4,61,24.6,0.0,23.2,0.0,25.8,0.0,34.5,0.0,22.8,0.0,23.96666666666667,0.0,26.46666666666667,0.0,28.60833333333333,0.0,-0.6000000000000014,0.0,Tiruchirappalli,23.0,0.0
2024-03-02 00:00:00,23.7,98,0.0,1003.2,3.8,8.7,52,49,0,2,3,5,62,24.0,0.0,23.3,0.0,24.8,0.0,32.9,0.0,23.3,0.0,23.78333333333333,0.0,25.700000000000003,0.0,28.625,0.0,-0.3000000000000007,0.0,Tiruchirappalli,21.4,0.0
2024-03-02 01:00:00,24.8,92,0.0,1004.3,5.5,7.6,65,58,1,2,3,5,62,23.7,0.0,24.6,0.0,23.9,0.0,30.8,0.0,25.1,0.0,23.933333333333334,0.0,25.200000000000003,0.0,28.6125,0.0,1.1000000000000014,0.0,Tiruchirappalli,23.7,0.0
2024-03-02 02:00:00,25.1,88,0.0,1005.1,3.1,4.6,72,69,2,2,3,5,62,24.8,0.0,24.0,0.0,23.2,0.0,29.4,0.0,26.0,0.0,24.25,0.0,24.841666666666665,0.0,28.575,0.0,0.3000000000000007,0.0,Tiruchirappalli,24.6,0.0
2024-03-02 03:00:00,26.5,79,0.0,1005.9,1.8,2.4,63,53,3,2,3,5,62,25.1,0.0,23.7,0.0,23.3,0.0,28.1,0.0,27.5,0.0,24.78333333333333,0.0,24.70833333333333,0.0,28.53333333333333,0.0,1.3999999999999986,0.0,Tiruchirappalli,26.4,0.0
2024-03-02 04:00:00,28.6,68,0.0,1006.2,2.5,2.9,7,8,4,2,3,5,62,26.5,0.0,24.8,0.0,24.6,0.0,26.8,0.0,29.0,0.0,25.450000000000003,0.0,24.85833333333333,0.0,28.516666666666666,0.0,2.1000000000000014,0.0,Tiruchirappalli,28.4,0.0
2024-03-02 05:00:00,30.6,57,0.0,1006.2,2.5,3.0,14,8,5,2,3,5,62,28.6,0.0,25.1,0.0,24.0,0.0,25.8,0.0,31.2,0.0,26.55,0.0,25.258333333333336,0.0,28.49166666666667,0.0,2.0,0.0,Tiruchirappalli,30.6,0.0
2024-03-02 06:00:00,32.4,47,0.0,1005.1,2.3,2.9,60,51,6,2,3,5,62,30.6,0.0,26.5,0.0,23.7,0.0,24.8,0.0,32.8,0.0,28.0,0.0,25.891666666666666,0.0,28.475,0.0,1.7999999999999972,0.0,Tiruchirappalli,32.7,0.0
2024-03-02 07:00:00,34.0,39,0.0,1003.9,4.7,5.8,97,94,7,2,3,5,62,32.4,0.0,28.6,0.0,24.8,0.0,23.9,0.0,34.3,0.0,29.53333333333333,0.0,26.73333333333333,0.0,28.4625,0.0,1.6000000000000014,0.0,Tiruchirappalli,34.2,0.0
2024-03-02 08:00:00,35.0,33,0.0,1002.7,8.4,10.6,100,100,8,2,3,5,62,34.0,0.0,30.6,0.0,25.1,0.0,23.2,0.0,34.8,0.0,31.183333333333337,0.0,27.71666666666667,0.0,28.47083333333333,0.0,1.0,0.0,Tiruchirappalli,35.1,0.0
2024-03-02 09:00:00,35.2,32,0.0,1001.2,10.3,13.3,103,102,9,2,3,5,62,35.0,0.0,32.4,0.0,26.5,0.0,23.3,0.0,35.3,0.0,32.63333333333333,0.0,28.70833333333333,0.0,28.46666666666667,0.0,0.2000000000000028,0.0,Tiruchirappalli,35.9,0.0
2024-03-02 10:00:00,34.9,35,0.0,1000.2,9.4,12.0,97,97,10,2,3,5,62,35.2,0.0,34.0,0.0,28.6,0.0,24.6,0.0,35.2,0.0,33.68333333333333,0.0,29.566666666666663,0.0,28.454166666666666,0.0,-0.3000000000000042,0.0,Tiruchirappalli,35.9,0.0
2024-03-02 11:00:00,34.3,38,0.0,1000.2,7.3,9.5,99,99,11,2,3,5,62,34.9,0.0,35.0,0.0,30.6,0.0,24.0,0.0,34.5,0.0,34.300000000000004,0.0,30.425,0.0,28.445833333333336,0.0,-0.6000000000000014,0.0,Tiruchirappalli,35.4,0.0
2024-03-02 12:00:00,33.7,40,0.0,1000.2,6.0,7.9,120,123,12,2,3,5,62,34.3,0.0,35.2,0.0,32.4,0.0,23.7,0.0,32.9,0.0,34.516666666666666,0.0,31.258333333333336,0.0,28.479166666666668,0.0,-0.5999999999999943,0.0,Tiruchirappalli,34.2,0.0
2024-03-02 13:00:00,29.7,53,0.0,1001.3,7.2,8.8,99,93,13,2,3,5,62,33.7,0.0,34.9,0.0,34.0,0.0,24.8,0.0,30.8,0.0,33.8,0.0,31.666666666666668,0.0,28.433333333333334,0.0,-4.000000000000004,0.0,Tiruchirappalli,31.3,0.0
2024-03-02 14:00:00,28.4,56,0.0,1002.4,8.5,12.1,127,126,14,2,3,5,62,29.7,0.0,34.3,0.0,35.0,0.0,25.1,0.0,29.4,0.0,32.7,0.0,31.941666666666663,0.0,28.39166666666667,0.0,-1.3000000000000007,0.0,Tiruchirappalli,30.8,0.0
2024-03-02 15:00:00,27.5,58,0.0,1002.8,6.9,8.7,135,137,15,2,3,5,62,28.4,0.0,33.7,0.0,35.2,0.0,26.5,0.0,28.1,0.0,31.416666666666668,0.0,32.025,0.0,28.36666666666667,0.0,-0.8999999999999986,0.0,Tiruchirappalli,28.8,0.0
2024-03-02 16:00:00,27.7,61,0.0,1003.8,12.1,24.2,105,102,16,2,3,5,62,27.5,0.0,29.7,0.0,34.9,0.0,28.6,0.0,26.8,0.0,30.21666666666667,0.0,31.95,0.0,28.404166666666665,0.0,0.1999999999999993,0.0,Tiruchirappalli,27.5,0.0
2024-03-02 17:00:00,26.2,74,0.0,1003.9,8.3,18.4,93,88,17,2,3,5,62,27.7,0.0,28.4,0.0,34.3,0.0,30.6,0.0,25.8,0.0,28.866666666666664,0.0,31.58333333333333,0.0,28.42083333333333,0.0,-1.5,0.0,Tiruchirappalli,26.4,0.0
2024-03-02 18:00:00,25.2,85,0.0,1003.8,7.2,16.9,91,90,18,2,3,5,62,26.2,0.0,27.5,0.0,33.7,0.0,32.4,0.0,24.8,0.0,27.45,0.0,30.98333333333333,0.0,28.4375,0.0,-1.0,0.0,Tiruchirappalli,25.2,0.0
2024-03-02 19:00:00,24.5,93,0.0,1003.6,6.5,15.8,91,87,19,2,3,5,62,25.2,0.0,27.7,0.0,29.7,0.0,34.0,0.0,23.9,0.0,26.58333333333333,0.0,30.191666666666663,0.0,28.462499999999995,0.0,-0.6999999999999993,0.0,Tiruchirappalli,24.3,0.0
2024-03-02 20:00:00,23.9,97,0.0,1002.9,5.7,14.0,78,72,20,2,3,5,62,24.5,0.0,26.2,0.0,28.4,0.0,35.0,0.0,23.2,0.0,25.83333333333333,0.0,29.266666666666666,0.0,28.491666666666664,0.0,-0.6000000000000014,0.0,Tiruchirappalli,22.7,0.0
2024-03-02 21:00:00,23.6,98,0.0,1002.4,5.5,13.8,70,67,21,2,3,5,62,23.9,0.0,25.2,0.0,27.5,0.0,35.2,0.0,23.3,0.0,25.183333333333334,0.0,28.3,0.0,28.504166666666663,0.0,-0.2999999999999971,0.0,Tiruchirappalli,22.0,0.0
2024-03-02 22:00:00,23.6,98,0.0,1002.1,5.2,12.5,72,78,22,2,3,5,62,23.6,0.0,24.5,0.0,27.7,0.0,34.9,0.0,24.6,0.0,24.5,0.0,27.35833333333333,0.0,28.4625,0.0,0.0,0.0,Tiruchirappalli,21.7,0.0
2024-03-02 23:00:00,24.0,96,0.0,1002.1,5.7,10.8,69,72,23,2,3,5,62,23.6,0.0,23.9,0.0,26.2,0.0,34.3,0.0,24.0,0.0,24.133333333333336,0.0,26.5,0.0,28.4625,0.0,0.3999999999999986,0.0,Tiruchirappalli,20.8,0.0
2024-03-03 00:00:00,24.2,95,0.0,1002.7,6.0,9.5,65,65,0,3,3,6,63,24.0,0.0,23.6,0.0,25.2,0.0,33.7,0.0,23.7,0.0,23.96666666666667,0.0,25.70833333333333,0.0,28.48333333333333,0.0,0.1999999999999993,0.0,Tiruchirappalli,20.7,0.0
2024-03-03 01:00:00,24.9,89,0.0,1003.6,8.4,12.0,51,47,1,3,3,6,63,24.2,0.0,23.6,0.0,24.5,0.0,29.7,0.0,24.8,0.0,24.03333333333333,0.0,25.308333333333334,0.0,28.4875,0.0,0.6999999999999993,0.0,Tiruchirappalli,21.3,0.0
2024-03-03 02:00:00,25.5,85,0.0,1004.6,8.8,12.2,56,55,2,3,3,6,63,24.9,0.0,24.0,0.0,23.9,0.0,28.4,0.0,25.1,0.0,24.3,0.0,25.066666666666663,0.0,28.504166666666663,0.0,0.6000000000000014,0.0,Tiruchirappalli,23.6,0.0
2024-03-03 03:00:00,27.1,75,0.0,1005.2,9.2,12.2,62,59,3,3,3,6,63,25.5,0.0,24.2,0.0,23.6,0.0,27.5,0.0,26.5,0.0,24.883333333333336,0.0,25.03333333333333,0.0,28.52916666666667,0.0,1.6000000000000014,0.0,Tiruchirappalli,27.2,0.0
2024-03-03 04:00:00,29.3,63,0.0,1005.5,9.6,12.2,71,70,4,3,3,6,63,27.1,0.0,24.9,0.0,23.6,0.0,27.7,0.0,28.6,0.0,25.83333333333333,0.0,25.166666666666668,0.0,28.558333333333334,0.0,2.2,0.0,Tiruchirappalli,29.8,0.0
2024-03-03 05:00:00,31.1,54,0.0,1005.2,8.9,11.5,76,76,5,3,3,6,63,29.3,0.0,25.5,0.0,24.0,0.0,26.2,0.0,30.6,0.0,27.016666666666666,0.0,25.575000000000003,0.0,28.579166666666666,0.0,1.8000000000000007,0.0,Tiruchirappalli,32.1,0.0
2024-03-03 06:00:00,32.4,48,0.0,1004.3,8.4,10.9,81,80,6,3,3,6,63,31.1,0.0,27.1,0.0,24.2,0.0,25.2,0.0,32.4,0.0,28.383333333333336,0.0,26.175,0.0,28.579166666666666,0.0,1.2999999999999972,0.0,Tiruchirappalli,33.9,0.0
2024-03-03 07:00:00,33.5,44,0.0,1003.1,8.0,10.1,84,82,7,3,3,6,63,32.4,0.0,29.3,0.0,24.9,0.0,24.5,0.0,34.0,0.0,29.816666666666663,0.0,26.925,0.0,28.558333333333334,0.0,1.1000000000000014,0.0,Tiruchirappalli,35.2,0.0
2024-03-03 08:00:00,34.5,38,0.0,1001.7,8.0,10.2,80,80,8,3,3,6,63,33.5,0.0,31.1,0.0,25.5,0.0,23.9,0.0,35.0,0.0,31.316666666666663,0.0,27.808333333333334,0.0,28.5375,0.0,1.0,0.0,Tiruchirappalli,36.2,0.0
2024-03-03 09:00:00,35.0,35,0.0,1000.1,8.4,10.7,70,70,9,3,3,6,63,34.5,0.0,32.4,0.0,27.1,0.0,23.6,0.0,35.2,0.0,32.63333333333333,0.0,28.75833333333333,0.0,28.529166666666665,0.0,0.5,0.0,Tiruchirappalli,36.7,0.0
2024-03-03 10:00:00,34.9,34,0.0,999.1,9.0,11.6,64,61,10,3,3,6,63,35.0,0.0,33.5,0.0,29.3,0.0,23.6,0.0,34.9,0.0,33.56666666666667,0.0,29.700000000000003,0.0,28.529166666666665,0.0,-0.1000000000000014,0.0,Tiruchirappalli,36.6,0.0
2024-03-03 11:00:00,34.6,36,0.0,999.1,8.6,10.8,69,68,11,3,3,6,63,34.9,0.0,34.5,0.0,31.1,0.0,24.0,0.0,34.3,0.0,34.15,0.0,30.58333333333333,0.0,28.541666666666668,0.0,-0.2999999999999971,0.0,Tiruchirappalli,35.8,0.0
2024-03-03 12:00:00,33.7,39,0.0,999.5,7.9,10.5,86,87,12,3,3,6,63,34.6,0.0,35.0,0.0,32.4,0.0,24.2,0.0,33.7,0.0,34.36666666666667,0.0,31.375,0.0,28.541666666666668,0.0,-0.8999999999999986,0.0,Tiruchirappalli,34.6,0.0
2024-03-03 13:00:00,31.0,44,0.0,1000.5,5.7,11.7,137,145,13,3,3,6,63,33.7,0.0,34.9,0.0,33.5,0.0,24.9,0.0,29.7,0.0,33.95,0.0,31.883333333333336,0.0,28.59583333333333,0.0,-2.700000000000003,0.0,Tiruchirappalli,30.9,0.0
2024-03-03 14:00:00,29.6,49,0.0,1001.7,12.1,23.3,128,120,14,3,3,6,63,31.0,0.0,34.6,0.0,34.5,0.0,25.5,0.0,28.4,0.0,33.13333333333333,0.0,32.225,0.0,28.64583333333333,0.0,-1.3999999999999986,0.0,Tiruchirappalli,30.0,0.0
2024-03-03 15:00:00,27.5,64,0.0,1002.7,14.0,24.7,127,125,15,3,3,6,63,29.6,0.0,33.7,0.0,35.0,0.0,27.1,0.0,27.5,0.0,31.883333333333336,0.0,32.25833333333333,0.0,28.64583333333333,0.0,-2.1000000000000014,0.0,Tiruchirappalli,29.4,0.0
2024-03-03 16:00:00,26.5,67,0.0,1003.5,11.6,21.9,120,116,16,3,3,6,63,27.5,0.0,31.0,0.0,34.9,0.0,29.3,0.0,27.7,0.0,30.48333333333333,0.0,32.025,0.0,28.59583333333333,0.0,-1.0,0.0,Tiruchirappalli,28.2,0.0
2024-03-03 17:00:00,25.5,74,0.0,1003.7,8.6,18.2,108,105,17,3,3,6,63,26.5,0.0,29.6,0.0,34.6,0.0,31.1,0.0,26.2,0.0,28.96666666666667,0.0,31.558333333333334,0.0,28.566666666666663,0.0,-1.0,0.0,Tiruchirappalli,27.3,0.0
2024-03-03 18:00:00,24.5,80,0.0,1003.5,5.9,14.4,93,79,18,3,3,6,63,25.5,0.0,27.5,0.0,33.7,0.0,32.4,0.0,25.2,0.0,27.433333333333337,0.0,30.9,0.0,28.537500000000005,0.0,-1.0,0.0,Tiruchirappalli,26.3,0.0
2024-03-03 19:00:00,23.5,84,0.0,1002.8,4.6,11.5,70,51,19,3,3,6,63,24.5,0.0,26.5,0.0,31.0,0.0,33.5,0.0,24.5,0.0,26.183333333333337,0.0,30.066666666666663,0.0,28.495833333333337,0.0,-1.0,0.0,Tiruchirappalli,24.5,0.0
2024-03-03 20:00:00,22.3,91,0.0,1002.2,6.1,9.0,67,50,20,3,3,6,63,23.5,0.0,25.5,0.0,29.6,0.0,34.5,0.0,23.9,0.0,24.966666666666665,0.0,29.05,0.0,28.429166666666664,0.0,-1.1999999999999993,0.0,Tiruchirappalli,23.3,0.0
2024-03-03 21:00:00,21.8,94,0.0,1001.7,5.4,7.9,74,70,21,3,3,6,63,22.3,0.0,24.5,0.0,27.5,0.0,35.0,0.0,23.6,0.0,24.016666666666666,0.0,27.950000000000003,0.0,28.354166666666668,0.0,-0.5,0.0,Tiruchirappalli,23.7,0.0
2024-03-03 22:00:00,21.2,96,0.0,1001.6,5.0,7.1,75,90,22,3,3,6,63,21.8,0.0,23.5,0.0,26.5,0.0,34.9,0.0,23.6,0.0,23.13333333333333,0.0,26.808333333333334,0.0,28.254166666666663,0.0,-0.6000000000000014,0.0,Tiruchirappalli,23.3,0.0
2024-03-03 23:00:00,20.5,98,0.0,1001.7,5.2,7.2,87,115,23,3,3,6,63,21.2,0.0,22.3,0.0,25.5,0.0,34.6,0.0,24.0,0.0,22.3,0.0,25.633333333333336,0.0,28.10833333333333,0.0,-0.6999999999999993,0.0,Tiruchirappalli,22.6,0.0
2024-03-04 00:00:00,20.2,99,0.0,1002.2,4.7,6.8,93,122,0,4,3,0,64,20.5,0.0,21.8,0.0,24.5,0.0,33.7,0.0,24.2,0.0,21.58333333333333,0.0,24.50833333333333,0.0,27.941666666666663,0.0,-0.3000000000000007,0.0,Tiruchirappalli,23.8,0.0
2024-03-04 01:00:00,21.2,100,0.0,1002.9,4.4,7.1,66,99,1,4,3,0,64,20.2,0.0,21.2,0.0,23.5,0.0,31.0,0.0,24.9,0.0,21.2,0.0,23.691666666666663,0.0,27.7875,0.0,1.0,0.0,Tiruchirappalli,25.5,0.0
2024-03-04 02:00:00,23.4,92,0.0,1003.9,3.0,7.8,56,76,2,4,3,0,64,21.2,0.0,20.5,0.0,22.3,0.0,29.6,0.0,25.5,0.0,21.38333333333333,0.0,23.175,0.0,27.7,0.0,2.2,0.0,Tiruchirappalli,26.1,0.0
2024-03-04 03:00:00,26.0,77,0.0,1004.5,8.0,10.5,74,72,3,4,3,0,64,23.4,0.0,20.2,0.0,21.8,0.0,27.5,0.0,27.1,0.0,22.08333333333333,0.0,23.05,0.0,27.654166666666665,0.0,2.6000000000000014,0.0,Tiruchirappalli,27.7,0.0
2024-03-04 04:00:00,28.0,66,0.0,1004.8,6.5,8.4,70,71,4,4,3,0,64,26.0,0.0,21.2,0.0,21.2,0.0,26.5,0.0,29.3,0.0,23.216666666666665,0.0,23.175,0.0,27.6,0.0,2.0,0.0,Tiruchirappalli,30.0,0.0
2024-03-04 05:00:00,30.1,54,0.0,1004.5,6.2,7.6,71,69,5,4,3,0,64,28.0,0.0,23.4,0.0,20.5,0.0,25.5,0.0,31.1,0.0,24.816666666666663,0.0,23.558333333333334,0.0,27.558333333333334,0.0,2.1000000000000014,0.0,Tiruchirappalli,32.0,0.0
2024-03-04 06:00:00,32.0,43,0.0,1003.7,6.0,7.9,74,73,6,4,3,0,64,30.1,0.0,26.0,0.0,20.2,0.0,24.5,0.0,32.4,0.0,26.78333333333333,0.0,24.183333333333334,0.0,27.541666666666668,0.0,1.8999999999999984,0.0,Tiruchirappalli,33.7,0.0
2024-03-04 07:00:00,33.5,37,0.0,1002.7,8.0,10.2,82,82,7,4,3,0,64,32.0,0.0,28.0,0.0,21.2,0.0,23.5,0.0,33.5,0.0,28.83333333333333,0.0,25.016666666666666,0.0,27.541666666666668,0.0,1.5,0.0,Tiruchirappalli,35.2,0.0
2024-03-04 08:00:00,34.4,34,0.0,1001.4,9.7,12.3,87,86,8,4,3,0,64,33.5,0.0,30.1,0.0,23.4,0.0,22.3,0.0,34.5,0.0,30.666666666666668,0.0,26.025,0.0,27.5375,0.0,0.8999999999999986,0.0,Tiruchirappalli,36.0,0.0
2024-03-04 09:00:00,34.7,33,0.0,1000.1,9.0,11.5,88,88,9,4,3,0,64,34.4,0.0,32.0,0.0,26.0,0.0,21.8,0.0,35.0,0.0,32.11666666666667,0.0,27.1,0.0,27.525,0.0,0.3000000000000042,0.0,Tiruchirappalli,36.6,0.0
2024-03-04 10:00:00,34.6,36,0.0,999.4,8.0,10.5,84,82,10,4,3,0,64,34.7,0.0,33.5,0.0,28.0,0.0,21.2,0.0,34.9,0.0,33.21666666666667,0.0,28.21666666666667,0.0,27.512500000000003,0.0,-0.1000000000000014,0.0,Tiruchirappalli,36.6,0.0
2024-03-04 11:00:00,34.3,40,0.0,999.2,8.0,10.1,94,95,11,4,3,0,64,34.6,0.0,34.4,0.0,30.1,0.0,20.5,0.0,34.6,0.0,33.916666666666664,0.0,29.366666666666664,0.0,27.5,0.0,-0.3000000000000042,0.0,Tiruchirappalli,36.2,0.0
2024-03-04 12:00:00,33.4,43,0.0,999.5,8.4,11.1,119,121,12,4,3,0,64,34.3,0.0,34.7,0.0,32.0,0.0,20.2,0.0,33.7,0.0,34.15,0.0,30.46666666666667,0.0,27.4875,0.0,-0.8999999999999986,0.0,Tiruchirappalli,35.2,0.0
2024-03-04 13:00:00,30.6,56,0.0,1000.7,5.9,8.7,135,142,13,4,3,0,64,33.4,0.0,34.6,0.0,33.5,0.0,21.2,0.0,31.0,0.0,33.666666666666664,0.0,31.25,0.0,27.47083333333333,0.0,-2.799999999999997,0.0,Tiruchirappalli,33.1,0.0
2024-03-04 14:00:00,30.2,55,0.0,1001.8,9.2,19.7,114,111,14,4,3,0,64,30.6,0.0,34.3,0.0,34.4,0.0,23.4,0.0,29.6,0.0,32.96666666666667,0.0,31.816666666666663,0.0,27.495833333333334,0.0,-0.4000000000000021,0.0,Tiruchirappalli,31.7,0.0
2024-03-04 15:00:00,28.6,65,0.0,1003.0,10.8,19.8,109,105,15,4,3,0,64,30.2,0.0,33.4,0.0,34.7,0.0,26.0,0.0,27.5,0.0,31.95,0.0,32.03333333333333,0.0,27.541666666666668,0.0,-1.599999999999998,0.0,Tiruchirappalli,30.5,0.0
2024-03-04 16:00:00,27.0,72,0.0,1003.9,10.4,19.5,106,104,16,4,3,0,64,28.6,0.0,30.6,0.0,34.6,0.0,28.0,0.0,26.5,0.0,30.683333333333334,0.0,31.95,0.0,27.5625,0.0,-1.6000000000000014,0.0,Tiruchirappalli,28.7,0.0
2024-03-04 17:00:00,26.0,75,0.0,1004.2,9.8,18.9,99,98,17,4,3,0,64,27.0,0.0,30.2,0.0,34.3,0.0,30.1,0.0,25.5,0.0,29.3,0.0,31.60833333333333,0.0,27.58333333333333,0.0,-1.0,0.0,Tiruchirappalli,27.7,0.0
2024-03-04 18:00:00,25.1,80,0.0,1004.2,8.3,17.4,96,95,18,4,3,0,64,26.0,0.0,28.6,0.0,33.4,0.0,32.0,0.0,24.5,0.0,27.916666666666668,0.0,31.03333333333333,0.0,27.60833333333333,0.0,-0.8999999999999986,0.0,Tiruchirappalli,26.7,0.0
2024-03-04 19:00:00,24.3,85,0.0,1003.7,6.9,15.6,98,96,19,4,3,0,64,25.1,0.0,27.0,0.0,30.6,0.0,33.5,0.0,23.5,0.0,26.866666666666664,0.0,30.26666666666667,0.0,27.641666666666666,0.0,-0.8000000000000007,0.0,Tiruchirappalli,26.1,0.0
2024-03-04 20:00:00,23.5,90,0.0,1003.0,5.1,13.1,99,94,20,4,3,0,64,24.3,0.0,26.0,0.0,30.2,0.0,34.4,0.0,22.3,0.0,25.75,0.0,29.35833333333333,0.0,27.691666666666663,0.0,-0.8000000000000007,0.0,Tiruchirappalli,25.6,0.0
2024-03-04 21:00:00,22.5,96,0.0,1002.6,5.1,8.2,75,45,21,4,3,0,64,23.5,0.0,25.1,0.0,28.6,0.0,34.7,0.0,21.8,0.0,24.73333333333333,0.0,28.34166666666667,0.0,27.72083333333333,0.0,-1.0,0.0,Tiruchirappalli,24.9,0.0
2024-03-04 22:00:00,22.3,96,0.0,1002.5,3.6,4.3,48,354,22,4,3,0,64,22.5,0.0,24.3,0.0,27.0,0.0,34.6,0.0,21.2,0.0,23.950000000000003,0.0,27.316666666666663,0.0,27.766666666666666,0.0,-0.1999999999999993,0.0,Tiruchirappalli,24.4,0.0
2024-03-04 23:00:00,21.9,98,0.0,1002.4,3.6,3.3,6,307,23,4,3,0,64,22.3,0.0,23.5,0.0,26.0,0.0,34.3,0.0,20.5,0.0,23.266666666666666,0.0,26.28333333333333,0.0,27.825,0.0,-0.4000000000000021,0.0,Tiruchirappalli,25.4,0.0
2024-03-05 00:00:00,21.6,99,0.0,1002.7,3.7,3.3,354,281,0,5,3,1,65,21.9,0.0,22.5,0.0,25.1,0.0,33.4,0.0,20.2,0.0,22.683333333333334,0.0,25.3,0.0,27.88333333333333,0.0,-0.2999999999999971,0.0,Tiruchirappalli,25.7,0.0
2024-03-05 01:00:00,23.1,97,0.0,1003.2,3.2,6.0,343,297,1,5,3,1,65,21.6,0.0,22.3,0.0,24.3,0.0,30.6,0.0,21.2,0.0,22.48333333333333,0.0,24.675,0.0,27.9625,0.0,1.5,0.0,Tiruchirappalli,26.1,0.0
2024-03-05 02:00:00,24.6,88,0.0,1003.7,2.5,4.7,9,352,2,5,3,1,65,23.1,0.0,21.9,0.0,23.5,0.0,30.2,0.0,23.4,0.0,22.666666666666668,0.0,24.20833333333334,0.0,28.012500000000003,0.0,1.5,0.0,Tiruchirappalli,26.7,0.0
2024-03-05 03:00:00,26.5,73,0.0,1004.4,3.7,4.7,58,61,3,5,3,1,65,24.6,0.0,21.6,0.0,22.5,0.0,28.6,0.0,26.0,0.0,23.33333333333333,0.0,24.03333333333333,0.0,28.03333333333333,0.0,1.8999999999999984,0.0,Tiruchirappalli,28.4,0.0
2024-03-05 04:00:00,28.5,60,0.0,1004.5,4.0,5.0,60,63,4,5,3,1,65,26.5,0.0,23.1,0.0,22.3,0.0,27.0,0.0,28.0,0.0,24.36666666666667,0.0,24.15833333333333,0.0,28.05416666666667,0.0,2.0,0.0,Tiruchirappalli,30.4,0.0
2024-03-05 05:00:00,30.7,48,0.0,1004.2,5.0,6.3,66,69,5,5,3,1,65,28.5,0.0,24.6,0.0,21.9,0.0,26.0,0.0,30.1,0.0,25.83333333333333,0.0,24.55,0.0,28.079166666666666,0.0,2.2,0.0,Tiruchirappalli,32.4,0.0
2024-03-05 06:00:00,32.5,39,0.0,1003.4,5.9,7.3,81,79,6,5,3,1,65,30.7,0.0,26.5,0.0,21.6,0.0,25.1,0.0,32.0,0.0,27.65,0.0,25.166666666666668,0.0,28.1,0.0,1.8000000000000007,0.0,Tiruchirappalli,34.2,0.0
2024-03-05 07:00:00,34.0,33,0.0,1002.3,6.2,7.6,82,80,7,5,3,1,65,32.5,0.0,28.5,0.0,23.1,0.0,24.3,0.0,33.5,0.0,29.46666666666667,0.0,25.975000000000005,0.0,28.120833333333334,0.0,1.5,0.0,Tiruchirappalli,35.2,0.0
2024-03-05 08:00:00,35.1,29,0.0,1001.2,8.6,11.2,92,90,8,5,3,1,65,34.0,0.0,30.7,0.0,24.6,0.0,23.5,0.0,34.4,0.0,31.216666666666665,0.0,26.941666666666663,0.0,28.15,0.0,1.1000000000000014,0.0,Tiruchirappalli,36.1,0.0
2024-03-05 09:00:00,35.6,25,0.0,1000.0,11.7,15.1,102,101,9,5,3,1,65,35.1,0.0,32.5,0.0,26.5,0.0,22.5,0.0,34.7,0.0,32.73333333333333,0.0,28.03333333333333,0.0,28.1875,0.0,0.5,0.0,Tiruchirappalli,36.6,0.0
2024-03-05 10:00:00,35.1,31,0.0,999.6,12.3,15.8,107,105,10,5,3,1,65,35.6,0.0,34.0,0.0,28.5,0.0,22.3,0.0,34.6,0.0,33.833333333333336,0.0,29.100000000000005,0.0,28.20833333333333,0.0,-0.5,0.0,Tiruchirappalli,36.7,0.0
2024-03-05 11:00:00,34.1,36,0.0,999.6,12.4,16.4,116,116,11,5,3,1,65,35.1,0.0,35.1,0.0,30.7,0.0,21.9,0.0,34.3,0.0,34.4,0.0,30.116666666666664,0.0,28.200000000000003,0.0,-1.0,0.0,Tiruchirappalli,35.9,0.0
2024-03-05 12:00:00,33.2,41,0.0,999.9,10.0,14.1,103,103,12,5,3,1,65,34.1,0.0,35.6,0.0,32.5,0.0,21.6,0.0,33.4,0.0,34.51666666666667,0.0,31.08333333333333,0.0,28.191666666666663,0.0,-0.8999999999999986,0.0,Tiruchirappalli,34.6,0.0
2024-03-05 13:00:00,32.1,47,0.0,1000.5,2.9,4.7,90,90,13,5,3,1,65,33.2,0.0,35.1,0.0,34.0,0.0,23.1,0.0,30.6,0.0,34.2,0.0,31.83333333333333,0.0,28.254166666666663,0.0,-1.1000000000000014,0.0,Tiruchirappalli,31.7,0.0
2024-03-05 14:00:00,30.1,53,0.0,1001.3,7.4,17.7,119,113,14,5,3,1,65,32.1,0.0,34.1,0.0,35.1,0.0,24.6,0.0,30.2,0.0,33.36666666666667,0.0,32.291666666666664,0.0,28.25,0.0,-2.0,0.0,Tiruchirappalli,30.5,0.0
2024-03-05 15:00:00,28.3,66,0.0,1002.4,12.3,22.2,133,130,15,5,3,1,65,30.1,0.0,33.2,0.0,35.6,0.0,26.5,0.0,28.6,0.0,32.150000000000006,0.0,32.44166666666667,0.0,28.2375,0.0,-1.8000000000000007,0.0,Tiruchirappalli,30.6,0.0
2024-03-05 16:00:00,27.1,70,0.0,1003.3,9.0,18.6,126,119,16,5,3,1,65,28.3,0.0,32.1,0.0,35.1,0.0,28.5,0.0,27.0,0.0,30.816666666666663,0.0,32.325,0.0,28.241666666666664,0.0,-1.1999999999999993,0.0,Tiruchirappalli,28.7,0.0
2024-03-05 17:00:00,26.1,75,0.0,1003.8,6.8,15.0,107,93,17,5,3,1,65,27.1,0.0,30.1,0.0,34.1,0.0,30.7,0.0,26.0,0.0,29.48333333333333,0.0,31.941666666666663,0.0,28.245833333333334,0.0,-1.0,0.0,Tiruchirappalli,27.1,0.0
2024-03-05 18:00:00,25.2,80,0.0,1004.0,5.1,13.0,90,82,18,5,3,1,65,26.1,0.0,28.3,0.0,33.2,0.0,32.5,0.0,25.1,0.0,28.149999999999995,0.0,31.33333333333333,0.0,28.25,0.0,-0.9000000000000021,0.0,Tiruchirappalli,26.0,0.0
2024-03-05 19:00:00,24.4,85,0.0,1003.4,4.7,12.6,88,86,19,5,3,1,65,25.2,0.0,27.1,0.0,32.1,0.0,34.0,0.0,24.3,0.0,26.866666666666664,0.0,30.53333333333333,0.0,28.254166666666663,0.0,-0.8000000000000007,0.0,Tiruchirappalli,25.4,0.0
2024-03-05 20:00:00,23.4,91,0.0,1002.8,5.9,9.7,88,79,20,5,3,1,65,24.4,0.0,26.1,0.0,30.1,0.0,35.1,0.0,23.5,0.0,25.75,0.0,29.558333333333337,0.0,28.25,0.0,-1.0,0.0,Tiruchirappalli,24.8,0.0
2024-03-05 21:00:00,23.8,89,0.0,1002.3,3.4,6.2,83,58,21,5,3,1,65,23.4,0.0,25.2,0.0,28.3,0.0,35.6,0.0,22.5,0.0,25.0,0.0,28.575000000000003,0.0,28.304166666666664,0.0,0.4000000000000021,0.0,Tiruchirappalli,24.9,0.0
2024-03-05 22:00:00,23.4,91,0.0,1002.1,0.7,1.8,79,270,22,5,3,1,65,23.8,0.0,24.4,0.0,27.1,0.0,35.1,0.0,22.3,0.0,24.38333333333333,0.0,27.6,0.0,28.35,0.0,-0.4000000000000021,0.0,Tiruchirappalli,25.5,0.0
2024-03-05 23:00:00,22.6,96,0.0,1002.2,3.9,5.7,325,304,23,5,3,1,65,23.4,0.0,23.4,0.0,26.1,0.0,34.1,0.0,21.9,0.0,23.8,0.0,26.64166666666667,0.0,28.379166666666663,0.0,-0.7999999999999972,0.0,Tiruchirappalli,25.6,0.0
2024-03-06 00:00:00,22.7,95,0.0,1002.5,2.7,4.5,14,23,0,6,3,2,66,22.6,0.0,23.8,0.0,25.2,0.0,33.2,0.0,21.6,0.0,23.383333333333336,0.0,25.766666666666666,0.0,28.425,0.0,0.0999999999999978,0.0,Tiruchirappalli,25.6,0.0
2024-03-06 01:00:00,22.9,96,0.0,1002.9,1.9,3.1,54,158,1,6,3,2,66,22.7,0.0,23.4,0.0,24.4,0.0,32.1,0.0,23.1,0.0,23.13333333333333,0.0,25.0,0.0,28.416666666666668,0.0,0.1999999999999993,0.0,Tiruchirappalli,26.6,0.0
2024-03-06 02:00:00,24.8,88,0.0,1003.9,1.8,2.4,117,169,2,6,3,2,66,22.9,0.0,22.6,0.0,23.4,0.0,30.1,0.0,24.6,0.0,23.366666666666664,0.0,24.558333333333334,0.0,28.425,0.0,1.900000000000002,0.0,Tiruchirappalli,27.1,0.0
2024-03-06 03:00:00,27.5,76,0.0,1004.9,5.7,7.7,127,125,3,6,3,2,66,24.8,0.0,22.7,0.0,23.8,0.0,28.3,0.0,26.5,0.0,23.98333333333333,0.0,24.491666666666664,0.0,28.466666666666665,0.0,2.7,0.0,Tiruchirappalli,28.4,0.0
2024-03-06 04:00:00,29.6,65,0.0,1005.1,3.7,4.7,122,119,4,6,3,2,66,27.5,0.0,22.9,0.0,23.4,0.0,27.1,0.0,28.5,0.0,25.016666666666666,0.0,24.700000000000003,0.0,28.5125,0.0,2.1000000000000014,0.0,Tiruchirappalli,30.6,0.0
2024-03-06 05:00:00,31.5,55,0.0,1004.9,1.4,1.8,101,90,5,6,3,2,66,29.6,0.0,24.8,0.0,22.6,0.0,26.1,0.0,30.7,0.0,26.5,0.0,25.15,0.0,28.54583333333333,0.0,1.8999999999999984,0.0,Tiruchirappalli,32.5,0.0
2024-03-06 06:00:00,33.1,47,0.0,1003.9,2.3,2.6,74,72,6,6,3,2,66,31.5,0.0,27.5,0.0,22.7,0.0,25.2,0.0,32.5,0.0,28.23333333333333,0.0,25.808333333333334,0.0,28.570833333333336,0.0,1.6000000000000014,0.0,Tiruchirappalli,34.2,0.0
2024-03-06 07:00:00,34.4,41,0.0,1002.5,3.6,4.3,85,84,7,6,3,2,66,33.1,0.0,29.6,0.0,22.9,0.0,24.4,0.0,34.0,0.0,30.15,0.0,26.64166666666667,0.0,28.5875,0.0,1.2999999999999972,0.0,Tiruchirappalli,35.6,0.0
2024-03-06 08:00:00,35.3,36,0.0,1001.3,5.0,6.5,93,90,8,6,3,2,66,34.4,0.0,31.5,0.0,24.8,0.0,23.4,0.0,35.1,0.0,31.9,0.0,27.63333333333333,0.0,28.59583333333333,0.0,0.8999999999999986,0.0,Tiruchirappalli,36.1,0.0
2024-03-06 09:00:00,36.0,32,0.0,999.9,7.2,9.0,92,90,9,6,3,2,66,35.3,0.0,33.1,0.0,27.5,0.0,23.8,0.0,35.6,0.0,33.31666666666667,0.0,28.649999999999995,0.0,28.6125,0.0,0.7000000000000028,0.0,Tiruchirappalli,36.1,0.0
2024-03-06 10:00:00,36.1,26,0.0,999.0,9.4,11.9,87,86,10,6,3,2,66,36.0,0.0,34.4,0.0,29.6,0.0,23.4,0.0,35.1,0.0,34.4,0.0,29.70833333333333,0.0,28.65416666666667,0.0,0.1000000000000014,0.0,Tiruchirappalli,36.1,0.0
2024-03-06 11:00:00,35.4,25,0.0,999.0,10.9,13.8,83,81,11,6,3,2,66,36.1,0.0,35.3,0.0,31.5,0.0,22.6,0.0,34.1,0.0,35.050000000000004,0.0,30.774999999999995,0.0,28.70833333333333,0.0,-0.7000000000000028,0.0,Tiruchirappalli,35.8,0.0
2024-03-06 12:00:00,34.1,31,0.0,999.4,11.7,16.1,100,101,12,6,3,2,66,35.4,0.0,36.0,0.0,33.1,0.0,22.7,0.0,33.2,0.0,35.21666666666666,0.0,31.725,0.0,28.745833333333337,0.0,-1.2999999999999972,0.0,Tiruchirappalli,34.7,0.0
2024-03-06 13:00:00,31.2,42,0.0,1001.2,5.9,14.1,130,133,13,6,3,2,66,34.1,0.0,36.1,0.0,34.4,0.0,22.9,0.0,32.1,0.0,34.68333333333333,0.0,32.416666666666664,0.0,28.70833333333333,0.0,-2.900000000000002,0.0,Tiruchirappalli,32.8,0.0
2024-03-06 14:00:00,29.6,51,0.0,1001.9,6.1,7.8,103,93,14,6,3,2,66,31.2,0.0,35.4,0.0,35.3,0.0,24.8,0.0,30.1,0.0,33.733333333333334,0.0,32.81666666666667,0.0,28.6875,0.0,-1.599999999999998,0.0,Tiruchirappalli,31.2,0.0
2024-03-06 15:00:00,29.2,59,0.0,1002.8,13.2,23.5,119,112,15,6,3,2,66,29.6,0.0,34.1,0.0,36.0,0.0,27.5,0.0,28.3,0.0,32.6,0.0,32.958333333333336,0.0,28.725000000000005,0.0,-0.4000000000000021,0.0,Tiruchirappalli,29.7,0.0
2024-03-06 16:00:00,27.5,74,0.0,1003.4,10.7,20.5,114,110,16,6,3,2,66,29.2,0.0,31.2,0.0,36.1,0.0,29.6,0.0,27.1,0.0,31.166666666666668,0.0,32.78333333333333,0.0,28.741666666666664,0.0,-1.6999999999999993,0.0,Tiruchirappalli,28.5,0.0
2024-03-06 17:00:00,26.6,76,0.0,1003.6,8.2,17.3,111,105,17,6,3,2,66,27.5,0.0,29.6,0.0,35.4,0.0,31.5,0.0,26.1,0.0,29.7,0.0,32.375,0.0,28.7625,0.0,-0.8999999999999986,0.0,Tiruchirappalli,27.3,0.0
2024-03-06 18:00:00,25.7,80,0.0,1003.4,6.0,14.4,112,107,18,6,3,2,66,26.6,0.0,29.2,0.0,34.1,0.0,33.1,0.0,25.2,0.0,28.3,0.0,31.758333333333336,0.0,28.78333333333333,0.0,-0.9000000000000021,0.0,Tiruchirappalli,26.0,0.0
2024-03-06 19:00:00,24.7,84,0.0,1002.6,4.3,12.1,113,114,19,6,3,2,66,25.7,0.0,27.5,0.0,31.2,0.0,34.4,0.0,24.4,0.0,27.21666666666667,0.0,30.95,0.0,28.79583333333333,0.0,-1.0,0.0,Tiruchirappalli,25.0,0.0
2024-03-06 20:00:00,23.9,89,0.0,1001.6,4.8,7.8,124,117,20,6,3,2,66,24.7,0.0,26.6,0.0,29.6,0.0,35.3,0.0,23.4,0.0,26.266666666666666,0.0,30.0,0.0,28.816666666666663,0.0,-0.8000000000000007,0.0,Tiruchirappalli,24.1,0.0
2024-03-06 21:00:00,24.0,89,0.0,1000.9,0.4,2.8,140,360,21,6,3,2,66,23.9,0.0,25.7,0.0,29.2,0.0,36.0,0.0,23.8,0.0,25.4,0.0,29.0,0.0,28.825000000000003,0.0,0.1000000000000014,0.0,Tiruchirappalli,23.8,0.0
2024-03-06 22:00:00,23.5,91,0.0,1000.7,1.8,3.4,148,143,22,6,3,2,66,24.0,0.0,24.7,0.0,27.5,0.0,36.1,0.0,23.4,0.0,24.73333333333333,0.0,27.95,0.0,28.82916666666667,0.0,-0.5,0.0,Tiruchirappalli,23.6,0.0
2024-03-06 23:00:00,23.0,94,0.0,1001.0,0.7,0.0,270,360,23,6,3,2,66,23.5,0.0,23.9,0.0,26.6,0.0,35.4,0.0,22.6,0.0,24.133333333333336,0.0,26.916666666666668,0.0,28.84583333333333,0.0,-0.5,0.0,Tiruchirappalli,22.7,0.0
2024-03-07 00:00:00,21.4,99,0.0,1001.8,3.1,3.1,126,126,0,7,3,3,67,23.0,0.0,24.0,0.0,25.7,0.0,34.1,0.0,22.7,0.0,23.416666666666668,0.0,25.85833333333333,0.0,28.791666666666668,0.0,-1.6000000000000014,0.0,Tiruchirappalli,22.1,0.0
2024-03-07 01:00:00,23.7,97,0.0,1002.6,4.0,5.5,58,63,1,7,3,3,67,21.4,0.0,23.5,0.0,24.7,0.0,31.2,0.0,22.9,0.0,23.25,0.0,25.23333333333333,0.0,28.825,0.0,2.3000000000000007,0.0,Tiruchirappalli,23.5,0.0
2024-03-07 02:00:00,24.6,90,0.0,1003.6,3.8,5.2,78,73,2,7,3,3,67,23.7,0.0,23.0,0.0,23.9,0.0,29.6,0.0,24.8,0.0,23.366666666666664,0.0,24.816666666666663,0.0,28.816666666666663,0.0,0.9000000000000021,0.0,Tiruchirappalli,25.3,0.0
2024-03-07 03:00:00,26.4,78,0.0,1004.4,4.0,5.3,118,117,3,7,3,3,67,24.6,0.0,21.4,0.0,24.0,0.0,29.2,0.0,27.5,0.0,23.766666666666666,0.0,24.58333333333333,0.0,28.77083333333333,0.0,1.7999999999999972,0.0,Tiruchirappalli,27.9,0.0
2024-03-07 04:00:00,28.4,67,0.0,1004.6,2.9,3.9,124,120,4,7,3,3,67,26.4,0.0,23.7,0.0,23.5,0.0,27.5,0.0,29.6,0.0,24.58333333333333,0.0,24.65833333333333,0.0,28.72083333333333,0.0,2.0,0.0,Tiruchirappalli,30.1,0.0
2024-03-07 05:00:00,30.6,57,0.0,1004.5,2.5,3.3,103,98,5,7,3,3,67,28.4,0.0,24.6,0.0,23.0,0.0,26.6,0.0,31.5,0.0,25.85,0.0,24.991666666666664,0.0,28.683333333333334,0.0,2.200000000000003,0.0,Tiruchirappalli,32.4,0.0
2024-03-07 06:00:00,32.7,45,0.0,1003.4,3.7,4.7,99,101,6,7,3,3,67,30.6,0.0,26.4,0.0,21.4,0.0,25.7,0.0,33.1,0.0,27.73333333333333,0.0,25.575,0.0,28.666666666666668,0.0,2.1000000000000014,0.0,Tiruchirappalli,34.4,0.0
2024-03-07 07:00:00,34.2,37,0.0,1001.9,5.6,6.8,108,105,7,7,3,3,67,32.7,0.0,28.4,0.0,23.7,0.0,24.7,0.0,34.4,0.0,29.48333333333333,0.0,26.366666666666664,0.0,28.65833333333333,0.0,1.5,0.0,Tiruchirappalli,35.9,0.0
2024-03-07 08:00:00,35.1,33,0.0,1000.6,7.2,9.1,108,108,8,7,3,3,67,34.2,0.0,30.6,0.0,24.6,0.0,23.9,0.0,35.3,0.0,31.23333333333333,0.0,27.3,0.0,28.65,0.0,0.8999999999999986,0.0,Tiruchirappalli,37.1,0.0
2024-03-07 09:00:00,35.9,32,0.0,999.2,8.3,10.4,110,108,9,7,3,3,67,35.1,0.0,32.7,0.0,26.4,0.0,24.0,0.0,36.0,0.0,32.81666666666667,0.0,28.291666666666668,0.0,28.64583333333333,0.0,0.7999999999999972,0.0,Tiruchirappalli,37.6,0.0
2024-03-07 10:00:00,35.9,32,0.0,998.2,9.0,11.6,106,106,10,7,3,3,67,35.9,0.0,34.2,0.0,28.4,0.0,23.5,0.0,36.1,0.0,34.06666666666667,0.0,29.325000000000003,0.0,28.637500000000003,0.0,0.0,0.0,Tiruchirappalli,37.1,0.0
2024-03-07 11:00:00,35.4,33,0.0,998.1,10.2,13.5,99,98,11,7,3,3,67,35.9,0.0,35.1,0.0,30.6,0.0,23.0,0.0,35.4,0.0,34.86666666666667,0.0,30.35833333333333,0.0,28.6375,0.0,-0.5,0.0,Tiruchirappalli,36.3,0.0
2024-03-07 12:00:00,34.2,37,0.0,998.6,9.0,12.0,99,95,12,7,3,3,67,35.4,0.0,35.9,0.0,32.7,0.0,21.4,0.0,34.1,0.0,35.11666666666667,0.0,31.425,0.0,28.64166666666667,0.0,-1.1999999999999955,0.0,Tiruchirappalli,35.2,0.0
2024-03-07 13:00:00,31.3,54,0.0,999.8,5.4,10.3,102,110,13,7,3,3,67,34.2,0.0,35.9,0.0,34.2,0.0,23.7,0.0,31.2,0.0,34.63333333333333,0.0,32.05833333333333,0.0,28.64583333333333,0.0,-2.900000000000002,0.0,Tiruchirappalli,32.6,0.0
2024-03-07 14:00:00,30.8,54,0.0,1001.2,12.6,22.9,120,117,14,7,3,3,67,31.3,0.0,35.4,0.0,35.1,0.0,24.6,0.0,29.6,0.0,33.916666666666664,0.0,32.575,0.0,28.695833333333336,0.0,-0.5,0.0,Tiruchirappalli,32.3,0.0
2024-03-07 15:00:00,28.8,64,0.0,1002.4,10.5,18.9,130,128,15,7,3,3,67,30.8,0.0,34.2,0.0,35.9,0.0,26.4,0.0,29.2,0.0,32.733333333333334,0.0,32.775,0.0,28.679166666666664,0.0,-2.0,0.0,Tiruchirappalli,30.2,0.0
2024-03-07 16:00:00,27.5,65,0.0,1003.1,7.2,15.6,119,108,16,7,3,3,67,28.8,0.0,31.3,0.0,35.9,0.0,28.4,0.0,27.5,0.0,31.33333333333333,0.0,32.7,0.0,28.679166666666664,0.0,-1.3000000000000007,0.0,Tiruchirappalli,28.5,0.0
2024-03-07 17:00:00,26.4,67,0.0,1003.3,7.4,16.1,110,104,17,7,3,3,67,27.5,0.0,30.8,0.0,35.4,0.0,30.6,0.0,26.6,0.0,29.83333333333334,0.0,32.35,0.0,28.67083333333333,0.0,-1.1000000000000014,0.0,Tiruchirappalli,27.2,0.0
2024-03-07 18:00:00,25.2,71,0.0,1003.1,5.2,13.7,108,106,18,7,3,3,67,26.4,0.0,28.8,0.0,34.2,0.0,32.7,0.0,25.7,0.0,28.33333333333333,0.0,31.725000000000005,0.0,28.65,0.0,-1.1999999999999993,0.0,Tiruchirappalli,26.1,0.0
2024-03-07 19:00:00,24.3,76,0.0,1002.4,5.5,13.6,107,101,19,7,3,3,67,25.2,0.0,27.5,0.0,31.3,0.0,34.2,0.0,24.7,0.0,27.166666666666668,0.0,30.899999999999995,0.0,28.633333333333336,0.0,-0.8999999999999986,0.0,Tiruchirappalli,24.9,0.0
2024-03-07 20:00:00,22.7,85,0.0,1001.6,5.9,10.1,107,101,20,7,3,3,67,24.3,0.0,26.4,0.0,30.8,0.0,35.1,0.0,23.9,0.0,25.816666666666663,0.0,29.866666666666664,0.0,28.58333333333333,0.0,-1.6000000000000014,0.0,Tiruchirappalli,23.8,0.0
2024-03-07 21:00:00,22.0,90,0.0,1001.1,4.6,6.2,80,45,21,7,3,3,67,22.7,0.0,25.2,0.0,28.8,0.0,35.9,0.0,24.0,0.0,24.683333333333334,0.0,28.70833333333333,0.0,28.5,0.0,-0.6999999999999993,0.0,Tiruchirappalli,23.2,0.0
2024-03-07 22:00:00,21.7,92,0.0,1001.0,3.7,3.4,32,349,22,7,3,3,67,22.0,0.0,24.3,0.0,27.5,0.0,35.9,0.0,23.5,0.0,23.716666666666665,0.0,27.525,0.0,28.425,0.0,-0.3000000000000007,0.0,Tiruchirappalli,23.6,0.0
2024-03-07 23:00:00,20.8,96,0.0,1001.2,3.4,2.5,270,252,23,7,3,3,67,21.7,0.0,22.7,0.0,26.4,0.0,35.4,0.0,23.0,0.0,22.78333333333333,0.0,26.308333333333337,0.0,28.33333333333333,0.0,-0.8999999999999986,0.0,Tiruchirappalli,24.3,0.0
2024-03-08 00:00:00,20.7,96,0.0,1001.8,4.3,7.9,254,246,0,8,3,4,68,20.8,0.0,22.0,0.0,25.2,0.0,34.2,0.0,21.4,0.0,22.03333333333333,0.0,25.183333333333334,0.0,28.304166666666664,0.0,-0.1000000000000014,0.0,Tiruchirappalli,24.3,0.0
2024-03-08 01:00:00,21.3,91,0.0,1002.9,5.7,8.4,263,252,1,8,3,4,68,20.7,0.0,21.7,0.0,24.3,0.0,31.3,0.0,23.7,0.0,21.53333333333333,0.0,24.350000000000005,0.0,28.20416666666667,0.0,0.6000000000000014,0.0,Tiruchirappalli,24.5,0.0
2024-03-08 02:00:00,23.6,80,0.0,1003.8,3.2,6.6,189,153,2,8,3,4,68,21.3,0.0,20.8,0.0,22.7,0.0,30.8,0.0,24.6,0.0,21.683333333333334,0.0,23.75,0.0,28.162500000000005,0.0,2.3000000000000007,0.0,Tiruchirappalli,25.5,0.1
2024-03-08 03:00:00,27.2,68,0.0,1004.6,6.0,8.4,155,147,3,8,3,4,68,23.6,0.0,20.7,0.0,22.0,0.0,28.8,0.0,26.4,0.0,22.55,0.0,23.616666666666664,0.0,28.195833333333336,0.0,3.599999999999998,0.0,Tiruchirappalli,27.5,0.0
2024-03-08 04:00:00,29.8,61,0.0,1004.8,6.3,8.1,159,156,4,8,3,4,68,27.2,0.0,21.3,0.0,21.7,0.0,27.5,0.0,28.4,0.0,23.9,0.0,23.808333333333334,0.0,28.254166666666663,0.0,2.6000000000000014,0.0,Tiruchirappalli,29.9,0.0
2024-03-08 05:00:00,32.1,49,0.0,1004.4,5.4,7.0,159,160,5,8,3,4,68,29.8,0.0,23.6,0.0,20.8,0.0,26.4,0.0,30.6,0.0,25.78333333333333,0.0,24.28333333333333,0.0,28.316666666666663,0.0,2.3000000000000007,0.0,Tiruchirappalli,32.0,0.0
2024-03-08 06:00:00,33.9,41,0.0,1003.5,7.0,8.6,158,159,6,8,3,4,68,32.1,0.0,27.2,0.0,20.7,0.0,25.2,0.0,32.7,0.0,27.98333333333333,0.0,25.008333333333336,0.0,28.36666666666667,0.0,1.7999999999999972,0.0,Tiruchirappalli,33.9,0.0
2024-03-08 07:00:00,35.2,37,0.0,1002.0,8.1,10.0,159,159,7,8,3,4,68,33.9,0.0,29.8,0.0,21.3,0.0,24.3,0.0,34.2,0.0,30.3,0.0,25.916666666666668,0.0,28.40833333333333,0.0,1.3000000000000045,0.0,Tiruchirappalli,35.5,0.0
2024-03-08 08:00:00,36.2,33,0.0,1000.7,7.9,10.0,150,150,8,8,3,4,68,35.2,0.0,32.1,0.0,23.6,0.0,22.7,0.0,35.1,0.0,32.4,0.0,27.041666666666668,0.0,28.454166666666666,0.0,1.0,0.0,Tiruchirappalli,36.6,0.0
2024-03-08 09:00:00,36.7,30,0.0,999.6,8.9,11.2,135,137,9,8,3,4,68,36.2,0.0,33.9,0.0,27.2,0.0,22.0,0.0,35.9,0.0,33.983333333333334,0.0,28.266666666666666,0.0,28.4875,0.0,0.5,0.0,Tiruchirappalli,37.3,0.0
2024-03-08 10:00:00,36.6,29,0.0,998.9,11.9,15.3,124,125,10,8,3,4,68,36.7,0.0,35.2,0.0,29.8,0.0,21.7,0.0,35.9,0.0,35.11666666666667,0.0,29.508333333333336,0.0,28.516666666666666,0.0,-0.1000000000000014,0.0,Tiruchirappalli,37.4,0.0
2024-03-08 11:00:00,35.8,32,0.0,999.0,13.4,17.8,111,110,11,8,3,4,68,36.6,0.0,36.2,0.0,32.1,0.0,20.8,0.0,35.4,0.0,35.73333333333334,0.0,30.758333333333336,0.0,28.53333333333333,0.0,-0.8000000000000043,0.0,Tiruchirappalli,37.0,0.0
2024-03-08 12:00:00,34.6,33,0.0,999.2,13.0,17.9,115,114,12,8,3,4,68,35.8,0.0,36.7,0.0,33.9,0.0,20.7,0.0,34.2,0.0,35.85,0.0,31.916666666666668,0.0,28.55,0.0,-1.1999999999999955,0.0,Tiruchirappalli,35.9,0.0
2024-03-08 13:00:00,30.9,46,0.0,1000.3,6.8,11.6,116,108,13,8,3,4,68,34.6,0.0,36.6,0.0,35.2,0.0,21.3,0.0,31.3,0.0,35.13333333333333,0.0,32.71666666666667,0.0,28.53333333333333,0.0,-3.700000000000003,0.0,Tiruchirappalli,33.2,0.0
2024-03-08 14:00:00,30.0,46,0.0,1001.0,7.7,18.4,141,139,14,8,3,4,68,30.9,0.0,35.8,0.0,36.2,0.0,23.6,0.0,30.8,0.0,34.1,0.0,33.25,0.0,28.5,0.0,-0.8999999999999986,0.0,Tiruchirappalli,31.5,0.0
2024-03-08 15:00:00,29.4,42,0.0,1002.1,10.1,22.9,147,145,15,8,3,4,68,30.0,0.0,34.6,0.0,36.7,0.0,27.2,0.0,28.8,0.0,32.88333333333333,0.0,33.43333333333334,0.0,28.525,0.0,-0.6000000000000014,0.0,Tiruchirappalli,30.1,0.0
2024-03-08 16:00:00,28.2,49,0.0,1003.0,10.7,23.3,145,140,16,8,3,4,68,29.4,0.0,30.9,0.0,36.6,0.0,29.8,0.0,27.5,0.0,31.48333333333333,0.0,33.300000000000004,0.0,28.554166666666664,0.0,-1.1999999999999993,0.0,Tiruchirappalli,29.0,0.0
2024-03-08 17:00:00,27.3,58,0.0,1003.2,11.2,24.4,149,147,17,8,3,4,68,28.2,0.0,30.0,0.0,35.8,0.0,32.1,0.0,26.4,0.0,30.066666666666663,0.0,32.9,0.0,28.59166666666667,0.0,-0.8999999999999986,0.0,Tiruchirappalli,28.0,0.0
2024-03-08 18:00:00,26.3,60,0.0,1003.0,9.7,23.0,151,149,18,8,3,4,68,27.3,0.0,29.4,0.0,34.6,0.0,33.9,0.0,25.2,0.0,28.683333333333334,0.0,32.266666666666666,0.0,28.6375,0.0,-1.0,0.0,Tiruchirappalli,26.8,0.0
2024-03-08 19:00:00,24.5,67,0.0,1002.6,6.6,19.0,147,139,19,8,3,4,68,26.3,0.0,28.2,0.0,30.9,0.0,35.2,0.0,24.3,0.0,27.616666666666664,0.0,31.375,0.0,28.64583333333333,0.0,-1.8000000000000007,0.0,Tiruchirappalli,25.4,0.0
2024-03-08 20:00:00,23.3,77,0.0,1002.1,5.8,10.2,135,90,20,8,3,4,68,24.5,0.0,27.3,0.0,30.0,0.0,36.2,0.0,22.7,0.0,26.5,0.0,30.3,0.0,28.67083333333333,0.0,-1.1999999999999993,0.0,Tiruchirappalli,24.9,0.0
2024-03-08 21:00:00,23.7,77,0.0,1001.8,4.0,7.3,147,100,21,8,3,4,68,23.3,0.0,26.3,0.0,29.4,0.0,36.7,0.0,22.0,0.0,25.55,0.0,29.216666666666665,0.0,28.741666666666664,0.0,0.3999999999999986,0.0,Tiruchirappalli,24.2,0.0
2024-03-08 22:00:00,23.3,80,0.0,1001.6,2.3,5.4,184,288,22,8,3,4,68,23.7,0.0,24.5,0.0,28.2,0.0,36.6,0.0,21.7,0.0,24.73333333333333,0.0,28.10833333333333,0.0,28.808333333333337,0.0,-0.3999999999999986,0.0,Tiruchirappalli,23.7,0.0
2024-03-08 23:00:00,22.6,84,0.0,1001.6,2.4,3.4,212,333,23,8,3,4,68,23.3,0.0,23.3,0.0,27.3,0.0,35.8,0.0,20.8,0.0,23.95,0.0,27.008333333333336,0.0,28.88333333333333,0.0,-0.6999999999999993,0.0,Tiruchirappalli,23.2,0.0
2024-03-09 00:00:00,23.8,77,0.0,1002.0,2.3,5.0,240,309,0,9,3,5,69,22.6,0.0,23.7,0.0,26.3,0.0,34.6,0.0,20.7,0.0,23.53333333333333,0.0,26.10833333333333,0.0,29.012500000000003,0.0,1.1999999999999993,0.0,Tiruchirappalli,23.3,0.0
2024-03-09 01:00:00,25.5,86,0.0,1002.5,4.1,5.2,304,308,1,9,3,5,69,23.8,0.0,23.3,0.0,24.5,0.0,30.9,0.0,21.3,0.0,23.7,0.0,25.65833333333333,0.0,29.1875,0.0,1.6999999999999993,0.0,Tiruchirappalli,23.8,0.0
2024-03-09 02:00:00,26.1,85,0.0,1003.5,2.3,2.9,270,288,2,9,3,5,69,25.5,0.0,22.6,0.0,23.3,0.0,30.0,0.0,23.6,0.0,24.166666666666668,0.0,25.33333333333333,0.0,29.291666666666668,0.0,0.6000000000000014,0.0,Tiruchirappalli,25.8,0.0
2024-03-09 03:00:00,27.7,75,0.0,1004.3,2.5,3.6,174,172,3,9,3,5,69,26.1,0.0,23.8,0.0,23.7,0.0,29.4,0.0,27.2,0.0,24.83333333333333,0.0,25.191666666666663,0.0,29.3125,0.0,1.599999999999998,0.0,Tiruchirappalli,28.7,0.0
2024-03-09 04:00:00,30.0,64,0.0,1004.5,2.6,3.3,131,124,4,9,3,5,69,27.7,0.0,25.5,0.0,23.3,0.0,28.2,0.0,29.8,0.0,25.95,0.0,25.34166666666667,0.0,29.32083333333333,0.0,2.3000000000000007,0.0,Tiruchirappalli,31.5,0.0
2024-03-09 05:00:00,32.0,55,0.0,1004.1,4.4,5.6,130,125,5,9,3,5,69,30.0,0.0,26.1,0.0,22.6,0.0,27.3,0.0,32.1,0.0,27.51666666666667,0.0,25.73333333333333,0.0,29.316666666666663,0.0,2.0,0.0,Tiruchirappalli,33.5,0.0
2024-03-09 06:00:00,33.7,48,0.0,1003.1,6.2,7.7,127,126,6,9,3,5,69,32.0,0.0,27.7,0.0,23.8,0.0,26.3,0.0,33.9,0.0,29.166666666666668,0.0,26.350000000000005,0.0,29.308333333333334,0.0,1.7000000000000028,0.0,Tiruchirappalli,35.3,0.0
2024-03-09 07:00:00,35.2,39,0.0,1001.9,7.7,10.0,120,118,7,9,3,5,69,33.7,0.0,30.0,0.0,25.5,0.0,24.5,0.0,35.2,0.0,30.78333333333333,0.0,27.24166666666667,0.0,29.308333333333337,0.0,1.5,0.0,Tiruchirappalli,36.7,0.0
2024-03-09 08:00:00,36.0,35,0.0,1000.5,6.8,8.8,125,122,8,9,3,5,69,35.2,0.0,32.0,0.0,26.1,0.0,23.3,0.0,36.2,0.0,32.43333333333334,0.0,28.3,0.0,29.3,0.0,0.7999999999999972,0.0,Tiruchirappalli,37.6,0.0
2024-03-09 09:00:00,36.6,32,0.0,999.3,7.6,10.0,120,121,9,9,3,5,69,36.0,0.0,33.7,0.0,27.7,0.0,23.7,0.0,36.7,0.0,33.91666666666667,0.0,29.375000000000004,0.0,29.29583333333333,0.0,0.6000000000000014,0.0,Tiruchirappalli,38.2,0.0
2024-03-09 10:00:00,36.6,32,0.0,999.0,9.4,11.9,115,113,10,9,3,5,69,36.6,0.0,35.2,0.0,30.0,0.0,23.3,0.0,36.6,0.0,35.016666666666666,0.0,30.48333333333333,0.0,29.29583333333333,0.0,0.0,0.0,Tiruchirappalli,38.3,0.0
2024-03-09 11:00:00,36.2,32,0.0,999.0,9.7,12.9,108,105,11,9,3,5,69,36.6,0.0,36.0,0.0,32.0,0.0,22.6,0.0,35.8,0.0,35.71666666666667,0.0,31.616666666666664,0.0,29.3125,0.0,-0.3999999999999986,0.0,Tiruchirappalli,37.8,0.0
2024-03-09 12:00:00,35.2,33,0.0,999.5,10.6,14.7,101,100,12,9,3,5,69,36.2,0.0,36.6,0.0,33.7,0.0,23.8,0.0,34.6,0.0,35.96666666666667,0.0,32.56666666666667,0.0,29.3375,0.0,-1.0,0.0,Tiruchirappalli,36.4,0.0
2024-03-09 13:00:00,33.1,38,0.0,1000.1,10.5,19.1,86,84,13,9,3,5,69,35.2,0.0,36.6,0.0,35.2,0.0,25.5,0.0,30.9,0.0,35.61666666666667,0.0,33.2,0.0,29.429166666666664,0.0,-2.1000000000000014,0.0,Tiruchirappalli,33.4,0.0
2024-03-09 14:00:00,31.7,40,0.0,1000.9,9.3,19.7,99,106,14,9,3,5,69,33.1,0.0,36.2,0.0,36.0,0.0,26.1,0.0,30.0,0.0,34.9,0.0,33.66666666666667,0.0,29.5,0.0,-1.400000000000002,0.0,Tiruchirappalli,32.0,0.0
2024-03-09 15:00:00,30.5,41,0.0,1002.0,9.0,20.0,120,113,15,9,3,5,69,31.7,0.0,35.2,0.0,36.6,0.0,27.7,0.0,29.4,0.0,33.88333333333333,0.0,33.900000000000006,0.0,29.54583333333333,0.0,-1.1999999999999993,0.0,Tiruchirappalli,30.8,0.0
2024-03-09 16:00:00,28.7,57,0.0,1003.3,15.9,28.5,88,87,16,9,3,5,69,30.5,0.0,33.1,0.0,36.6,0.0,30.0,0.0,28.2,0.0,32.56666666666667,0.0,33.79166666666667,0.0,29.566666666666663,0.0,-1.8000000000000007,0.0,Tiruchirappalli,28.5,0.0
2024-03-09 17:00:00,27.7,65,0.0,1003.6,13.1,24.3,102,99,17,9,3,5,69,28.7,0.0,31.7,0.0,36.2,0.0,32.0,0.0,27.3,0.0,31.149999999999995,0.0,33.43333333333333,0.0,29.58333333333333,0.0,-1.0,0.0,Tiruchirappalli,27.3,0.0
2024-03-09 18:00:00,26.7,76,0.0,1003.9,9.0,18.7,90,88,18,9,3,5,69,27.7,0.0,30.5,0.0,35.2,0.0,33.7,0.0,26.3,0.0,29.73333333333333,0.0,32.85,0.0,29.600000000000005,0.0,-1.0,0.0,Tiruchirappalli,26.4,0.0
2024-03-09 19:00:00,26.1,84,0.0,1003.6,7.4,16.2,103,104,19,9,3,5,69,26.7,0.0,28.7,0.0,33.1,0.0,35.2,0.0,24.5,0.0,28.566666666666663,0.0,32.09166666666667,0.0,29.666666666666668,0.0,-0.5999999999999979,0.0,Tiruchirappalli,25.0,0.0
2024-03-09 20:00:00,25.6,89,0.0,1003.1,5.5,13.7,117,122,20,9,3,5,69,26.1,0.0,27.7,0.0,31.7,0.0,36.0,0.0,23.3,0.0,27.55,0.0,31.225,0.0,29.7625,0.0,-0.5,0.0,Tiruchirappalli,24.2,0.0
2024-03-09 21:00:00,24.9,94,0.0,1002.8,3.8,11.4,125,131,21,9,3,5,69,25.6,0.0,26.7,0.0,30.5,0.0,36.6,0.0,23.7,0.0,26.616666666666664,0.0,30.25,0.0,29.8125,0.0,-0.7000000000000028,0.0,Tiruchirappalli,24.2,0.0
2024-03-09 22:00:00,24.4,97,0.0,1002.8,3.7,6.3,149,209,22,9,3,5,69,24.9,0.0,26.1,0.0,28.7,0.0,36.6,0.0,23.3,0.0,25.9,0.0,29.23333333333333,0.0,29.85833333333333,0.0,-0.5,0.0,Tiruchirappalli,24.8,0.0
2024-03-09 23:00:00,25.4,91,0.0,1003.2,4.4,5.7,235,261,23,9,3,5,69,24.4,0.0,25.6,0.0,27.7,0.0,36.2,0.0,22.6,0.0,25.516666666666666,0.0,28.33333333333333,0.0,29.975000000000005,0.0,1.0,0.0,Tiruchirappalli,23.6,0.0
2024-03-10 00:00:00,25.7,90,0.0,1003.8,3.2,4.0,243,270,0,10,3,6,70,25.4,0.0,24.9,0.0,26.7,0.0,35.2,0.0,23.8,0.0,25.35,0.0,27.541666666666668,0.0,30.054166666666664,0.0,0.3000000000000007,0.0,Tiruchirappalli,23.3,0.0
2024-03-10 01:00:00,26.1,87,0.0,1004.7,2.9,3.7,259,277,1,10,3,6,70,25.7,0.0,24.4,0.0,26.1,0.0,33.1,0.0,25.5,0.0,25.35,0.0,26.95833333333333,0.0,30.079166666666666,0.0,0.4000000000000021,0.0,Tiruchirappalli,23.4,0.0
2024-03-10 02:00:00,26.7,84,0.0,1005.7,1.1,1.8,127,108,2,10,3,6,70,26.1,0.0,25.4,0.0,25.6,0.0,31.7,0.0,26.1,0.0,25.53333333333333,0.0,26.541666666666668,0.0,30.104166666666668,0.0,0.5999999999999979,0.0,Tiruchirappalli,25.9,0.0
2024-03-10 03:00:00,28.4,74,0.0,1006.1,1.6,2.1,121,117,3,10,3,6,70,26.7,0.0,25.7,0.0,24.9,0.0,30.5,0.0,27.7,0.0,26.116666666666664,0.0,26.366666666666664,0.0,30.133333333333336,0.0,1.6999999999999993,0.0,Tiruchirappalli,28.8,0.0
2024-03-10 04:00:00,30.4,63,0.0,1006.5,1.8,2.7,113,101,4,10,3,6,70,28.4,0.0,26.1,0.0,24.4,0.0,28.7,0.0,30.0,0.0,27.116666666666664,0.0,26.50833333333333,0.0,30.15,0.0,2.0,0.0,Tiruchirappalli,31.4,0.0
2024-03-10 05:00:00,32.4,51,0.0,1006.4,4.2,5.4,110,110,5,10,3,6,70,30.4,0.0,26.7,0.0,25.4,0.0,27.7,0.0,32.0,0.0,28.28333333333333,0.0,26.9,0.0,30.166666666666668,0.0,2.0,0.0,Tiruchirappalli,33.5,0.0
2024-03-10 06:00:00,34.2,40,0.0,1005.2,5.8,7.6,121,120,6,10,3,6,70,32.4,0.0,28.4,0.0,25.7,0.0,26.7,0.0,33.7,0.0,29.7,0.0,27.525,0.0,30.1875,0.0,1.8000000000000045,0.0,Tiruchirappalli,35.1,0.0
2024-03-10 07:00:00,35.2,37,0.0,1003.8,6.3,8.1,122,121,7,10,3,6,70,34.2,0.0,30.4,0.0,26.1,0.0,26.1,0.0,35.2,0.0,31.21666666666667,0.0,28.28333333333333,0.0,30.1875,0.0,1.0,0.0,Tiruchirappalli,36.5,0.0
2024-03-10 08:00:00,36.1,34,0.0,1002.5,6.7,8.3,124,126,8,10,3,6,70,35.2,0.0,32.4,0.0,26.7,0.0,25.6,0.0,36.0,0.0,32.78333333333334,0.0,29.15833333333333,0.0,30.191666666666663,0.0,0.8999999999999986,0.0,Tiruchirappalli,37.4,0.0
2024-03-10 09:00:00,36.6,33,0.0,1001.2,5.8,7.7,118,120,9,10,3,6,70,36.1,0.0,34.2,0.0,28.4,0.0,24.9,0.0,36.6,0.0,34.15,0.0,30.13333333333333,0.0,30.191666666666663,0.0,0.5,0.0,Tiruchirappalli,37.9,0.0
2024-03-10 10:00:00,36.7,32,0.0,1000.6,8.8,11.0,101,99,10,10,3,6,70,36.6,0.0,35.2,0.0,30.4,0.0,24.4,0.0,36.6,0.0,35.2,0.0,31.15833333333333,0.0,30.195833333333336,0.0,0.1000000000000014,0.0,Tiruchirappalli,37.9,0.0
2024-03-10 11:00:00,35.9,33,0.0,1000.7,12.6,16.6,90,88,11,10,3,6,70,36.7,0.0,36.1,0.0,32.4,0.0,25.4,0.0,36.2,0.0,35.78333333333333,0.0,32.03333333333333,0.0,30.183333333333334,0.0,-0.8000000000000043,0.0,Tiruchirappalli,37.1,0.0
2024-03-10 12:00:00,34.6,36,0.0,1001.4,12.2,16.6,91,92,12,10,3,6,70,35.9,0.0,36.6,0.0,34.2,0.0,25.7,0.0,35.2,0.0,35.85,0.0,32.775,0.0,30.15833333333333,0.0,-1.2999999999999972,0.0,Tiruchirappalli,35.9,0.0
2024-03-10 13:00:00,31.7,45,0.0,1002.0,7.1,10.0,116,120,13,10,3,6,70,34.6,0.0,36.7,0.0,35.2,0.0,26.1,0.0,33.1,0.0,35.266666666666666,0.0,33.24166666666667,0.0,30.1,0.0,-2.900000000000002,0.0,Tiruchirappalli,33.4,0.0
2024-03-10 14:00:00,30.5,48,0.0,1002.7,7.0,9.4,108,125,14,10,3,6,70,31.7,0.0,35.9,0.0,36.1,0.0,26.7,0.0,31.7,0.0,34.333333333333336,0.0,33.55833333333334,0.0,30.05,0.0,-1.1999999999999993,0.0,Tiruchirappalli,31.8,0.0
2024-03-10 15:00:00,30.6,47,0.0,1003.8,12.6,24.5,89,88,15,10,3,6,70,30.5,0.0,34.6,0.0,36.6,0.0,28.4,0.0,30.5,0.0,33.333333333333336,0.0,33.74166666666667,0.0,30.054166666666664,0.0,0.1000000000000014,0.0,Tiruchirappalli,30.0,0.0
2024-03-10 16:00:00,28.7,58,0.0,1005.0,14.5,24.7,98,96,16,10,3,6,70,30.6,0.0,31.7,0.0,36.7,0.0,30.4,0.0,28.7,0.0,32.0,0.0,33.6,0.0,30.05416666666667,0.0,-1.900000000000002,0.0,Tiruchirappalli,28.8,0.0
2024-03-10 17:00:00,27.1,70,0.0,1005.6,13.8,23.9,85,83,17,10,3,6,70,28.7,0.0,30.5,0.0,35.9,0.0,32.4,0.0,27.7,0.0,30.53333333333333,0.0,33.15833333333333,0.0,30.02916666666667,0.0,-1.599999999999998,0.0,Tiruchirappalli,27.7,0.0
2024-03-10 18:00:00,26.0,82,0.0,1006.2,11.7,21.1,81,81,18,10,3,6,70,27.1,0.0,30.6,0.0,34.6,0.0,34.2,0.0,26.7,0.0,29.1,0.0,32.475,0.0,30.0,0.0,-1.1000000000000014,0.0,Tiruchirappalli,26.4,0.0
2024-03-10 19:00:00,25.4,89,0.0,1005.7,9.8,18.6,81,82,19,10,3,6,70,26.0,0.0,28.7,0.0,31.7,0.0,35.2,0.0,26.1,0.0,28.05,0.0,31.65833333333333,0.0,29.97083333333333,0.0,-0.6000000000000014,0.0,Tiruchirappalli,25.4,0.0
2024-03-10 20:00:00,24.8,93,0.0,1005.1,7.3,14.9,82,81,20,10,3,6,70,25.4,0.0,27.1,0.0,30.5,0.0,36.1,0.0,25.6,0.0,27.1,0.0,30.716666666666665,0.0,29.9375,0.0,-0.5999999999999979,0.0,Tiruchirappalli,25.0,0.0
2024-03-10 21:00:00,24.9,93,0.0,1004.6,5.9,12.1,80,79,21,10,3,6,70,24.8,0.0,26.0,0.0,30.6,0.0,36.6,0.0,24.9,0.0,26.15,0.0,29.74166666666667,0.0,29.9375,0.0,0.0999999999999978,0.0,Tiruchirappalli,24.5,0.0
2024-03-10 22:00:00,25.5,88,0.0,1004.6,9.2,13.8,70,69,22,10,3,6,70,24.9,0.0,25.4,0.0,28.7,0.0,36.7,0.0,24.4,0.0,25.616666666666664,0.0,28.808333333333334,0.0,29.98333333333333,0.0,0.6000000000000014,0.0,Tiruchirappalli,24.5,0.0
2024-03-10 23:00:00,25.6,87,0.0,1004.7,8.8,13.0,56,55,23,10,3,6,70,25.5,0.0,24.8,0.0,27.1,0.0,35.9,0.0,25.4,0.0,25.366666666666664,0.0,27.95,0.0,29.991666666666664,0.0,0.1000000000000014,0.0,Tiruchirappalli,24.6,0.1
2024-03-11 00:00:00,25.6,86,0.0,1004.9,5.1,8.4,43,39,0,11,3,0,71,25.6,0.0,24.9,0.0,26.0,0.0,34.6,0.0,25.7,0.0,25.3,0.0,27.2,0.0,29.9875,0.0,0.0,0.0,Tiruchirappalli,24.5,0.0
2024-03-11 01:00:00,26.6,84,0.0,1005.7,5.4,7.6,45,42,1,11,3,0,71,25.6,0.0,25.5,0.0,25.4,0.0,31.7,0.0,26.1,0.0,25.5,0.0,26.775,0.0,30.008333333333336,0.0,1.0,0.0,Tiruchirappalli,26.7,0.1
2024-03-11 02:00:00,27.1,80,0.0,1006.8,5.4,7.1,45,42,2,11,3,0,71,26.6,0.0,25.6,0.0,24.8,0.0,30.5,0.0,26.7,0.0,25.883333333333336,0.0,26.491666666666664,0.0,30.025,0.0,0.5,0.0,Tiruchirappalli,27.3,0.2
2024-03-11 03:00:00,28.4,73,0.0,1007.6,6.1,8.2,49,45,3,11,3,0,71,27.1,0.0,25.6,0.0,24.9,0.0,30.6,0.0,28.4,0.0,26.46666666666667,0.0,26.308333333333337,0.0,30.025,0.0,1.2999999999999972,0.0,Tiruchirappalli,28.6,0.3
2024-03-11 04:00:00,30.6,61,0.0,1008.0,5.1,6.7,54,51,4,11,3,0,71,28.4,0.0,26.6,0.0,25.5,0.0,28.7,0.0,30.4,0.0,27.316666666666663,0.0,26.466666666666665,0.0,30.03333333333333,0.0,2.200000000000003,0.0,Tiruchirappalli,30.7,0.1
2024-03-11 05:00:00,32.5,53,0.0,1007.6,4.9,6.2,54,54,5,11,3,0,71,30.6,0.0,27.1,0.0,25.6,0.0,27.1,0.0,32.4,0.0,28.46666666666667,0.0,26.916666666666668,0.0,30.037500000000005,0.0,1.8999999999999984,0.0,Tiruchirappalli,32.9,0.0
2024-03-11 06:00:00,34.2,44,0.0,1006.5,6.5,8.1,69,71,6,11,3,0,71,32.5,0.0,28.4,0.0,25.6,0.0,26.0,0.0,34.2,0.0,29.899999999999995,0.0,27.600000000000005,0.0,30.0375,0.0,1.7000000000000028,0.0,Tiruchirappalli,34.5,0.0
2024-03-11 07:00:00,35.6,36,0.0,1005.0,8.9,11.4,77,76,7,11,3,0,71,34.2,0.0,30.6,0.0,26.6,0.0,25.4,0.0,35.2,0.0,31.4,0.0,28.45,0.0,30.054166666666664,0.0,1.3999999999999986,0.0,Tiruchirappalli,35.9,0.0
2024-03-11 08:00:00,36.1,34,0.0,1003.6,12.5,15.8,78,78,8,11,3,0,71,35.6,0.0,32.5,0.0,27.1,0.0,24.8,0.0,36.1,0.0,32.9,0.0,29.39166666666667,0.0,30.05416666666667,0.0,0.5,0.0,Tiruchirappalli,37.1,0.0
2024-03-11 09:00:00,36.1,34,0.0,1002.4,13.4,17.0,77,76,9,11,3,0,71,36.1,0.0,34.2,0.0,28.4,0.0,24.9,0.0,36.6,0.0,34.18333333333333,0.0,30.325,0.0,30.03333333333333,0.0,0.0,0.0,Tiruchirappalli,37.9,0.0
2024-03-11 10:00:00,36.1,34,0.0,1001.6,12.0,15.3,71,69,10,11,3,0,71,36.1,0.0,35.6,0.0,30.6,0.0,25.5,0.0,36.7,0.0,35.1,0.0,31.20833333333333,0.0,30.008333333333336,0.0,0.0,0.0,Tiruchirappalli,37.8,0.0
2024-03-11 11:00:00,35.8,34,0.0,1001.5,12.8,17.1,82,80,11,11,3,0,71,36.1,0.0,36.1,0.0,32.5,0.0,25.6,0.0,35.9,0.0,35.65,0.0,32.05833333333334,0.0,30.004166666666663,0.0,-0.3000000000000042,0.0,Tiruchirappalli,37.3,0.0
2024-03-11 12:00:00,34.7,34,0.0,1001.7,13.7,19.1,93,92,12,11,3,0,71,35.8,0.0,36.1,0.0,34.2,0.0,25.6,0.0,34.6,0.0,35.73333333333333,0.0,32.81666666666667,0.0,30.008333333333336,0.0,-1.0999999999999943,0.0,Tiruchirappalli,36.0,0.0
2024-03-11 13:00:00,32.8,39,0.0,1002.8,10.1,19.1,94,94,13,11,3,0,71,34.7,0.0,36.1,0.0,35.6,0.0,26.6,0.0,31.7,0.0,35.266666666666666,0.0,33.333333333333336,0.0,30.05416666666667,0.0,-1.9000000000000057,0.0,Tiruchirappalli,33.6,0.0
2024-03-11 14:00:00,31.2,45,0.0,1004.0,13.0,23.6,109,109,14,11,3,0,71,32.8,0.0,35.8,0.0,36.1,0.0,27.1,0.0,30.5,0.0,34.45,0.0,33.675000000000004,0.0,30.08333333333333,0.0,-1.599999999999998,0.0,Tiruchirappalli,32.0,0.0
2024-03-11 15:00:00,29.7,56,0.0,1005.2,11.1,19.9,122,119,15,11,3,0,71,31.2,0.0,34.7,0.0,36.1,0.0,28.4,0.0,30.6,0.0,33.38333333333333,0.0,33.78333333333333,0.0,30.04583333333333,0.0,-1.5,0.0,Tiruchirappalli,30.4,0.0
2024-03-11 16:00:00,28.5,63,0.0,1005.9,9.1,17.8,111,108,16,11,3,0,71,29.7,0.0,32.8,0.0,36.1,0.0,30.6,0.0,28.7,0.0,32.11666666666667,0.0,33.608333333333334,0.0,30.0375,0.0,-1.1999999999999993,0.0,Tiruchirappalli,28.7,0.0
2024-03-11 17:00:00,27.3,69,0.0,1006.5,9.5,18.4,102,101,17,11,3,0,71,28.5,0.0,31.2,0.0,35.8,0.0,32.5,0.0,27.1,0.0,30.7,0.0,33.175000000000004,0.0,30.04583333333333,0.0,-1.1999999999999993,0.0,Tiruchirappalli,27.2,0.0
2024-03-11 18:00:00,26.0,79,0.0,1006.6,8.8,18.1,103,99,18,11,3,0,71,27.3,0.0,29.7,0.0,34.7,0.0,34.2,0.0,26.0,0.0,29.25,0.0,32.49166666666667,0.0,30.04583333333333,0.0,-1.3000000000000007,0.0,Tiruchirappalli,26.5,0.0
2024-03-11 19:00:00,25.0,87,0.0,1005.8,7.4,16.7,109,104,19,11,3,0,71,26.0,0.0,28.5,0.0,32.8,0.0,35.6,0.0,25.4,0.0,27.95,0.0,31.60833333333333,0.0,30.029166666666665,0.0,-1.0,0.0,Tiruchirappalli,25.7,0.0
2024-03-11 20:00:00,24.1,93,0.0,1005.2,4.5,13.1,111,104,20,11,3,0,71,25.0,0.0,27.3,0.0,31.2,0.0,36.1,0.0,24.8,0.0,26.76666666666667,0.0,30.60833333333333,0.0,30.0,0.0,-0.8999999999999986,0.0,Tiruchirappalli,24.8,0.0
2024-03-11 21:00:00,23.8,95,0.0,1004.5,3.7,7.1,105,61,21,11,3,0,71,24.1,0.0,26.0,0.0,29.7,0.0,36.1,0.0,24.9,0.0,25.78333333333333,0.0,29.58333333333333,0.0,29.95416666666667,0.0,-0.3000000000000007,0.0,Tiruchirappalli,24.2,0.0
2024-03-11 22:00:00,23.6,96,0.0,1004.2,1.8,4.0,100,11,22,11,3,0,71,23.8,0.0,25.0,0.0,28.5,0.0,36.1,0.0,25.5,0.0,24.96666666666667,0.0,28.541666666666668,0.0,29.875,0.0,-0.1999999999999993,0.0,Tiruchirappalli,24.1,0.0
2024-03-11 23:00:00,22.7,99,0.0,1004.5,1.8,2.5,90,349,23,11,3,0,71,23.6,0.0,24.1,0.0,27.3,0.0,35.8,0.0,25.6,0.0,24.2,0.0,27.45,0.0,29.754166666666663,0.0,-0.9000000000000021,0.0,Tiruchirappalli,24.2,0.0
2024-03-12 00:00:00,22.1,100,0.0,1004.8,3.4,2.2,360,328,0,12,3,1,72,22.7,0.0,23.8,0.0,26.0,0.0,34.7,0.0,25.6,0.0,23.55,0.0,26.4,0.0,29.60833333333333,0.0,-0.5999999999999979,0.0,Tiruchirappalli,24.1,0.0
2024-03-12 01:00:00,23.5,99,0.0,1005.4,3.7,4.3,360,331,1,12,3,1,72,22.1,0.0,23.6,0.0,25.0,0.0,32.8,0.0,26.6,0.0,23.3,0.0,25.625,0.0,29.479166666666668,0.0,1.3999999999999986,0.0,Tiruchirappalli,25.8,0.0
2024-03-12 02:00:00,25.3,90,0.0,1006.3,1.6,3.4,18,27,2,12,3,1,72,23.5,0.0,22.7,0.0,24.1,0.0,31.2,0.0,27.1,0.0,23.5,0.0,25.133333333333336,0.0,29.404166666666665,0.0,1.8000000000000007,0.0,Tiruchirappalli,26.6,0.1
2024-03-12 03:00:00,27.9,77,0.0,1007.0,3.3,4.0,100,96,3,12,3,1,72,25.3,0.0,22.1,0.0,23.8,0.0,29.7,0.0,28.4,0.0,24.183333333333334,0.0,24.98333333333333,0.0,29.383333333333336,0.0,2.599999999999998,0.0,Tiruchirappalli,28.5,0.0
2024-03-12 04:00:00,30.1,64,0.0,1007.2,4.9,6.4,128,126,4,12,3,1,72,27.9,0.0,23.5,0.0,23.6,0.0,28.5,0.0,30.6,0.0,25.266666666666666,0.0,25.11666666666667,0.0,29.3625,0.0,2.200000000000003,0.0,Tiruchirappalli,30.5,0.0
2024-03-12 05:00:00,32.4,53,0.0,1006.7,4.8,6.4,137,138,5,12,3,1,72,30.1,0.0,25.3,0.0,22.7,0.0,27.3,0.0,32.5,0.0,26.883333333333336,0.0,25.541666666666668,0.0,29.35833333333333,0.0,2.299999999999997,0.0,Tiruchirappalli,32.3,0.0
2024-03-12 06:00:00,34.4,43,0.0,1005.7,5.1,6.6,131,129,6,12,3,1,72,32.4,0.0,27.9,0.0,22.1,0.0,26.0,0.0,34.2,0.0,28.933333333333334,0.0,26.241666666666664,0.0,29.36666666666667,0.0,2.0,0.0,Tiruchirappalli,34.0,0.0
2024-03-12 07:00:00,35.9,36,0.0,1004.3,6.3,7.8,124,121,7,12,3,1,72,34.4,0.0,30.1,0.0,23.5,0.0,25.0,0.0,35.6,0.0,31.0,0.0,27.15,0.0,29.379166666666663,0.0,1.5,0.0,Tiruchirappalli,35.4,0.0
2024-03-12 08:00:00,37.1,30,0.0,1003.0,8.0,9.9,109,108,8,12,3,1,72,35.9,0.0,32.4,0.0,25.3,0.0,24.1,0.0,36.1,0.0,32.96666666666667,0.0,28.23333333333333,0.0,29.42083333333333,0.0,1.2000000000000028,0.0,Tiruchirappalli,36.4,0.0
2024-03-12 09:00:00,37.6,28,0.0,1001.6,10.8,13.7,92,92,9,12,3,1,72,37.1,0.0,34.4,0.0,27.9,0.0,23.8,0.0,36.1,0.0,34.583333333333336,0.0,29.383333333333336,0.0,29.48333333333333,0.0,0.5,0.0,Tiruchirappalli,37.0,0.0
2024-03-12 10:00:00,37.1,29,0.0,1000.8,13.8,17.8,82,83,10,12,3,1,72,37.6,0.0,35.9,0.0,30.1,0.0,23.6,0.0,36.1,0.0,35.75,0.0,30.508333333333336,0.0,29.525,0.0,-0.5,0.0,Tiruchirappalli,36.9,0.0
2024-03-12 11:00:00,36.3,31,0.0,1000.7,11.5,15.5,89,90,11,12,3,1,72,37.1,0.0,37.1,0.0,32.4,0.0,22.7,0.0,35.8,0.0,36.4,0.0,31.641666666666666,0.0,29.54583333333333,0.0,-0.8000000000000043,0.0,Tiruchirappalli,36.2,0.0
2024-03-12 12:00:00,35.2,33,0.0,1001.0,11.2,15.3,109,111,12,12,3,1,72,36.3,0.0,37.6,0.0,34.4,0.0,22.1,0.0,34.7,0.0,36.53333333333333,0.0,32.733333333333334,0.0,29.566666666666663,0.0,-1.0999999999999943,0.0,Tiruchirappalli,35.0,0.0
2024-03-12 13:00:00,32.6,43,0.0,1002.1,6.9,8.9,104,118,13,12,3,1,72,35.2,0.0,37.1,0.0,35.9,0.0,23.5,0.0,32.8,0.0,35.98333333333334,0.0,33.49166666666667,0.0,29.558333333333334,0.0,-2.6000000000000014,0.0,Tiruchirappalli,32.0,0.0
2024-03-12 14:00:00,32.3,40,0.0,1002.8,16.2,28.3,124,122,14,12,3,1,72,32.6,0.0,36.3,0.0,37.1,0.0,25.3,0.0,31.2,0.0,35.18333333333333,0.0,34.075,0.0,29.604166666666668,0.0,-0.3000000000000042,0.0,Tiruchirappalli,30.9,0.0
2024-03-12 15:00:00,30.2,50,0.0,1003.9,13.2,23.7,132,133,15,12,3,1,72,32.3,0.0,35.2,0.0,37.6,0.0,27.9,0.0,29.7,0.0,33.95,0.0,34.266666666666666,0.0,29.625,0.0,-2.099999999999998,0.0,Tiruchirappalli,29.8,0.0
2024-03-12 16:00:00,28.5,60,0.0,1004.8,10.1,19.4,125,125,16,12,3,1,72,30.2,0.0,32.6,0.0,37.1,0.0,30.1,0.0,28.5,0.0,32.516666666666666,0.0,34.13333333333333,0.0,29.625,0.0,-1.6999999999999993,0.0,Tiruchirappalli,28.3,0.0
2024-03-12 17:00:00,27.2,73,0.0,1005.1,7.4,15.5,108,104,17,12,3,1,72,28.5,0.0,32.3,0.0,36.3,0.0,32.4,0.0,27.3,0.0,31.0,0.0,33.7,0.0,29.620833333333337,0.0,-1.3000000000000007,0.0,Tiruchirappalli,27.1,0.0
2024-03-12 18:00:00,26.1,82,0.0,1005.1,5.0,12.4,100,90,18,12,3,1,72,27.2,0.0,30.2,0.0,35.2,0.0,34.4,0.0,26.0,0.0,29.48333333333333,0.0,33.00833333333333,0.0,29.625,0.0,-1.099999999999998,0.0,Tiruchirappalli,26.0,0.0
2024-03-12 19:00:00,24.9,89,0.0,1004.6,3.9,9.7,86,68,19,12,3,1,72,26.1,0.0,28.5,0.0,32.6,0.0,35.9,0.0,25.0,0.0,28.200000000000003,0.0,32.09166666666666,0.0,29.620833333333337,0.0,-1.2000000000000028,0.0,Tiruchirappalli,25.2,0.0
2024-03-12 20:00:00,23.8,96,0.0,1003.9,5.4,7.6,98,86,20,12,3,1,72,24.9,0.0,27.2,0.0,32.3,0.0,37.1,0.0,24.1,0.0,26.78333333333333,0.0,30.98333333333333,0.0,29.60833333333333,0.0,-1.099999999999998,0.0,Tiruchirappalli,24.3,0.0
2024-03-12 21:00:00,23.2,98,0.0,1003.0,4.9,7.3,123,126,21,12,3,1,72,23.8,0.0,26.1,0.0,30.2,0.0,37.6,0.0,23.8,0.0,25.61666666666667,0.0,29.78333333333333,0.0,29.58333333333333,0.0,-0.6000000000000014,0.0,Tiruchirappalli,23.6,0.0
2024-03-12 22:00:00,23.6,99,0.0,1002.7,5.5,12.7,145,148,22,12,3,1,72,23.2,0.0,24.9,0.0,28.5,0.0,37.1,0.0,23.6,0.0,24.8,0.0,28.65833333333333,0.0,29.58333333333333,0.0,0.4000000000000021,0.0,Tiruchirappalli,23.1,0.0
2024-03-12 23:00:00,24.3,96,0.0,1002.7,7.2,10.0,154,153,23,12,3,1,72,23.6,0.0,23.8,0.0,27.2,0.0,36.3,0.0,22.7,0.0,24.316666666666663,0.0,27.65833333333333,0.0,29.65,0.0,0.6999999999999993,0.0,Tiruchirappalli,22.6,0.0
2024-03-13 00:00:00,24.3,95,0.0,1003.2,3.1,4.3,204,216,0,13,3,2,73,24.3,0.0,23.2,0.0,26.1,0.0,35.2,0.0,22.1,0.0,24.016666666666666,0.0,26.75,0.0,29.741666666666664,0.0,0.0,0.0,Tiruchirappalli,22.3,0.0
2024-03-13 01:00:00,24.5,96,0.0,1003.9,2.3,3.3,221,231,1,13,3,2,73,24.3,0.0,23.6,0.0,24.9,0.0,32.6,0.0,23.5,0.0,23.95,0.0,26.075000000000003,0.0,29.78333333333333,0.0,0.1999999999999993,0.0,Tiruchirappalli,22.7,0.0
2024-03-13 02:00:00,25.5,89,0.1,1005.1,4.7,6.2,173,171,2,13,3,2,73,24.5,0.0,24.3,0.0,23.8,0.0,32.3,0.0,25.3,0.0,24.23333333333333,0.0999999999999997,25.508333333333336,0.0999999999999997,29.791666666666668,0.1,1.0,0.1,Tiruchirappalli,24.8,0.0
2024-03-13 03:00:00,27.5,75,0.0,1005.9,7.2,9.1,162,162,3,13,3,2,73,25.5,0.1,24.3,0.0,23.2,0.0,30.2,0.0,27.9,0.0,24.950000000000003,0.0999999999999997,25.28333333333333,0.0999999999999997,29.774999999999995,0.1,2.0,-0.1,Tiruchirappalli,27.3,0.0
2024-03-13 04:00:00,29.9,62,0.0,1006.3,7.4,9.7,165,166,4,13,3,2,73,27.5,0.0,24.5,0.0,23.6,0.0,28.5,0.0,30.1,0.0,26.0,0.0999999999999997,25.4,0.0999999999999997,29.76666666666667,0.1,2.3999999999999986,0.0,Tiruchirappalli,29.5,0.0
2024-03-13 05:00:00,32.0,52,0.0,1005.9,6.5,8.3,180,183,5,13,3,2,73,29.9,0.0,25.5,0.1,24.3,0.0,27.2,0.0,32.4,0.0,27.28333333333333,0.0999999999999997,25.8,0.0999999999999997,29.75,0.1,2.1000000000000014,0.0,Tiruchirappalli,31.6,0.0
2024-03-13 06:00:00,33.9,44,0.0,1004.8,6.6,8.7,187,189,6,13,3,2,73,32.0,0.0,27.5,0.0,24.3,0.0,26.1,0.0,34.4,0.0,28.883333333333336,0.0999999999999997,26.45,0.0999999999999997,29.729166666666668,0.1,1.8999999999999984,0.0,Tiruchirappalli,33.6,0.0
2024-03-13 07:00:00,35.5,37,0.0,1003.3,6.5,8.3,178,180,7,13,3,2,73,33.9,0.0,29.9,0.0,24.5,0.0,24.9,0.0,35.9,0.0,30.71666666666667,0.0999999999999997,27.33333333333333,0.0999999999999997,29.7125,0.1,1.6000000000000014,0.0,Tiruchirappalli,35.1,0.0
2024-03-13 08:00:00,36.6,33,0.0,1002.0,7.0,8.6,165,168,8,13,3,2,73,35.5,0.0,32.0,0.0,25.5,0.1,23.8,0.0,37.1,0.0,32.56666666666667,0.0,28.4,0.0999999999999997,29.691666666666663,0.1,1.1000000000000014,0.0,Tiruchirappalli,36.2,0.0
2024-03-13 09:00:00,37.3,29,0.0,1000.5,7.1,8.8,161,165,9,13,3,2,73,36.6,0.0,33.9,0.0,27.5,0.0,23.2,0.0,37.6,0.0,34.2,0.0,29.575000000000003,0.0999999999999997,29.67916666666667,0.1,0.6999999999999957,0.0,Tiruchirappalli,36.7,0.0
2024-03-13 10:00:00,37.4,28,0.0,999.6,7.2,9.2,159,162,10,13,3,2,73,37.3,0.0,35.5,0.0,29.9,0.0,23.6,0.0,37.1,0.0,35.45,0.0,30.725,0.0999999999999997,29.691666666666663,0.1,0.1000000000000014,0.0,Tiruchirappalli,36.7,0.0
2024-03-13 11:00:00,37.0,28,0.0,999.3,8.5,11.2,140,144,11,13,3,2,73,37.4,0.0,36.6,0.0,32.0,0.0,24.3,0.0,36.3,0.0,36.28333333333333,0.0,31.78333333333333,0.0999999999999997,29.72083333333333,0.1,-0.3999999999999986,0.0,Tiruchirappalli,36.0,0.0
2024-03-13 12:00:00,35.9,30,0.0,999.6,14.0,18.9,125,125,12,13,3,2,73,37.0,0.0,37.3,0.0,33.9,0.0,24.3,0.0,35.2,0.0,36.61666666666667,0.0,32.75,0.0999999999999997,29.75,0.1,-1.1000000000000014,0.0,Tiruchirappalli,34.6,0.0
2024-03-13 13:00:00,33.2,37,0.0,1001.0,10.8,20.0,128,127,13,13,3,2,73,35.9,0.0,37.4,0.0,35.5,0.0,24.5,0.0,32.6,0.0,36.23333333333333,0.0,33.475,0.0999999999999997,29.775,0.1,-2.699999999999996,0.0,Tiruchirappalli,31.6,0.0
2024-03-13 14:00:00,31.5,38,0.0,1002.1,15.7,27.2,145,143,14,13,3,2,73,33.2,0.0,37.0,0.0,36.6,0.0,25.5,0.1,32.3,0.0,35.38333333333333,0.0,33.975,0.0,29.741666666666664,0.1,-1.7000000000000028,0.0,Tiruchirappalli,31.3,0.0
2024-03-13 15:00:00,30.1,38,0.0,1003.0,13.7,24.6,153,153,15,13,3,2,73,31.5,0.0,35.9,0.0,37.3,0.0,27.5,0.0,30.2,0.0,34.18333333333333,0.0,34.19166666666666,0.0,29.7375,0.1,-1.3999999999999986,0.0,Tiruchirappalli,29.7,0.0
2024-03-13 16:00:00,29.0,41,0.0,1003.7,10.6,21.6,156,152,16,13,3,2,73,30.1,0.0,33.2,0.0,37.4,0.0,29.9,0.0,28.5,0.0,32.78333333333334,0.0,34.11666666666667,0.0,29.758333333333336,0.1,-1.1000000000000014,0.0,Tiruchirappalli,28.3,0.0
2024-03-13 17:00:00,28.0,48,0.0,1004.0,9.7,20.0,142,132,17,13,3,2,73,29.0,0.0,31.5,0.0,37.0,0.0,32.0,0.0,27.2,0.0,31.28333333333333,0.0,33.78333333333333,0.0,29.791666666666668,0.1,-1.0,0.0,Tiruchirappalli,26.8,0.0
2024-03-13 18:00:00,26.8,58,0.0,1004.1,5.2,14.5,136,124,18,13,3,2,73,28.0,0.0,30.1,0.0,35.9,0.0,33.9,0.0,26.1,0.0,29.766666666666666,0.0,33.19166666666667,0.0,29.820833333333336,0.1,-1.1999999999999993,0.0,Tiruchirappalli,25.4,0.0
2024-03-13 19:00:00,25.4,68,0.0,1003.8,5.1,9.1,124,94,19,13,3,2,73,26.8,0.0,29.0,0.0,33.2,0.0,35.5,0.0,24.9,0.0,28.466666666666665,0.0,32.35,0.0,29.841666666666665,0.1,-1.400000000000002,0.0,Tiruchirappalli,24.0,0.0
2024-03-13 20:00:00,24.9,75,0.0,1003.3,4.5,11.2,130,119,20,13,3,2,73,25.4,0.0,28.0,0.0,31.5,0.0,36.6,0.0,23.8,0.0,27.36666666666667,0.0,31.375,0.0,29.8875,0.1,-0.5,0.0,Tiruchirappalli,23.2,0.0
2024-03-13 21:00:00,24.2,84,0.0,1002.7,3.9,10.9,153,146,21,13,3,2,73,24.9,0.0,26.8,0.0,30.1,0.0,37.3,0.0,23.2,0.0,26.38333333333333,0.0,30.28333333333333,0.0,29.929166666666664,0.1,-0.6999999999999993,0.0,Tiruchirappalli,22.9,0.0
2024-03-13 22:00:00,23.7,87,0.0,1002.9,2.7,3.9,248,293,22,13,3,2,73,24.2,0.0,25.4,0.0,29.0,0.0,37.4,0.0,23.6,0.0,25.5,0.0,29.141666666666666,0.0,29.933333333333337,0.1,-0.5,0.0,Tiruchirappalli,23.2,0.0
2024-03-13 23:00:00,23.2,87,0.0,1003.0,4.1,3.6,264,308,23,13,3,2,73,23.7,0.0,24.9,0.0,28.0,0.0,37.0,0.0,24.3,0.0,24.7,0.0,27.991666666666664,0.0,29.8875,0.1,-0.5,0.0,Tiruchirappalli,24.1,0.0
2024-03-14 00:00:00,23.3,86,0.0,1003.2,0.8,2.0,225,243,0,14,3,3,74,23.2,0.0,24.2,0.0,26.8,0.0,35.9,0.0,24.3,0.0,24.116666666666664,0.0,26.941666666666663,0.0,29.84583333333333,0.1,0.1000000000000014,0.0,Tiruchirappalli,24.1,0.0
2024-03-14 01:00:00,23.8,92,0.0,1003.9,1.8,5.6,230,191,1,14,3,3,74,23.3,0.0,23.7,0.0,25.4,0.0,33.2,0.0,24.5,0.0,23.85,0.0,26.15833333333333,0.0,29.816666666666663,0.1,0.5,0.0,Tiruchirappalli,24.8,0.0
2024-03-14 02:00:00,25.8,83,0.0,1004.8,4.0,8.0,172,153,2,14,3,3,74,23.8,0.0,23.2,0.0,24.9,0.0,31.5,0.0,25.5,0.1,24.0,0.0,25.683333333333334,0.0,29.829166666666666,0.0,2.0,0.0,Tiruchirappalli,25.6,0.0
2024-03-14 03:00:00,28.7,67,0.0,1005.3,6.6,8.8,161,158,3,14,3,3,74,25.8,0.0,23.3,0.0,24.2,0.0,30.1,0.0,27.5,0.0,24.75,0.0,25.566666666666663,0.0,29.879166666666663,0.0,2.8999999999999986,0.0,Tiruchirappalli,27.6,0.0
2024-03-14 04:00:00,31.5,47,0.0,1005.2,6.9,9.0,178,174,4,14,3,3,74,28.7,0.0,23.8,0.0,23.7,0.0,29.0,0.0,29.9,0.0,26.05,0.0,25.775,0.0,29.945833333333336,0.0,2.8000000000000007,0.0,Tiruchirappalli,29.9,0.0
2024-03-14 05:00:00,33.5,41,0.0,1004.7,3.3,4.2,200,186,5,14,3,3,74,31.5,0.0,25.8,0.0,23.2,0.0,28.0,0.0,32.0,0.0,27.76666666666667,0.0,26.23333333333333,0.0,30.008333333333336,0.0,2.0,0.0,Tiruchirappalli,32.2,0.0
2024-03-14 06:00:00,35.3,35,0.0,1003.7,1.6,1.8,169,153,6,14,3,3,74,33.5,0.0,28.7,0.0,23.3,0.0,26.8,0.0,33.9,0.0,29.766666666666666,0.0,26.941666666666663,0.0,30.066666666666663,0.0,1.7999999999999972,0.0,Tiruchirappalli,34.1,0.0
2024-03-14 07:00:00,36.7,29,0.0,1002.2,2.3,2.6,106,108,7,14,3,3,74,35.3,0.0,31.5,0.0,23.8,0.0,25.4,0.0,35.5,0.0,31.916666666666668,0.0,27.88333333333333,0.0,30.116666666666664,0.0,1.4000000000000057,0.0,Tiruchirappalli,35.7,0.0
2024-03-14 08:00:00,37.6,24,0.0,1000.8,2.9,3.7,79,83,8,14,3,3,74,36.7,0.0,33.5,0.0,25.8,0.0,24.9,0.0,36.6,0.0,33.88333333333333,0.0,28.941666666666663,0.0,30.15833333333333,0.0,0.8999999999999986,0.0,Tiruchirappalli,36.6,0.0
2024-03-14 09:00:00,38.2,23,0.0,999.7,4.7,5.8,86,86,9,14,3,3,74,37.6,0.0,35.3,0.0,28.7,0.0,24.2,0.0,37.3,0.0,35.46666666666667,0.0,30.10833333333333,0.0,30.195833333333336,0.0,0.6000000000000014,0.0,Tiruchirappalli,36.9,0.0
2024-03-14 10:00:00,38.3,23,0.0,999.0,7.6,9.7,88,87,10,14,3,3,74,38.2,0.0,36.7,0.0,31.5,0.0,23.7,0.0,37.4,0.0,36.6,0.0,31.325000000000003,0.0,30.23333333333333,0.0,0.0999999999999943,0.0,Tiruchirappalli,36.6,0.0
2024-03-14 11:00:00,37.8,22,0.0,998.8,11.5,14.8,87,86,11,14,3,3,74,38.3,0.0,37.6,0.0,33.5,0.0,23.2,0.0,37.0,0.0,37.31666666666666,0.0,32.541666666666664,0.0,30.266666666666666,0.0,-0.5,0.0,Tiruchirappalli,35.9,0.0
2024-03-14 12:00:00,36.4,23,0.0,999.1,14.4,19.8,88,86,12,14,3,3,74,37.8,0.0,38.2,0.0,35.3,0.0,23.3,0.0,35.9,0.0,37.5,0.0,33.63333333333333,0.0,30.2875,0.0,-1.3999999999999986,0.0,Tiruchirappalli,35.0,0.0
2024-03-14 13:00:00,33.4,29,0.0,1000.0,6.6,15.3,82,77,13,14,3,3,74,36.4,0.0,38.3,0.0,36.7,0.0,23.8,0.0,33.2,0.0,36.95,0.0,34.43333333333333,0.0,30.29583333333333,0.0,-3.0,0.0,Tiruchirappalli,32.4,0.0
2024-03-14 14:00:00,32.0,34,0.0,1000.7,9.7,21.6,91,92,14,14,3,3,74,33.4,0.0,37.8,0.0,37.6,0.0,25.8,0.0,31.5,0.0,36.016666666666666,0.0,34.95,0.0,30.316666666666663,0.0,-1.3999999999999986,0.0,Tiruchirappalli,30.4,0.0
2024-03-14 15:00:00,30.8,39,0.0,1001.6,12.5,25.4,125,123,15,14,3,3,74,32.0,0.0,36.4,0.0,38.2,0.0,28.7,0.0,30.1,0.0,34.78333333333333,0.0,35.125,0.0,30.34583333333333,0.0,-1.1999999999999993,0.0,Tiruchirappalli,29.4,0.0
2024-03-14 16:00:00,28.5,58,0.0,1002.5,13.8,24.4,127,123,16,14,3,3,74,30.8,0.0,33.4,0.0,38.3,0.0,31.5,0.0,29.0,0.0,33.15,0.0,34.875,0.0,30.325,0.0,-2.3000000000000007,0.0,Tiruchirappalli,28.4,0.0
2024-03-14 17:00:00,27.3,63,0.0,1002.7,10.2,20.6,136,132,17,14,3,3,74,28.5,0.0,32.0,0.0,37.8,0.0,33.5,0.0,28.0,0.0,31.4,0.0,34.358333333333334,0.0,30.29583333333333,0.0,-1.1999999999999993,0.0,Tiruchirappalli,27.1,0.0
2024-03-14 18:00:00,26.4,65,0.0,1002.7,7.7,17.8,138,131,18,14,3,3,74,27.3,0.0,30.8,0.0,36.4,0.0,35.3,0.0,26.8,0.0,29.73333333333333,0.0,33.61666666666667,0.0,30.27916666666667,0.0,-0.9000000000000021,0.0,Tiruchirappalli,26.0,0.0
2024-03-14 19:00:00,25.0,71,0.0,1002.2,4.7,11.6,126,99,19,14,3,3,74,26.4,0.0,28.5,0.0,33.4,0.0,36.7,0.0,25.4,0.0,28.33333333333333,0.0,32.641666666666666,0.0,30.262500000000003,0.0,-1.3999999999999986,0.0,Tiruchirappalli,25.0,0.0
2024-03-14 20:00:00,24.2,74,0.0,1001.7,5.9,9.7,135,104,20,14,3,3,74,25.0,0.0,27.3,0.0,32.0,0.0,37.6,0.0,24.9,0.0,27.03333333333333,0.0,31.524999999999995,0.0,30.23333333333333,0.0,-0.8000000000000007,0.0,Tiruchirappalli,24.2,0.0
2024-03-14 21:00:00,24.2,75,0.0,1001.5,4.6,8.1,193,219,21,14,3,3,74,24.2,0.0,26.4,0.0,30.8,0.0,38.2,0.0,24.2,0.0,25.933333333333334,0.0,30.35833333333333,0.0,30.23333333333333,0.0,0.0,0.0,Tiruchirappalli,23.4,0.0
2024-03-14 22:00:00,24.8,72,0.0,1001.2,3.1,7.4,194,216,22,14,3,3,74,24.2,0.0,25.0,0.0,28.5,0.0,38.3,0.0,23.7,0.0,25.316666666666663,0.0,29.23333333333333,0.0,30.279166666666665,0.0,0.6000000000000014,0.0,Tiruchirappalli,22.8,0.0
2024-03-14 23:00:00,23.6,78,0.0,1001.3,2.4,4.5,166,63,23,14,3,3,74,24.8,0.0,24.2,0.0,27.3,0.0,37.8,0.0,23.2,0.0,24.7,0.0,28.05,0.0,30.29583333333333,0.0,-1.1999999999999993,0.0,Tiruchirappalli,23.5,0.0
2024-03-15 00:00:00,23.3,77,0.0,1001.6,3.1,5.2,124,69,0,15,3,4,75,23.6,0.0,24.2,0.0,26.4,0.0,36.4,0.0,23.3,0.0,24.183333333333334,0.0,26.95833333333333,0.0,30.29583333333333,0.0,-0.3000000000000007,0.0,Tiruchirappalli,23.9,0.0
2024-03-15 01:00:00,23.4,76,0.0,1002.2,5.2,9.1,124,106,1,15,3,4,75,23.3,0.0,24.8,0.0,25.0,0.0,33.4,0.0,23.8,0.0,23.916666666666668,0.0,26.125,0.0,30.27916666666667,0.0,0.0999999999999978,0.0,Tiruchirappalli,23.4,0.0
2024-03-15 02:00:00,25.9,69,0.0,1003.4,5.0,11.5,136,111,2,15,3,4,75,23.4,0.0,23.6,0.0,24.2,0.0,32.0,0.0,25.8,0.0,24.2,0.0,25.61666666666667,0.0,30.28333333333333,0.0,2.5,0.0,Tiruchirappalli,24.8,0.0
2024-03-15 03:00:00,28.8,66,0.0,1004.1,5.0,7.3,160,159,3,15,3,4,75,25.9,0.0,23.3,0.0,24.2,0.0,30.8,0.0,28.7,0.0,24.96666666666667,0.0,25.45,0.0,30.2875,0.0,2.900000000000002,0.0,Tiruchirappalli,27.4,0.0
2024-03-15 04:00:00,31.4,51,0.0,1004.3,4.7,6.2,170,171,4,15,3,4,75,28.8,0.0,23.4,0.0,24.8,0.0,28.5,0.0,31.5,0.0,26.066666666666663,0.0,25.691666666666663,0.0,30.28333333333333,0.0,2.599999999999998,0.0,Tiruchirappalli,29.6,0.0
2024-03-15 05:00:00,33.5,40,0.0,1003.9,3.3,4.0,175,167,5,15,3,4,75,31.4,0.0,25.9,0.0,23.6,0.0,27.3,0.0,33.5,0.0,27.71666666666667,0.0,26.20833333333333,0.0,30.28333333333333,0.0,2.1000000000000014,0.0,Tiruchirappalli,31.7,0.0
2024-03-15 06:00:00,35.1,34,0.0,1003.0,2.8,3.6,143,140,6,15,3,4,75,33.5,0.0,28.8,0.0,23.3,0.0,26.4,0.0,35.3,0.0,29.683333333333334,0.0,26.933333333333334,0.0,30.275,0.0,1.6000000000000014,0.0,Tiruchirappalli,33.7,0.0
2024-03-15 07:00:00,36.5,31,0.0,1001.4,4.6,5.4,127,129,7,15,3,4,75,35.1,0.0,31.4,0.0,23.4,0.0,25.0,0.0,36.7,0.0,31.866666666666664,0.0,27.891666666666666,0.0,30.266666666666666,0.0,1.3999999999999986,0.0,Tiruchirappalli,35.3,0.0
2024-03-15 08:00:00,37.4,30,0.0,1000.3,6.6,8.2,128,131,8,15,3,4,75,36.5,0.0,33.5,0.0,25.9,0.0,24.2,0.0,37.6,0.0,33.78333333333333,0.0,28.99166666666667,0.0,30.25833333333333,0.0,0.8999999999999986,0.0,Tiruchirappalli,36.5,0.0
2024-03-15 09:00:00,37.9,30,0.0,999.1,8.1,10.2,122,122,9,15,3,4,75,37.4,0.0,35.1,0.0,28.8,0.0,24.2,0.0,38.2,0.0,35.3,0.0,30.13333333333333,0.0,30.245833333333337,0.0,0.5,0.0,Tiruchirappalli,36.9,0.0
2024-03-15 10:00:00,37.9,29,0.0,998.4,10.8,14.0,113,111,10,15,3,4,75,37.9,0.0,36.5,0.0,31.4,0.0,24.8,0.0,38.3,0.0,36.38333333333333,0.0,31.225000000000005,0.0,30.229166666666668,0.0,0.0,0.0,Tiruchirappalli,36.9,0.0
2024-03-15 11:00:00,37.1,28,0.0,998.3,13.7,18.0,106,104,11,15,3,4,75,37.9,0.0,37.4,0.0,33.5,0.0,23.6,0.0,37.8,0.0,36.98333333333333,0.0,32.35,0.0,30.200000000000003,0.0,-0.7999999999999972,0.0,Tiruchirappalli,36.2,0.0
2024-03-15 12:00:00,35.9,32,0.0,998.8,14.0,19.4,108,108,12,15,3,4,75,37.1,0.0,37.9,0.0,35.1,0.0,23.3,0.0,36.4,0.0,37.11666666666667,0.0,33.4,0.0,30.17916666666667,0.0,-1.2000000000000028,0.0,Tiruchirappalli,35.2,0.0
2024-03-15 13:00:00,33.4,40,0.0,999.9,8.5,16.9,124,118,13,15,3,4,75,35.9,0.0,37.9,0.0,36.5,0.0,23.4,0.0,33.4,0.0,36.6,0.0,34.233333333333334,0.0,30.179166666666664,0.0,-2.5,0.0,Tiruchirappalli,33.1,0.0
2024-03-15 14:00:00,31.8,45,0.0,1000.9,15.8,27.4,141,137,14,15,3,4,75,33.4,0.0,37.1,0.0,37.4,0.0,25.9,0.0,32.0,0.0,35.666666666666664,0.0,34.725,0.0,30.17083333333333,0.0,-1.599999999999998,0.0,Tiruchirappalli,31.1,0.0
2024-03-15 15:00:00,30.0,50,0.0,1001.9,15.3,26.8,147,146,15,15,3,4,75,31.8,0.0,35.9,0.0,37.9,0.0,28.8,0.0,30.8,0.0,34.35,0.0,34.825,0.0,30.1375,0.0,-1.8000000000000007,0.0,Tiruchirappalli,29.6,0.0
2024-03-15 16:00:00,28.8,52,0.0,1002.9,11.4,21.9,150,145,16,15,3,4,75,30.0,0.0,33.4,0.0,37.9,0.0,31.4,0.0,28.5,0.0,32.833333333333336,0.0,34.60833333333333,0.0,30.15,0.0,-1.1999999999999993,0.0,Tiruchirappalli,28.2,0.0
2024-03-15 17:00:00,27.7,54,0.0,1003.5,6.7,16.6,139,126,17,15,3,4,75,28.8,0.0,31.8,0.0,37.1,0.0,33.5,0.0,27.3,0.0,31.266666666666666,0.0,34.125,0.0,30.166666666666668,0.0,-1.1000000000000014,0.0,Tiruchirappalli,27.3,0.0
2024-03-15 18:00:00,26.4,61,0.0,1003.5,5.7,14.8,129,108,18,15,3,4,75,27.7,0.0,30.0,0.0,35.9,0.0,35.1,0.0,26.4,0.0,29.683333333333334,0.0,33.4,0.0,30.166666666666668,0.0,-1.3000000000000007,0.0,Tiruchirappalli,26.6,0.0
2024-03-15 19:00:00,25.4,69,0.0,1003.2,5.4,14.1,128,110,19,15,3,4,75,26.4,0.0,28.8,0.0,33.4,0.0,36.5,0.0,25.0,0.0,28.35,0.0,32.475,0.0,30.183333333333334,0.0,-1.0,0.0,Tiruchirappalli,25.9,0.0
2024-03-15 20:00:00,25.0,78,0.0,1002.7,6.8,15.9,129,122,20,15,3,4,75,25.4,0.0,27.7,0.0,31.8,0.0,37.4,0.0,24.2,0.0,27.21666666666667,0.0,31.441666666666663,0.0,30.21666666666667,0.0,-0.3999999999999986,0.0,Tiruchirappalli,25.4,0.0
2024-03-15 21:00:00,24.5,88,0.0,1002.2,4.4,12.5,141,145,21,15,3,4,75,25.0,0.0,26.4,0.0,30.0,0.0,37.9,0.0,24.2,0.0,26.3,0.0,30.325,0.0,30.229166666666668,0.0,-0.5,0.0,Tiruchirappalli,24.9,0.0
2024-03-15 22:00:00,24.5,88,0.0,1002.0,2.5,6.2,190,262,22,15,3,4,75,24.5,0.0,25.4,0.0,28.8,0.0,37.9,0.0,24.8,0.0,25.58333333333333,0.0,29.20833333333333,0.0,30.21666666666667,0.0,0.0,0.0,Tiruchirappalli,24.5,0.0
2024-03-15 23:00:00,24.6,85,0.1,1002.3,3.2,6.1,220,270,23,15,3,4,75,24.5,0.0,25.0,0.0,27.7,0.0,37.1,0.0,23.6,0.0,25.066666666666663,0.0999999999999997,28.166666666666668,0.0999999999999997,30.258333333333336,0.1,0.1000000000000014,0.1,Tiruchirappalli,24.2,0.0
2024-03-16 00:00:00,24.5,86,0.0,1002.4,2.6,8.0,207,236,0,16,3,5,76,24.6,0.1,24.5,0.0,26.4,0.0,35.9,0.0,23.3,0.0,24.75,0.0999999999999997,27.21666666666667,0.0999999999999997,30.308333333333337,0.1,-0.1000000000000014,-0.1,Tiruchirappalli,24.1,0.0
2024-03-16 01:00:00,26.7,88,0.1,1003.4,3.6,4.6,231,233,1,16,3,5,76,24.5,0.0,24.5,0.0,25.4,0.0,33.4,0.0,23.4,0.0,24.96666666666667,0.1999999999999998,26.65833333333333,0.1999999999999998,30.44583333333333,0.2,2.2,0.1,Tiruchirappalli,25.2,0.1
2024-03-16 02:00:00,27.3,85,0.2,1004.0,5.0,6.8,198,201,2,16,3,5,76,26.7,0.1,24.6,0.1,25.0,0.0,31.8,0.0,25.9,0.0,25.35,0.3999999999999998,26.28333333333333,0.3999999999999998,30.504166666666663,0.4,0.6000000000000014,0.1,Tiruchirappalli,26.2,0.7
2024-03-16 03:00:00,28.6,78,0.3,1004.6,5.3,7.2,207,208,3,16,3,5,76,27.3,0.2,24.5,0.0,24.5,0.0,30.0,0.0,28.8,0.0,26.03333333333333,0.6999999999999997,26.166666666666668,0.6999999999999997,30.495833333333334,0.7,1.3000000000000007,0.0999999999999999,Tiruchirappalli,27.5,0.3
2024-03-16 04:00:00,30.7,66,0.1,1004.9,5.8,7.6,185,184,4,16,3,5,76,28.6,0.3,26.7,0.1,24.5,0.0,28.8,0.0,31.4,0.0,27.066666666666663,0.7999999999999998,26.325000000000003,0.7999999999999998,30.46666666666667,0.8,2.099999999999998,-0.1999999999999999,Tiruchirappalli,29.5,0.2
2024-03-16 05:00:00,32.9,55,0.0,1004.5,5.4,7.2,174,172,5,16,3,5,76,30.7,0.1,27.3,0.2,24.6,0.1,27.7,0.0,33.5,0.0,28.45,0.6999999999999998,26.75833333333333,0.7999999999999998,30.441666666666663,0.8,2.2,-0.1,Tiruchirappalli,32.0,0.2
2024-03-16 06:00:00,34.5,45,0.0,1003.4,5.3,6.9,152,152,6,16,3,5,76,32.9,0.0,28.6,0.3,24.5,0.0,26.4,0.0,35.1,0.0,30.116666666666664,0.6999999999999998,27.433333333333334,0.7999999999999998,30.416666666666668,0.8,1.6000000000000014,0.0,Tiruchirappalli,33.7,0.1
2024-03-16 07:00:00,35.9,38,0.0,1002.0,5.9,7.6,135,133,7,16,3,5,76,34.5,0.0,30.7,0.1,26.7,0.1,25.4,0.0,36.5,0.0,31.65,0.5999999999999999,28.308333333333337,0.7999999999999998,30.391666666666666,0.8,1.3999999999999986,0.0,Tiruchirappalli,34.6,0.1
2024-03-16 08:00:00,37.1,31,0.0,1000.7,5.8,7.6,121,120,8,16,3,5,76,35.9,0.0,32.9,0.0,27.3,0.2,25.0,0.0,37.4,0.0,33.28333333333333,0.3999999999999998,29.316666666666663,0.7999999999999998,30.379166666666663,0.8,1.2000000000000028,0.0,Tiruchirappalli,35.5,0.0
2024-03-16 09:00:00,37.9,28,0.0,999.6,7.8,9.8,114,112,9,16,3,5,76,37.1,0.0,34.5,0.0,28.6,0.3,24.5,0.0,37.9,0.0,34.833333333333336,0.0999999999999997,30.433333333333337,0.7999999999999998,30.379166666666663,0.8,0.7999999999999972,0.0,Tiruchirappalli,34.9,0.1
2024-03-16 10:00:00,37.8,27,0.0,998.9,9.5,12.4,116,115,10,16,3,5,76,37.9,0.0,35.9,0.0,30.7,0.1,24.5,0.0,37.9,0.0,36.016666666666666,0.0,31.541666666666668,0.7999999999999998,30.375,0.8,-0.1000000000000014,0.0,Tiruchirappalli,34.0,0.1
2024-03-16 11:00:00,37.3,27,0.0,998.8,11.5,15.0,107,104,11,16,3,5,76,37.8,0.0,37.1,0.0,32.9,0.0,24.6,0.1,37.1,0.0,36.74999999999999,0.0,32.6,0.6999999999999998,30.38333333333333,0.8,-0.5,0.0,Tiruchirappalli,32.5,0.0
2024-03-16 12:00:00,36.0,30,0.0,999.2,12.6,17.4,112,110,12,16,3,5,76,37.3,0.0,37.9,0.0,34.5,0.0,24.5,0.0,35.9,0.0,37.0,0.0,33.55833333333333,0.6999999999999998,30.3875,0.8,-1.2999999999999972,0.0,Tiruchirappalli,31.0,0.2
2024-03-16 13:00:00,33.6,36,0.0,1000.0,9.2,19.0,123,121,13,16,3,5,76,36.0,0.0,37.8,0.0,35.9,0.0,26.7,0.1,33.4,0.0,36.61666666666667,0.0,34.13333333333333,0.5999999999999999,30.39583333333333,0.8,-2.3999999999999986,0.0,Tiruchirappalli,30.5,0.0
2024-03-16 14:00:00,32.0,41,0.0,1001.0,12.2,24.2,134,133,14,16,3,5,76,33.6,0.0,37.3,0.0,37.1,0.0,27.3,0.2,31.8,0.0,35.76666666666666,0.0,34.525,0.3999999999999998,30.40416666666667,0.8,-1.6000000000000014,0.0,Tiruchirappalli,30.1,0.0
2024-03-16 15:00:00,30.4,44,0.0,1001.9,13.2,25.0,137,135,15,16,3,5,76,32.0,0.0,36.0,0.0,37.9,0.0,28.6,0.3,30.0,0.0,34.516666666666666,0.0,34.675,0.0999999999999997,30.42083333333333,0.8,-1.6000000000000014,0.0,Tiruchirappalli,29.4,0.0
2024-03-16 16:00:00,28.7,57,0.0,1002.9,12.9,24.5,118,113,16,16,3,5,76,30.4,0.0,33.6,0.0,37.8,0.0,30.7,0.1,28.8,0.0,33.0,0.0,34.50833333333333,0.0,30.416666666666668,0.8,-1.6999999999999993,0.0,Tiruchirappalli,28.2,0.0
2024-03-16 17:00:00,27.2,81,0.0,1003.4,12.0,22.2,110,106,17,16,3,5,76,28.7,0.0,32.0,0.0,37.3,0.0,32.9,0.0,27.7,0.0,31.316666666666663,0.0,34.03333333333333,0.0,30.39583333333333,0.8,-1.5,0.0,Tiruchirappalli,27.4,0.0
2024-03-16 18:00:00,26.5,87,0.0,1003.4,11.8,21.5,104,102,18,16,3,5,76,27.2,0.0,30.4,0.0,36.0,0.0,34.5,0.0,26.4,0.0,29.73333333333333,0.0,33.36666666666667,0.0,30.399999999999995,0.8,-0.6999999999999993,0.0,Tiruchirappalli,26.6,0.0
2024-03-16 19:00:00,25.7,90,0.0,1002.9,8.3,16.7,97,92,19,16,3,5,76,26.5,0.0,28.7,0.0,33.6,0.0,35.9,0.0,25.4,0.0,28.416666666666668,0.0,32.516666666666666,0.0,30.4125,0.8,-0.8000000000000007,0.0,Tiruchirappalli,26.0,0.0
2024-03-16 20:00:00,24.8,95,0.0,1002.6,5.7,12.8,74,55,20,16,3,5,76,25.7,0.0,27.2,0.0,32.0,0.0,37.1,0.0,25.0,0.0,27.21666666666667,0.0,31.491666666666664,0.0,30.404166666666665,0.8,-0.8999999999999986,0.0,Tiruchirappalli,25.4,0.0
2024-03-16 21:00:00,24.2,98,0.0,1002.0,6.1,13.9,65,50,21,16,3,5,76,24.8,0.0,26.5,0.0,30.4,0.0,37.9,0.0,24.5,0.0,26.183333333333334,0.0,30.35,0.0,30.391666666666666,0.8,-0.6000000000000014,0.0,Tiruchirappalli,25.0,0.0
2024-03-16 22:00:00,24.1,99,0.0,1002.0,4.8,11.6,74,63,22,16,3,5,76,24.2,0.0,25.7,0.0,28.7,0.0,37.8,0.0,24.5,0.0,25.416666666666668,0.0,29.20833333333333,0.0,30.375,0.8,-0.0999999999999978,0.0,Tiruchirappalli,24.7,0.0
2024-03-16 23:00:00,24.2,97,0.0,1002.4,5.0,10.2,82,69,23,16,3,5,76,24.1,0.0,24.8,0.0,27.2,0.0,37.3,0.0,24.6,0.1,24.916666666666668,0.0,28.116666666666664,0.0,30.35833333333333,0.7000000000000001,0.0999999999999978,0.0,Tiruchirappalli,24.5,0.0
2024-03-17 00:00:00,24.1,97,0.0,1002.9,4.8,9.2,79,63,0,17,3,6,77,24.2,0.0,24.2,0.0,26.5,0.0,36.0,0.0,24.5,0.0,24.516666666666666,0.0,27.125,0.0,30.341666666666665,0.7000000000000001,-0.0999999999999978,0.0,Tiruchirappalli,25.1,0.1
2024-03-17 01:00:00,25.8,90,0.0,1003.5,6.2,9.2,101,100,1,17,3,6,77,24.1,0.0,24.1,0.0,25.7,0.0,33.6,0.0,26.7,0.1,24.53333333333333,0.0,26.475,0.0,30.304166666666664,0.6000000000000001,1.6999999999999993,0.0,Tiruchirappalli,25.1,0.1
2024-03-17 02:00:00,26.6,86,0.1,1004.4,6.6,9.3,106,103,2,17,3,6,77,25.8,0.0,24.2,0.0,24.8,0.0,32.0,0.0,27.3,0.2,24.83333333333333,0.0999999999999997,26.025,0.0999999999999997,30.274999999999995,0.5,0.8000000000000007,0.1,Tiruchirappalli,26.7,0.1
2024-03-17 03:00:00,28.5,72,0.0,1004.9,7.9,10.4,110,106,3,17,3,6,77,26.6,0.1,24.1,0.0,24.2,0.0,30.4,0.0,28.6,0.3,25.55,0.0999999999999997,25.86666666666667,0.0999999999999997,30.27083333333333,0.2,1.8999999999999984,-0.1,Tiruchirappalli,28.8,0.0
2024-03-17 04:00:00,30.5,60,0.0,1005.2,6.5,8.6,112,109,4,17,3,6,77,28.5,0.0,25.8,0.0,24.1,0.0,28.7,0.0,30.7,0.1,26.61666666666667,0.0999999999999997,26.01666666666667,0.0999999999999997,30.2625,0.1,2.0,0.0,Tiruchirappalli,31.1,0.0
2024-03-17 05:00:00,32.3,51,0.0,1004.9,6.8,8.6,112,108,5,17,3,6,77,30.5,0.0,26.6,0.1,24.2,0.0,27.2,0.0,32.9,0.0,27.966666666666665,0.0999999999999997,26.441666666666663,0.0999999999999997,30.2375,0.1,1.7999999999999972,0.0,Tiruchirappalli,33.0,0.0
2024-03-17 06:00:00,34.0,43,0.0,1004.0,7.5,9.9,109,107,6,17,3,6,77,32.3,0.0,28.5,0.0,24.1,0.0,26.5,0.0,34.5,0.0,29.616666666666664,0.0999999999999997,27.066666666666663,0.0999999999999997,30.21666666666667,0.1,1.7000000000000028,0.0,Tiruchirappalli,34.1,0.0
2024-03-17 07:00:00,35.4,37,0.0,1002.7,8.7,11.4,108,107,7,17,3,6,77,34.0,0.0,30.5,0.0,25.8,0.0,25.7,0.0,35.9,0.0,31.21666666666667,0.0999999999999997,27.875,0.0999999999999997,30.195833333333336,0.1,1.3999999999999986,0.0,Tiruchirappalli,35.0,0.0
2024-03-17 08:00:00,36.4,33,0.0,1001.3,9.3,12.1,107,106,8,17,3,6,77,35.4,0.0,32.3,0.0,26.6,0.1,24.8,0.0,37.1,0.0,32.849999999999994,0.0,28.84166666666667,0.0999999999999997,30.166666666666668,0.1,1.0,0.0,Tiruchirappalli,36.1,0.0
2024-03-17 09:00:00,37.0,30,0.0,1000.4,10.0,12.7,105,103,9,17,3,6,77,36.4,0.0,34.0,0.0,28.5,0.0,24.2,0.0,37.9,0.0,34.26666666666666,0.0,29.90833333333333,0.0999999999999997,30.129166666666663,0.1,0.6000000000000014,0.0,Tiruchirappalli,36.1,0.0
2024-03-17 10:00:00,36.9,30,0.0,999.7,11.7,15.1,102,101,10,17,3,6,77,37.0,0.0,35.4,0.0,30.5,0.0,24.1,0.0,37.8,0.0,35.33333333333333,0.0,30.975,0.0999999999999997,30.091666666666665,0.1,-0.1000000000000014,0.0,Tiruchirappalli,36.0,0.0
2024-03-17 11:00:00,36.2,31,0.0,999.7,12.9,16.9,114,113,11,17,3,6,77,36.9,0.0,36.4,0.0,32.3,0.0,24.2,0.0,37.3,0.0,35.983333333333334,0.0,31.975000000000005,0.0999999999999997,30.04583333333333,0.1,-0.6999999999999957,0.0,Tiruchirappalli,35.7,0.0
2024-03-17 12:00:00,35.0,34,0.0,1000.1,13.5,18.2,124,124,12,17,3,6,77,36.2,0.0,37.0,0.0,34.0,0.0,24.1,0.0,36.0,0.0,36.15,0.0,32.88333333333333,0.0999999999999997,30.004166666666663,0.1,-1.2000000000000028,0.0,Tiruchirappalli,34.3,0.0
2024-03-17 13:00:00,32.0,44,0.0,1000.9,4.7,11.7,124,122,13,17,3,6,77,35.0,0.0,36.9,0.0,35.4,0.0,25.8,0.0,33.6,0.0,35.583333333333336,0.0,33.4,0.0999999999999997,29.9375,0.1,-3.0,0.0,Tiruchirappalli,32.2,0.0
2024-03-17 14:00:00,30.9,47,0.0,1001.7,7.9,17.8,138,133,14,17,3,6,77,32.0,0.0,36.2,0.0,36.4,0.0,26.6,0.1,32.0,0.0,34.666666666666664,0.0,33.75833333333333,0.0,29.891666666666666,0.1,-1.1000000000000014,0.0,Tiruchirappalli,31.0,0.0
2024-03-17 15:00:00,29.8,52,0.0,1002.7,11.5,22.2,133,129,15,17,3,6,77,30.9,0.0,35.0,0.0,37.0,0.0,28.5,0.0,30.4,0.0,33.46666666666667,0.0,33.86666666666667,0.0,29.866666666666664,0.1,-1.099999999999998,0.0,Tiruchirappalli,29.5,0.0
2024-03-17 16:00:00,28.3,60,0.0,1003.7,12.7,22.3,121,119,16,17,3,6,77,29.8,0.0,32.0,0.0,36.9,0.0,30.5,0.0,28.7,0.0,32.03333333333334,0.0,33.68333333333333,0.0,29.85,0.1,-1.5,0.0,Tiruchirappalli,28.2,0.0
2024-03-17 17:00:00,27.1,67,0.0,1004.1,10.1,19.6,110,107,17,17,3,6,77,28.3,0.0,30.9,0.0,36.2,0.0,32.3,0.0,27.2,0.0,30.516666666666666,0.0,33.25,0.0,29.84583333333333,0.1,-1.1999999999999993,0.0,Tiruchirappalli,27.3,0.0
2024-03-17 18:00:00,26.0,73,0.0,1004.4,6.6,15.1,87,81,18,17,3,6,77,27.1,0.0,29.8,0.0,35.0,0.0,34.0,0.0,26.5,0.0,29.016666666666666,0.0,32.583333333333336,0.0,29.825000000000003,0.1,-1.1000000000000014,0.0,Tiruchirappalli,26.5,0.0
2024-03-17 19:00:00,25.2,78,0.0,1003.9,6.0,14.2,74,73,19,17,3,6,77,26.0,0.0,28.3,0.0,32.0,0.0,35.4,0.0,25.7,0.0,27.88333333333333,0.0,31.73333333333333,0.0,29.804166666666664,0.1,-0.8000000000000007,0.0,Tiruchirappalli,25.8,0.0
2024-03-17 20:00:00,24.3,85,0.0,1003.0,5.6,13.6,73,75,20,17,3,6,77,25.2,0.0,27.1,0.0,30.9,0.0,36.4,0.0,24.8,0.0,26.78333333333333,0.0,30.725,0.0,29.78333333333333,0.1,-0.8999999999999986,0.0,Tiruchirappalli,25.2,0.0
2024-03-17 21:00:00,23.6,90,0.0,1002.4,5.1,13.1,74,82,21,17,3,6,77,24.3,0.0,26.0,0.0,29.8,0.0,37.0,0.0,24.2,0.0,25.75,0.0,29.60833333333333,0.0,29.75833333333333,0.1,-0.6999999999999993,0.0,Tiruchirappalli,24.7,0.0
2024-03-17 22:00:00,23.1,95,0.0,1002.1,5.4,13.4,76,86,22,17,3,6,77,23.6,0.0,25.2,0.0,28.3,0.0,36.9,0.0,24.1,0.0,24.883333333333336,0.0,28.45833333333333,0.0,29.716666666666665,0.1,-0.5,0.0,Tiruchirappalli,24.3,0.0
2024-03-17 23:00:00,22.6,98,0.0,1002.0,5.4,13.5,81,94,23,17,3,6,77,23.1,0.0,24.3,0.0,27.1,0.0,36.2,0.0,24.2,0.0,24.133333333333336,0.0,27.325,0.0,29.65,0.1,-0.5,0.0,Tiruchirappalli,23.9,0.0
2024-03-18 00:00:00,22.3,98,0.0,1002.4,3.6,10.0,103,135,0,18,3,0,78,22.6,0.0,23.6,0.0,26.0,0.0,35.0,0.0,24.1,0.0,23.516666666666666,0.0,26.266666666666666,0.0,29.575,0.1,-0.3000000000000007,0.0,Tiruchirappalli,24.3,0.0
2024-03-18 01:00:00,22.7,98,0.0,1003.4,2.4,6.2,100,153,1,18,3,0,78,22.3,0.0,23.1,0.0,25.2,0.0,32.0,0.0,25.8,0.0,23.1,0.0,25.491666666666664,0.0,29.445833333333336,0.1,0.3999999999999986,0.0,Tiruchirappalli,26.7,0.0
2024-03-18 02:00:00,24.8,88,0.0,1004.4,2.2,4.4,81,99,2,18,3,0,78,22.7,0.0,22.6,0.0,24.3,0.0,30.9,0.0,26.6,0.1,23.183333333333334,0.0,24.98333333333333,0.0,29.370833333333334,0.0,2.1000000000000014,0.0,Tiruchirappalli,27.6,0.0
2024-03-18 03:00:00,27.3,74,0.0,1005.2,7.6,9.8,96,95,3,18,3,0,78,24.8,0.0,22.3,0.0,23.6,0.0,29.8,0.0,28.5,0.0,23.8,0.0,24.775,0.0,29.320833333333336,0.0,2.5,0.0,Tiruchirappalli,29.3,0.0
2024-03-18 04:00:00,29.5,61,0.0,1005.6,6.2,8.0,100,97,4,18,3,0,78,27.3,0.0,22.7,0.0,23.1,0.0,28.3,0.0,30.5,0.0,24.866666666666664,0.0,24.875,0.0,29.27916666666667,0.0,2.2,0.0,Tiruchirappalli,31.1,0.0
2024-03-18 05:00:00,31.6,52,0.0,1005.1,5.8,7.2,96,90,5,18,3,0,78,29.5,0.0,24.8,0.0,22.6,0.0,27.1,0.0,32.3,0.0,26.36666666666667,0.0,25.25,0.0,29.25,0.0,2.1000000000000014,0.0,Tiruchirappalli,33.1,0.0
2024-03-18 06:00:00,33.6,42,0.0,1004.0,6.1,7.9,93,90,6,18,3,0,78,31.6,0.0,27.3,0.0,22.3,0.0,26.0,0.0,34.0,0.0,28.25,0.0,25.883333333333336,0.0,29.23333333333333,0.0,2.0,0.0,Tiruchirappalli,34.8,0.0
2024-03-18 07:00:00,35.1,34,0.0,1002.5,6.2,8.0,82,80,7,18,3,0,78,33.6,0.0,29.5,0.0,22.7,0.0,25.2,0.0,35.4,0.0,30.316666666666663,0.0,26.70833333333334,0.0,29.22083333333333,0.0,1.5,0.0,Tiruchirappalli,36.0,0.0
2024-03-18 08:00:00,36.2,29,0.0,1001.1,6.8,8.7,73,72,8,18,3,0,78,35.1,0.0,31.6,0.0,24.8,0.0,24.3,0.0,36.4,0.0,32.21666666666667,0.0,27.700000000000003,0.0,29.2125,0.0,1.1000000000000014,0.0,Tiruchirappalli,37.1,0.0
2024-03-18 09:00:00,36.7,25,0.0,999.9,9.3,11.4,66,62,9,18,3,0,78,36.2,0.0,33.6,0.0,27.3,0.0,23.6,0.0,37.0,0.0,33.78333333333333,0.0,28.791666666666668,0.0,29.200000000000003,0.0,0.5,0.0,Tiruchirappalli,37.6,0.0
2024-03-18 10:00:00,36.7,24,0.0,999.1,11.1,14.4,68,65,10,18,3,0,78,36.7,0.0,35.1,0.0,29.5,0.0,23.1,0.0,36.9,0.0,34.983333333333334,0.0,29.925,0.0,29.191666666666663,0.0,0.0,0.0,Tiruchirappalli,37.7,0.0
2024-03-18 11:00:00,36.0,27,0.0,999.0,11.6,15.2,85,85,11,18,3,0,78,36.7,0.0,36.2,0.0,31.6,0.0,22.6,0.0,36.2,0.0,35.71666666666667,0.0,31.041666666666668,0.0,29.183333333333334,0.0,-0.7000000000000028,0.0,Tiruchirappalli,37.2,0.0
2024-03-18 12:00:00,34.6,29,0.0,999.4,11.4,15.5,103,103,12,18,3,0,78,36.0,0.0,36.7,0.0,33.6,0.0,22.3,0.0,35.0,0.0,35.88333333333333,0.0,32.06666666666667,0.0,29.166666666666668,0.0,-1.3999999999999986,0.0,Tiruchirappalli,36.1,0.0
2024-03-18 13:00:00,31.6,38,0.0,1000.3,7.2,10.8,94,87,13,18,3,0,78,34.6,0.0,36.7,0.0,35.1,0.0,22.7,0.0,32.0,0.0,35.300000000000004,0.0,32.80833333333334,0.0,29.15,0.0,-3.0,0.0,Tiruchirappalli,33.4,0.0
2024-03-18 14:00:00,31.3,36,0.0,1001.1,8.6,20.4,107,105,14,18,3,0,78,31.6,0.0,36.0,0.0,36.2,0.0,24.8,0.0,30.9,0.0,34.483333333333334,0.0,33.35,0.0,29.166666666666668,0.0,-0.3000000000000007,0.0,Tiruchirappalli,31.5,0.0
2024-03-18 15:00:00,29.7,52,0.0,1002.0,11.2,22.2,138,132,15,18,3,0,78,31.3,0.0,34.6,0.0,36.7,0.0,27.3,0.0,29.8,0.0,33.31666666666667,0.0,33.550000000000004,0.0,29.162500000000005,0.0,-1.6000000000000014,0.0,Tiruchirappalli,29.6,0.0
2024-03-18 16:00:00,28.3,61,0.0,1002.9,9.6,19.6,131,124,16,18,3,0,78,29.7,0.0,31.6,0.0,36.7,0.0,29.5,0.0,28.3,0.0,31.916666666666668,0.0,33.45,0.0,29.1625,0.0,-1.3999999999999986,0.0,Tiruchirappalli,28.0,0.0
2024-03-18 17:00:00,26.8,68,0.0,1003.4,7.3,16.3,112,99,17,18,3,0,78,28.3,0.0,31.3,0.0,36.0,0.0,31.6,0.0,27.1,0.0,30.383333333333336,0.0,33.050000000000004,0.0,29.15,0.0,-1.5,0.0,Tiruchirappalli,26.7,0.0
2024-03-18 18:00:00,25.4,77,0.0,1003.2,6.5,15.2,104,96,18,18,3,0,78,26.8,0.0,29.7,0.0,34.6,0.0,33.6,0.0,26.0,0.0,28.85,0.0,32.36666666666667,0.0,29.125,0.0,-1.400000000000002,0.0,Tiruchirappalli,25.6,0.0
2024-03-18 19:00:00,24.0,87,0.0,1002.9,4.0,10.8,94,80,19,18,3,0,78,25.4,0.0,28.3,0.0,31.6,0.0,35.1,0.0,25.2,0.0,27.58333333333333,0.0,31.441666666666663,0.0,29.075000000000003,0.0,-1.3999999999999986,0.0,Tiruchirappalli,24.6,0.0
2024-03-18 20:00:00,23.2,91,0.0,1002.2,3.9,9.3,74,56,20,18,3,0,78,24.0,0.0,26.8,0.0,31.3,0.0,36.2,0.0,24.3,0.0,26.23333333333333,0.0,30.35833333333333,0.0,29.029166666666665,0.0,-0.8000000000000007,0.0,Tiruchirappalli,23.9,0.0
2024-03-18 21:00:00,22.9,93,0.0,1001.4,3.8,9.2,69,49,21,18,3,0,78,23.2,0.0,25.4,0.0,29.7,0.0,36.7,0.0,23.6,0.0,25.1,0.0,29.20833333333333,0.0,29.000000000000004,0.0,-0.3000000000000007,0.0,Tiruchirappalli,23.5,0.0
2024-03-18 22:00:00,23.2,94,0.0,1001.2,2.9,7.5,55,30,22,18,3,0,78,22.9,0.0,24.0,0.0,28.3,0.0,36.7,0.0,23.1,0.0,24.25,0.0,28.08333333333333,0.0,29.004166666666663,0.0,0.3000000000000007,0.0,Tiruchirappalli,23.9,0.0
2024-03-18 23:00:00,24.1,93,0.0,1001.4,5.3,7.2,63,62,23,18,3,0,78,23.2,0.0,23.2,0.0,26.8,0.0,36.0,0.0,22.6,0.0,23.8,0.0,27.09166666666667,0.0,29.066666666666663,0.0,0.9000000000000021,0.0,Tiruchirappalli,24.4,0.0
2024-03-19 00:00:00,24.1,92,0.0,1001.8,2.9,4.4,81,90,0,19,3,1,79,24.1,0.0,22.9,0.0,25.4,0.0,34.6,0.0,22.3,0.0,23.58333333333333,0.0,26.21666666666667,0.0,29.14166666666667,0.0,0.0,0.0,Tiruchirappalli,24.7,0.0
2024-03-19 01:00:00,24.8,90,0.0,1002.6,4.0,5.8,83,85,1,19,3,1,79,24.1,0.0,23.2,0.0,24.0,0.0,31.6,0.0,22.7,0.0,23.716666666666665,0.0,25.649999999999995,0.0,29.229166666666668,0.0,0.6999999999999993,0.0,Tiruchirappalli,25.3,0.0
2024-03-19 02:00:00,25.6,84,0.0,1003.7,4.4,6.2,83,81,2,19,3,1,79,24.8,0.0,24.1,0.0,23.2,0.0,31.3,0.0,24.8,0.0,24.11666666666667,0.0,25.175,0.0,29.262500000000003,0.0,0.8000000000000007,0.0,Tiruchirappalli,26.5,0.0
2024-03-19 03:00:00,27.6,72,0.0,1004.4,6.9,9.1,99,99,3,19,3,1,79,25.6,0.0,24.1,0.0,22.9,0.0,29.7,0.0,27.3,0.0,24.9,0.0,25.0,0.0,29.275,0.0,2.0,0.0,Tiruchirappalli,28.5,0.0
2024-03-19 04:00:00,29.9,61,0.0,1004.6,6.8,9.2,111,108,4,19,3,1,79,27.6,0.0,24.8,0.0,23.2,0.0,28.3,0.0,29.5,0.0,26.01666666666667,0.0,25.133333333333336,0.0,29.291666666666668,0.0,2.299999999999997,0.0,Tiruchirappalli,30.8,0.0
2024-03-19 05:00:00,32.2,49,0.0,1004.0,6.3,7.9,106,103,5,19,3,1,79,29.9,0.0,25.6,0.0,24.1,0.0,26.8,0.0,31.6,0.0,27.366666666666664,0.0,25.58333333333333,0.0,29.316666666666663,0.0,2.3000000000000043,0.0,Tiruchirappalli,32.6,0.0
2024-03-19 06:00:00,34.1,39,0.0,1002.7,6.3,7.8,103,103,6,19,3,1,79,32.2,0.0,27.6,0.0,24.1,0.0,25.4,0.0,33.6,0.0,29.03333333333333,0.0,26.308333333333334,0.0,29.337499999999995,0.0,1.8999999999999984,0.0,Tiruchirappalli,34.6,0.0
2024-03-19 07:00:00,35.7,30,0.0,1001.5,7.7,9.9,100,101,7,19,3,1,79,34.1,0.0,29.9,0.0,24.8,0.0,24.0,0.0,35.1,0.0,30.850000000000005,0.0,27.28333333333333,0.0,29.3625,0.0,1.6000000000000014,0.0,Tiruchirappalli,36.2,0.0
2024-03-19 08:00:00,36.6,27,0.0,1000.2,9.8,11.9,87,84,8,19,3,1,79,35.7,0.0,32.2,0.0,25.6,0.0,23.2,0.0,36.2,0.0,32.68333333333333,0.0,28.4,0.0,29.379166666666663,0.0,0.8999999999999986,0.0,Tiruchirappalli,37.1,0.0
2024-03-19 09:00:00,36.9,27,0.0,999.2,11.2,14.3,78,75,9,19,3,1,79,36.6,0.0,34.1,0.0,27.6,0.0,22.9,0.0,36.7,0.0,34.233333333333334,0.0,29.566666666666663,0.0,29.3875,0.0,0.2999999999999971,0.0,Tiruchirappalli,37.5,0.0
2024-03-19 10:00:00,36.6,28,0.0,998.6,11.5,14.8,72,70,10,19,3,1,79,36.9,0.0,35.7,0.0,29.9,0.0,23.2,0.0,36.7,0.0,35.35,0.0,30.683333333333337,0.0,29.383333333333336,0.0,-0.2999999999999971,0.0,Tiruchirappalli,37.3,0.0
2024-03-19 11:00:00,35.9,30,0.0,998.7,11.4,14.6,80,79,11,19,3,1,79,36.6,0.0,36.6,0.0,32.2,0.0,24.1,0.0,36.0,0.0,35.96666666666667,0.0,31.666666666666668,0.0,29.379166666666663,0.0,-0.7000000000000028,0.0,Tiruchirappalli,36.7,0.0
2024-03-19 12:00:00,35.0,31,0.0,999.0,9.4,12.3,87,86,12,19,3,1,79,35.9,0.0,36.9,0.0,34.1,0.0,24.1,0.0,34.6,0.0,36.11666666666667,0.0,32.575,0.0,29.39583333333333,0.0,-0.8999999999999986,0.0,Tiruchirappalli,35.8,0.0
2024-03-19 13:00:00,32.4,40,0.0,1000.1,14.2,23.1,143,144,13,19,3,1,79,35.0,0.0,36.6,0.0,35.7,0.0,24.8,0.0,31.6,0.0,35.56666666666666,0.0,33.208333333333336,0.0,29.429166666666664,0.0,-2.6000000000000014,0.0,Tiruchirappalli,32.5,0.0
2024-03-19 14:00:00,30.4,50,0.0,1001.1,14.0,23.7,132,132,14,19,3,1,79,32.4,0.0,35.9,0.0,36.6,0.0,25.6,0.0,31.3,0.0,34.53333333333333,0.0,33.608333333333334,0.0,29.391666666666666,0.0,-2.0,0.0,Tiruchirappalli,31.3,0.0
2024-03-19 15:00:00,29.4,52,0.0,1002.2,11.2,19.6,122,123,15,19,3,1,79,30.4,0.0,35.0,0.0,36.9,0.0,27.6,0.0,29.7,0.0,33.28333333333333,0.0,33.75833333333333,0.0,29.379166666666663,0.0,-1.0,0.0,Tiruchirappalli,29.6,0.0
2024-03-19 16:00:00,28.4,57,0.0,1003.0,9.1,17.7,103,99,16,19,3,1,79,29.4,0.0,32.4,0.0,36.6,0.0,29.9,0.0,28.3,0.0,31.916666666666668,0.0,33.63333333333333,0.0,29.383333333333336,0.0,-1.0,0.0,Tiruchirappalli,27.8,0.0
2024-03-19 17:00:00,27.1,67,0.0,1003.3,8.0,15.5,93,85,17,19,3,1,79,28.4,0.0,30.4,0.0,35.9,0.0,32.2,0.0,26.8,0.0,30.45,0.0,33.208333333333336,0.0,29.39583333333333,0.0,-1.2999999999999972,0.0,Tiruchirappalli,26.5,0.0
2024-03-19 18:00:00,26.0,76,0.0,1003.3,7.7,14.8,87,79,18,19,3,1,79,27.1,0.0,29.4,0.0,35.0,0.0,34.1,0.0,25.4,0.0,28.95,0.0,32.53333333333333,0.0,29.42083333333333,0.0,-1.1000000000000014,0.0,Tiruchirappalli,25.3,0.0
2024-03-19 19:00:00,25.0,82,0.0,1002.8,7.1,14.5,83,75,19,19,3,1,79,26.0,0.0,28.4,0.0,32.4,0.0,35.7,0.0,24.0,0.0,27.71666666666667,0.0,31.641666666666666,0.0,29.4625,0.0,-1.0,0.0,Tiruchirappalli,24.2,0.0
2024-03-19 20:00:00,24.2,88,0.0,1001.8,6.3,13.4,82,77,20,19,3,1,79,25.0,0.0,27.1,0.0,30.4,0.0,36.6,0.0,23.2,0.0,26.683333333333334,0.0,30.60833333333333,0.0,29.504166666666663,0.0,-0.8000000000000007,0.0,Tiruchirappalli,23.5,0.0
2024-03-19 21:00:00,23.4,92,0.0,1001.1,4.7,11.6,83,81,21,19,3,1,79,24.2,0.0,26.0,0.0,29.4,0.0,36.9,0.0,22.9,0.0,25.683333333333334,0.0,29.48333333333333,0.0,29.524999999999995,0.0,-0.8000000000000007,0.0,Tiruchirappalli,23.6,0.0
2024-03-19 22:00:00,22.8,97,0.0,1000.9,3.2,8.9,76,63,22,19,3,1,79,23.4,0.0,25.0,0.0,28.4,0.0,36.6,0.0,23.2,0.0,24.75,0.0,28.33333333333333,0.0,29.508333333333336,0.0,-0.5999999999999979,0.0,Tiruchirappalli,24.0,0.0
2024-03-19 23:00:00,23.5,94,0.0,1001.4,4.3,6.1,45,48,23,19,3,1,79,22.8,0.0,24.2,0.0,27.1,0.0,35.9,0.0,24.1,0.0,24.15,0.0,27.3,0.0,29.48333333333333,0.0,0.6999999999999993,0.0,Tiruchirappalli,24.5,0.0
2024-03-20 00:00:00,23.9,92,0.0,1001.9,5.1,7.2,93,98,0,20,3,2,80,23.5,0.0,23.4,0.0,26.0,0.0,35.0,0.0,24.1,0.0,23.8,0.0,26.375,0.0,29.475,0.0,0.3999999999999986,0.0,Tiruchirappalli,24.4,0.0
2024-03-20 01:00:00,23.4,97,0.0,1002.4,2.4,5.8,68,117,1,20,3,2,80,23.9,0.0,22.8,0.0,25.0,0.0,32.4,0.0,24.8,0.0,23.53333333333333,0.0,25.625,0.0,29.416666666666668,0.0,-0.5,0.0,Tiruchirappalli,25.4,0.0
2024-03-20 02:00:00,24.8,89,0.0,1003.6,3.5,4.8,63,66,2,20,3,2,80,23.4,0.0,23.5,0.0,24.2,0.0,30.4,0.0,25.6,0.0,23.63333333333333,0.0,25.15833333333333,0.0,29.383333333333336,0.0,1.400000000000002,0.0,Tiruchirappalli,26.0,0.0
2024-03-20 03:00:00,27.4,74,0.0,1004.5,6.0,7.5,73,73,3,20,3,2,80,24.8,0.0,23.9,0.0,23.4,0.0,29.4,0.0,27.6,0.0,24.3,0.0,24.99166666666667,0.0,29.375,0.0,2.599999999999998,0.0,Tiruchirappalli,27.9,0.0
2024-03-20 04:00:00,29.6,60,0.0,1004.6,5.5,6.9,81,79,4,20,3,2,80,27.4,0.0,23.4,0.0,22.8,0.0,28.4,0.0,29.9,0.0,25.433333333333334,0.0,25.091666666666665,0.0,29.3625,0.0,2.200000000000003,0.0,Tiruchirappalli,30.0,0.0
2024-03-20 05:00:00,31.7,50,0.0,1003.9,4.7,6.1,90,90,5,20,3,2,80,29.6,0.0,24.8,0.0,23.5,0.0,27.1,0.0,32.2,0.0,26.8,0.0,25.475,0.0,29.341666666666665,0.0,2.099999999999998,0.0,Tiruchirappalli,32.1,0.0
2024-03-20 06:00:00,33.7,40,0.0,1003.0,5.4,6.8,87,86,6,20,3,2,80,31.7,0.0,27.4,0.0,23.9,0.0,26.0,0.0,34.1,0.0,28.433333333333334,0.0,26.11666666666667,0.0,29.325000000000003,0.0,2.000000000000004,0.0,Tiruchirappalli,34.2,0.0
2024-03-20 07:00:00,35.3,33,0.0,1001.5,7.2,8.7,95,90,7,20,3,2,80,33.7,0.0,29.6,0.0,23.4,0.0,25.0,0.0,35.7,0.0,30.416666666666668,0.0,26.975,0.0,29.308333333333334,0.0,1.5999999999999943,0.0,Tiruchirappalli,36.0,0.0
2024-03-20 08:00:00,36.5,29,0.0,1000.4,8.3,10.5,96,92,8,20,3,2,80,35.3,0.0,31.7,0.0,24.8,0.0,24.2,0.0,36.6,0.0,32.36666666666667,0.0,28.0,0.0,29.304166666666664,0.0,1.2000000000000028,0.0,Tiruchirappalli,36.9,0.0
2024-03-20 09:00:00,36.9,29,0.0,999.3,9.0,11.2,90,88,9,20,3,2,80,36.5,0.0,33.7,0.0,27.4,0.0,23.4,0.0,36.9,0.0,33.95,0.0,29.125,0.0,29.304166666666664,0.0,0.3999999999999986,0.0,Tiruchirappalli,37.1,0.0
2024-03-20 10:00:00,36.9,30,0.0,998.7,10.2,13.0,84,82,10,20,3,2,80,36.9,0.0,35.3,0.0,29.6,0.0,22.8,0.0,36.6,0.0,35.166666666666664,0.0,30.3,0.0,29.316666666666663,0.0,0.0,0.0,Tiruchirappalli,37.1,0.0
2024-03-20 11:00:00,36.2,31,0.0,998.5,11.5,15.1,91,90,11,20,3,2,80,36.9,0.0,36.5,0.0,31.7,0.0,23.5,0.0,35.9,0.0,35.916666666666664,0.0,31.35833333333333,0.0,29.329166666666666,0.0,-0.6999999999999957,0.0,Tiruchirappalli,37.0,0.0
2024-03-20 12:00:00,35.2,33,0.0,998.8,10.5,14.4,89,86,12,20,3,2,80,36.2,0.0,36.9,0.0,33.7,0.0,23.9,0.0,35.0,0.0,36.16666666666666,0.0,32.300000000000004,0.0,29.3375,0.0,-1.0,0.0,Tiruchirappalli,35.3,0.0
2024-03-20 13:00:00,33.1,41,0.0,999.8,11.6,19.6,110,112,13,20,3,2,80,35.2,0.0,36.9,0.0,35.3,0.0,23.4,0.0,32.4,0.0,35.800000000000004,0.0,33.108333333333334,0.0,29.36666666666667,0.0,-2.1000000000000014,0.0,Tiruchirappalli,33.1,0.0
2024-03-20 14:00:00,31.1,52,0.0,1000.9,14.7,24.0,118,118,14,20,3,2,80,33.1,0.0,36.2,0.0,36.5,0.0,24.8,0.0,30.4,0.0,34.9,0.0,33.63333333333333,0.0,29.39583333333333,0.0,-2.0,0.0,Tiruchirappalli,31.3,0.0
2024-03-20 15:00:00,29.6,61,0.0,1001.8,14.9,23.8,100,98,15,20,3,2,80,31.1,0.0,35.2,0.0,36.9,0.0,27.4,0.0,29.4,0.0,33.68333333333334,0.0,33.81666666666666,0.0,29.404166666666665,0.0,-1.5,0.0,Tiruchirappalli,29.6,0.0
2024-03-20 16:00:00,28.2,71,0.0,1002.8,14.5,22.8,85,83,16,20,3,2,80,29.6,0.0,33.1,0.0,36.9,0.0,29.6,0.0,28.4,0.0,32.233333333333334,0.0,33.7,0.0,29.39583333333333,0.0,-1.400000000000002,0.0,Tiruchirappalli,28.0,0.0
2024-03-20 17:00:00,27.3,76,0.0,1003.2,12.5,20.8,80,78,17,20,3,2,80,28.2,0.0,31.1,0.0,36.2,0.0,31.7,0.0,27.1,0.0,30.75,0.0,33.333333333333336,0.0,29.404166666666665,0.0,-0.8999999999999986,0.0,Tiruchirappalli,26.7,0.0
2024-03-20 18:00:00,26.6,79,0.0,1003.0,10.5,18.8,85,82,18,20,3,2,80,27.3,0.0,29.6,0.0,35.2,0.0,33.7,0.0,26.0,0.0,29.316666666666663,0.0,32.74166666666667,0.0,29.429166666666664,0.0,-0.6999999999999993,0.0,Tiruchirappalli,25.7,0.0
2024-03-20 19:00:00,25.9,82,0.0,1002.4,9.0,17.3,92,90,19,20,3,2,80,26.6,0.0,28.2,0.0,33.1,0.0,35.3,0.0,25.0,0.0,28.116666666666664,0.0,31.95833333333333,0.0,29.466666666666665,0.0,-0.7000000000000028,0.0,Tiruchirappalli,25.0,0.0
2024-03-20 20:00:00,25.4,84,0.0,1002.1,7.0,14.8,77,69,20,20,3,2,80,25.9,0.0,27.3,0.0,31.1,0.0,36.5,0.0,24.2,0.0,27.166666666666668,0.0,31.03333333333333,0.0,29.516666666666666,0.0,-0.5,0.0,Tiruchirappalli,24.2,0.0
2024-03-20 21:00:00,24.9,87,0.0,1001.7,5.3,13.5,65,62,21,20,3,2,80,25.4,0.0,26.6,0.0,29.6,0.0,36.9,0.0,23.4,0.0,26.38333333333333,0.0,30.03333333333333,0.0,29.57916666666667,0.0,-0.5,0.0,Tiruchirappalli,23.5,0.0
2024-03-20 22:00:00,24.5,89,0.0,1001.5,5.4,13.0,56,48,22,20,3,2,80,24.9,0.0,25.9,0.0,28.2,0.0,36.9,0.0,22.8,0.0,25.766666666666666,0.0,29.0,0.0,29.65,0.0,-0.3999999999999986,0.0,Tiruchirappalli,22.9,0.0
2024-03-20 23:00:00,24.2,90,0.0,1001.6,5.7,13.8,43,35,23,20,3,2,80,24.5,0.0,25.4,0.0,27.3,0.0,36.2,0.0,23.5,0.0,25.25,0.0,28.0,0.0,29.679166666666664,0.0,-0.3000000000000007,0.0,Tiruchirappalli,22.5,0.0
2024-03-21 00:00:00,24.1,91,0.0,1002.0,5.7,14.2,30,18,0,21,3,3,81,24.2,0.0,24.9,0.0,26.6,0.0,35.2,0.0,23.9,0.0,24.83333333333333,0.0,27.075,0.0,29.6875,0.0,-0.0999999999999978,0.0,Tiruchirappalli,22.1,0.0
2024-03-21 01:00:00,25.2,89,0.1,1002.6,9.2,17.8,47,51,1,21,3,3,81,24.1,0.0,24.5,0.0,25.9,0.0,33.1,0.0,23.4,0.0,24.71666666666667,0.0999999999999997,26.416666666666668,0.0999999999999997,29.762500000000003,0.1,1.099999999999998,0.1,Tiruchirappalli,23.2,0.0
2024-03-21 02:00:00,26.2,86,0.7,1003.4,14.2,20.9,66,66,2,21,3,3,81,25.2,0.1,24.2,0.0,25.4,0.0,31.1,0.0,24.8,0.0,24.85,0.7999999999999997,26.00833333333333,0.7999999999999997,29.82083333333333,0.7999999999999999,1.0,0.6,Tiruchirappalli,25.3,0.0
2024-03-21 03:00:00,27.5,81,0.3,1004.3,12.6,17.4,66,66,3,21,3,3,81,26.2,0.7,24.1,0.0,24.9,0.0,29.6,0.0,27.4,0.0,25.28333333333333,1.0999999999999996,25.83333333333333,1.0999999999999996,29.825,1.1,1.3000000000000007,-0.3999999999999999,Tiruchirappalli,27.9,0.0
2024-03-21 04:00:00,29.5,70,0.2,1004.5,12.3,16.2,69,69,4,21,3,3,81,27.5,0.3,25.2,0.1,24.5,0.0,28.2,0.0,29.6,0.0,26.116666666666664,1.2999999999999998,25.941666666666663,1.2999999999999998,29.82083333333333,1.2999999999999998,2.0,-0.0999999999999999,Tiruchirappalli,29.9,0.0
2024-03-21 05:00:00,32.0,56,0.2,1003.9,12.4,16.2,69,68,5,21,3,3,81,29.5,0.2,26.2,0.7,24.2,0.0,27.3,0.0,31.7,0.0,27.416666666666668,1.4999999999999998,26.33333333333333,1.4999999999999998,29.83333333333333,1.5,2.5,0.0,Tiruchirappalli,31.7,0.0
2024-03-21 06:00:00,33.7,48,0.1,1002.7,13.5,17.5,76,74,6,21,3,3,81,32.0,0.2,27.5,0.3,24.1,0.0,26.6,0.0,33.7,0.0,29.016666666666666,1.5999999999999996,26.925,1.5999999999999996,29.83333333333333,1.6,1.7000000000000028,-0.1,Tiruchirappalli,33.8,0.0
2024-03-21 07:00:00,34.6,44,0.1,1001.4,14.1,18.4,84,84,7,21,3,3,81,33.7,0.1,29.5,0.2,25.2,0.1,25.9,0.0,35.3,0.0,30.58333333333333,1.5999999999999996,27.65,1.6999999999999995,29.80416666666667,1.7,0.8999999999999986,0.0,Tiruchirappalli,35.4,0.0
2024-03-21 08:00:00,35.5,41,0.0,1000.0,13.6,18.0,78,78,8,21,3,3,81,34.6,0.1,32.0,0.2,26.2,0.7,25.4,0.0,36.5,0.0,32.13333333333333,0.8999999999999998,28.491666666666664,1.6999999999999995,29.762500000000003,1.7,0.8999999999999986,-0.1,Tiruchirappalli,36.4,0.0
2024-03-21 09:00:00,34.9,42,0.1,999.0,13.7,18.0,74,72,9,21,3,3,81,35.5,0.0,33.7,0.1,27.5,0.3,24.9,0.0,36.9,0.0,33.36666666666667,0.6999999999999998,29.325000000000003,1.7999999999999998,29.67916666666667,1.8,-0.6000000000000014,0.1,Tiruchirappalli,36.6,0.0
2024-03-21 10:00:00,34.0,47,0.1,998.6,14.8,19.3,76,77,10,21,3,3,81,34.9,0.1,34.6,0.1,29.5,0.2,24.5,0.0,36.9,0.0,34.11666666666667,0.5999999999999999,30.11666666666667,1.9,29.558333333333334,1.9,-0.8999999999999986,0.0,Tiruchirappalli,36.6,0.0
2024-03-21 11:00:00,32.5,49,0.0,998.7,13.8,18.8,97,97,11,21,3,3,81,34.0,0.1,35.5,0.0,32.0,0.2,24.2,0.0,36.2,0.0,34.2,0.3999999999999998,30.808333333333337,1.9,29.40416666666667,1.9,-1.5,-0.1,Tiruchirappalli,36.1,0.0
2024-03-21 12:00:00,31.0,55,0.2,999.2,16.5,22.6,81,80,12,21,3,3,81,32.5,0.0,34.9,0.1,33.7,0.1,24.1,0.0,35.2,0.0,33.75,0.4999999999999998,31.383333333333336,2.1,29.229166666666668,2.1,-1.5,0.2,Tiruchirappalli,35.0,0.0
2024-03-21 13:00:00,30.5,57,0.0,1000.0,11.5,18.4,90,90,13,21,3,3,81,31.0,0.2,34.0,0.1,34.6,0.1,25.2,0.1,33.1,0.0,33.06666666666667,0.3999999999999998,31.825000000000003,2.0,29.120833333333334,2.1,-0.5,-0.2,Tiruchirappalli,33.2,0.0
2024-03-21 14:00:00,30.1,58,0.0,1000.9,11.3,19.7,81,81,14,21,3,3,81,30.5,0.0,32.5,0.0,35.5,0.0,26.2,0.7,31.1,0.0,32.166666666666664,0.3999999999999998,32.15,1.2999999999999998,29.07916666666667,2.1,-0.3999999999999986,0.0,Tiruchirappalli,31.1,0.0
2024-03-21 15:00:00,29.4,62,0.0,1001.9,15.8,25.2,90,91,15,21,3,3,81,30.1,0.0,31.0,0.2,34.9,0.1,27.5,0.3,29.6,0.0,31.25,0.2999999999999998,32.30833333333334,1.0,29.070833333333336,2.1,-0.7000000000000028,0.0,Tiruchirappalli,29.2,0.0
2024-03-21 16:00:00,28.2,69,0.0,1002.7,13.7,22.8,85,87,16,21,3,3,81,29.4,0.0,30.5,0.0,34.0,0.1,29.5,0.2,28.2,0.0,30.28333333333333,0.1999999999999998,32.2,0.7999999999999998,29.07083333333333,2.1,-1.1999999999999993,0.0,Tiruchirappalli,27.7,0.0
2024-03-21 17:00:00,27.4,74,0.0,1003.0,12.8,21.7,78,80,17,21,3,3,81,28.2,0.0,30.1,0.0,32.5,0.0,32.0,0.2,27.3,0.0,29.433333333333334,0.1999999999999998,31.816666666666663,0.5999999999999999,29.075000000000003,2.1,-0.8000000000000007,0.0,Tiruchirappalli,26.6,0.0
2024-03-21 18:00:00,26.6,80,0.0,1002.7,10.0,18.4,73,75,18,21,3,3,81,27.4,0.0,29.4,0.0,31.0,0.2,33.7,0.1,26.6,0.0,28.7,0.0,31.225,0.4999999999999998,29.075,2.1,-0.7999999999999972,0.0,Tiruchirappalli,25.7,0.0
2024-03-21 19:00:00,26.0,84,0.0,1001.9,9.1,17.1,75,81,19,21,3,3,81,26.6,0.0,28.2,0.0,30.5,0.0,34.6,0.1,25.9,0.0,27.95,0.0,30.508333333333336,0.3999999999999998,29.079166666666666,2.1,-0.6000000000000014,0.0,Tiruchirappalli,24.7,0.0
2024-03-21 20:00:00,25.4,88,0.0,1001.3,6.3,13.8,75,77,20,21,3,3,81,26.0,0.0,27.4,0.0,30.1,0.0,35.5,0.0,25.4,0.0,27.166666666666668,0.0,29.666666666666668,0.3999999999999998,29.07916666666667,2.1,-0.6000000000000014,0.0,Tiruchirappalli,23.6,0.0
2024-03-21 21:00:00,25.0,91,0.0,1000.6,5.2,12.2,62,65,21,21,3,3,81,25.4,0.0,26.6,0.0,29.4,0.0,34.9,0.1,24.9,0.0,26.433333333333334,0.0,28.841666666666665,0.2999999999999998,29.08333333333333,2.1,-0.3999999999999986,0.0,Tiruchirappalli,23.1,0.0
2024-03-21 22:00:00,24.7,93,0.0,1000.4,4.3,11.3,53,48,22,21,3,3,81,25.0,0.0,26.0,0.0,28.2,0.0,34.0,0.1,24.5,0.0,25.850000000000005,0.0,28.066666666666663,0.1999999999999998,29.091666666666665,2.1,-0.3000000000000007,0.0,Tiruchirappalli,22.8,0.0
2024-03-21 23:00:00,24.5,94,0.0,1000.6,3.1,9.7,42,36,23,21,3,3,81,24.7,0.0,25.4,0.0,27.4,0.0,32.5,0.0,24.2,0.0,25.366666666666664,0.0,27.399999999999995,0.1999999999999998,29.104166666666668,2.1,-0.1999999999999993,0.0,Tiruchirappalli,22.7,0.0
2024-03-22 00:00:00,25.1,91,0.1,1001.0,6.1,11.2,40,40,0,22,3,4,82,24.5,0.0,25.0,0.0,26.6,0.0,31.0,0.2,24.1,0.0,25.116666666666664,0.0999999999999997,26.90833333333333,0.0999999999999997,29.14583333333333,2.2,0.6000000000000014,0.1,Tiruchirappalli,22.4,0.0
2024-03-22 01:00:00,25.1,93,0.1,1001.1,6.7,13.0,46,54,1,22,3,4,82,25.1,0.1,24.7,0.0,26.0,0.0,30.5,0.0,25.2,0.1,24.96666666666667,0.1999999999999998,26.45833333333333,0.1999999999999998,29.141666666666666,2.2,0.0,0.0,Tiruchirappalli,23.6,0.0
2024-03-22 02:00:00,26.7,83,0.1,1001.8,10.5,15.0,48,49,2,22,3,4,82,25.1,0.1,24.5,0.0,25.4,0.0,30.1,0.0,26.2,0.7,25.183333333333334,0.2999999999999998,26.175,0.2999999999999998,29.1625,1.6,1.599999999999998,0.0,Tiruchirappalli,26.0,0.0
2024-03-22 03:00:00,28.8,72,0.0,1002.6,10.5,14.3,49,49,3,22,3,4,82,26.7,0.1,25.1,0.1,25.0,0.0,29.4,0.0,27.5,0.3,25.816666666666663,0.2999999999999998,26.125,0.2999999999999998,29.21666666666667,1.3,2.1000000000000014,-0.1,Tiruchirappalli,28.9,0.0
2024-03-22 04:00:00,31.1,57,0.0,1002.9,11.4,14.6,57,55,4,22,3,4,82,28.8,0.0,25.1,0.1,24.7,0.0,28.2,0.0,29.5,0.2,26.88333333333333,0.2999999999999998,26.366666666666664,0.2999999999999998,29.28333333333333,1.1,2.3000000000000007,0.0,Tiruchirappalli,31.1,0.0
2024-03-22 05:00:00,33.0,48,0.0,1002.7,11.9,15.6,56,55,5,22,3,4,82,31.1,0.0,26.7,0.1,24.5,0.0,27.4,0.0,32.0,0.2,28.3,0.2999999999999998,26.83333333333333,0.2999999999999998,29.325000000000003,0.9,1.8999999999999984,0.0,Tiruchirappalli,33.0,0.0
2024-03-22 06:00:00,34.1,43,0.0,1001.5,11.9,15.3,56,55,6,22,3,4,82,33.0,0.0,28.8,0.0,25.1,0.1,26.6,0.0,33.7,0.1,29.8,0.1999999999999998,27.45833333333333,0.2999999999999998,29.34166666666667,0.8,1.1000000000000014,0.0,Tiruchirappalli,34.4,0.0
2024-03-22 07:00:00,35.0,40,0.0,1000.1,11.3,14.9,58,59,7,22,3,4,82,34.1,0.0,31.1,0.0,25.1,0.1,26.0,0.0,34.6,0.1,31.45,0.0999999999999997,28.20833333333333,0.2999999999999998,29.35833333333333,0.7000000000000001,0.8999999999999986,0.0,Tiruchirappalli,35.2,0.1
2024-03-22 08:00:00,36.1,37,0.0,998.6,12.4,15.6,64,64,8,22,3,4,82,35.0,0.0,33.0,0.0,26.7,0.1,25.4,0.0,35.5,0.0,33.01666666666667,0.0,29.100000000000005,0.2999999999999998,29.38333333333333,0.7000000000000001,1.1000000000000014,0.0,Tiruchirappalli,36.1,0.0
2024-03-22 09:00:00,36.1,36,0.0,997.3,12.4,15.8,60,60,9,22,3,4,82,36.1,0.0,34.1,0.0,28.8,0.0,25.0,0.0,34.9,0.1,34.233333333333334,0.0,30.025,0.2999999999999998,29.433333333333334,0.6000000000000001,0.0,0.0,Tiruchirappalli,36.7,0.0
2024-03-22 10:00:00,36.0,36,0.0,996.7,11.9,15.6,64,65,10,22,3,4,82,36.1,0.0,35.0,0.0,31.1,0.0,24.7,0.0,34.0,0.1,35.050000000000004,0.0,30.96666666666667,0.2999999999999998,29.516666666666666,0.5,-0.1000000000000014,0.0,Tiruchirappalli,35.4,0.0
2024-03-22 11:00:00,35.7,36,0.0,996.5,11.8,15.7,70,70,11,22,3,4,82,36.0,0.0,36.1,0.0,33.0,0.0,24.5,0.0,32.5,0.0,35.5,0.0,31.90000000000001,0.2999999999999998,29.65,0.5,-0.2999999999999971,0.0,Tiruchirappalli,34.5,0.6
2024-03-22 12:00:00,34.3,40,0.0,997.3,15.6,21.5,76,75,12,22,3,4,82,35.7,0.0,36.1,0.0,34.1,0.0,25.1,0.1,31.0,0.2,35.53333333333333,0.0,32.666666666666664,0.1999999999999998,29.7875,0.3,-1.4000000000000057,0.0,Tiruchirappalli,30.7,0.3
2024-03-22 13:00:00,32.2,45,0.0,998.5,13.0,20.7,107,109,13,22,3,4,82,34.3,0.0,36.0,0.0,35.0,0.0,25.1,0.1,30.5,0.0,35.06666666666666,0.0,33.25833333333333,0.0999999999999997,29.85833333333333,0.3,-2.0999999999999943,0.0,Tiruchirappalli,31.6,0.0
2024-03-22 14:00:00,31.0,49,0.0,999.6,16.8,26.8,101,100,14,22,3,4,82,32.2,0.0,35.7,0.0,36.1,0.0,26.7,0.1,30.1,0.0,34.21666666666667,0.0,33.61666666666667,0.0,29.89583333333333,0.3,-1.2000000000000028,0.0,Tiruchirappalli,30.7,0.0
2024-03-22 15:00:00,29.5,58,0.0,1000.4,15.9,26.0,94,93,15,22,3,4,82,31.0,0.0,34.3,0.0,36.1,0.0,28.8,0.0,29.4,0.0,33.11666666666667,0.0,33.675000000000004,0.0,29.9,0.3,-1.5,0.0,Tiruchirappalli,29.8,0.0
2024-03-22 16:00:00,28.2,67,0.0,1001.0,13.8,23.8,100,99,16,22,3,4,82,29.5,0.0,32.2,0.0,36.0,0.0,31.1,0.0,28.2,0.0,31.816666666666663,0.0,33.43333333333334,0.0,29.9,0.3,-1.3000000000000007,0.0,Tiruchirappalli,28.6,0.0
2024-03-22 17:00:00,27.3,75,0.0,1001.4,11.7,20.3,102,101,17,22,3,4,82,28.2,0.0,31.0,0.0,35.7,0.0,33.0,0.0,27.4,0.0,30.416666666666668,0.0,32.958333333333336,0.0,29.89583333333333,0.3,-0.8999999999999986,0.0,Tiruchirappalli,27.8,0.0
2024-03-22 18:00:00,26.5,81,0.0,1001.4,7.7,15.3,105,101,18,22,3,4,82,27.3,0.0,29.5,0.0,34.3,0.0,34.1,0.0,26.6,0.0,29.116666666666664,0.0,32.325,0.0,29.89166666666667,0.3,-0.8000000000000007,0.0,Tiruchirappalli,27.0,0.0
2024-03-22 19:00:00,25.8,86,0.0,1000.8,4.8,11.2,90,77,19,22,3,4,82,26.5,0.0,28.2,0.0,32.2,0.0,35.0,0.0,26.0,0.0,28.05,0.0,31.558333333333334,0.0,29.883333333333336,0.3,-0.6999999999999993,0.0,Tiruchirappalli,26.2,0.0
2024-03-22 20:00:00,25.2,90,0.0,1000.1,4.5,10.3,78,61,20,22,3,4,82,25.8,0.0,27.3,0.0,31.0,0.0,36.1,0.0,25.4,0.0,27.08333333333333,0.0,30.649999999999995,0.0,29.875,0.3,-0.6000000000000014,0.0,Tiruchirappalli,25.6,0.0
2024-03-22 21:00:00,24.7,93,0.0,999.6,3.1,8.4,59,36,21,22,3,4,82,25.2,0.0,26.5,0.0,29.5,0.0,36.1,0.0,25.0,0.0,26.28333333333333,0.0,29.700000000000003,0.0,29.8625,0.3,-0.5,0.0,Tiruchirappalli,24.9,0.0
2024-03-22 22:00:00,24.3,95,0.0,999.4,3.7,6.6,49,11,22,22,3,4,82,24.7,0.0,25.8,0.0,28.2,0.0,36.0,0.0,24.7,0.0,25.633333333333336,0.0,28.725000000000005,0.0,29.84583333333333,0.3,-0.3999999999999986,0.0,Tiruchirappalli,24.5,0.0
2024-03-22 23:00:00,23.9,98,0.0,999.4,4.9,6.4,38,17,23,22,3,4,82,24.3,0.0,25.2,0.0,27.3,0.0,35.7,0.0,24.5,0.0,25.066666666666663,0.0,27.741666666666664,0.0,29.820833333333336,0.3,-0.4000000000000021,0.0,Tiruchirappalli,24.3,0.0
2024-03-23 00:00:00,24.3,95,0.0,999.9,2.6,7.4,29,16,0,23,3,5,83,23.9,0.0,24.7,0.0,26.5,0.0,34.3,0.0,25.1,0.1,24.7,0.0,26.90833333333333,0.0,29.7875,0.2,0.4000000000000021,0.0,Tiruchirappalli,24.2,0.0
2024-03-23 01:00:00,26.7,85,0.0,1000.7,6.4,10.2,42,38,1,23,3,5,83,24.3,0.0,24.3,0.0,25.8,0.0,32.2,0.0,25.1,0.1,24.85,0.0,26.450000000000003,0.0,29.854166666666668,0.1,2.3999999999999986,0.0,Tiruchirappalli,25.4,0.0
2024-03-23 02:00:00,27.6,78,0.0,1001.8,6.6,8.9,43,41,2,23,3,5,83,26.7,0.0,23.9,0.0,25.2,0.0,31.0,0.0,26.7,0.1,25.25,0.0,26.166666666666668,0.0,29.89166666666667,0.0,0.9000000000000021,0.0,Tiruchirappalli,27.2,0.0
2024-03-23 03:00:00,29.3,68,0.0,1002.8,5.6,7.1,45,45,3,23,3,5,83,27.6,0.0,24.3,0.0,24.7,0.0,29.5,0.0,28.8,0.0,26.016666666666666,0.0,26.149999999999995,0.0,29.9125,0.0,1.6999999999999993,0.0,Tiruchirappalli,29.4,0.0
2024-03-23 04:00:00,31.1,59,0.0,1003.2,5.4,7.0,55,53,4,23,3,5,83,29.3,0.0,26.7,0.0,24.3,0.0,28.2,0.0,31.1,0.0,27.15,0.0,26.391666666666666,0.0,29.9125,0.0,1.8000000000000007,0.0,Tiruchirappalli,31.6,0.0
2024-03-23 05:00:00,33.1,47,0.0,1002.5,6.9,8.7,66,62,5,23,3,5,83,31.1,0.0,27.6,0.0,23.9,0.0,27.3,0.0,33.0,0.0,28.683333333333337,0.0,26.875,0.0,29.916666666666668,0.0,2.0,0.0,Tiruchirappalli,33.6,0.0
2024-03-23 06:00:00,34.8,39,0.0,1001.7,8.9,11.3,63,63,6,23,3,5,83,33.1,0.0,29.3,0.0,24.3,0.0,26.5,0.0,34.1,0.0,30.433333333333334,0.0,27.566666666666663,0.0,29.945833333333336,0.0,1.6999999999999955,0.0,Tiruchirappalli,35.4,0.0
2024-03-23 07:00:00,36.0,35,0.0,1000.2,9.7,12.4,64,63,7,23,3,5,83,34.8,0.0,31.1,0.0,26.7,0.0,25.8,0.0,35.0,0.0,31.98333333333333,0.0,28.416666666666668,0.0,29.9875,0.0,1.2000000000000028,0.0,Tiruchirappalli,36.7,0.0
2024-03-23 08:00:00,37.1,31,0.0,998.8,10.8,13.9,73,75,8,23,3,5,83,36.0,0.0,33.1,0.0,27.6,0.0,25.2,0.0,36.1,0.0,33.56666666666667,0.0,29.40833333333333,0.0,30.02916666666667,0.0,1.1000000000000014,0.0,Tiruchirappalli,37.5,0.0
2024-03-23 09:00:00,37.6,29,0.0,997.7,12.3,15.5,85,87,9,23,3,5,83,37.1,0.0,34.8,0.0,29.3,0.0,24.7,0.0,36.1,0.0,34.95,0.0,30.48333333333333,0.0,30.09166666666667,0.0,0.5,0.0,Tiruchirappalli,37.8,0.0
2024-03-23 10:00:00,37.7,27,0.0,996.9,13.8,17.8,82,84,10,23,3,5,83,37.6,0.0,36.0,0.0,31.1,0.0,24.3,0.0,36.0,0.0,36.05,0.0,31.600000000000005,0.0,30.1625,0.0,0.1000000000000014,0.0,Tiruchirappalli,37.7,0.0
2024-03-23 11:00:00,37.2,27,0.0,996.7,14.3,18.8,78,80,11,23,3,5,83,37.7,0.0,37.1,0.0,33.1,0.0,23.9,0.0,35.7,0.0,36.73333333333333,0.0,32.708333333333336,0.0,30.225,0.0,-0.5,0.0,Tiruchirappalli,36.9,0.0
2024-03-23 12:00:00,36.1,28,0.0,997.0,13.3,18.8,86,87,12,23,3,5,83,37.2,0.0,37.6,0.0,34.8,0.0,24.3,0.0,34.3,0.0,36.95,0.0,33.69166666666667,0.0,30.3,0.0,-1.1000000000000014,0.0,Tiruchirappalli,36.2,0.0
2024-03-23 13:00:00,33.4,37,0.0,998.6,16.9,28.1,92,91,13,23,3,5,83,36.1,0.0,37.7,0.0,36.0,0.0,26.7,0.0,32.2,0.0,36.51666666666667,0.0,34.25,0.0,30.35,0.0,-2.700000000000003,0.0,Tiruchirappalli,33.4,0.0
2024-03-23 14:00:00,31.5,42,0.0,999.8,15.1,26.6,91,90,14,23,3,5,83,33.4,0.0,37.2,0.0,37.1,0.0,27.6,0.0,31.0,0.0,35.583333333333336,0.0,34.575,0.0,30.370833333333334,0.0,-1.8999999999999984,0.0,Tiruchirappalli,32.3,0.0
2024-03-23 15:00:00,29.6,51,0.0,1000.8,12.9,23.7,103,103,15,23,3,5,83,31.5,0.0,36.1,0.0,37.6,0.0,29.3,0.0,29.5,0.0,34.25,0.0,34.6,0.0,30.375,0.0,-1.8999999999999984,0.0,Tiruchirappalli,31.0,0.0
2024-03-23 16:00:00,28.0,62,0.0,1001.7,11.0,20.7,110,109,16,23,3,5,83,29.6,0.0,33.4,0.0,37.7,0.0,31.1,0.0,28.2,0.0,32.63333333333333,0.0,34.34166666666667,0.0,30.36666666666667,0.0,-1.6000000000000014,0.0,Tiruchirappalli,29.6,0.0
2024-03-23 17:00:00,26.7,76,0.0,1002.3,9.5,19.1,102,99,17,23,3,5,83,28.0,0.0,31.5,0.0,37.2,0.0,33.1,0.0,27.3,0.0,30.883333333333336,0.0,33.80833333333333,0.0,30.341666666666665,0.0,-1.3000000000000007,0.0,Tiruchirappalli,28.5,0.0
2024-03-23 18:00:00,25.6,85,0.0,1002.4,6.6,15.5,90,81,18,23,3,5,83,26.7,0.0,29.6,0.0,36.1,0.0,34.8,0.0,26.5,0.0,29.13333333333333,0.0,33.041666666666664,0.0,30.304166666666664,0.0,-1.099999999999998,0.0,Tiruchirappalli,27.5,0.0
2024-03-23 19:00:00,24.6,92,0.0,1002.1,4.5,12.6,77,61,19,23,3,5,83,25.6,0.0,28.0,0.0,33.4,0.0,36.0,0.0,25.8,0.0,27.666666666666668,0.0,32.09166666666667,0.0,30.254166666666663,0.0,-1.0,0.0,Tiruchirappalli,26.7,0.0
2024-03-23 20:00:00,23.9,96,0.0,1001.4,4.1,11.2,69,52,20,23,3,5,83,24.6,0.0,26.7,0.0,31.5,0.0,37.1,0.0,25.2,0.0,26.399999999999995,0.0,30.991666666666664,0.0,30.2,0.0,-0.7000000000000028,0.0,Tiruchirappalli,25.8,0.0
2024-03-23 21:00:00,23.5,97,0.0,1000.9,4.8,8.0,63,27,21,23,3,5,83,23.9,0.0,25.6,0.0,29.6,0.0,37.6,0.0,24.7,0.0,25.38333333333333,0.0,29.816666666666663,0.0,30.15,0.0,-0.3999999999999986,0.0,Tiruchirappalli,25.0,0.0
2024-03-23 22:00:00,23.9,96,0.0,1000.9,3.0,6.5,34,346,22,23,3,5,83,23.5,0.0,24.6,0.0,28.0,0.0,37.7,0.0,24.3,0.0,24.7,0.0,28.666666666666668,0.0,30.13333333333333,0.0,0.3999999999999986,0.0,Tiruchirappalli,24.5,0.0
2024-03-23 23:00:00,24.4,94,0.0,1001.2,3.9,7.1,15,338,23,23,3,5,83,23.9,0.0,23.9,0.0,26.7,0.0,37.2,0.0,23.9,0.0,24.316666666666663,0.0,27.6,0.0,30.15416666666667,0.0,0.5,0.0,Tiruchirappalli,24.9,0.0
2024-03-24 00:00:00,24.7,93,0.0,1001.5,3.6,5.9,11,360,0,24,3,6,84,24.4,0.0,23.5,0.0,25.6,0.0,36.1,0.0,24.3,0.0,24.166666666666668,0.0,26.649999999999995,0.0,30.17083333333333,0.0,0.3000000000000007,0.0,Tiruchirappalli,25.4,0.0
2024-03-24 01:00:00,25.3,92,0.0,1002.4,2.8,6.6,49,40,1,24,3,6,84,24.7,0.0,23.9,0.0,24.6,0.0,33.4,0.0,26.7,0.0,24.28333333333333,0.0,25.975,0.0,30.1125,0.0,0.6000000000000014,0.0,Tiruchirappalli,26.5,0.0
2024-03-24 02:00:00,26.5,85,0.0,1003.3,4.8,6.8,72,63,2,24,3,6,84,25.3,0.0,24.4,0.0,23.9,0.0,31.5,0.0,27.6,0.0,24.716666666666665,0.0,25.558333333333334,0.0,30.066666666666663,0.0,1.1999999999999993,0.0,Tiruchirappalli,27.1,0.0
2024-03-24 03:00:00,28.5,73,0.0,1004.2,5.5,6.9,81,79,3,24,3,6,84,26.5,0.0,24.7,0.0,23.5,0.0,29.6,0.0,29.3,0.0,25.55,0.0,25.466666666666665,0.0,30.03333333333333,0.0,2.0,0.0,Tiruchirappalli,28.8,0.1
2024-03-24 04:00:00,30.8,61,0.0,1004.7,5.4,7.2,90,86,4,24,3,6,84,28.5,0.0,25.3,0.0,23.9,0.0,28.0,0.0,31.1,0.0,26.7,0.0,25.7,0.0,30.02083333333333,0.0,2.3000000000000007,0.0,Tiruchirappalli,31.4,0.0
2024-03-24 05:00:00,32.6,51,0.0,1004.3,5.8,7.6,90,86,5,24,3,6,84,30.8,0.0,26.5,0.0,24.4,0.0,26.7,0.0,33.1,0.0,28.066666666666663,0.0,26.191666666666663,0.0,30.0,0.0,1.8000000000000007,0.0,Tiruchirappalli,34.0,0.0
2024-03-24 06:00:00,34.6,41,0.0,1003.5,6.9,8.6,88,84,6,24,3,6,84,32.6,0.0,28.5,0.0,24.7,0.0,25.6,0.0,34.8,0.0,29.71666666666667,0.0,26.941666666666663,0.0,29.99166666666667,0.0,2.0,0.0,Tiruchirappalli,36.1,0.0
2024-03-24 07:00:00,36.2,33,0.0,1002.4,8.5,10.9,81,78,7,24,3,6,84,34.6,0.0,30.8,0.0,25.3,0.0,24.6,0.0,36.0,0.0,31.53333333333333,0.0,27.90833333333333,0.0,30.0,0.0,1.6000000000000014,0.0,Tiruchirappalli,37.6,0.0
2024-03-24 08:00:00,37.1,28,0.0,1000.8,10.6,13.5,74,72,8,24,3,6,84,36.2,0.0,32.6,0.0,26.5,0.0,23.9,0.0,37.1,0.0,33.300000000000004,0.0,29.008333333333336,0.0,30.0,0.0,0.8999999999999986,0.0,Tiruchirappalli,38.4,0.0
2024-03-24 09:00:00,37.5,26,0.0,999.7,12.9,16.4,75,72,9,24,3,6,84,37.1,0.0,34.6,0.0,28.5,0.0,23.5,0.0,37.6,0.0,34.800000000000004,0.0,30.175,0.0,29.995833333333334,0.0,0.3999999999999986,0.0,Tiruchirappalli,38.6,0.0
2024-03-24 10:00:00,37.3,26,0.0,999.2,12.9,16.9,79,77,10,24,3,6,84,37.5,0.0,36.2,0.0,30.8,0.0,23.9,0.0,37.7,0.0,35.88333333333333,0.0,31.291666666666668,0.0,29.979166666666668,0.0,-0.2000000000000028,0.0,Tiruchirappalli,38.0,0.0
2024-03-24 11:00:00,36.7,27,0.0,998.9,12.3,16.2,87,85,11,24,3,6,84,37.3,0.0,37.1,0.0,32.6,0.0,24.4,0.0,37.2,0.0,36.56666666666667,0.0,32.31666666666667,0.0,29.95833333333333,0.0,-0.5999999999999943,0.0,Tiruchirappalli,37.4,0.0
2024-03-24 12:00:00,35.8,28,0.0,999.3,11.2,15.5,94,94,12,24,3,6,84,36.7,0.0,37.5,0.0,34.6,0.0,24.7,0.0,36.1,0.0,36.76666666666667,0.0,33.24166666666667,0.0,29.94583333333333,0.0,-0.9000000000000057,0.0,Tiruchirappalli,36.3,0.0
2024-03-24 13:00:00,32.5,40,0.0,1000.2,6.6,14.3,108,112,13,24,3,6,84,35.8,0.0,37.3,0.0,36.2,0.0,25.3,0.0,33.4,0.0,36.15,0.0,33.84166666666667,0.0,29.90833333333333,0.0,-3.299999999999997,0.0,Tiruchirappalli,33.8,0.0
2024-03-24 14:00:00,31.3,42,0.0,1001.1,12.6,24.5,87,87,14,24,3,6,84,32.5,0.0,36.7,0.0,37.1,0.0,26.5,0.0,31.5,0.0,35.18333333333333,0.0,34.24166666666667,0.0,29.9,0.0,-1.1999999999999993,0.0,Tiruchirappalli,32.4,0.0
2024-03-24 15:00:00,29.6,50,0.0,1002.4,13.0,23.4,92,92,15,24,3,6,84,31.3,0.0,35.8,0.0,37.5,0.0,28.5,0.0,29.6,0.0,33.86666666666667,0.0,34.333333333333336,0.0,29.9,0.0,-1.6999999999999993,0.0,Tiruchirappalli,30.9,0.0
2024-03-24 16:00:00,27.8,64,0.0,1003.2,10.5,19.7,99,98,16,24,3,6,84,29.6,0.0,32.5,0.0,37.3,0.0,30.8,0.0,28.0,0.0,32.28333333333333,0.0,34.083333333333336,0.0,29.891666666666666,0.0,-1.8000000000000007,0.0,Tiruchirappalli,29.7,0.0
2024-03-24 17:00:00,26.5,75,0.0,1003.8,9.1,17.6,101,97,17,24,3,6,84,27.8,0.0,31.3,0.0,36.7,0.0,32.6,0.0,26.7,0.0,30.58333333333333,0.0,33.575,0.0,29.883333333333336,0.0,-1.3000000000000007,0.0,Tiruchirappalli,28.5,0.0
2024-03-24 18:00:00,25.3,83,0.0,1003.9,7.2,15.1,93,90,18,24,3,6,84,26.5,0.0,29.6,0.0,35.8,0.0,34.6,0.0,25.6,0.0,28.83333333333333,0.0,32.800000000000004,0.0,29.870833333333334,0.0,-1.1999999999999993,0.0,Tiruchirappalli,27.5,0.0
2024-03-24 19:00:00,24.2,91,0.0,1003.4,5.4,13.1,81,70,19,24,3,6,84,25.3,0.0,27.8,0.0,32.5,0.0,36.2,0.0,24.6,0.0,27.45,0.0,31.8,0.0,29.854166666666668,0.0,-1.1000000000000014,0.0,Tiruchirappalli,26.6,0.0
2024-03-24 20:00:00,23.5,95,0.0,1002.9,4.7,11.9,65,58,20,24,3,6,84,24.2,0.0,26.5,0.0,31.3,0.0,37.1,0.0,23.9,0.0,26.15,0.0,30.666666666666668,0.0,29.8375,0.0,-0.6999999999999993,0.0,Tiruchirappalli,25.8,0.0
2024-03-24 21:00:00,23.6,95,0.0,1002.2,4.1,11.0,49,45,21,24,3,6,84,23.5,0.0,25.3,0.0,29.6,0.0,37.5,0.0,23.5,0.0,25.15,0.0,29.508333333333336,0.0,29.84166666666667,0.0,0.1000000000000014,0.0,Tiruchirappalli,24.9,0.0
2024-03-24 22:00:00,24.0,93,0.0,1002.1,4.6,8.9,43,51,22,24,3,6,84,23.6,0.0,24.2,0.0,27.8,0.0,37.3,0.0,23.9,0.0,24.516666666666666,0.0,28.4,0.0,29.84583333333333,0.0,0.3999999999999986,0.0,Tiruchirappalli,25.0,0.0
2024-03-24 23:00:00,24.5,90,0.0,1002.1,4.7,7.2,53,58,23,24,3,6,84,24.0,0.0,23.5,0.0,26.5,0.0,36.7,0.0,24.4,0.0,24.183333333333334,0.0,27.383333333333336,0.0,29.85,0.0,0.5,0.0,Tiruchirappalli,25.5,0.0
2024-03-25 00:00:00,24.4,90,0.0,1002.1,3.2,5.0,60,63,0,25,3,0,85,24.5,0.0,23.6,0.0,25.3,0.0,35.8,0.0,24.7,0.0,24.03333333333333,0.0,26.433333333333334,0.0,29.8375,0.0,-0.1000000000000014,0.0,Tiruchirappalli,25.7,0.0
2024-03-25 01:00:00,25.4,85,0.0,1003.1,7.2,9.8,66,63,1,25,3,0,85,24.4,0.0,24.0,0.0,24.2,0.0,32.5,0.0,25.3,0.0,24.23333333333333,0.0,25.84166666666667,0.0,29.841666666666665,0.0,1.0,0.0,Tiruchirappalli,26.2,0.0
2024-03-25 02:00:00,26.0,80,0.0,1003.7,6.3,8.6,68,66,2,25,3,0,85,25.4,0.0,24.5,0.0,23.5,0.0,31.3,0.0,26.5,0.0,24.65,0.0,25.399999999999995,0.0,29.82083333333333,0.0,0.6000000000000014,0.0,Tiruchirappalli,27.0,0.0
2024-03-25 03:00:00,27.9,69,0.0,1004.2,6.3,8.1,77,77,3,25,3,0,85,26.0,0.0,24.4,0.0,23.6,0.0,29.6,0.0,28.5,0.0,25.366666666666664,0.0,25.258333333333336,0.0,29.79583333333333,0.0,1.8999999999999984,0.0,Tiruchirappalli,29.0,0.0
2024-03-25 04:00:00,30.0,58,0.0,1004.5,6.1,7.7,62,62,4,25,3,0,85,27.9,0.0,25.4,0.0,24.0,0.0,27.8,0.0,30.8,0.0,26.366666666666664,0.0,25.441666666666663,0.0,29.7625,0.0,2.1000000000000014,0.0,Tiruchirappalli,31.2,0.0
2024-03-25 05:00:00,32.1,50,0.0,1004.1,7.1,8.5,62,60,5,25,3,0,85,30.0,0.0,26.0,0.0,24.5,0.0,26.5,0.0,32.6,0.0,27.633333333333336,0.0,25.90833333333333,0.0,29.741666666666664,0.0,2.1000000000000014,0.0,Tiruchirappalli,33.5,0.0
2024-03-25 06:00:00,34.2,41,0.0,1003.0,7.9,9.7,75,74,6,25,3,0,85,32.1,0.0,27.9,0.0,24.4,0.0,25.3,0.0,34.6,0.0,29.266666666666666,0.0,26.65,0.0,29.725,0.0,2.1000000000000014,0.0,Tiruchirappalli,35.5,0.0
2024-03-25 07:00:00,36.0,32,0.0,1001.8,10.0,12.8,79,77,7,25,3,0,85,34.2,0.0,30.0,0.0,25.4,0.0,24.2,0.0,36.2,0.0,31.03333333333333,0.0,27.633333333333336,0.0,29.71666666666667,0.0,1.7999999999999972,0.0,Tiruchirappalli,37.0,0.0
2024-03-25 08:00:00,36.9,28,0.0,1000.7,13.3,17.4,77,77,8,25,3,0,85,36.0,0.0,32.1,0.0,26.0,0.0,23.5,0.0,37.1,0.0,32.85,0.0,28.75,0.0,29.70833333333333,0.0,0.8999999999999986,0.0,Tiruchirappalli,38.0,0.0
2024-03-25 09:00:00,37.1,28,0.0,999.8,14.6,18.9,81,81,9,25,3,0,85,36.9,0.0,34.2,0.0,27.9,0.0,23.6,0.0,37.5,0.0,34.38333333333333,0.0,29.875,0.0,29.691666666666663,0.0,0.2000000000000028,0.0,Tiruchirappalli,38.4,0.0
2024-03-25 10:00:00,37.1,30,0.0,999.0,14.1,18.5,82,84,10,25,3,0,85,37.1,0.0,36.0,0.0,30.0,0.0,24.0,0.0,37.3,0.0,35.56666666666667,0.0,30.966666666666665,0.0,29.683333333333337,0.0,0.0,0.0,Tiruchirappalli,38.1,0.0
2024-03-25 11:00:00,37.0,29,0.0,998.8,14.6,19.4,79,81,11,25,3,0,85,37.1,0.0,36.9,0.0,32.1,0.0,24.5,0.0,36.7,0.0,36.38333333333333,0.0,32.00833333333333,0.0,29.695833333333336,0.0,-0.1000000000000014,0.0,Tiruchirappalli,37.4,0.0
2024-03-25 12:00:00,35.3,32,0.0,999.4,18.0,24.9,86,87,12,25,3,0,85,37.0,0.0,37.1,0.0,34.2,0.0,24.4,0.0,35.8,0.0,36.56666666666667,0.0,32.916666666666664,0.0,29.675,0.0,-1.7000000000000028,0.0,Tiruchirappalli,36.3,0.0
2024-03-25 13:00:00,33.1,42,0.0,1000.2,15.1,24.9,88,87,13,25,3,0,85,35.3,0.0,37.1,0.0,36.0,0.0,25.4,0.0,32.5,0.0,36.083333333333336,0.0,33.55833333333334,0.0,29.700000000000003,0.0,-2.199999999999996,0.0,Tiruchirappalli,33.9,0.0
2024-03-25 14:00:00,31.3,50,0.0,1001.3,15.2,26.0,87,86,14,25,3,0,85,33.1,0.0,37.0,0.0,36.9,0.0,26.0,0.0,31.3,0.0,35.15,0.0,34.00000000000001,0.0,29.7,0.0,-1.8000000000000007,0.0,Tiruchirappalli,32.1,0.0
2024-03-25 15:00:00,29.6,58,0.0,1002.3,14.0,24.1,87,89,15,25,3,0,85,31.3,0.0,35.3,0.0,37.1,0.0,27.9,0.0,29.6,0.0,33.9,0.0,34.141666666666666,0.0,29.7,0.0,-1.6999999999999993,0.0,Tiruchirappalli,30.7,0.0
2024-03-25 16:00:00,28.0,65,0.0,1003.2,11.9,21.2,91,92,16,25,3,0,85,29.6,0.0,33.1,0.0,37.1,0.0,30.0,0.0,27.8,0.0,32.38333333333333,0.0,33.975,0.0,29.70833333333333,0.0,-1.6000000000000014,0.0,Tiruchirappalli,29.0,0.0
2024-03-25 17:00:00,26.7,71,0.0,1004.0,9.7,18.7,92,94,17,25,3,0,85,28.0,0.0,31.3,0.0,37.0,0.0,32.1,0.0,26.5,0.0,30.666666666666668,0.0,33.525,0.0,29.71666666666667,0.0,-1.3000000000000007,0.0,Tiruchirappalli,27.9,0.0
2024-03-25 18:00:00,25.7,77,0.0,1003.9,8.3,17.7,94,92,18,25,3,0,85,26.7,0.0,29.6,0.0,35.3,0.0,34.2,0.0,25.3,0.0,29.066666666666663,0.0,32.81666666666667,0.0,29.73333333333333,0.0,-1.0,0.0,Tiruchirappalli,27.0,0.0
2024-03-25 19:00:00,25.0,82,0.0,1003.3,7.2,16.2,91,93,19,25,3,0,85,25.7,0.0,28.0,0.0,33.1,0.0,36.0,0.0,24.2,0.0,27.71666666666667,0.0,31.9,0.0,29.766666666666666,0.0,-0.6999999999999993,0.0,Tiruchirappalli,26.1,0.0
2024-03-25 20:00:00,24.2,87,0.0,1002.4,6.1,15.2,85,87,20,25,3,0,85,25.0,0.0,26.7,0.0,31.3,0.0,36.9,0.0,23.5,0.0,26.53333333333333,0.0,30.84166666666667,0.0,29.79583333333333,0.0,-0.8000000000000007,0.0,Tiruchirappalli,25.2,0.0
2024-03-25 21:00:00,23.5,91,0.0,1001.7,5.4,14.0,72,70,21,25,3,0,85,24.2,0.0,25.7,0.0,29.6,0.0,37.1,0.0,23.6,0.0,25.516666666666666,0.0,29.70833333333333,0.0,29.791666666666668,0.0,-0.6999999999999993,0.0,Tiruchirappalli,25.0,0.0
2024-03-25 22:00:00,22.9,95,0.0,1001.6,4.2,12.9,60,59,22,25,3,0,85,23.5,0.0,25.0,0.0,28.0,0.0,37.1,0.0,24.0,0.0,24.666666666666668,0.0,28.525,0.0,29.745833333333334,0.0,-0.6000000000000014,0.0,Tiruchirappalli,25.1,0.0
2024-03-25 23:00:00,22.5,96,0.0,1001.9,4.7,12.7,55,58,23,25,3,0,85,22.9,0.0,24.2,0.0,26.7,0.0,37.0,0.0,24.5,0.0,23.96666666666667,0.0,27.316666666666663,0.0,29.6625,0.0,-0.3999999999999986,0.0,Tiruchirappalli,25.9,0.1
2024-03-26 00:00:00,22.1,97,0.0,1002.4,5.6,11.7,56,63,0,26,3,1,86,22.5,0.0,23.5,0.0,25.7,0.0,35.3,0.0,24.4,0.0,23.366666666666664,0.0,26.21666666666667,0.0,29.566666666666663,0.0,-0.3999999999999986,0.0,Tiruchirappalli,26.1,0.1
2024-03-26 01:00:00,23.2,90,0.0,1003.3,3.8,11.2,42,41,1,26,3,1,86,22.1,0.0,22.9,0.0,25.0,0.0,33.1,0.0,25.4,0.0,23.066666666666663,0.0,25.391666666666666,0.0,29.475,0.0,1.099999999999998,0.0,Tiruchirappalli,25.9,0.4
2024-03-26 02:00:00,25.3,80,0.0,1004.2,3.4,7.2,37,32,2,26,3,1,86,23.2,0.0,22.5,0.0,24.2,0.0,31.3,0.0,26.0,0.0,23.25,0.0,24.891666666666666,0.0,29.445833333333336,0.0,2.1000000000000014,0.0,Tiruchirappalli,27.1,0.0
2024-03-26 03:00:00,27.9,68,0.0,1004.8,7.2,9.4,72,72,3,26,3,1,86,25.3,0.0,22.1,0.0,23.5,0.0,29.6,0.0,27.9,0.0,23.98333333333333,0.0,24.75,0.0,29.445833333333336,0.0,2.599999999999998,0.0,Tiruchirappalli,28.1,0.1
2024-03-26 04:00:00,29.9,56,0.0,1005.2,6.6,8.8,78,77,4,26,3,1,86,27.9,0.0,23.2,0.0,22.9,0.0,28.0,0.0,30.0,0.0,25.149999999999995,0.0,24.90833333333333,0.0,29.441666666666663,0.0,2.0,0.0,Tiruchirappalli,30.5,0.0
2024-03-26 05:00:00,31.7,47,0.0,1004.7,5.9,7.8,77,76,5,26,3,1,86,29.9,0.0,25.3,0.0,22.5,0.0,26.7,0.0,32.1,0.0,26.683333333333334,0.0,25.325000000000003,0.0,29.425,0.0,1.8000000000000007,0.0,Tiruchirappalli,32.7,0.1
2024-03-26 06:00:00,33.8,39,0.0,1003.9,7.1,8.9,76,75,6,26,3,1,86,31.7,0.0,27.9,0.0,22.1,0.0,25.7,0.0,34.2,0.0,28.633333333333336,0.0,26.0,0.0,29.40833333333333,0.0,2.099999999999998,0.0,Tiruchirappalli,34.2,0.1
2024-03-26 07:00:00,35.4,32,0.0,1002.7,8.9,11.5,76,76,7,26,3,1,86,33.8,0.0,29.9,0.0,23.2,0.0,25.0,0.0,36.0,0.0,30.666666666666668,0.0,26.866666666666664,0.0,29.38333333333333,0.0,1.6000000000000014,0.0,Tiruchirappalli,35.4,0.0
2024-03-26 08:00:00,36.4,27,0.0,1001.4,12.1,15.0,80,80,8,26,3,1,86,35.4,0.0,31.7,0.0,25.3,0.0,24.2,0.0,36.9,0.0,32.516666666666666,0.0,27.88333333333333,0.0,29.3625,0.0,1.0,0.0,Tiruchirappalli,36.4,0.0
2024-03-26 09:00:00,36.6,25,0.0,1000.3,12.8,16.5,80,79,9,26,3,1,86,36.4,0.0,33.8,0.0,27.9,0.0,23.5,0.0,37.1,0.0,33.96666666666666,0.0,28.975,0.0,29.341666666666665,0.0,0.2000000000000028,0.0,Tiruchirappalli,36.8,0.0
2024-03-26 10:00:00,36.6,25,0.0,999.7,11.4,15.0,80,79,10,26,3,1,86,36.6,0.0,35.4,0.0,29.9,0.0,22.9,0.0,37.1,0.0,35.083333333333336,0.0,30.116666666666664,0.0,29.32083333333333,0.0,0.0,0.0,Tiruchirappalli,36.8,0.0
2024-03-26 11:00:00,36.1,27,0.0,999.5,11.2,14.8,90,90,11,26,3,1,86,36.6,0.0,36.4,0.0,31.7,0.0,22.5,0.0,37.0,0.0,35.81666666666667,0.0,31.25,0.0,29.28333333333333,0.0,-0.5,0.0,Tiruchirappalli,36.2,0.0
2024-03-26 12:00:00,35.0,29,0.0,1000.1,9.5,12.8,101,101,12,26,3,1,86,36.1,0.0,36.6,0.0,33.8,0.0,22.1,0.0,35.3,0.0,36.01666666666667,0.0,32.325,0.0,29.27083333333333,0.0,-1.1000000000000014,0.0,Tiruchirappalli,35.3,0.0
2024-03-26 13:00:00,33.2,31,0.0,1000.8,10.8,20.9,92,92,13,26,3,1,86,35.0,0.0,36.6,0.0,35.4,0.0,23.2,0.0,33.1,0.0,35.65,0.0,33.15833333333333,0.0,29.275,0.0,-1.7999999999999972,0.0,Tiruchirappalli,33.7,0.0
2024-03-26 14:00:00,31.1,37,0.0,1002.2,13.9,24.5,112,111,14,26,3,1,86,33.2,0.0,36.1,0.0,36.4,0.0,25.3,0.0,31.3,0.0,34.76666666666667,0.0,33.641666666666666,0.0,29.26666666666667,0.0,-2.1000000000000014,0.0,Tiruchirappalli,32.6,0.0
2024-03-26 15:00:00,29.2,50,0.0,1003.8,14.8,25.0,97,94,15,26,3,1,86,31.1,0.0,35.0,0.0,36.6,0.0,27.9,0.0,29.6,0.0,33.53333333333334,0.0,33.75,0.0,29.25,0.0,-1.900000000000002,0.0,Tiruchirappalli,30.6,0.0
2024-03-26 16:00:00,27.7,64,0.0,1005.0,13.8,23.4,86,83,16,26,3,1,86,29.2,0.0,33.2,0.0,36.6,0.0,29.9,0.0,28.0,0.0,32.050000000000004,0.0,33.56666666666667,0.0,29.2375,0.0,-1.5,0.0,Tiruchirappalli,29.7,0.0
2024-03-26 17:00:00,26.6,72,0.0,1005.5,10.5,19.1,87,84,17,26,3,1,86,27.7,0.0,31.1,0.0,36.1,0.0,31.7,0.0,26.7,0.0,30.46666666666667,0.0,33.141666666666666,0.0,29.23333333333333,0.0,-1.099999999999998,0.0,Tiruchirappalli,28.7,0.0
2024-03-26 18:00:00,25.7,78,0.0,1005.3,5.7,13.4,70,55,18,26,3,1,86,26.6,0.0,29.2,0.0,35.0,0.0,33.8,0.0,25.7,0.0,28.916666666666668,0.0,32.46666666666666,0.0,29.23333333333333,0.0,-0.9000000000000021,0.0,Tiruchirappalli,28.0,0.0
2024-03-26 19:00:00,24.7,83,0.0,1004.7,5.0,11.7,43,21,19,26,3,1,86,25.7,0.0,27.7,0.0,33.2,0.0,35.4,0.0,25.0,0.0,27.5,0.0,31.575,0.0,29.22083333333333,0.0,-1.0,0.0,Tiruchirappalli,27.4,0.0
2024-03-26 20:00:00,23.6,90,0.0,1004.3,5.9,9.9,44,38,20,26,3,1,86,24.7,0.0,26.6,0.0,31.1,0.0,36.4,0.0,24.2,0.0,26.25,0.0,30.508333333333336,0.0,29.195833333333336,0.0,-1.099999999999998,0.0,Tiruchirappalli,26.7,0.0
2024-03-26 21:00:00,23.1,93,0.0,1004.0,4.2,10.2,58,70,21,26,3,1,86,23.6,0.0,25.7,0.0,29.2,0.0,36.6,0.0,23.5,0.0,25.23333333333333,0.0,29.383333333333336,0.0,29.179166666666664,0.0,-0.5,0.0,Tiruchirappalli,26.2,0.0
2024-03-26 22:00:00,22.8,95,0.0,1003.7,4.6,10.2,48,45,22,26,3,1,86,23.1,0.0,24.7,0.0,27.7,0.0,36.6,0.0,22.9,0.0,24.416666666666668,0.0,28.23333333333333,0.0,29.175,0.0,-0.3000000000000007,0.0,Tiruchirappalli,25.7,0.0
2024-03-26 23:00:00,22.7,96,0.0,1003.9,4.5,12.1,37,29,23,26,3,1,86,22.8,0.0,23.6,0.0,26.6,0.0,36.1,0.0,22.5,0.0,23.766666666666666,0.0,27.11666666666667,0.0,29.183333333333334,0.0,-0.1000000000000014,0.0,Tiruchirappalli,25.9,0.0
2024-03-27 00:00:00,22.4,98,0.0,1004.6,4.2,11.9,35,20,0,27,3,2,87,22.7,0.0,23.1,0.0,25.7,0.0,35.0,0.0,22.1,0.0,23.21666666666667,0.0,26.066666666666663,0.0,29.195833333333336,0.0,-0.3000000000000007,0.0,Tiruchirappalli,26.3,0.0
2024-03-27 01:00:00,23.6,94,0.0,1005.3,5.2,14.2,27,16,1,27,3,2,87,22.4,0.0,22.8,0.0,24.7,0.0,33.2,0.0,23.2,0.0,23.03333333333333,0.0,25.26666666666667,0.0,29.2125,0.0,1.2000000000000028,0.0,Tiruchirappalli,26.8,0.1
2024-03-27 02:00:00,26.0,82,0.0,1006.0,5.5,10.9,17,11,2,27,3,2,87,23.6,0.0,22.7,0.0,23.6,0.0,31.1,0.0,25.3,0.0,23.433333333333334,0.0,24.84166666666667,0.0,29.241666666666664,0.0,2.3999999999999986,0.0,Tiruchirappalli,27.7,0.1
2024-03-27 03:00:00,28.9,68,0.0,1006.7,8.2,10.8,60,61,3,27,3,2,87,26.0,0.0,22.4,0.0,23.1,0.0,29.2,0.0,27.9,0.0,24.4,0.0,24.816666666666663,0.0,29.28333333333333,0.0,2.8999999999999986,0.0,Tiruchirappalli,29.7,0.2
2024-03-27 04:00:00,31.1,58,0.0,1007.0,7.2,9.0,74,72,4,27,3,2,87,28.9,0.0,23.6,0.0,22.8,0.0,27.7,0.0,29.9,0.0,25.78333333333333,0.0,25.100000000000005,0.0,29.33333333333333,0.0,2.200000000000003,0.0,Tiruchirappalli,31.4,0.4
2024-03-27 05:00:00,33.0,48,0.0,1006.5,6.6,8.1,69,68,5,27,3,2,87,31.1,0.0,26.0,0.0,22.7,0.0,26.6,0.0,31.7,0.0,27.5,0.0,25.633333333333336,0.0,29.3875,0.0,1.8999999999999984,0.0,Tiruchirappalli,33.7,0.1
2024-03-27 06:00:00,34.4,40,0.0,1006.0,9.0,11.2,96,95,6,27,3,2,87,33.0,0.0,28.9,0.0,22.4,0.0,25.7,0.0,33.8,0.0,29.5,0.0,26.35833333333333,0.0,29.412500000000005,0.0,1.3999999999999986,0.0,Tiruchirappalli,35.7,0.0
2024-03-27 07:00:00,35.2,39,0.1,1004.6,9.4,11.5,90,90,7,27,3,2,87,34.4,0.0,31.1,0.0,23.6,0.0,24.7,0.0,35.4,0.0,31.433333333333337,0.0999999999999997,27.23333333333333,0.0999999999999997,29.40416666666667,0.1,0.8000000000000043,0.1,Tiruchirappalli,37.2,0.0
2024-03-27 08:00:00,36.1,37,0.0,1003.2,9.5,12.0,81,81,8,27,3,2,87,35.2,0.1,33.0,0.0,26.0,0.0,23.6,0.0,36.4,0.0,33.11666666666667,0.0999999999999997,28.275,0.0999999999999997,29.391666666666666,0.1,0.8999999999999986,-0.1,Tiruchirappalli,38.1,0.0
2024-03-27 09:00:00,36.7,36,0.0,1001.9,10.5,13.4,84,84,9,27,3,2,87,36.1,0.0,34.4,0.0,28.9,0.0,23.1,0.0,36.6,0.0,34.416666666666664,0.0999999999999997,29.40833333333333,0.0999999999999997,29.39583333333334,0.1,0.6000000000000014,0.0,Tiruchirappalli,38.5,0.0
2024-03-27 10:00:00,35.4,39,0.0,1001.0,14.8,19.1,101,104,10,27,3,2,87,36.7,0.0,35.2,0.1,31.1,0.0,22.8,0.0,36.6,0.0,35.13333333333333,0.0999999999999997,30.45833333333333,0.0999999999999997,29.34583333333333,0.1,-1.3000000000000045,0.0,Tiruchirappalli,38.4,0.0
2024-03-27 11:00:00,34.5,46,0.6,1000.9,10.6,14.0,108,108,11,27,3,2,87,35.4,0.0,36.1,0.0,33.0,0.0,22.7,0.0,36.1,0.0,35.38333333333333,0.6999999999999997,31.441666666666663,0.6999999999999997,29.27916666666667,0.7,-0.8999999999999986,0.6,Tiruchirappalli,37.8,0.0
2024-03-27 12:00:00,30.7,61,0.3,1001.9,12.9,18.5,114,113,12,27,3,2,87,34.5,0.6,36.7,0.0,34.4,0.0,22.4,0.0,35.0,0.0,34.766666666666666,0.9999999999999998,32.13333333333333,0.9999999999999998,29.1,1.0,-3.8000000000000007,-0.3,Tiruchirappalli,36.8,0.0
2024-03-27 13:00:00,31.6,53,0.0,1002.8,9.6,15.3,105,103,13,27,3,2,87,30.7,0.3,35.4,0.0,35.2,0.1,23.6,0.0,33.2,0.0,34.166666666666664,0.8999999999999997,32.8,0.9999999999999998,29.03333333333333,1.0,0.9000000000000021,-0.3,Tiruchirappalli,34.6,0.0
2024-03-27 14:00:00,30.7,58,0.0,1003.3,8.6,15.6,105,105,14,27,3,2,87,31.6,0.0,34.5,0.6,36.1,0.0,26.0,0.0,31.1,0.0,33.266666666666666,0.8999999999999997,33.19166666666666,0.9999999999999998,29.01666666666667,1.0,-0.9000000000000021,0.0,Tiruchirappalli,33.3,0.0
2024-03-27 15:00:00,29.8,61,0.0,1003.8,13.0,21.6,90,88,15,27,3,2,87,30.7,0.0,30.7,0.3,36.7,0.0,28.9,0.0,29.2,0.0,32.11666666666667,0.8999999999999997,33.266666666666666,0.9999999999999998,29.041666666666668,1.0,-0.8999999999999986,0.0,Tiruchirappalli,31.2,0.0
2024-03-27 16:00:00,28.6,66,0.0,1004.5,10.9,18.5,97,96,16,27,3,2,87,29.8,0.0,31.6,0.0,35.4,0.0,31.1,0.0,27.7,0.0,30.98333333333333,0.8999999999999997,33.05833333333333,0.9999999999999998,29.079166666666666,1.0,-1.1999999999999993,0.0,Tiruchirappalli,30.2,0.0
2024-03-27 17:00:00,27.8,70,0.0,1004.7,8.4,15.5,87,83,17,27,3,2,87,28.6,0.0,30.7,0.0,34.5,0.6,33.0,0.0,26.6,0.0,29.866666666666664,0.2999999999999997,32.625,0.9999999999999998,29.129166666666663,1.0,-0.8000000000000007,0.0,Tiruchirappalli,29.6,0.0
2024-03-27 18:00:00,27.0,75,0.0,1005.0,6.2,13.0,84,83,18,27,3,2,87,27.8,0.0,29.8,0.0,30.7,0.3,34.4,0.0,25.7,0.0,29.25,0.0,32.00833333333333,0.9999999999999998,29.183333333333334,1.0,-0.8000000000000007,0.0,Tiruchirappalli,28.8,0.0
2024-03-27 19:00:00,26.2,80,0.0,1004.3,5.0,11.9,90,90,19,27,3,2,87,27.0,0.0,28.6,0.0,31.6,0.0,35.2,0.1,24.7,0.0,28.35,0.0,31.258333333333336,0.8999999999999997,29.245833333333334,1.0,-0.8000000000000007,0.0,Tiruchirappalli,28.2,0.0
2024-03-27 20:00:00,25.6,85,0.0,1003.5,3.7,10.2,98,101,20,27,3,2,87,26.2,0.0,27.8,0.0,30.7,0.0,36.1,0.0,23.6,0.0,27.5,0.0,30.383333333333336,0.8999999999999997,29.329166666666666,1.0,-0.5999999999999979,0.0,Tiruchirappalli,27.6,0.0
2024-03-27 21:00:00,24.9,89,0.0,1002.8,3.3,7.9,90,84,21,27,3,2,87,25.6,0.0,27.0,0.0,29.8,0.0,36.7,0.0,23.1,0.0,26.683333333333334,0.0,29.4,0.8999999999999997,29.40416666666667,1.0,-0.7000000000000028,0.0,Tiruchirappalli,27.1,0.0
2024-03-27 22:00:00,24.5,92,0.0,1002.6,3.7,7.2,90,79,22,27,3,2,87,24.9,0.0,26.2,0.0,28.6,0.0,35.4,0.0,22.8,0.0,26.0,0.0,28.491666666666664,0.8999999999999997,29.475,1.0,-0.3999999999999986,0.0,Tiruchirappalli,26.7,0.0
2024-03-27 23:00:00,24.3,94,0.0,1002.8,3.6,5.8,94,90,23,27,3,2,87,24.5,0.0,25.6,0.0,27.8,0.0,34.5,0.6,22.7,0.0,25.416666666666668,0.0,27.641666666666666,0.2999999999999997,29.541666666666668,1.0,-0.1999999999999993,0.0,Tiruchirappalli,26.2,0.0
2024-03-28 00:00:00,24.2,95,0.0,1003.1,2.7,4.3,66,23,0,28,3,3,88,24.3,0.0,24.9,0.0,27.0,0.0,30.7,0.3,22.4,0.0,24.95,0.0,27.1,0.0,29.616666666666664,1.0,-0.1000000000000014,0.0,Tiruchirappalli,25.9,0.0
2024-03-28 01:00:00,25.4,93,0.0,1004.0,2.9,7.1,45,353,1,28,3,3,88,24.2,0.0,24.5,0.0,26.2,0.0,31.6,0.0,23.6,0.0,24.816666666666663,0.0,26.58333333333333,0.0,29.691666666666663,1.0,1.1999999999999993,0.0,Tiruchirappalli,27.7,0.0
2024-03-28 02:00:00,27.2,84,0.0,1004.8,4.2,6.1,62,59,2,28,3,3,88,25.4,0.0,24.3,0.0,25.6,0.0,30.7,0.0,26.0,0.0,25.08333333333333,0.0,26.291666666666668,0.0,29.74166666666667,1.0,1.8000000000000007,0.0,Tiruchirappalli,29.1,0.0
2024-03-28 03:00:00,29.4,72,0.0,1005.3,4.8,6.3,66,63,3,28,3,3,88,27.2,0.0,24.2,0.0,24.9,0.0,29.8,0.0,28.9,0.0,25.83333333333333,0.0,26.258333333333336,0.0,29.762500000000003,1.0,2.2,0.0,Tiruchirappalli,31.0,0.1
2024-03-28 04:00:00,31.6,60,0.0,1005.2,4.2,5.4,70,70,4,28,3,3,88,29.4,0.0,25.4,0.0,24.5,0.0,28.6,0.0,31.1,0.0,27.016666666666666,0.0,26.508333333333336,0.0,29.78333333333333,1.0,2.200000000000003,0.0,Tiruchirappalli,33.0,0.0
2024-03-28 05:00:00,33.6,50,0.0,1004.5,5.1,6.5,84,82,5,28,3,3,88,31.6,0.0,27.2,0.0,24.3,0.0,27.8,0.0,33.0,0.0,28.566666666666663,0.0,26.991666666666664,0.0,29.808333333333337,1.0,2.0,0.0,Tiruchirappalli,35.1,0.0
2024-03-28 06:00:00,35.4,42,0.0,1003.4,6.5,7.9,90,90,6,28,3,3,88,33.6,0.0,29.4,0.0,24.2,0.0,27.0,0.0,34.4,0.0,30.433333333333334,0.0,27.691666666666663,0.0,29.85,1.0,1.7999999999999972,0.0,Tiruchirappalli,37.0,0.0
2024-03-28 07:00:00,36.7,36,0.0,1001.9,7.9,9.7,92,93,7,28,3,3,88,35.4,0.0,31.6,0.0,25.4,0.0,26.2,0.0,35.2,0.1,32.31666666666666,0.0,28.566666666666663,0.0,29.9125,0.8999999999999999,1.3000000000000045,0.0,Tiruchirappalli,38.7,0.0
2024-03-28 08:00:00,37.5,33,0.0,1000.6,10.1,12.6,92,90,8,28,3,3,88,36.7,0.0,33.6,0.0,27.2,0.0,25.6,0.0,36.1,0.0,34.03333333333333,0.0,29.558333333333334,0.0,29.97083333333333,0.8999999999999999,0.7999999999999972,0.0,Tiruchirappalli,39.6,0.0
2024-03-28 09:00:00,37.8,32,0.0,999.5,10.9,13.7,85,82,9,28,3,3,88,37.5,0.0,35.4,0.0,29.4,0.0,24.9,0.0,36.7,0.0,35.43333333333333,0.0,30.633333333333336,0.0,30.016666666666666,0.8999999999999999,0.2999999999999971,0.0,Tiruchirappalli,40.1,0.0
2024-03-28 10:00:00,37.7,31,0.0,998.8,11.2,14.1,77,75,10,28,3,3,88,37.8,0.0,36.7,0.0,31.6,0.0,24.5,0.0,35.4,0.0,36.45,0.0,31.73333333333333,0.0,30.1125,0.8999999999999999,-0.0999999999999943,0.0,Tiruchirappalli,40.0,0.0
2024-03-28 11:00:00,36.9,32,0.0,998.5,9.0,11.9,76,74,11,28,3,3,88,37.7,0.0,37.5,0.0,33.6,0.0,24.3,0.0,34.5,0.6,37.0,0.0,32.78333333333333,0.0,30.2125,0.3,-0.8000000000000043,0.0,Tiruchirappalli,39.3,0.0
2024-03-28 12:00:00,36.2,34,0.0,998.7,9.5,12.3,85,81,12,28,3,3,88,36.9,0.0,37.8,0.0,35.4,0.0,24.2,0.0,30.7,0.3,37.13333333333333,0.0,33.78333333333333,0.0,30.441666666666663,0.0,-0.6999999999999957,0.0,Tiruchirappalli,38.5,0.0
2024-03-28 13:00:00,33.4,43,0.0,999.5,3.9,9.5,65,56,13,28,3,3,88,36.2,0.0,37.7,0.0,36.7,0.0,25.4,0.0,31.6,0.0,36.583333333333336,0.0,34.45,0.0,30.516666666666666,0.0,-2.8000000000000043,0.0,Tiruchirappalli,36.1,0.0
2024-03-28 14:00:00,32.3,46,0.0,1000.2,5.9,13.3,103,101,14,28,3,3,88,33.4,0.0,36.9,0.0,37.5,0.0,27.2,0.0,30.7,0.0,35.71666666666667,0.0,34.875,0.0,30.58333333333333,0.0,-1.1000000000000014,0.0,Tiruchirappalli,34.0,0.0
2024-03-28 15:00:00,31.0,54,0.0,1001.2,13.0,23.2,134,132,15,28,3,3,88,32.3,0.0,36.2,0.0,37.8,0.0,29.4,0.0,29.8,0.0,34.583333333333336,0.0,35.00833333333333,0.0,30.633333333333336,0.0,-1.2999999999999972,0.0,Tiruchirappalli,32.2,0.0
2024-03-28 16:00:00,29.6,61,0.0,1002.1,11.6,21.3,120,116,16,28,3,3,88,31.0,0.0,33.4,0.0,37.7,0.0,31.6,0.0,28.6,0.0,33.233333333333334,0.0,34.84166666666666,0.0,30.675,0.0,-1.3999999999999986,0.0,Tiruchirappalli,30.5,0.0
2024-03-28 17:00:00,28.5,67,0.0,1002.9,8.6,17.2,116,112,17,28,3,3,88,29.6,0.0,32.3,0.0,36.9,0.0,33.6,0.0,27.8,0.0,31.83333333333333,0.0,34.416666666666664,0.0,30.70416666666667,0.0,-1.1000000000000014,0.0,Tiruchirappalli,29.4,0.0
2024-03-28 18:00:00,27.5,73,0.0,1003.1,7.6,16.1,119,115,18,28,3,3,88,28.5,0.0,31.0,0.0,36.2,0.0,35.4,0.0,27.0,0.0,30.38333333333333,0.0,33.75833333333333,0.0,30.725000000000005,0.0,-1.0,0.0,Tiruchirappalli,28.9,0.0
2024-03-28 19:00:00,26.7,80,0.0,1002.8,5.5,12.9,120,113,19,28,3,3,88,27.5,0.0,29.6,0.0,33.4,0.0,36.7,0.0,26.2,0.0,29.266666666666666,0.0,32.925,0.0,30.745833333333334,0.0,-0.8000000000000007,0.0,Tiruchirappalli,28.5,0.0
2024-03-28 20:00:00,25.8,86,0.0,1002.3,4.0,10.8,111,95,20,28,3,3,88,26.7,0.0,28.5,0.0,32.3,0.0,37.5,0.0,25.6,0.0,28.183333333333334,0.0,31.95,0.0,30.754166666666663,0.0,-0.8999999999999986,0.0,Tiruchirappalli,28.1,0.0
2024-03-28 21:00:00,25.0,91,0.0,1001.7,3.3,8.4,100,77,21,28,3,3,88,25.8,0.0,27.5,0.0,31.0,0.0,37.8,0.0,24.9,0.0,27.183333333333334,0.0,30.883333333333336,0.0,30.758333333333336,0.0,-0.8000000000000007,0.0,Tiruchirappalli,27.9,0.0
2024-03-28 22:00:00,24.5,94,0.0,1001.3,3.4,5.6,105,58,22,28,3,3,88,25.0,0.0,26.7,0.0,29.6,0.0,37.7,0.0,24.5,0.0,26.33333333333333,0.0,29.78333333333333,0.0,30.758333333333336,0.0,-0.5,0.0,Tiruchirappalli,27.3,0.0
2024-03-28 23:00:00,24.9,93,0.0,1001.1,1.1,2.2,99,360,23,28,3,3,88,24.5,0.0,25.8,0.0,28.5,0.0,36.9,0.0,24.3,0.0,25.73333333333333,0.0,28.78333333333333,0.0,30.78333333333333,0.0,0.3999999999999986,0.0,Tiruchirappalli,27.0,0.0
2024-03-29 00:00:00,25.4,91,0.0,1001.4,1.8,2.7,203,217,0,29,3,4,89,24.9,0.0,25.0,0.0,27.5,0.0,36.2,0.0,24.2,0.0,25.383333333333336,0.0,27.883333333333336,0.0,30.83333333333333,0.0,0.5,0.0,Tiruchirappalli,26.9,0.0
2024-03-29 01:00:00,26.5,88,0.0,1002.2,6.9,9.3,103,99,1,29,3,4,89,25.4,0.0,24.5,0.0,26.7,0.0,33.4,0.0,25.4,0.0,25.35,0.0,27.308333333333334,0.0,30.879166666666663,0.0,1.1000000000000014,0.0,Tiruchirappalli,27.8,0.0
2024-03-29 02:00:00,27.1,86,0.0,1002.9,8.2,10.8,116,113,2,29,3,4,89,26.5,0.0,24.9,0.0,25.8,0.0,32.3,0.0,27.2,0.0,25.566666666666663,0.0,26.875,0.0,30.875,0.0,0.6000000000000014,0.0,Tiruchirappalli,29.5,0.0
2024-03-29 03:00:00,28.8,75,0.1,1004.1,7.0,9.0,143,145,3,29,3,4,89,27.1,0.0,25.4,0.0,25.0,0.0,31.0,0.0,29.4,0.0,26.2,0.0999999999999997,26.691666666666663,0.0999999999999997,30.85,0.1,1.6999999999999993,0.1,Tiruchirappalli,31.5,0.0
2024-03-29 04:00:00,31.4,61,0.0,1004.2,4.9,6.5,161,163,4,29,3,4,89,28.8,0.1,26.5,0.0,24.5,0.0,29.6,0.0,31.6,0.0,27.35,0.0999999999999997,26.84166666666667,0.0999999999999997,30.841666666666665,0.1,2.599999999999998,-0.1,Tiruchirappalli,33.1,0.0
2024-03-29 05:00:00,34.0,47,0.0,1003.6,4.2,5.3,152,149,5,29,3,4,89,31.4,0.0,27.1,0.0,24.9,0.0,28.5,0.0,33.6,0.0,28.866666666666664,0.0999999999999997,27.3,0.0999999999999997,30.85833333333333,0.1,2.6000000000000014,0.0,Tiruchirappalli,34.7,0.0
2024-03-29 06:00:00,36.1,37,0.0,1002.7,5.1,6.4,137,135,6,29,3,4,89,34.0,0.0,28.8,0.1,25.4,0.0,27.5,0.0,35.4,0.0,30.65,0.0999999999999997,28.016666666666666,0.0999999999999997,30.8875,0.1,2.1000000000000014,0.0,Tiruchirappalli,36.4,0.0
2024-03-29 07:00:00,37.6,31,0.0,1001.6,6.9,8.7,120,118,7,29,3,4,89,36.1,0.0,31.4,0.0,26.5,0.0,26.7,0.0,36.7,0.0,32.5,0.0999999999999997,28.925,0.0999999999999997,30.925,0.1,1.5,0.0,Tiruchirappalli,37.4,0.0
2024-03-29 08:00:00,38.4,28,0.0,1000.2,10.6,13.6,101,100,8,29,3,4,89,37.6,0.0,34.0,0.0,27.1,0.0,25.8,0.0,37.5,0.0,34.38333333333333,0.0999999999999997,29.975,0.0999999999999997,30.9625,0.1,0.7999999999999972,0.0,Tiruchirappalli,38.3,0.0
2024-03-29 09:00:00,38.6,26,0.0,999.2,13.7,17.7,92,92,9,29,3,4,89,38.4,0.0,36.1,0.0,28.8,0.1,25.0,0.0,37.8,0.0,36.01666666666667,0.0,31.10833333333333,0.0999999999999997,30.995833333333334,0.1,0.2000000000000028,0.0,Tiruchirappalli,38.9,0.0
2024-03-29 10:00:00,38.0,27,0.0,998.8,14.1,18.4,94,94,10,29,3,4,89,38.6,0.0,37.6,0.0,31.4,0.0,24.5,0.0,37.7,0.0,37.11666666666667,0.0,32.233333333333334,0.0999999999999997,31.008333333333336,0.1,-0.6000000000000014,0.0,Tiruchirappalli,38.8,0.0
2024-03-29 11:00:00,37.4,28,0.0,998.5,12.2,15.8,111,114,11,29,3,4,89,38.0,0.0,38.4,0.0,34.0,0.0,24.9,0.0,36.9,0.0,37.68333333333333,0.0,33.275,0.0999999999999997,31.029166666666665,0.1,-0.6000000000000014,0.0,Tiruchirappalli,38.7,0.0
2024-03-29 12:00:00,36.3,30,0.0,998.5,11.4,15.4,123,125,12,29,3,4,89,37.4,0.0,38.6,0.0,36.1,0.0,25.4,0.0,36.2,0.0,37.71666666666667,0.0,34.18333333333333,0.0999999999999997,31.03333333333333,0.1,-1.1000000000000014,0.0,Tiruchirappalli,37.7,0.0
2024-03-29 13:00:00,33.8,40,0.0,999.6,6.0,12.7,115,115,13,29,3,4,89,36.3,0.0,38.0,0.0,37.6,0.0,26.5,0.0,33.4,0.0,37.08333333333333,0.0,34.791666666666664,0.0999999999999997,31.05,0.1,-2.5,0.0,Tiruchirappalli,35.4,0.0
2024-03-29 14:00:00,32.4,45,0.0,1000.4,9.3,19.2,146,144,14,29,3,4,89,33.8,0.0,37.4,0.0,38.4,0.0,27.1,0.0,32.3,0.0,36.083333333333336,0.0,35.23333333333333,0.0999999999999997,31.054166666666664,0.1,-1.3999999999999986,0.0,Tiruchirappalli,34.0,0.0
2024-03-29 15:00:00,30.9,49,0.0,1001.1,12.6,23.0,151,149,15,29,3,4,89,32.4,0.0,36.3,0.0,38.6,0.0,28.8,0.1,31.0,0.0,34.8,0.0,35.40833333333334,0.0,31.05,0.1,-1.5,0.0,Tiruchirappalli,32.8,0.0
2024-03-29 16:00:00,29.7,52,0.0,1001.9,9.7,19.9,136,129,16,29,3,4,89,30.9,0.0,33.8,0.0,38.0,0.0,31.4,0.0,29.6,0.0,33.416666666666664,0.0,35.266666666666666,0.0,31.054166666666664,0.1,-1.1999999999999993,0.0,Tiruchirappalli,31.0,0.0
2024-03-29 17:00:00,28.5,57,0.0,1002.7,8.9,18.6,126,117,17,29,3,4,89,29.7,0.0,32.4,0.0,37.4,0.0,34.0,0.0,28.5,0.0,31.933333333333334,0.0,34.80833333333333,0.0,31.054166666666664,0.1,-1.1999999999999993,0.0,Tiruchirappalli,29.7,0.0
2024-03-29 18:00:00,27.5,68,0.0,1002.9,8.8,17.9,130,125,18,29,3,4,89,28.5,0.0,30.9,0.0,36.3,0.0,36.1,0.0,27.5,0.0,30.466666666666665,0.0,34.09166666666667,0.0,31.054166666666664,0.1,-1.0,0.0,Tiruchirappalli,28.8,0.0
2024-03-29 19:00:00,26.6,80,0.0,1002.8,6.6,15.3,124,119,19,29,3,4,89,27.5,0.0,29.7,0.0,33.8,0.0,37.6,0.0,26.7,0.0,29.266666666666666,0.0,33.175,0.0,31.05,0.1,-0.8999999999999986,0.0,Tiruchirappalli,27.9,0.0
2024-03-29 20:00:00,25.8,89,0.0,1002.5,2.9,6.7,126,90,20,29,3,4,89,26.6,0.0,28.5,0.0,32.4,0.0,38.4,0.0,25.8,0.0,28.166666666666668,0.0,32.125,0.0,31.05,0.1,-0.8000000000000007,0.0,Tiruchirappalli,27.3,0.0
2024-03-29 21:00:00,24.9,95,0.0,1002.2,3.6,4.8,103,45,21,29,3,4,89,25.8,0.0,27.5,0.0,30.9,0.0,38.6,0.0,25.0,0.0,27.166666666666668,0.0,30.98333333333333,0.0,31.04583333333333,0.1,-0.9000000000000021,0.0,Tiruchirappalli,27.0,0.0
2024-03-29 22:00:00,25.0,95,0.0,1002.0,2.6,5.6,105,56,22,29,3,4,89,24.9,0.0,26.6,0.0,29.7,0.0,38.0,0.0,24.5,0.0,26.383333333333336,0.0,29.9,0.0,31.066666666666663,0.1,0.1000000000000014,0.0,Tiruchirappalli,26.3,0.0
2024-03-29 23:00:00,25.5,94,0.0,1002.1,4.3,6.2,126,114,23,29,3,4,89,25.0,0.0,25.8,0.0,28.5,0.0,37.4,0.0,24.9,0.0,25.883333333333336,0.0,28.90833333333333,0.0,31.091666666666665,0.1,0.5,0.0,Tiruchirappalli,25.9,0.0
2024-03-30 00:00:00,25.7,93,0.0,1002.5,5.6,7.7,143,140,0,30,3,5,90,25.5,0.0,24.9,0.0,27.5,0.0,36.3,0.0,25.4,0.0,25.58333333333333,0.0,28.025,0.0,31.104166666666668,0.1,0.1999999999999993,0.0,Tiruchirappalli,25.6,0.0
2024-03-30 01:00:00,26.2,89,0.0,1003.2,4.7,6.5,124,122,1,30,3,5,90,25.7,0.0,25.0,0.0,26.6,0.0,33.8,0.0,26.5,0.0,25.516666666666666,0.0,27.391666666666666,0.0,31.09166666666667,0.1,0.5,0.0,Tiruchirappalli,27.0,0.0
2024-03-30 02:00:00,27.0,82,0.0,1003.9,3.6,4.6,129,127,2,30,3,5,90,26.2,0.0,25.5,0.0,25.8,0.0,32.4,0.0,27.1,0.0,25.71666666666667,0.0,26.941666666666663,0.0,31.087499999999995,0.1,0.8000000000000007,0.0,Tiruchirappalli,28.9,0.0
2024-03-30 03:00:00,29.0,71,0.0,1004.5,2.8,3.8,139,140,3,30,3,5,90,27.0,0.0,25.7,0.0,24.9,0.0,30.9,0.0,28.8,0.1,26.399999999999995,0.0,26.78333333333333,0.0,31.09583333333333,0.0,2.0,0.0,Tiruchirappalli,31.6,0.0
2024-03-30 04:00:00,31.2,56,0.0,1004.7,3.1,4.2,149,144,4,30,3,5,90,29.0,0.0,26.2,0.0,25.0,0.0,29.7,0.0,31.4,0.0,27.433333333333334,0.0,26.90833333333333,0.0,31.0875,0.0,2.2,0.0,Tiruchirappalli,33.8,0.0
2024-03-30 05:00:00,33.5,42,0.0,1004.1,3.6,4.6,141,143,5,30,3,5,90,31.2,0.0,27.0,0.0,25.5,0.0,28.5,0.0,34.0,0.0,28.766666666666666,0.0,27.325,0.0,31.066666666666663,0.0,2.3000000000000007,0.0,Tiruchirappalli,35.7,0.0
2024-03-30 06:00:00,35.5,33,0.0,1003.4,4.2,5.0,120,121,6,30,3,5,90,33.5,0.0,29.0,0.0,25.7,0.0,27.5,0.0,36.1,0.0,30.4,0.0,27.991666666666664,0.0,31.041666666666668,0.0,2.0,0.0,Tiruchirappalli,36.9,0.0
2024-03-30 07:00:00,37.0,27,0.0,1002.3,5.8,7.3,99,97,7,30,3,5,90,35.5,0.0,31.2,0.0,26.2,0.0,26.6,0.0,37.6,0.0,32.2,0.0,28.85833333333333,0.0,31.016666666666666,0.0,1.5,0.0,Tiruchirappalli,38.5,0.0
2024-03-30 08:00:00,38.0,24,0.0,1001.2,8.0,10.1,86,85,8,30,3,5,90,37.0,0.0,33.5,0.0,27.0,0.0,25.8,0.0,38.4,0.0,34.03333333333333,0.0,29.875,0.0,31.0,0.0,1.0,0.0,Tiruchirappalli,39.3,0.0
2024-03-30 09:00:00,38.4,22,0.0,1000.0,10.2,12.7,83,82,9,30,3,5,90,38.0,0.0,35.5,0.0,29.0,0.0,24.9,0.0,38.6,0.0,35.6,0.0,31.0,0.0,30.991666666666664,0.0,0.3999999999999986,0.0,Tiruchirappalli,39.7,0.0
2024-03-30 10:00:00,38.1,22,0.0,999.4,12.0,15.2,83,81,10,30,3,5,90,38.4,0.0,37.0,0.0,31.2,0.0,25.0,0.0,38.0,0.0,36.75,0.0,32.09166666666666,0.0,30.995833333333334,0.0,-0.2999999999999971,0.0,Tiruchirappalli,39.8,0.1
2024-03-30 11:00:00,37.4,23,0.0,999.3,10.2,13.0,85,82,11,30,3,5,90,38.1,0.0,38.0,0.0,33.5,0.0,25.5,0.0,37.4,0.0,37.4,0.0,33.083333333333336,0.0,30.995833333333334,0.0,-0.7000000000000028,0.0,Tiruchirappalli,38.4,0.0
2024-03-30 12:00:00,36.3,26,0.0,999.7,8.0,10.1,63,54,12,30,3,5,90,37.4,0.0,38.4,0.0,35.5,0.0,25.7,0.0,36.3,0.0,37.53333333333333,0.0,33.96666666666666,0.0,30.995833333333334,0.0,-1.1000000000000014,0.0,Tiruchirappalli,36.6,0.0
2024-03-30 13:00:00,33.9,32,0.0,1000.7,7.2,14.8,61,53,13,30,3,5,90,36.3,0.0,38.1,0.0,37.0,0.0,26.2,0.0,33.8,0.0,37.016666666666666,0.0,34.608333333333334,0.0,31.0,0.0,-2.3999999999999986,0.0,Tiruchirappalli,35.4,0.0
2024-03-30 14:00:00,32.1,43,0.0,1001.8,15.1,25.7,127,123,14,30,3,5,90,33.9,0.0,37.4,0.0,38.0,0.0,27.0,0.0,32.4,0.0,36.03333333333333,0.0,35.03333333333333,0.0,30.9875,0.0,-1.7999999999999972,0.0,Tiruchirappalli,34.3,0.0
2024-03-30 15:00:00,30.7,52,0.0,1002.6,14.8,25.0,131,129,15,30,3,5,90,32.1,0.0,36.3,0.0,38.4,0.0,29.0,0.0,30.9,0.0,34.75,0.0,35.175000000000004,0.0,30.979166666666668,0.0,-1.400000000000002,0.0,Tiruchirappalli,33.2,0.0
2024-03-30 16:00:00,29.0,64,0.0,1003.4,13.7,23.4,127,125,16,30,3,5,90,30.7,0.0,33.9,0.0,38.1,0.0,31.2,0.0,29.7,0.0,33.233333333333334,0.0,34.99166666666667,0.0,30.95,0.0,-1.6999999999999993,0.0,Tiruchirappalli,31.3,0.0
2024-03-30 17:00:00,27.9,73,0.0,1004.0,11.0,20.0,124,122,17,30,3,5,90,29.0,0.0,32.1,0.0,37.4,0.0,33.5,0.0,28.5,0.0,31.649999999999995,0.0,34.525,0.0,30.925,0.0,-1.1000000000000014,0.0,Tiruchirappalli,29.8,0.0
2024-03-30 18:00:00,27.0,79,0.0,1004.1,8.4,16.9,119,115,18,30,3,5,90,27.9,0.0,30.7,0.0,36.3,0.0,35.5,0.0,27.5,0.0,30.1,0.0,33.81666666666667,0.0,30.904166666666665,0.0,-0.8999999999999986,0.0,Tiruchirappalli,28.9,0.0
2024-03-30 19:00:00,26.1,85,0.0,1004.0,4.4,12.9,117,99,19,30,3,5,90,27.0,0.0,29.0,0.0,33.9,0.0,37.0,0.0,26.6,0.0,28.8,0.0,32.90833333333334,0.0,30.88333333333333,0.0,-0.8999999999999986,0.0,Tiruchirappalli,28.4,0.0
2024-03-30 20:00:00,25.2,91,0.0,1003.6,4.2,7.1,114,59,20,30,3,5,90,26.1,0.0,27.9,0.0,32.1,0.0,38.0,0.0,25.8,0.0,27.65,0.0,31.84166666666667,0.0,30.85833333333333,0.0,-0.9000000000000021,0.0,Tiruchirappalli,27.9,0.0
2024-03-30 21:00:00,25.0,91,0.0,1003.4,2.9,6.5,93,30,21,30,3,5,90,25.2,0.0,27.0,0.0,30.7,0.0,38.4,0.0,24.9,0.0,26.7,0.0,30.725,0.0,30.8625,0.0,-0.1999999999999993,0.0,Tiruchirappalli,27.3,0.0
2024-03-30 22:00:00,25.1,90,0.0,1003.3,2.9,3.3,77,360,22,30,3,5,90,25.0,0.0,26.1,0.0,29.0,0.0,38.1,0.0,25.0,0.0,26.05,0.0,29.641666666666666,0.0,30.86666666666667,0.0,0.1000000000000014,0.0,Tiruchirappalli,27.0,0.0
2024-03-30 23:00:00,25.9,87,0.1,1003.5,3.7,3.7,11,349,23,30,3,5,90,25.1,0.0,25.2,0.0,27.9,0.0,37.4,0.0,25.5,0.0,25.71666666666667,0.0999999999999997,28.683333333333334,0.0999999999999997,30.883333333333336,0.1,0.7999999999999972,0.1,Tiruchirappalli,26.8,0.0
2024-03-31 00:00:00,26.1,88,0.1,1004.0,3.2,4.8,312,297,0,31,3,6,91,25.9,0.1,25.0,0.0,27.0,0.0,36.3,0.0,25.7,0.0,25.566666666666663,0.1999999999999998,27.83333333333333,0.1999999999999998,30.9,0.2,0.2000000000000028,0.0,Tiruchirappalli,26.3,0.0
2024-03-31 01:00:00,25.9,88,0.4,1004.6,2.8,4.1,15,320,1,31,3,6,91,26.1,0.1,25.1,0.0,26.1,0.0,33.9,0.0,26.2,0.0,25.53333333333333,0.5999999999999999,27.166666666666668,0.5999999999999999,30.887500000000003,0.6000000000000001,-0.2000000000000028,0.3,Tiruchirappalli,27.7,0.0
2024-03-31 02:00:00,27.1,83,0.0,1005.3,4.3,5.4,8,5,2,31,3,6,91,25.9,0.4,25.9,0.1,25.2,0.0,32.1,0.0,27.0,0.0,25.85,0.5999999999999999,26.75,0.5999999999999999,30.891666666666666,0.6000000000000001,1.2000000000000028,-0.4,Tiruchirappalli,29.6,0.0
2024-03-31 03:00:00,28.1,79,0.1,1006.1,7.8,9.4,113,112,3,31,3,6,91,27.1,0.0,26.1,0.1,25.0,0.0,30.7,0.0,29.0,0.0,26.366666666666664,0.6999999999999998,26.53333333333333,0.6999999999999998,30.854166666666668,0.7000000000000001,1.0,0.1,Tiruchirappalli,32.1,0.0
2024-03-31 04:00:00,30.5,67,0.0,1006.0,3.3,3.8,49,49,4,31,3,6,91,28.1,0.1,25.9,0.4,25.1,0.0,29.0,0.0,31.2,0.0,27.26666666666667,0.6999999999999998,26.65833333333333,0.6999999999999998,30.825,0.7000000000000001,2.3999999999999986,-0.1,Tiruchirappalli,34.4,0.0
2024-03-31 05:00:00,32.7,53,0.1,1005.6,3.7,4.4,125,119,5,31,3,6,91,30.5,0.0,27.1,0.0,25.9,0.1,27.9,0.0,33.5,0.0,28.4,0.6999999999999998,27.058333333333334,0.7999999999999998,30.791666666666668,0.8,2.200000000000003,0.1,Tiruchirappalli,36.5,0.0
2024-03-31 06:00:00,34.2,46,0.1,1004.5,4.9,6.2,126,126,6,31,3,6,91,32.7,0.1,28.1,0.1,26.1,0.1,27.0,0.0,35.5,0.0,29.75,0.6999999999999998,27.65833333333333,0.8999999999999998,30.7375,0.9,1.5,0.0,Tiruchirappalli,38.3,0.0
2024-03-31 07:00:00,35.4,42,0.0,1003.3,4.9,6.2,126,126,7,31,3,6,91,34.2,0.1,30.5,0.0,25.9,0.4,26.1,0.0,37.0,0.0,31.33333333333333,0.2999999999999998,28.433333333333334,0.8999999999999998,30.67083333333333,0.9,1.1999999999999955,-0.1,Tiruchirappalli,39.7,0.0
2024-03-31 08:00:00,36.4,39,0.0,1002.1,5.2,6.3,103,102,8,31,3,6,91,35.4,0.0,32.7,0.1,27.1,0.0,25.2,0.0,38.0,0.0,32.88333333333333,0.2999999999999998,29.366666666666664,0.8999999999999998,30.604166666666668,0.9,1.0,0.0,Tiruchirappalli,40.7,0.0
2024-03-31 09:00:00,36.8,37,0.0,1000.8,6.5,8.3,90,90,9,31,3,6,91,36.4,0.0,34.2,0.1,28.1,0.1,25.0,0.0,38.4,0.0,34.333333333333336,0.1999999999999998,30.35,0.8999999999999998,30.537500000000005,0.9,0.3999999999999986,0.0,Tiruchirappalli,40.8,0.0
2024-03-31 10:00:00,36.8,37,0.0,999.9,9.0,11.2,92,90,10,31,3,6,91,36.8,0.0,35.4,0.0,30.5,0.0,25.1,0.0,38.1,0.0,35.38333333333333,0.1999999999999998,31.325000000000003,0.8999999999999998,30.48333333333333,0.9,0.0,0.0,Tiruchirappalli,40.6,0.0
2024-03-31 11:00:00,36.2,39,0.0,999.5,9.7,12.7,105,105,11,31,3,6,91,36.8,0.0,36.4,0.0,32.7,0.1,25.9,0.1,37.4,0.0,35.96666666666667,0.0999999999999997,32.18333333333333,0.7999999999999998,30.433333333333337,0.9,-0.5999999999999943,0.0,Tiruchirappalli,40.1,0.0
2024-03-31 12:00:00,35.3,41,0.0,999.7,10.0,13.5,115,116,12,31,3,6,91,36.2,0.0,36.8,0.0,34.2,0.1,26.1,0.1,36.3,0.0,36.15,0.0,32.95,0.6999999999999997,30.391666666666666,0.9,-0.9000000000000057,0.0,Tiruchirappalli,39.1,0.0
2024-03-31 13:00:00,33.7,44,0.0,1000.4,9.2,15.6,83,79,13,31,3,6,91,35.3,0.0,36.8,0.0,35.4,0.0,25.9,0.4,33.9,0.0,35.86666666666667,0.0,33.6,0.2999999999999998,30.383333333333336,0.9,-1.5999999999999943,0.0,Tiruchirappalli,35.3,0.0
2024-03-31 14:00:00,32.6,47,0.0,1001.1,11.5,20.2,112,110,14,31,3,6,91,33.7,0.0,36.2,0.0,36.4,0.0,27.1,0.0,32.1,0.0,35.233333333333334,0.0,34.05833333333334,0.2999999999999998,30.404166666666665,0.9,-1.1000000000000014,0.0,Tiruchirappalli,34.0,0.0
2024-03-31 15:00:00,30.6,56,0.0,1001.9,12.0,19.3,135,134,15,31,3,6,91,32.6,0.0,35.3,0.0,36.8,0.0,28.1,0.1,30.7,0.0,34.2,0.0,34.266666666666666,0.1999999999999998,30.4,0.9,-2.0,0.0,Tiruchirappalli,33.1,0.0
2024-03-31 16:00:00,29.7,59,0.0,1002.5,13.2,22.6,119,116,16,31,3,6,91,30.6,0.0,33.7,0.0,36.8,0.0,30.5,0.0,29.0,0.0,33.016666666666666,0.0,34.2,0.1999999999999998,30.42916666666667,0.9,-0.9000000000000021,0.0,Tiruchirappalli,30.9,0.0
2024-03-31 17:00:00,28.7,68,0.0,1002.9,12.2,21.3,118,118,17,31,3,6,91,29.7,0.0,32.6,0.0,36.2,0.0,32.7,0.1,27.9,0.0,31.766666666666666,0.0,33.86666666666667,0.0999999999999997,30.4625,0.9,-1.0,0.0,Tiruchirappalli,29.3,0.0
2024-03-31 18:00:00,28.0,75,0.0,1002.9,8.9,16.3,115,111,18,31,3,6,91,28.7,0.0,30.6,0.0,35.3,0.0,34.2,0.1,27.0,0.0,30.55,0.0,33.35,0.0,30.504166666666663,0.9,-0.6999999999999993,0.0,Tiruchirappalli,28.2,0.0
2024-03-31 19:00:00,27.4,79,0.0,1002.4,5.0,10.9,99,90,19,31,3,6,91,28.0,0.0,29.7,0.0,33.7,0.0,35.4,0.0,26.1,0.0,29.5,0.0,32.68333333333333,0.0,30.558333333333337,0.9,-0.6000000000000014,0.0,Tiruchirappalli,27.1,0.0
2024-03-31 20:00:00,26.7,82,0.0,1001.7,3.4,9.2,111,108,20,31,3,6,91,27.4,0.0,28.7,0.0,32.6,0.0,36.4,0.0,25.2,0.0,28.516666666666666,0.0,31.875,0.0,30.620833333333334,0.9,-0.6999999999999993,0.0,Tiruchirappalli,26.4,0.0
2024-03-31 21:00:00,26.2,85,0.0,1001.4,3.5,9.4,148,156,21,31,3,6,91,26.7,0.0,28.0,0.0,30.6,0.0,36.8,0.0,25.0,0.0,27.78333333333333,0.0,30.991666666666664,0.0,30.67083333333333,0.9,-0.5,0.0,Tiruchirappalli,26.1,0.0
2024-03-31 22:00:00,25.7,89,0.0,1001.3,4.3,7.0,168,175,22,31,3,6,91,26.2,0.0,27.4,0.0,29.7,0.0,36.8,0.0,25.1,0.0,27.11666666666667,0.0,30.066666666666663,0.0,30.69583333333333,0.9,-0.5,0.0,Tiruchirappalli,25.8,0.0
2024-03-31 23:00:00,25.9,89,0.0,1001.5,0.4,3.3,186,360,23,31,3,6,91,25.7,0.0,26.7,0.0,28.7,0.0,36.2,0.0,25.9,0.1,26.649999999999995,0.0,29.20833333333333,0.0,30.69583333333333,0.8,0.1999999999999993,0.0,Tiruchirappalli,25.3,0.0
2024-04-01 00:00:00,26.3,86,0.0,1001.9,1.5,0.4,270,14,0,1,4,0,92,25.9,0.0,26.2,0.0,28.0,0.0,35.3,0.0,26.1,0.1,26.366666666666664,0.0,28.45833333333333,0.0,30.704166666666666,0.7,0.4000000000000021,0.0,Tiruchirappalli,25.2,0.0
2024-04-01 01:00:00,26.8,89,0.1,1002.5,1.8,2.5,90,79,1,1,4,0,92,26.3,0.0,25.7,0.0,27.4,0.0,33.7,0.0,25.9,0.4,26.26666666666667,0.0999999999999997,27.883333333333336,0.0999999999999997,30.741666666666664,0.4,0.5,0.1,Tiruchirappalli,27.5,0.0
2024-04-01 02:00:00,27.7,85,0.1,1003.2,3.1,4.1,128,126,2,1,4,0,92,26.8,0.1,25.9,0.0,26.7,0.0,32.6,0.0,27.1,0.0,26.433333333333334,0.1999999999999998,27.475,0.1999999999999998,30.766666666666666,0.5,0.8999999999999986,0.0,Tiruchirappalli,29.4,0.0
2024-04-01 03:00:00,29.7,72,0.2,1003.7,5.8,7.1,156,158,3,1,4,0,92,27.7,0.1,26.3,0.0,26.2,0.0,30.6,0.0,28.1,0.1,27.016666666666666,0.3999999999999998,27.4,0.3999999999999998,30.83333333333333,0.6000000000000001,2.0,0.1,Tiruchirappalli,31.6,0.0
2024-04-01 04:00:00,31.4,64,0.4,1003.8,5.2,6.7,164,164,4,1,4,0,92,29.7,0.2,26.8,0.1,25.7,0.0,29.7,0.0,30.5,0.0,27.966666666666665,0.7999999999999998,27.541666666666668,0.7999999999999998,30.870833333333337,1.0,1.6999999999999993,0.2,Tiruchirappalli,33.8,0.0
2024-04-01 05:00:00,33.7,53,0.1,1003.1,3.8,4.9,163,163,5,1,4,0,92,31.4,0.4,27.7,0.1,25.9,0.0,28.7,0.0,32.7,0.1,29.26666666666667,0.8999999999999998,27.95833333333333,0.8999999999999998,30.9125,1.0,2.3000000000000043,-0.3,Tiruchirappalli,36.0,0.0
2024-04-01 06:00:00,35.7,45,0.0,1001.7,3.1,3.8,139,135,6,1,4,0,92,33.7,0.1,29.7,0.2,26.3,0.0,28.0,0.0,34.2,0.1,30.83333333333333,0.8999999999999998,28.6,0.8999999999999998,30.975,0.9,2.0,-0.1,Tiruchirappalli,38.0,0.0
2024-04-01 07:00:00,37.2,38,0.0,1000.4,4.7,5.9,101,99,7,1,4,0,92,35.7,0.0,31.4,0.4,26.8,0.1,27.4,0.0,35.4,0.0,32.56666666666666,0.7999999999999998,29.416666666666668,0.8999999999999998,31.05,0.9,1.5,0.0,Tiruchirappalli,39.5,0.0
2024-04-01 08:00:00,38.1,33,0.0,999.2,6.5,8.0,95,96,8,1,4,0,92,37.2,0.0,33.7,0.1,27.7,0.1,26.7,0.0,36.4,0.0,34.300000000000004,0.6999999999999997,30.36666666666667,0.8999999999999998,31.120833333333334,0.9,0.8999999999999986,0.0,Tiruchirappalli,40.5,0.0
2024-04-01 09:00:00,38.5,31,0.0,997.5,8.3,10.4,92,92,9,1,4,0,92,38.1,0.0,35.7,0.0,29.7,0.2,26.2,0.0,36.8,0.0,35.76666666666667,0.4999999999999998,31.39166666666667,0.8999999999999998,31.191666666666663,0.9,0.3999999999999986,0.0,Tiruchirappalli,41.0,0.0
2024-04-01 10:00:00,38.4,30,0.0,996.7,10.8,13.7,88,86,10,1,4,0,92,38.5,0.0,37.2,0.0,31.4,0.4,25.7,0.0,36.8,0.0,36.93333333333334,0.0999999999999997,32.45,0.8999999999999998,31.258333333333336,0.9,-0.1000000000000014,0.0,Tiruchirappalli,40.8,0.0
2024-04-01 11:00:00,37.8,31,0.0,996.4,11.5,14.8,91,90,11,1,4,0,92,38.4,0.0,38.1,0.0,33.7,0.1,25.9,0.0,36.2,0.0,37.61666666666667,0.0,33.44166666666667,0.8999999999999998,31.325,0.9,-0.6000000000000014,0.0,Tiruchirappalli,40.1,0.0
2024-04-01 12:00:00,36.8,33,0.0,996.8,12.3,16.4,105,105,12,1,4,0,92,37.8,0.0,38.5,0.0,35.7,0.0,26.3,0.0,35.3,0.0,37.8,0.0,34.31666666666666,0.8999999999999998,31.3875,0.9,-1.0,0.0,Tiruchirappalli,38.4,0.0
2024-04-01 13:00:00,34.6,42,0.0,998.1,11.0,18.0,102,101,13,1,4,0,92,36.8,0.0,38.4,0.0,37.2,0.0,26.8,0.1,33.7,0.0,37.36666666666667,0.0,34.96666666666666,0.7999999999999998,31.425,0.9,-2.199999999999996,0.0,Tiruchirappalli,36.1,0.0
2024-04-01 14:00:00,33.3,48,0.0,999.1,13.8,23.2,138,137,14,1,4,0,92,34.6,0.0,37.8,0.0,38.1,0.0,27.7,0.1,32.6,0.0,36.56666666666666,0.0,35.43333333333333,0.6999999999999997,31.454166666666666,0.9,-1.3000000000000045,0.0,Tiruchirappalli,34.4,0.0
2024-04-01 15:00:00,31.2,59,0.0,1000.1,16.3,25.1,145,145,15,1,4,0,92,33.3,0.0,36.8,0.0,38.5,0.0,29.7,0.2,30.6,0.0,35.35,0.0,35.55833333333333,0.4999999999999998,31.479166666666668,0.9,-2.099999999999998,0.0,Tiruchirappalli,32.8,0.0
2024-04-01 16:00:00,30.2,62,0.0,1000.9,12.8,21.8,142,142,16,1,4,0,92,31.2,0.0,34.6,0.0,38.4,0.0,31.4,0.4,29.7,0.0,33.98333333333333,0.0,35.458333333333336,0.0999999999999997,31.5,0.9,-1.0,0.0,Tiruchirappalli,31.2,0.0
2024-04-01 17:00:00,29.6,63,0.0,1001.5,9.9,18.0,147,147,17,1,4,0,92,30.2,0.0,33.3,0.0,37.8,0.0,33.7,0.1,28.7,0.0,32.61666666666667,0.0,35.11666666666667,0.0,31.5375,0.9,-0.5999999999999979,0.0,Tiruchirappalli,29.8,0.0
2024-04-01 18:00:00,28.8,68,0.0,1001.2,7.6,14.3,155,155,18,1,4,0,92,29.6,0.0,31.2,0.0,36.8,0.0,35.7,0.0,28.0,0.0,31.28333333333333,0.0,34.541666666666664,0.0,31.570833333333336,0.9,-0.8000000000000007,0.0,Tiruchirappalli,28.2,0.0
2024-04-01 19:00:00,28.2,72,0.0,1000.7,7.4,13.9,170,166,19,1,4,0,92,28.8,0.0,30.2,0.0,34.6,0.0,37.2,0.0,27.4,0.0,30.216666666666665,0.0,33.791666666666664,0.0,31.60416666666666,0.9,-0.6000000000000014,0.0,Tiruchirappalli,26.5,0.0
2024-04-01 20:00:00,27.6,77,0.0,999.9,7.9,15.3,165,156,20,1,4,0,92,28.2,0.0,29.6,0.0,33.3,0.0,38.1,0.0,26.7,0.0,29.26666666666667,0.0,32.916666666666664,0.0,31.641666666666666,0.9,-0.5999999999999979,0.0,Tiruchirappalli,25.4,0.0
2024-04-01 21:00:00,27.1,80,0.0,999.4,7.4,14.7,158,151,21,1,4,0,92,27.6,0.0,28.8,0.0,31.2,0.0,38.5,0.0,26.2,0.0,28.58333333333333,0.0,31.966666666666665,0.0,31.679166666666664,0.9,-0.5,0.0,Tiruchirappalli,25.7,0.0
2024-04-01 22:00:00,26.7,84,0.0,999.1,4.2,11.7,171,160,22,1,4,0,92,27.1,0.0,28.2,0.0,30.2,0.0,38.4,0.0,25.7,0.0,28.0,0.0,30.991666666666664,0.0,31.72083333333333,0.9,-0.4000000000000021,0.0,Tiruchirappalli,24.7,0.0
2024-04-01 23:00:00,26.2,86,0.0,999.4,4.2,8.6,178,149,23,1,4,0,92,26.7,0.0,27.6,0.0,29.6,0.0,37.8,0.0,25.9,0.0,27.433333333333337,0.0,30.024999999999995,0.0,31.73333333333333,0.9,-0.5,0.0,Tiruchirappalli,24.8,0.0
2024-04-02 00:00:00,25.9,87,0.0,999.9,4.1,7.2,177,142,0,2,4,1,93,26.2,0.0,27.1,0.0,28.8,0.0,36.8,0.0,26.3,0.0,26.95,0.0,29.11666666666667,0.0,31.716666666666665,0.9,-0.3000000000000007,0.0,Tiruchirappalli,24.7,0.0
2024-04-02 01:00:00,27.7,89,0.0,1000.2,3.7,3.6,84,61,1,2,4,1,93,25.9,0.0,26.7,0.0,28.2,0.0,34.6,0.0,26.8,0.1,26.86666666666667,0.0,28.541666666666668,0.0,31.754166666666663,0.8,1.8000000000000007,0.0,Tiruchirappalli,26.1,0.0
2024-04-02 02:00:00,29.1,81,0.0,1001.1,2.3,3.1,126,108,2,2,4,1,93,27.7,0.0,26.2,0.0,27.6,0.0,33.3,0.0,27.7,0.1,27.11666666666667,0.0,28.191666666666663,0.0,31.8125,0.7000000000000001,1.400000000000002,0.0,Tiruchirappalli,28.4,0.0
2024-04-02 03:00:00,31.0,70,0.1,1001.6,3.9,5.2,146,146,3,2,4,1,93,29.1,0.0,25.9,0.0,27.1,0.0,31.2,0.0,29.7,0.2,27.766666666666666,0.0999999999999997,28.175,0.0999999999999997,31.86666666666667,0.6000000000000001,1.8999999999999984,0.1,Tiruchirappalli,31.6,0.0
2024-04-02 04:00:00,33.0,58,0.0,1001.7,3.7,4.8,153,151,4,2,4,1,93,31.0,0.1,27.7,0.0,26.7,0.0,30.2,0.0,31.4,0.4,28.816666666666663,0.0999999999999997,28.40833333333333,0.0999999999999997,31.933333333333334,0.2,2.0,-0.1,Tiruchirappalli,34.1,0.0
2024-04-02 05:00:00,35.1,46,0.0,1000.9,3.9,4.7,148,146,5,2,4,1,93,33.0,0.0,29.1,0.0,26.2,0.0,29.6,0.0,33.7,0.1,30.3,0.0999999999999997,28.866666666666664,0.0999999999999997,31.99166666666667,0.1,2.1000000000000014,0.0,Tiruchirappalli,36.2,0.0
2024-04-02 06:00:00,37.0,37,0.0,999.7,4.1,5.1,135,135,6,2,4,1,93,35.1,0.0,31.0,0.1,25.9,0.0,28.8,0.0,35.7,0.0,32.15,0.0999999999999997,29.55,0.0999999999999997,32.045833333333334,0.1,1.8999999999999984,0.0,Tiruchirappalli,38.0,0.0
2024-04-02 07:00:00,38.7,30,0.0,998.6,4.5,5.6,117,119,7,2,4,1,93,37.0,0.0,33.0,0.0,27.7,0.0,28.2,0.0,37.2,0.0,33.983333333333334,0.0999999999999997,30.425,0.0999999999999997,32.108333333333334,0.1,1.7000000000000028,0.0,Tiruchirappalli,39.4,0.0
2024-04-02 08:00:00,39.6,26,0.0,997.0,4.6,5.7,108,108,8,2,4,1,93,38.7,0.0,35.1,0.0,29.1,0.0,27.6,0.0,38.1,0.0,35.733333333333334,0.0999999999999997,31.425,0.0999999999999997,32.170833333333334,0.1,0.8999999999999986,0.0,Tiruchirappalli,40.1,0.0
2024-04-02 09:00:00,40.1,25,0.0,995.8,6.1,7.6,87,87,9,2,4,1,93,39.6,0.0,37.0,0.0,31.0,0.1,27.1,0.0,38.5,0.0,37.25,0.0,32.50833333333333,0.0999999999999997,32.237500000000004,0.1,0.5,0.0,Tiruchirappalli,40.4,0.0
2024-04-02 10:00:00,40.0,25,0.0,995.3,10.6,13.4,82,80,10,2,4,1,93,40.1,0.0,38.7,0.0,33.0,0.0,26.7,0.0,38.4,0.0,38.41666666666666,0.0,33.61666666666667,0.0999999999999997,32.30416666666667,0.1,-0.1000000000000014,0.0,Tiruchirappalli,40.6,0.0
2024-04-02 11:00:00,39.3,25,0.0,994.9,13.1,16.6,72,69,11,2,4,1,93,40.0,0.0,39.6,0.0,35.1,0.0,26.2,0.0,37.8,0.0,39.11666666666667,0.0,34.708333333333336,0.0999999999999997,32.36666666666667,0.1,-0.7000000000000028,0.0,Tiruchirappalli,40.0,0.0
2024-04-02 12:00:00,38.5,25,0.0,995.2,12.6,17.0,86,87,12,2,4,1,93,39.3,0.0,40.1,0.0,37.0,0.0,25.9,0.0,36.8,0.0,39.36666666666667,0.0,35.75833333333333,0.0999999999999997,32.4375,0.1,-0.7999999999999972,0.0,Tiruchirappalli,38.5,0.0
2024-04-02 13:00:00,36.1,26,0.0,996.2,7.2,16.2,87,84,13,2,4,1,93,38.5,0.0,40.0,0.0,38.7,0.0,27.7,0.0,34.6,0.0,38.93333333333333,0.0,36.458333333333336,0.0999999999999997,32.5,0.1,-2.3999999999999986,0.0,Tiruchirappalli,36.3,0.0
2024-04-02 14:00:00,34.0,42,0.0,997.3,18.1,30.7,149,149,14,2,4,1,93,36.1,0.0,39.3,0.0,39.6,0.0,29.1,0.0,33.3,0.0,38.0,0.0,36.86666666666667,0.0999999999999997,32.52916666666667,0.1,-2.1000000000000014,0.0,Tiruchirappalli,34.5,0.0
2024-04-02 15:00:00,32.2,49,0.0,998.3,16.7,28.1,147,143,15,2,4,1,93,34.0,0.0,38.5,0.0,40.1,0.0,31.0,0.1,31.2,0.0,36.68333333333334,0.0,36.96666666666667,0.0,32.57083333333333,0.1,-1.7999999999999972,0.0,Tiruchirappalli,32.4,0.0
2024-04-02 16:00:00,30.5,58,0.0,999.4,13.6,24.2,133,130,16,2,4,1,93,32.2,0.0,36.1,0.0,40.0,0.0,33.0,0.0,30.2,0.0,35.1,0.0,36.75833333333333,0.0,32.583333333333336,0.1,-1.7000000000000028,0.0,Tiruchirappalli,30.8,0.0
2024-04-02 17:00:00,29.4,69,0.0,1000.5,9.7,17.9,142,138,17,2,4,1,93,30.5,0.0,34.0,0.0,39.3,0.0,35.1,0.0,29.6,0.0,33.45,0.0,36.28333333333334,0.0,32.575,0.1,-1.1000000000000014,0.0,Tiruchirappalli,29.1,0.0
2024-04-02 18:00:00,28.9,74,0.0,1000.8,7.1,14.2,159,156,18,2,4,1,93,29.4,0.0,32.2,0.0,38.5,0.0,37.0,0.0,28.8,0.0,31.85,0.0,35.608333333333334,0.0,32.579166666666666,0.1,-0.5,0.0,Tiruchirappalli,28.0,0.0
2024-04-02 19:00:00,28.5,77,0.0,1000.5,6.5,12.9,157,146,19,2,4,1,93,28.9,0.0,30.5,0.0,36.1,0.0,38.7,0.0,28.2,0.0,30.58333333333333,0.0,34.75833333333333,0.0,32.59166666666667,0.1,-0.3999999999999986,0.0,Tiruchirappalli,27.0,0.0
2024-04-02 20:00:00,28.1,80,0.0,1000.3,4.2,10.4,160,149,20,2,4,1,93,28.5,0.0,29.4,0.0,34.0,0.0,39.6,0.0,27.6,0.0,29.6,0.0,33.800000000000004,0.0,32.612500000000004,0.1,-0.3999999999999986,0.0,Tiruchirappalli,26.2,0.0
2024-04-02 21:00:00,27.9,81,0.0,1000.1,3.9,10.0,167,158,21,2,4,1,93,28.1,0.0,28.9,0.0,32.2,0.0,40.1,0.0,27.1,0.0,28.88333333333333,0.0,32.78333333333333,0.0,32.645833333333336,0.1,-0.2000000000000028,0.0,Tiruchirappalli,25.1,0.0
2024-04-02 22:00:00,27.3,82,0.0,999.8,4.4,9.0,178,171,22,2,4,1,93,27.9,0.0,28.5,0.0,30.5,0.0,40.0,0.0,26.7,0.0,28.350000000000005,0.0,31.725,0.0,32.670833333333334,0.1,-0.5999999999999979,0.0,Tiruchirappalli,24.6,0.0
2024-04-02 23:00:00,27.0,81,0.0,999.8,4.6,10.1,197,198,23,2,4,1,93,27.3,0.0,28.1,0.0,29.4,0.0,39.3,0.0,26.2,0.0,27.950000000000003,0.0,30.7,0.0,32.70416666666667,0.1,-0.3000000000000007,0.0,Tiruchirappalli,24.6,0.0
2024-04-03 00:00:00,26.9,81,0.0,1000.2,4.7,11.8,207,203,0,3,4,2,94,27.0,0.0,27.9,0.0,28.9,0.0,38.5,0.0,25.9,0.0,27.616666666666664,0.0,29.73333333333333,0.0,32.74583333333334,0.1,-0.1000000000000014,0.0,Tiruchirappalli,24.6,0.0
2024-04-03 01:00:00,27.8,81,0.0,1001.1,3.6,5.3,152,96,1,3,4,2,94,26.9,0.0,27.3,0.0,28.5,0.0,36.1,0.0,27.7,0.0,27.5,0.0,29.041666666666668,0.0,32.75,0.1,0.9000000000000021,0.0,Tiruchirappalli,25.9,0.0
2024-04-03 02:00:00,29.5,71,0.0,1002.0,5.5,7.1,131,122,2,3,4,2,94,27.8,0.0,27.0,0.0,28.1,0.0,34.0,0.0,29.1,0.0,27.73333333333333,0.0,28.666666666666668,0.0,32.766666666666666,0.1,1.6999999999999993,0.0,Tiruchirappalli,28.3,0.0
2024-04-03 03:00:00,31.5,60,0.0,1002.5,6.8,8.6,165,162,3,3,4,2,94,29.5,0.0,26.9,0.0,27.9,0.0,32.2,0.0,31.0,0.1,28.33333333333333,0.0,28.60833333333333,0.0,32.7875,0.0,2.0,0.0,Tiruchirappalli,31.4,0.0
2024-04-03 04:00:00,33.1,52,0.0,1002.6,7.6,9.4,182,180,4,3,4,2,94,31.5,0.0,27.8,0.0,27.3,0.0,30.5,0.0,33.0,0.0,29.3,0.0,28.825,0.0,32.791666666666664,0.0,1.6000000000000014,0.0,Tiruchirappalli,34.4,0.0
2024-04-03 05:00:00,34.7,44,0.0,1002.1,7.2,9.0,178,177,5,3,4,2,94,33.1,0.0,29.5,0.0,27.0,0.0,29.4,0.0,35.1,0.0,30.58333333333333,0.0,29.266666666666666,0.0,32.775,0.0,1.6000000000000014,0.0,Tiruchirappalli,36.5,0.0
2024-04-03 06:00:00,36.4,37,0.0,1001.0,7.0,8.5,168,168,6,3,4,2,94,34.7,0.0,31.5,0.0,26.9,0.0,28.9,0.0,37.0,0.0,32.166666666666664,0.0,29.89166666666667,0.0,32.75,0.0,1.6999999999999955,0.0,Tiruchirappalli,38.2,0.0
2024-04-03 07:00:00,37.4,33,0.0,999.7,6.5,8.4,173,174,7,3,4,2,94,36.4,0.0,33.1,0.0,27.8,0.0,28.5,0.0,38.7,0.0,33.766666666666666,0.0,30.633333333333336,0.0,32.69583333333333,0.0,1.0,0.0,Tiruchirappalli,39.5,0.0
2024-04-03 08:00:00,38.3,29,0.0,998.3,6.5,8.0,175,177,8,3,4,2,94,37.4,0.0,34.7,0.0,29.5,0.0,28.1,0.0,39.6,0.0,35.233333333333334,0.0,31.48333333333333,0.0,32.641666666666666,0.0,0.8999999999999986,0.0,Tiruchirappalli,40.3,0.0
2024-04-03 09:00:00,38.9,25,0.0,997.0,6.9,8.5,168,171,9,3,4,2,94,38.3,0.0,36.4,0.0,31.5,0.0,27.9,0.0,40.1,0.0,36.46666666666667,0.0,32.4,0.0,32.59166666666667,0.0,0.6000000000000014,0.0,Tiruchirappalli,40.0,0.0
2024-04-03 10:00:00,38.8,25,0.0,996.2,8.5,10.5,164,168,10,3,4,2,94,38.9,0.0,37.4,0.0,33.1,0.0,27.3,0.0,40.0,0.0,37.41666666666666,0.0,33.358333333333334,0.0,32.541666666666664,0.0,-0.1000000000000014,0.0,Tiruchirappalli,40.0,0.0
2024-04-03 11:00:00,38.7,26,0.0,995.9,9.7,12.3,173,180,11,3,4,2,94,38.8,0.0,38.3,0.0,34.7,0.0,27.0,0.0,39.3,0.0,38.083333333333336,0.0,34.333333333333336,0.0,32.51666666666667,0.0,-0.0999999999999943,0.0,Tiruchirappalli,38.9,0.0
2024-04-03 12:00:00,37.7,29,0.0,996.1,11.7,15.4,169,171,12,3,4,2,94,38.7,0.0,38.9,0.0,36.4,0.0,26.9,0.0,38.5,0.0,38.3,0.0,35.233333333333334,0.0,32.483333333333334,0.0,-1.0,0.0,Tiruchirappalli,36.6,0.0
2024-04-03 13:00:00,35.4,31,0.0,997.5,8.7,16.3,198,197,13,3,4,2,94,37.7,0.0,38.8,0.0,37.4,0.0,27.8,0.0,36.1,0.0,37.96666666666667,0.0,35.86666666666667,0.0,32.454166666666666,0.0,-2.3000000000000043,0.0,Tiruchirappalli,35.4,0.0
2024-04-03 14:00:00,34.0,34,0.0,998.5,7.2,15.6,151,143,14,3,4,2,94,35.4,0.0,38.7,0.0,38.3,0.0,29.5,0.0,34.0,0.0,37.25,0.0,36.24166666666667,0.0,32.454166666666666,0.0,-1.3999999999999986,0.0,Tiruchirappalli,33.7,0.0
2024-04-03 15:00:00,32.8,42,0.0,999.0,14.3,25.6,145,141,15,3,4,2,94,34.0,0.0,37.7,0.0,38.9,0.0,31.5,0.0,32.2,0.0,36.23333333333333,0.0,36.35,0.0,32.479166666666664,0.0,-1.2000000000000028,0.0,Tiruchirappalli,32.0,0.0
2024-04-03 16:00:00,31.0,56,0.0,999.4,13.8,24.6,159,160,16,3,4,2,94,32.8,0.0,35.4,0.0,38.8,0.0,33.1,0.0,30.5,0.0,34.93333333333333,0.0,36.175,0.0,32.5,0.0,-1.7999999999999972,0.0,Tiruchirappalli,30.8,0.0
2024-04-03 17:00:00,29.7,62,0.0,1000.1,10.5,20.7,163,158,17,3,4,2,94,31.0,0.0,34.0,0.0,38.7,0.0,34.7,0.0,29.4,0.0,33.43333333333333,0.0,35.75833333333333,0.0,32.5125,0.0,-1.3000000000000007,0.0,Tiruchirappalli,29.5,0.0
2024-04-03 18:00:00,28.8,68,0.0,1000.5,5.4,14.0,157,138,18,3,4,2,94,29.7,0.0,32.8,0.0,37.7,0.0,36.4,0.0,28.9,0.0,31.95,0.0,35.125,0.0,32.50833333333333,0.0,-0.8999999999999986,0.0,Tiruchirappalli,28.1,0.0
2024-04-03 19:00:00,27.9,74,0.0,1000.5,4.4,12.4,163,145,19,3,4,2,94,28.8,0.0,31.0,0.0,35.4,0.0,37.4,0.0,28.5,0.0,30.7,0.0,34.333333333333336,0.0,32.483333333333334,0.0,-0.9000000000000021,0.0,Tiruchirappalli,27.0,0.0
2024-04-03 20:00:00,27.3,78,0.0,1000.2,4.2,12.0,171,149,20,3,4,2,94,27.9,0.0,29.7,0.0,34.0,0.0,38.3,0.0,28.1,0.0,29.58333333333333,0.0,33.416666666666664,0.0,32.45,0.0,-0.5999999999999979,0.0,Tiruchirappalli,26.1,0.0
2024-04-03 21:00:00,27.0,80,0.0,999.8,4.8,12.6,175,153,21,3,4,2,94,27.3,0.0,28.8,0.0,32.8,0.0,38.9,0.0,27.9,0.0,28.61666666666667,0.0,32.425000000000004,0.0,32.4125,0.0,-0.3000000000000007,0.0,Tiruchirappalli,26.1,0.0
2024-04-03 22:00:00,26.3,84,0.0,999.7,4.5,11.9,177,151,22,3,4,2,94,27.0,0.0,27.9,0.0,31.0,0.0,38.8,0.0,27.3,0.0,27.83333333333333,0.0,31.38333333333333,0.0,32.37083333333333,0.0,-0.6999999999999993,0.0,Tiruchirappalli,26.8,0.0
2024-04-03 23:00:00,25.9,87,0.0,999.8,5.0,11.3,173,150,23,3,4,2,94,26.3,0.0,27.3,0.0,29.7,0.0,38.7,0.0,27.0,0.0,27.2,0.0,30.316666666666663,0.0,32.325,0.0,-0.4000000000000021,0.0,Tiruchirappalli,26.4,0.0
2024-04-04 00:00:00,25.6,91,0.0,1000.4,5.6,8.6,180,153,0,4,4,3,95,25.9,0.0,27.0,0.0,28.8,0.0,37.7,0.0,26.9,0.0,26.666666666666668,0.0,29.308333333333334,0.0,32.270833333333336,0.0,-0.2999999999999971,0.0,Tiruchirappalli,26.1,0.0
2024-04-04 01:00:00,27.0,86,0.0,1000.8,1.3,5.4,188,146,1,4,4,3,95,25.6,0.0,26.3,0.0,27.9,0.0,35.4,0.0,27.8,0.0,26.516666666666666,0.0,28.60833333333333,0.0,32.237500000000004,0.0,1.3999999999999986,0.0,Tiruchirappalli,27.0,0.0
2024-04-04 02:00:00,28.9,77,0.0,1001.9,2.4,4.1,165,153,2,4,4,3,95,27.0,0.0,25.9,0.0,27.3,0.0,34.0,0.0,29.5,0.0,26.78333333333333,0.0,28.183333333333334,0.0,32.2125,0.0,1.8999999999999984,0.0,Tiruchirappalli,28.0,0.0
2024-04-04 03:00:00,31.6,60,0.0,1002.5,5.0,6.4,153,150,3,4,4,3,95,28.9,0.0,25.6,0.0,27.0,0.0,32.8,0.0,31.5,0.0,27.55,0.0,28.08333333333333,0.0,32.21666666666667,0.0,2.700000000000003,0.0,Tiruchirappalli,30.0,0.0
2024-04-04 04:00:00,33.8,49,0.0,1002.7,6.1,8.2,142,140,4,4,4,3,95,31.6,0.0,27.0,0.0,26.3,0.0,31.0,0.0,33.1,0.0,28.8,0.0,28.316666666666663,0.0,32.24583333333333,0.0,2.199999999999996,0.0,Tiruchirappalli,31.9,0.0
2024-04-04 05:00:00,35.7,40,0.0,1002.1,7.0,8.8,125,125,5,4,4,3,95,33.8,0.0,28.9,0.0,25.9,0.0,29.7,0.0,34.7,0.0,30.433333333333334,0.0,28.816666666666663,0.0,32.2875,0.0,1.9000000000000057,0.0,Tiruchirappalli,34.3,0.0
2024-04-04 06:00:00,36.9,36,0.0,1001.1,8.9,11.3,121,122,6,4,4,3,95,35.7,0.0,31.6,0.0,25.6,0.0,28.8,0.0,36.4,0.0,32.31666666666667,0.0,29.49166666666667,0.0,32.30833333333333,0.0,1.1999999999999955,0.0,Tiruchirappalli,36.3,0.0
2024-04-04 07:00:00,38.5,31,0.0,1000.0,9.1,11.5,122,124,7,4,4,3,95,36.9,0.0,33.8,0.0,27.0,0.0,27.9,0.0,37.4,0.0,34.233333333333334,0.0,30.375,0.0,32.354166666666664,0.0,1.6000000000000014,0.0,Tiruchirappalli,37.7,0.0
2024-04-04 08:00:00,39.3,27,0.0,998.7,7.4,9.7,112,113,8,4,4,3,95,38.5,0.0,35.7,0.0,28.9,0.0,27.3,0.0,38.3,0.0,35.96666666666667,0.0,31.375,0.0,32.395833333333336,0.0,0.7999999999999972,0.0,Tiruchirappalli,38.4,0.0
2024-04-04 09:00:00,39.7,26,0.0,997.5,7.9,10.1,92,90,9,4,4,3,95,39.3,0.0,36.9,0.0,31.6,0.0,27.0,0.0,38.9,0.0,37.31666666666667,0.0,32.43333333333333,0.0,32.42916666666667,0.0,0.4000000000000057,0.0,Tiruchirappalli,38.8,0.0
2024-04-04 10:00:00,39.8,25,0.1,996.7,9.4,11.9,92,92,10,4,4,3,95,39.7,0.0,38.5,0.0,33.8,0.0,26.3,0.0,38.8,0.0,38.31666666666666,0.0999999999999997,33.55833333333334,0.0999999999999997,32.47083333333333,0.1,0.0999999999999943,0.1,Tiruchirappalli,38.9,0.0
2024-04-04 11:00:00,38.4,28,0.0,996.8,14.9,19.5,124,127,11,4,4,3,95,39.8,0.1,39.3,0.0,35.7,0.0,25.9,0.0,38.7,0.0,38.766666666666666,0.0999999999999997,34.6,0.0999999999999997,32.45833333333333,0.1,-1.3999999999999986,-0.1,Tiruchirappalli,38.2,0.0
2024-04-04 12:00:00,36.6,34,0.0,997.2,15.5,21.1,133,136,12,4,4,3,95,38.4,0.0,39.7,0.0,36.9,0.0,25.6,0.0,37.7,0.0,38.71666666666667,0.0999999999999997,35.51666666666667,0.0999999999999997,32.4125,0.1,-1.7999999999999972,0.0,Tiruchirappalli,36.4,0.0
2024-04-04 13:00:00,35.4,35,0.0,997.7,5.1,11.5,129,135,13,4,4,3,95,36.6,0.0,39.8,0.1,38.5,0.0,27.0,0.0,35.4,0.0,38.2,0.0999999999999997,36.21666666666667,0.0999999999999997,32.4125,0.1,-1.2000000000000028,0.0,Tiruchirappalli,34.8,0.0
2024-04-04 14:00:00,34.3,39,0.0,998.5,10.4,20.2,158,166,14,4,4,3,95,35.4,0.0,38.4,0.0,39.3,0.0,28.9,0.0,34.0,0.0,37.36666666666667,0.0999999999999997,36.66666666666666,0.0999999999999997,32.425000000000004,0.1,-1.1000000000000014,0.0,Tiruchirappalli,33.3,0.0
2024-04-04 15:00:00,33.2,47,0.0,999.3,12.1,23.1,149,143,15,4,4,3,95,34.3,0.0,36.6,0.0,39.7,0.0,31.6,0.0,32.8,0.0,36.28333333333333,0.0999999999999997,36.8,0.0999999999999997,32.44166666666666,0.1,-1.0999999999999943,0.0,Tiruchirappalli,31.2,0.0
2024-04-04 16:00:00,31.3,61,0.0,1000.5,16.2,26.3,130,127,16,4,4,3,95,33.2,0.0,35.4,0.0,39.8,0.1,33.8,0.0,31.0,0.0,34.86666666666667,0.0,36.59166666666667,0.0999999999999997,32.454166666666666,0.1,-1.900000000000002,0.0,Tiruchirappalli,29.5,0.0
2024-04-04 17:00:00,29.8,70,0.0,1001.3,13.2,22.4,138,135,17,4,4,3,95,31.3,0.0,34.3,0.0,38.4,0.0,35.7,0.0,29.7,0.0,33.43333333333334,0.0,36.1,0.0999999999999997,32.458333333333336,0.1,-1.5,0.0,Tiruchirappalli,28.6,0.0
2024-04-04 18:00:00,28.9,76,0.0,1001.2,10.4,19.3,147,146,18,4,4,3,95,29.8,0.0,33.2,0.0,36.6,0.0,36.9,0.0,28.8,0.0,32.15,0.0,35.43333333333333,0.0999999999999997,32.4625,0.1,-0.9000000000000021,0.0,Tiruchirappalli,27.8,0.0
2024-04-04 19:00:00,28.4,79,0.0,1001.0,6.6,14.4,167,167,19,4,4,3,95,28.9,0.0,31.3,0.0,35.4,0.0,38.5,0.0,27.9,0.0,30.98333333333333,0.0,34.59166666666666,0.0999999999999997,32.483333333333334,0.1,-0.5,0.0,Tiruchirappalli,27.3,0.0
2024-04-04 20:00:00,27.9,81,0.0,1000.6,4.0,11.2,178,175,20,4,4,3,95,28.4,0.0,29.8,0.0,34.3,0.0,39.3,0.0,27.3,0.0,29.916666666666668,0.0,33.641666666666666,0.0999999999999997,32.50833333333333,0.1,-0.5,0.0,Tiruchirappalli,27.1,0.0
2024-04-04 21:00:00,27.3,83,0.0,1000.2,5.0,9.7,180,159,21,4,4,3,95,27.9,0.0,28.9,0.0,33.2,0.0,39.7,0.0,27.0,0.0,28.933333333333334,0.0,32.60833333333333,0.0999999999999997,32.520833333333336,0.1,-0.5999999999999979,0.0,Tiruchirappalli,26.9,0.0
2024-04-04 22:00:00,27.0,83,0.0,999.8,3.8,9.5,171,139,22,4,4,3,95,27.3,0.0,28.4,0.0,31.3,0.0,39.8,0.1,26.3,0.0,28.216666666666665,0.0,31.541666666666668,0.0,32.55,0.1,-0.3000000000000007,0.0,Tiruchirappalli,26.8,0.0
2024-04-04 23:00:00,26.8,83,0.0,999.6,4.5,11.9,185,166,23,4,4,3,95,27.0,0.0,27.9,0.0,29.8,0.0,38.4,0.0,25.9,0.0,27.71666666666667,0.0,30.575,0.0,32.5875,0.1,-0.1999999999999993,0.0,Tiruchirappalli,26.8,0.0
2024-04-05 00:00:00,26.3,85,0.0,999.8,4.1,12.0,201,195,0,5,4,4,96,26.8,0.0,27.3,0.0,28.9,0.0,36.6,0.0,25.6,0.0,27.28333333333333,0.0,29.716666666666665,0.0,32.61666666666667,0.1,-0.5,0.0,Tiruchirappalli,26.6,0.0
2024-04-05 01:00:00,27.7,84,0.0,1000.3,1.9,6.1,242,292,1,5,4,4,96,26.3,0.0,27.0,0.0,28.4,0.0,35.4,0.0,27.0,0.0,27.166666666666668,0.0,29.075,0.0,32.645833333333336,0.1,1.3999999999999986,0.0,Tiruchirappalli,27.2,0.0
2024-04-05 02:00:00,29.6,72,0.0,1001.3,2.7,3.9,214,203,2,5,4,4,96,27.7,0.0,26.8,0.0,27.9,0.0,34.3,0.0,28.9,0.0,27.45,0.0,28.683333333333334,0.0,32.675,0.1,1.900000000000002,0.0,Tiruchirappalli,28.3,0.0
2024-04-05 03:00:00,32.1,59,0.0,1001.9,4.4,5.9,194,189,3,5,4,4,96,29.6,0.0,26.3,0.0,27.3,0.0,33.2,0.0,31.6,0.0,28.25,0.0,28.59166666666667,0.0,32.69583333333333,0.1,2.5,0.0,Tiruchirappalli,30.2,0.0
2024-04-05 04:00:00,34.4,49,0.0,1002.1,2.9,3.7,191,187,4,5,4,4,96,32.1,0.0,27.7,0.0,27.0,0.0,31.3,0.0,33.8,0.0,29.48333333333333,0.0,28.85,0.0,32.72083333333333,0.1,2.299999999999997,0.0,Tiruchirappalli,32.1,0.0
2024-04-05 05:00:00,36.5,38,0.0,1001.2,1.5,2.0,135,135,5,5,4,4,96,34.4,0.0,29.6,0.0,26.8,0.0,29.8,0.0,35.7,0.0,31.1,0.0,29.40833333333333,0.0,32.75416666666666,0.1,2.1000000000000014,0.0,Tiruchirappalli,34.1,0.0
2024-04-05 06:00:00,38.3,30,0.0,1000.4,3.5,4.5,119,114,6,5,4,4,96,36.5,0.0,32.1,0.0,26.3,0.0,28.9,0.0,36.9,0.0,33.1,0.0,30.191666666666663,0.0,32.8125,0.1,1.7999999999999972,0.0,Tiruchirappalli,35.9,0.0
2024-04-05 07:00:00,39.7,25,0.0,999.0,6.0,7.6,109,107,7,5,4,4,96,38.3,0.0,34.4,0.0,27.7,0.0,28.4,0.0,38.5,0.0,35.1,0.0,31.133333333333336,0.0,32.8625,0.1,1.4000000000000057,0.0,Tiruchirappalli,37.2,0.0
2024-04-05 08:00:00,40.7,21,0.0,997.6,7.9,10.1,88,87,8,5,4,4,96,39.7,0.0,36.5,0.0,29.6,0.0,27.9,0.0,39.3,0.0,36.95,0.0,32.2,0.0,32.920833333333334,0.1,1.0,0.0,Tiruchirappalli,38.2,0.0
2024-04-05 09:00:00,40.8,20,0.0,996.5,10.4,12.9,72,70,9,5,4,4,96,40.7,0.0,38.3,0.0,32.1,0.0,27.3,0.0,39.7,0.0,38.4,0.0,33.325,0.0,32.96666666666666,0.1,0.0999999999999943,0.0,Tiruchirappalli,38.4,0.0
2024-04-05 10:00:00,40.6,19,0.0,996.0,12.1,15.5,65,63,10,5,4,4,96,40.8,0.0,39.7,0.0,34.4,0.0,27.0,0.0,39.8,0.1,39.43333333333334,0.0,34.458333333333336,0.0,33.0,0.0,-0.1999999999999957,0.0,Tiruchirappalli,38.3,0.0
2024-04-05 11:00:00,40.1,19,0.0,995.9,11.4,14.8,64,62,11,5,4,4,96,40.6,0.0,40.7,0.0,36.5,0.0,26.8,0.0,38.4,0.0,40.03333333333334,0.0,35.56666666666667,0.0,33.07083333333333,0.0,-0.5,0.0,Tiruchirappalli,37.9,0.0
2024-04-05 12:00:00,39.1,22,0.0,995.9,11.7,16.1,74,72,12,5,4,4,96,40.1,0.0,40.8,0.0,38.3,0.0,26.3,0.0,36.6,0.0,40.16666666666666,0.0,36.63333333333333,0.0,33.175000000000004,0.0,-1.0,0.0,Tiruchirappalli,36.3,0.0
2024-04-05 13:00:00,35.3,27,0.0,997.1,5.9,12.3,85,79,13,5,4,4,96,39.1,0.0,40.6,0.0,39.7,0.0,27.7,0.0,35.4,0.0,39.43333333333334,0.0,37.26666666666667,0.0,33.170833333333334,0.0,-3.800000000000004,0.0,Tiruchirappalli,34.7,0.0
2024-04-05 14:00:00,34.0,32,0.0,997.7,7.4,18.6,134,129,14,5,4,4,96,35.3,0.0,40.1,0.0,40.7,0.0,29.6,0.0,34.3,0.0,38.31666666666666,0.0,37.63333333333333,0.0,33.15833333333333,0.0,-1.2999999999999972,0.0,Tiruchirappalli,33.0,0.0
2024-04-05 15:00:00,33.1,39,0.0,998.3,12.1,23.8,155,153,15,5,4,4,96,34.0,0.0,39.1,0.0,40.8,0.0,32.1,0.0,33.2,0.0,37.03333333333334,0.0,37.71666666666666,0.0,33.15416666666667,0.0,-0.8999999999999986,0.0,Tiruchirappalli,31.4,0.0
2024-04-05 16:00:00,30.9,53,0.0,999.1,11.8,22.2,130,121,16,5,4,4,96,33.1,0.0,35.3,0.0,40.6,0.0,34.4,0.0,31.3,0.0,35.416666666666664,0.0,37.425,0.0,33.1375,0.0,-2.200000000000003,0.0,Tiruchirappalli,30.1,0.0
2024-04-05 17:00:00,29.3,63,0.0,999.7,8.6,17.6,133,123,17,5,4,4,96,30.9,0.0,34.0,0.0,40.1,0.0,36.5,0.0,29.8,0.0,33.61666666666667,0.0,36.825,0.0,33.11666666666667,0.0,-1.599999999999998,0.0,Tiruchirappalli,29.3,0.0
2024-04-05 18:00:00,28.2,70,0.0,999.6,6.5,15.3,150,146,18,5,4,4,96,29.3,0.0,33.1,0.0,39.1,0.0,38.3,0.0,28.9,0.0,31.8,0.0,35.98333333333333,0.0,33.0875,0.0,-1.1000000000000014,0.0,Tiruchirappalli,28.6,0.0
2024-04-05 19:00:00,27.1,77,0.0,999.3,4.9,12.4,170,163,19,5,4,4,96,28.2,0.0,30.9,0.0,35.3,0.0,39.7,0.0,28.4,0.0,30.433333333333334,0.0,34.93333333333333,0.0,33.03333333333333,0.0,-1.099999999999998,0.0,Tiruchirappalli,28.0,0.0
2024-04-05 20:00:00,26.4,82,0.0,998.9,5.3,9.0,164,118,20,5,4,4,96,27.1,0.0,29.3,0.0,34.0,0.0,40.7,0.0,27.9,0.0,29.166666666666668,0.0,33.74166666666667,0.0,32.97083333333333,0.0,-0.7000000000000028,0.0,Tiruchirappalli,27.3,0.0
2024-04-05 21:00:00,26.1,85,0.0,998.8,3.7,8.7,142,101,21,5,4,4,96,26.4,0.0,28.2,0.0,33.1,0.0,40.8,0.0,27.3,0.0,28.0,0.0,32.516666666666666,0.0,32.920833333333334,0.0,-0.2999999999999971,0.0,Tiruchirappalli,27.0,0.0
2024-04-05 22:00:00,25.8,88,0.0,998.7,4.7,10.2,148,113,22,5,4,4,96,26.1,0.0,27.1,0.0,30.9,0.0,40.6,0.0,27.0,0.0,27.15,0.0,31.28333333333333,0.0,32.87083333333333,0.0,-0.3000000000000007,0.0,Tiruchirappalli,26.7,0.0
2024-04-05 23:00:00,25.3,92,0.0,998.9,3.9,10.2,162,124,23,5,4,4,96,25.8,0.0,26.4,0.0,29.3,0.0,40.1,0.0,26.8,0.0,26.48333333333333,0.0,30.05,0.0,32.80833333333333,0.0,-0.5,0.0,Tiruchirappalli,26.4,0.0
2024-04-06 00:00:00,25.2,92,0.0,999.4,4.6,11.3,171,135,0,6,4,5,97,25.3,0.0,26.1,0.0,28.2,0.0,39.1,0.0,26.3,0.0,25.98333333333333,0.0,28.891666666666666,0.0,32.7625,0.0,-0.1000000000000014,0.0,Tiruchirappalli,26.0,0.0
2024-04-06 01:00:00,27.5,83,0.0,999.6,3.4,8.7,204,212,1,6,4,5,97,25.2,0.0,25.8,0.0,27.1,0.0,35.3,0.0,27.7,0.0,26.05,0.0,28.241666666666664,0.0,32.75416666666666,0.0,2.3000000000000007,0.0,Tiruchirappalli,26.9,0.0
2024-04-06 02:00:00,29.4,74,0.0,1000.6,4.4,6.5,177,171,2,6,4,5,97,27.5,0.0,25.3,0.0,26.4,0.0,34.0,0.0,29.6,0.0,26.55,0.0,27.85833333333333,0.0,32.74583333333334,0.0,1.8999999999999984,0.0,Tiruchirappalli,29.0,0.0
2024-04-06 03:00:00,31.6,65,0.0,1001.3,6.7,8.6,165,164,3,6,4,5,97,29.4,0.0,25.2,0.0,26.1,0.0,33.1,0.0,32.1,0.0,27.466666666666665,0.0,27.73333333333333,0.0,32.725,0.0,2.200000000000003,0.0,Tiruchirappalli,31.7,0.0
2024-04-06 04:00:00,33.8,53,0.0,1001.2,4.9,6.4,164,163,4,6,4,5,97,31.6,0.0,27.5,0.0,25.8,0.0,30.9,0.0,34.4,0.0,28.8,0.0,27.975,0.0,32.7,0.0,2.199999999999996,0.0,Tiruchirappalli,33.1,0.0
2024-04-06 05:00:00,36.0,43,0.0,1000.8,4.9,6.0,163,163,5,6,4,5,97,33.8,0.0,29.4,0.0,25.3,0.0,29.3,0.0,36.5,0.0,30.58333333333333,0.0,28.53333333333333,0.0,32.67916666666667,0.0,2.200000000000003,0.0,Tiruchirappalli,33.6,0.1
2024-04-06 06:00:00,38.0,34,0.0,999.9,5.6,6.9,137,140,6,6,4,5,97,36.0,0.0,31.6,0.0,25.2,0.0,28.2,0.0,38.3,0.0,32.71666666666667,0.0,29.350000000000005,0.0,32.666666666666664,0.0,2.0,0.0,Tiruchirappalli,35.7,0.0
2024-04-06 07:00:00,39.5,26,0.0,998.6,7.4,9.2,121,119,7,6,4,5,97,38.0,0.0,33.8,0.0,27.5,0.0,27.1,0.0,39.7,0.0,34.71666666666667,0.0,30.383333333333336,0.0,32.65833333333334,0.0,1.5,0.0,Tiruchirappalli,37.0,0.0
2024-04-06 08:00:00,40.5,22,0.0,997.2,8.9,11.5,110,111,8,6,4,5,97,39.5,0.0,36.0,0.0,29.4,0.0,26.4,0.0,40.7,0.0,36.56666666666667,0.0,31.558333333333337,0.0,32.65,0.0,1.0,0.0,Tiruchirappalli,37.5,0.0
2024-04-06 09:00:00,41.0,20,0.0,996.1,11.2,14.2,111,111,9,6,4,5,97,40.5,0.0,38.0,0.0,31.6,0.0,26.1,0.0,40.8,0.0,38.13333333333333,0.0,32.800000000000004,0.0,32.65833333333334,0.0,0.5,0.0,Tiruchirappalli,38.0,0.0
2024-04-06 10:00:00,40.8,20,0.0,995.3,11.9,15.5,115,115,10,6,4,5,97,41.0,0.0,39.5,0.0,33.8,0.0,25.8,0.0,40.6,0.0,39.3,0.0,34.050000000000004,0.0,32.666666666666664,0.0,-0.2000000000000028,0.0,Tiruchirappalli,37.9,0.0
2024-04-06 11:00:00,40.1,21,0.0,995.1,12.8,16.8,121,122,11,6,4,5,97,40.8,0.0,40.5,0.0,36.0,0.0,25.3,0.0,40.1,0.0,39.98333333333333,0.0,35.28333333333333,0.0,32.666666666666664,0.0,-0.6999999999999957,0.0,Tiruchirappalli,36.8,0.0
2024-04-06 12:00:00,38.4,25,0.0,995.5,15.5,20.9,134,134,12,6,4,5,97,40.1,0.0,41.0,0.0,38.0,0.0,25.2,0.0,39.1,0.0,40.05,0.0,36.38333333333333,0.0,32.6375,0.0,-1.7000000000000028,0.0,Tiruchirappalli,35.5,0.0
2024-04-06 13:00:00,36.1,22,0.0,996.4,10.0,20.5,156,159,13,6,4,5,97,38.4,0.0,40.8,0.0,39.5,0.0,27.5,0.0,35.3,0.0,39.48333333333333,0.0,37.1,0.0,32.670833333333334,0.0,-2.299999999999997,0.0,Tiruchirappalli,33.1,0.0
2024-04-06 14:00:00,34.4,20,0.0,997.3,13.3,26.4,142,139,14,6,4,5,97,36.1,0.0,40.1,0.0,40.5,0.0,29.4,0.0,34.0,0.0,38.46666666666667,0.0,37.51666666666667,0.0,32.6875,0.0,-1.7000000000000028,0.0,Tiruchirappalli,25.9,7.6
2024-04-06 15:00:00,32.8,24,0.0,997.9,14.3,28.0,143,141,15,6,4,5,97,34.4,0.0,38.4,0.0,41.0,0.0,31.6,0.0,33.1,0.0,37.1,0.0,37.61666666666667,0.0,32.675000000000004,0.0,-1.6000000000000014,0.0,Tiruchirappalli,25.9,8.8
2024-04-06 16:00:00,31.2,36,0.0,998.6,11.3,24.5,150,149,16,6,4,5,97,32.8,0.0,36.1,0.0,40.8,0.0,33.8,0.0,30.9,0.0,35.5,0.0,37.4,0.0,32.6875,0.0,-1.599999999999998,0.0,Tiruchirappalli,25.7,0.1
2024-04-06 17:00:00,29.8,42,0.0,999.0,9.8,22.9,152,152,17,6,4,5,97,31.2,0.0,34.4,0.0,40.1,0.0,36.0,0.0,29.3,0.0,33.78333333333333,0.0,36.88333333333333,0.0,32.708333333333336,0.0,-1.3999999999999986,0.0,Tiruchirappalli,25.6,0.0
2024-04-06 18:00:00,28.2,46,0.0,999.0,8.1,20.1,151,148,18,6,4,5,97,29.8,0.0,32.8,0.0,38.4,0.0,38.0,0.0,28.2,0.0,32.083333333333336,0.0,36.06666666666666,0.0,32.708333333333336,0.0,-1.6000000000000014,0.0,Tiruchirappalli,25.5,0.0
2024-04-06 19:00:00,26.5,56,0.0,998.7,6.8,18.5,151,148,19,6,4,5,97,28.2,0.0,31.2,0.0,36.1,0.0,39.5,0.0,27.1,0.0,30.48333333333333,0.0,34.98333333333333,0.0,32.68333333333333,0.0,-1.6999999999999993,0.0,Tiruchirappalli,25.3,0.8
2024-04-06 20:00:00,25.4,68,0.0,998.4,7.0,12.3,159,159,20,6,4,5,97,26.5,0.0,29.8,0.0,34.4,0.0,40.5,0.0,26.4,0.0,28.98333333333333,0.0,33.725,0.0,32.641666666666666,0.0,-1.1000000000000014,0.0,Tiruchirappalli,25.1,0.7
2024-04-06 21:00:00,25.7,71,0.0,998.1,5.8,10.8,176,187,21,6,4,5,97,25.4,0.0,28.2,0.0,32.8,0.0,41.0,0.0,26.1,0.0,27.8,0.0,32.45,0.0,32.625,0.0,0.3000000000000007,0.0,Tiruchirappalli,25.1,0.0
2024-04-06 22:00:00,24.7,83,0.0,998.1,6.6,13.2,169,151,22,6,4,5,97,25.7,0.0,26.5,0.0,31.2,0.0,40.8,0.0,25.8,0.0,26.71666666666667,0.0,31.10833333333333,0.0,32.57916666666667,0.0,-1.0,0.0,Tiruchirappalli,25.2,0.0
2024-04-06 23:00:00,24.8,87,0.0,998.4,6.5,10.9,171,146,23,6,4,5,97,24.7,0.0,25.4,0.0,29.8,0.0,40.1,0.0,25.3,0.0,25.883333333333336,0.0,29.83333333333333,0.0,32.55833333333333,0.0,0.1000000000000014,0.0,Tiruchirappalli,25.3,0.0
2024-04-07 00:00:00,24.7,86,0.0,999.0,3.8,7.8,202,229,0,7,4,6,98,24.8,0.0,25.7,0.0,28.2,0.0,38.4,0.0,25.2,0.0,25.3,0.0,28.691666666666663,0.0,32.5375,0.0,-0.1000000000000014,0.0,Tiruchirappalli,25.5,0.0
2024-04-07 01:00:00,26.1,77,0.0,999.4,2.9,5.4,228,300,1,7,4,6,98,24.7,0.0,24.7,0.0,26.5,0.0,36.1,0.0,27.5,0.0,25.23333333333333,0.0,27.85833333333333,0.0,32.479166666666664,0.0,1.400000000000002,0.0,Tiruchirappalli,26.9,0.5
2024-04-07 02:00:00,28.4,68,0.0,1000.3,1.0,2.6,214,225,2,7,4,6,98,26.1,0.0,24.8,0.0,25.4,0.0,34.4,0.0,29.4,0.0,25.73333333333333,0.0,27.35833333333333,0.0,32.4375,0.0,2.299999999999997,0.0,Tiruchirappalli,28.0,0.0
2024-04-07 03:00:00,31.6,52,0.0,1001.0,4.1,5.4,217,218,3,7,4,6,98,28.4,0.0,24.7,0.0,25.7,0.0,32.8,0.0,31.6,0.0,26.716666666666665,0.0,27.258333333333336,0.0,32.4375,0.0,3.200000000000003,0.0,Tiruchirappalli,29.7,0.0
2024-04-07 04:00:00,34.1,41,0.0,1001.1,5.1,6.9,227,225,4,7,4,6,98,31.6,0.0,26.1,0.0,24.7,0.0,31.2,0.0,33.8,0.0,28.28333333333333,0.0,27.5,0.0,32.45,0.0,2.5,0.0,Tiruchirappalli,30.5,0.0
2024-04-07 05:00:00,36.2,35,0.0,1000.3,4.4,5.4,217,215,5,7,4,6,98,34.1,0.0,28.4,0.0,24.8,0.0,29.8,0.0,36.0,0.0,30.183333333333334,0.0,28.03333333333333,0.0,32.458333333333336,0.0,2.1000000000000014,0.0,Tiruchirappalli,32.8,0.0
2024-04-07 06:00:00,38.0,26,0.0,999.5,4.3,5.4,176,175,6,7,4,6,98,36.2,0.0,31.6,0.0,24.7,0.0,28.2,0.0,38.0,0.0,32.4,0.0,28.850000000000005,0.0,32.458333333333336,0.0,1.7999999999999972,0.0,Tiruchirappalli,29.7,1.6
2024-04-07 07:00:00,39.4,21,0.0,998.2,6.5,8.1,159,161,7,7,4,6,98,38.0,0.0,34.1,0.0,26.1,0.0,26.5,0.0,39.5,0.0,34.61666666666667,0.0,29.925,0.0,32.454166666666666,0.0,1.3999999999999986,0.0,Tiruchirappalli,33.1,0.0
2024-04-07 08:00:00,40.1,20,0.0,997.0,7.7,9.3,164,169,8,7,4,6,98,39.4,0.0,36.2,0.0,28.4,0.0,25.4,0.0,40.5,0.0,36.56666666666667,0.0,31.15,0.0,32.4375,0.0,0.7000000000000028,0.0,Tiruchirappalli,34.5,0.0
2024-04-07 09:00:00,40.4,21,0.0,995.7,7.7,9.3,164,169,9,7,4,6,98,40.1,0.0,38.0,0.0,31.6,0.0,25.7,0.0,41.0,0.0,38.03333333333334,0.0,32.375,0.0,32.4125,0.0,0.2999999999999971,0.0,Tiruchirappalli,35.1,0.0
2024-04-07 10:00:00,40.6,20,0.0,995.1,9.0,11.3,149,151,10,7,4,6,98,40.4,0.0,39.4,0.0,34.1,0.0,24.7,0.0,40.8,0.0,39.11666666666667,0.0,33.7,0.0,32.40416666666667,0.0,0.2000000000000028,0.0,Tiruchirappalli,35.5,0.0
2024-04-07 11:00:00,40.0,20,0.0,994.9,12.8,16.6,129,130,11,7,4,6,98,40.6,0.0,40.1,0.0,36.2,0.0,24.8,0.0,40.1,0.0,39.75,0.0,34.96666666666667,0.0,32.4,0.0,-0.6000000000000014,0.0,Tiruchirappalli,31.9,0.5
2024-04-07 12:00:00,38.5,22,0.0,995.1,16.2,22.2,122,122,12,7,4,6,98,40.0,0.0,40.4,0.0,38.0,0.0,24.7,0.0,38.4,0.0,39.833333333333336,0.0,36.11666666666667,0.0,32.40416666666667,0.0,-1.5,0.0,Tiruchirappalli,31.7,0.0
2024-04-07 13:00:00,36.3,21,0.0,996.1,12.8,23.6,124,122,13,7,4,6,98,38.5,0.0,40.6,0.0,39.4,0.0,26.1,0.0,36.1,0.0,39.31666666666666,0.0,36.96666666666667,0.0,32.4125,0.0,-2.200000000000003,0.0,Tiruchirappalli,30.7,0.3
2024-04-07 14:00:00,34.5,19,0.0,996.9,15.6,28.9,144,142,14,7,4,6,98,36.3,0.0,40.0,0.0,40.1,0.0,28.4,0.0,34.4,0.0,38.38333333333333,0.0,37.475,0.0,32.416666666666664,0.0,-1.7999999999999972,0.0,Tiruchirappalli,30.2,0.0
2024-04-07 15:00:00,32.4,30,0.0,997.8,13.3,26.0,143,142,15,7,4,6,98,34.5,0.0,38.5,0.0,40.4,0.0,31.6,0.0,32.8,0.0,37.05,0.0,37.54166666666666,0.0,32.4,0.0,-2.1000000000000014,0.0,Tiruchirappalli,28.7,1.7
2024-04-07 16:00:00,30.8,44,0.0,998.6,12.3,25.0,157,159,16,7,4,6,98,32.4,0.0,36.3,0.0,40.6,0.0,34.1,0.0,31.2,0.0,35.416666666666664,0.0,37.266666666666666,0.0,32.38333333333333,0.0,-1.599999999999998,0.0,Tiruchirappalli,26.9,0.0
2024-04-07 17:00:00,29.1,57,0.0,999.5,10.5,21.7,175,172,17,7,4,6,98,30.8,0.0,34.5,0.0,40.0,0.0,36.2,0.0,29.8,0.0,33.6,0.0,36.675,0.0,32.354166666666664,0.0,-1.6999999999999993,0.0,Tiruchirappalli,26.8,0.2
2024-04-07 18:00:00,28.0,62,0.0,999.5,8.2,19.6,174,165,18,7,4,6,98,29.1,0.0,32.4,0.0,38.5,0.0,38.0,0.0,28.2,0.0,31.85,0.0,35.84166666666666,0.0,32.34583333333334,0.0,-1.1000000000000014,0.0,Tiruchirappalli,26.4,0.0
2024-04-07 19:00:00,27.0,69,0.0,999.3,6.8,17.5,172,155,19,7,4,6,98,28.0,0.0,30.8,0.0,36.3,0.0,39.4,0.0,26.5,0.0,30.3,0.0,34.80833333333333,0.0,32.36666666666667,0.0,-1.0,0.0,Tiruchirappalli,26.0,0.0
2024-04-07 20:00:00,26.2,78,0.0,998.7,5.3,15.6,173,152,20,7,4,6,98,27.0,0.0,29.1,0.0,34.5,0.0,40.1,0.0,25.4,0.0,28.916666666666668,0.0,33.65,0.0,32.4,0.0,-0.8000000000000007,0.0,Tiruchirappalli,25.7,0.0
2024-04-07 21:00:00,25.1,86,0.0,998.1,7.6,12.6,183,161,21,7,4,6,98,26.2,0.0,28.0,0.0,32.4,0.0,40.4,0.0,25.7,0.0,27.700000000000003,0.0,32.375,0.0,32.375,0.0,-1.099999999999998,0.0,Tiruchirappalli,25.3,0.0
2024-04-07 22:00:00,24.6,90,0.0,998.0,6.5,11.3,187,161,22,7,4,6,98,25.1,0.0,27.0,0.0,30.8,0.0,40.6,0.0,24.7,0.0,26.666666666666668,0.0,31.041666666666668,0.0,32.37083333333333,0.0,-0.5,0.0,Tiruchirappalli,25.1,0.0
2024-04-07 23:00:00,24.6,91,0.0,998.2,4.7,12.7,187,157,23,7,4,6,98,24.6,0.0,26.2,0.0,29.1,0.0,40.0,0.0,24.8,0.0,25.916666666666668,0.0,29.75833333333333,0.0,32.362500000000004,0.0,0.0,0.0,Tiruchirappalli,25.4,0.1
2024-04-08 00:00:00,24.6,93,0.0,998.7,6.3,14.6,171,149,0,8,4,0,99,24.6,0.0,25.1,0.0,28.0,0.0,38.5,0.0,24.7,0.0,25.350000000000005,0.0,28.6,0.0,32.35833333333333,0.0,0.0,0.0,Tiruchirappalli,25.4,0.1
2024-04-08 01:00:00,25.9,87,0.0,999.3,7.3,13.7,145,123,1,8,4,0,99,24.6,0.0,24.6,0.0,27.0,0.0,36.3,0.0,26.1,0.0,25.166666666666668,0.0,27.73333333333333,0.0,32.35,0.0,1.2999999999999972,0.0,Tiruchirappalli,26.5,0.3
2024-04-08 02:00:00,28.3,78,0.0,1000.4,4.1,8.7,142,128,2,8,4,0,99,25.9,0.0,24.6,0.0,26.2,0.0,34.5,0.0,28.4,0.0,25.516666666666666,0.0,27.216666666666665,0.0,32.34583333333333,0.0,2.400000000000002,0.0,Tiruchirappalli,27.1,0.6
2024-04-08 03:00:00,31.4,62,0.0,1001.0,4.7,6.2,159,157,3,8,4,0,99,28.3,0.0,24.6,0.0,25.1,0.0,32.4,0.0,31.6,0.0,26.566666666666663,0.0,27.133333333333336,0.0,32.3375,0.0,3.099999999999998,0.0,Tiruchirappalli,27.5,0.2
2024-04-08 04:00:00,34.4,45,0.0,1001.2,6.9,8.8,171,171,4,8,4,0,99,31.4,0.0,25.9,0.0,24.6,0.0,30.8,0.0,34.1,0.0,28.200000000000003,0.0,27.433333333333334,0.0,32.35,0.0,3.0,0.0,Tiruchirappalli,29.8,0.0
2024-04-08 05:00:00,36.5,36,0.0,1000.7,7.1,9.3,164,165,5,8,4,0,99,34.4,0.0,28.3,0.0,24.6,0.0,29.1,0.0,36.2,0.0,30.183333333333334,0.0,28.05,0.0,32.362500000000004,0.0,2.1000000000000014,0.0,Tiruchirappalli,32.5,0.0
2024-04-08 06:00:00,38.2,30,0.0,1000.0,7.6,9.4,148,149,6,8,4,0,99,36.5,0.0,31.4,0.0,24.6,0.0,28.0,0.0,38.0,0.0,32.45,0.0,28.9,0.0,32.37083333333333,0.0,1.7000000000000028,0.0,Tiruchirappalli,34.4,0.1
2024-04-08 07:00:00,39.5,27,0.0,999.0,8.7,11.2,135,135,7,8,4,0,99,38.2,0.0,34.4,0.0,25.9,0.0,27.0,0.0,39.4,0.0,34.71666666666667,0.0,29.941666666666663,0.0,32.375,0.0,1.2999999999999972,0.0,Tiruchirappalli,35.9,0.0
2024-04-08 08:00:00,40.3,25,0.0,997.8,10.6,13.2,125,125,8,8,4,0,99,39.5,0.0,36.5,0.0,28.3,0.0,26.2,0.0,40.1,0.0,36.71666666666667,0.0,31.11666666666667,0.0,32.38333333333333,0.0,0.7999999999999972,0.0,Tiruchirappalli,36.6,0.0
2024-04-08 09:00:00,40.0,25,0.0,997.0,12.2,15.4,123,124,9,8,4,0,99,40.3,0.0,38.2,0.0,31.4,0.0,25.1,0.0,40.4,0.0,38.15,0.0,32.358333333333334,0.0,32.36666666666667,0.0,-0.2999999999999971,0.0,Tiruchirappalli,36.7,0.0
2024-04-08 10:00:00,40.0,25,0.0,996.4,12.2,15.5,118,118,10,8,4,0,99,40.0,0.0,39.5,0.0,34.4,0.0,24.6,0.0,40.6,0.0,39.083333333333336,0.0,33.641666666666666,0.0,32.34166666666667,0.0,0.0,0.0,Tiruchirappalli,36.8,0.0
2024-04-08 11:00:00,38.9,27,0.0,996.2,16.7,21.9,115,115,11,8,4,0,99,40.0,0.0,40.3,0.0,36.5,0.0,24.6,0.0,40.0,0.0,39.48333333333333,0.0,34.833333333333336,0.0,32.295833333333334,0.0,-1.1000000000000014,0.0,Tiruchirappalli,31.3,1.3
2024-04-08 12:00:00,36.6,35,0.0,996.9,19.5,26.9,118,118,12,8,4,0,99,38.9,0.0,40.0,0.0,38.2,0.0,24.6,0.0,38.5,0.0,39.21666666666666,0.0,35.833333333333336,0.0,32.21666666666667,0.0,-2.299999999999997,0.0,Tiruchirappalli,32.3,0.1
2024-04-08 13:00:00,35.4,35,0.0,998.3,12.9,20.0,104,103,13,8,4,0,99,36.6,0.0,40.0,0.0,39.5,0.0,25.9,0.0,36.3,0.0,38.53333333333334,0.0,36.625,0.0,32.17916666666667,0.0,-1.2000000000000028,0.0,Tiruchirappalli,32.4,0.0
2024-04-08 14:00:00,33.7,45,0.0,999.3,16.4,25.8,130,128,14,8,4,0,99,35.4,0.0,38.9,0.0,40.3,0.0,28.3,0.0,34.5,0.0,37.43333333333333,0.0,37.075,0.0,32.145833333333336,0.0,-1.6999999999999955,0.0,Tiruchirappalli,31.3,0.0
2024-04-08 15:00:00,32.0,54,0.0,1000.1,14.0,22.9,134,132,15,8,4,0,99,33.7,0.0,36.6,0.0,40.0,0.0,31.4,0.0,32.4,0.0,36.1,0.0,37.125,0.0,32.12916666666667,0.0,-1.7000000000000028,0.0,Tiruchirappalli,30.6,0.0
2024-04-08 16:00:00,30.8,61,0.0,1000.9,14.9,24.4,124,122,16,8,4,0,99,32.0,0.0,35.4,0.0,40.0,0.0,34.4,0.0,30.8,0.0,34.56666666666667,0.0,36.825,0.0,32.12916666666667,0.0,-1.1999999999999993,0.0,Tiruchirappalli,29.8,0.0
2024-04-08 17:00:00,29.5,70,0.0,1001.3,13.4,22.5,122,121,17,8,4,0,99,30.8,0.0,33.7,0.0,38.9,0.0,36.5,0.0,29.1,0.0,33.0,0.0,36.24166666666667,0.0,32.145833333333336,0.0,-1.3000000000000007,0.0,Tiruchirappalli,29.3,0.0
2024-04-08 18:00:00,28.1,81,0.0,1001.1,10.8,19.7,118,116,18,8,4,0,99,29.5,0.0,32.0,0.0,36.6,0.0,38.2,0.0,28.0,0.0,31.58333333333333,0.0,35.4,0.0,32.15,0.0,-1.3999999999999986,0.0,Tiruchirappalli,28.5,0.0
2024-04-08 19:00:00,27.0,89,0.0,1000.9,7.2,14.9,105,96,19,8,4,0,99,28.1,0.0,30.8,0.0,35.4,0.0,39.5,0.0,27.0,0.0,30.183333333333334,0.0,34.358333333333334,0.0,32.15,0.0,-1.1000000000000014,0.0,Tiruchirappalli,27.8,0.0
2024-04-08 20:00:00,26.1,93,0.0,1000.5,5.0,11.9,87,69,20,8,4,0,99,27.0,0.0,29.5,0.0,33.7,0.0,40.3,0.0,26.2,0.0,28.916666666666668,0.0,33.175000000000004,0.0,32.145833333333336,0.0,-0.8999999999999986,0.0,Tiruchirappalli,27.3,0.1
2024-04-08 21:00:00,26.1,93,0.0,999.9,6.1,10.9,73,62,21,8,4,0,99,26.1,0.0,28.1,0.0,32.0,0.0,40.0,0.0,25.1,0.0,27.933333333333337,0.0,32.016666666666666,0.0,32.1875,0.0,0.0,0.0,Tiruchirappalli,26.8,0.1
2024-04-08 22:00:00,26.8,88,0.0,999.5,8.0,11.0,71,72,22,8,4,0,99,26.1,0.0,27.0,0.0,30.8,0.0,40.0,0.0,24.6,0.0,27.266666666666666,0.0,30.916666666666668,0.0,32.27916666666667,0.0,0.6999999999999993,0.0,Tiruchirappalli,26.2,0.0
2024-04-08 23:00:00,26.4,89,0.0,999.8,6.0,9.3,62,65,23,8,4,0,99,26.8,0.0,26.1,0.0,29.5,0.0,38.9,0.0,24.6,0.0,26.75,0.0,29.875,0.0,32.354166666666664,0.0,-0.4000000000000021,0.0,Tiruchirappalli,25.8,0.0
2024-04-09 00:00:00,26.1,90,0.0,1000.1,5.7,9.1,56,55,0,9,4,1,100,26.4,0.0,26.1,0.0,28.1,0.0,36.6,0.0,24.6,0.0,26.416666666666668,0.0,29.0,0.0,32.41666666666667,0.0,-0.2999999999999971,0.0,Tiruchirappalli,25.5,0.0
2024-04-09 01:00:00,27.0,86,0.0,1001.2,8.7,12.4,60,60,1,9,4,1,100,26.1,0.0,26.8,0.0,27.0,0.0,35.4,0.0,25.9,0.0,26.416666666666668,0.0,28.3,0.0,32.4625,0.0,0.8999999999999986,0.0,Tiruchirappalli,27.3,0.1
2024-04-09 02:00:00,28.0,78,0.0,1002.2,9.0,12.4,68,67,2,9,4,1,100,27.0,0.0,26.4,0.0,26.1,0.0,33.7,0.0,28.3,0.0,26.73333333333333,0.0,27.825,0.0,32.45,0.0,1.0,0.0,Tiruchirappalli,28.8,0.1
2024-04-09 03:00:00,30.0,68,0.0,1002.8,9.8,12.6,66,66,3,9,4,1,100,28.0,0.0,26.1,0.0,26.1,0.0,32.0,0.0,31.4,0.0,27.38333333333333,0.0,27.65833333333333,0.0,32.39166666666667,0.0,2.0,0.0,Tiruchirappalli,30.9,0.0
2024-04-09 04:00:00,31.9,56,0.0,1002.7,9.2,11.8,70,69,4,9,4,1,100,30.0,0.0,27.0,0.0,26.8,0.0,30.8,0.0,34.4,0.0,28.23333333333333,0.0,27.75,0.0,32.2875,0.0,1.8999999999999984,0.0,Tiruchirappalli,33.2,0.0
2024-04-09 05:00:00,34.3,45,0.0,1002.0,9.3,11.8,78,77,5,9,4,1,100,31.9,0.0,28.0,0.0,26.4,0.0,29.5,0.0,36.5,0.0,29.55,0.0,28.15,0.0,32.19583333333333,0.0,2.3999999999999986,0.0,Tiruchirappalli,35.0,0.0
2024-04-09 06:00:00,36.3,36,0.0,1001.1,11.2,14.8,84,84,6,9,4,1,100,34.3,0.0,30.0,0.0,26.1,0.0,28.1,0.0,38.2,0.0,31.25,0.0,28.83333333333333,0.0,32.11666666666667,0.0,2.0,0.0,Tiruchirappalli,36.6,0.0
2024-04-09 07:00:00,37.7,31,0.0,1000.0,13.7,17.7,88,87,7,9,4,1,100,36.3,0.0,31.9,0.0,27.0,0.0,27.0,0.0,39.5,0.0,33.03333333333333,0.0,29.725,0.0,32.041666666666664,0.0,1.4000000000000057,0.0,Tiruchirappalli,37.7,0.0
2024-04-09 08:00:00,38.4,28,0.0,998.7,15.0,19.7,82,80,8,9,4,1,100,37.7,0.0,34.3,0.0,28.0,0.0,26.1,0.0,40.3,0.0,34.766666666666666,0.0,30.75,0.0,31.9625,0.0,0.6999999999999957,0.0,Tiruchirappalli,38.4,0.0
2024-04-09 09:00:00,38.8,25,0.0,997.7,15.3,19.6,77,75,9,9,4,1,100,38.4,0.0,36.3,0.0,30.0,0.0,26.1,0.0,40.0,0.0,36.23333333333333,0.0,31.808333333333334,0.0,31.9125,0.0,0.3999999999999986,0.0,Tiruchirappalli,39.0,0.0
2024-04-09 10:00:00,38.9,24,0.0,997.1,15.5,20.1,80,78,10,9,4,1,100,38.8,0.0,37.7,0.0,31.9,0.0,26.8,0.0,40.0,0.0,37.4,0.0,32.81666666666667,0.0,31.86666666666667,0.0,0.1000000000000014,0.0,Tiruchirappalli,38.5,0.0
2024-04-09 11:00:00,38.2,23,0.0,996.8,17.7,23.8,86,84,11,9,4,1,100,38.9,0.0,38.4,0.0,34.3,0.0,26.4,0.0,38.9,0.0,38.05,0.0,33.8,0.0,31.837499999999995,0.0,-0.6999999999999957,0.0,Tiruchirappalli,37.3,0.0
2024-04-09 12:00:00,36.4,26,0.0,997.5,19.1,26.7,92,92,12,9,4,1,100,38.2,0.0,38.8,0.0,36.3,0.0,26.1,0.0,36.6,0.0,38.06666666666667,0.0,34.65833333333333,0.0,31.82916666666667,0.0,-1.8000000000000045,0.0,Tiruchirappalli,35.6,0.0
2024-04-09 13:00:00,34.8,31,0.0,998.1,13.0,22.0,93,92,13,9,4,1,100,36.4,0.0,38.9,0.0,37.7,0.0,27.0,0.0,35.4,0.0,37.58333333333333,0.0,35.30833333333333,0.0,31.804166666666664,0.0,-1.6000000000000014,0.0,Tiruchirappalli,33.8,0.0
2024-04-09 14:00:00,33.3,36,0.0,999.0,15.9,27.4,94,93,14,9,4,1,100,34.8,0.0,38.2,0.0,38.4,0.0,28.0,0.0,33.7,0.0,36.73333333333333,0.0,35.75,0.0,31.7875,0.0,-1.5,0.0,Tiruchirappalli,32.0,0.0
2024-04-09 15:00:00,31.2,52,0.0,1000.1,17.3,28.8,90,89,15,9,4,1,100,33.3,0.0,36.4,0.0,38.8,0.0,30.0,0.0,32.0,0.0,35.46666666666666,0.0,35.85,0.0,31.754166666666663,0.0,-2.099999999999998,0.0,Tiruchirappalli,30.4,0.0
2024-04-09 16:00:00,29.5,69,0.0,1001.3,15.5,25.2,87,85,16,9,4,1,100,31.2,0.0,34.8,0.0,38.9,0.0,31.9,0.0,30.8,0.0,33.9,0.0,35.65,0.0,31.7,0.0,-1.6999999999999993,0.0,Tiruchirappalli,29.2,0.0
2024-04-09 17:00:00,28.6,78,0.0,1002.2,12.4,21.1,81,80,17,9,4,1,100,29.5,0.0,33.3,0.0,38.2,0.0,34.3,0.0,29.5,0.0,32.3,0.0,35.175000000000004,0.0,31.6625,0.0,-0.8999999999999986,0.0,Tiruchirappalli,28.0,0.0
2024-04-09 18:00:00,27.8,84,0.0,1002.2,10.1,18.3,74,73,18,9,4,1,100,28.6,0.0,31.2,0.0,36.4,0.0,36.3,0.0,28.1,0.0,30.866666666666664,0.0,34.46666666666667,0.0,31.649999999999995,0.0,-0.8000000000000007,0.0,Tiruchirappalli,27.3,0.0
2024-04-09 19:00:00,27.3,87,0.0,1001.6,7.9,15.0,66,66,19,9,4,1,100,27.8,0.0,29.5,0.0,34.8,0.0,37.7,0.0,27.0,0.0,29.61666666666667,0.0,33.6,0.0,31.6625,0.0,-0.5,0.0,Tiruchirappalli,26.7,0.0
2024-04-09 20:00:00,27.1,88,0.0,1000.8,7.1,13.6,58,60,20,9,4,1,100,27.3,0.0,28.6,0.0,33.3,0.0,38.4,0.0,26.1,0.0,28.58333333333333,0.0,32.65833333333333,0.0,31.704166666666666,0.0,-0.1999999999999993,0.0,Tiruchirappalli,26.3,0.0
2024-04-09 21:00:00,26.9,89,0.0,1000.0,6.8,13.2,55,58,21,9,4,1,100,27.1,0.0,27.8,0.0,31.2,0.0,38.8,0.0,26.1,0.0,27.86666666666667,0.0,31.666666666666668,0.0,31.7375,0.0,-0.2000000000000028,0.0,Tiruchirappalli,26.0,0.0
2024-04-09 22:00:00,26.8,89,0.0,999.7,7.2,12.8,50,53,22,9,4,1,100,26.9,0.0,27.3,0.0,29.5,0.0,38.9,0.0,26.8,0.0,27.416666666666668,0.0,30.65833333333333,0.0,31.7375,0.0,-0.0999999999999978,0.0,Tiruchirappalli,25.6,0.0
2024-04-09 23:00:00,26.8,88,0.0,1000.0,7.7,13.2,47,53,23,9,4,1,100,26.8,0.0,27.1,0.0,28.6,0.0,38.2,0.0,26.4,0.0,27.11666666666667,0.0,29.70833333333333,0.0,31.754166666666663,0.0,0.0,0.0,Tiruchirappalli,25.3,0.0
2024-04-10 00:00:00,26.6,88,0.0,1000.5,7.3,12.8,52,57,0,10,4,2,101,26.8,0.0,26.9,0.0,27.8,0.0,36.4,0.0,26.1,0.0,26.916666666666668,0.0,28.89166666666667,0.0,31.774999999999995,0.0,-0.1999999999999993,0.0,Tiruchirappalli,25.3,0.0
2024-04-10 01:00:00,27.2,79,0.0,1001.8,8.0,12.4,60,63,1,10,4,2,101,26.6,0.0,26.8,0.0,27.3,0.0,34.8,0.0,27.0,0.0,26.899999999999995,0.0,28.258333333333336,0.0,31.78333333333333,0.0,0.5999999999999979,0.0,Tiruchirappalli,27.0,0.0
2024-04-10 02:00:00,28.3,72,0.0,1002.6,9.8,12.9,54,54,2,10,4,2,101,27.2,0.0,26.8,0.0,27.1,0.0,33.3,0.0,28.0,0.0,27.1,0.0,27.84166666666667,0.0,31.79583333333333,0.0,1.1000000000000014,0.0,Tiruchirappalli,28.9,0.0
2024-04-10 03:00:00,30.2,62,0.0,1003.1,10.1,13.2,55,55,3,10,4,2,101,28.3,0.0,26.6,0.0,26.9,0.0,31.2,0.0,30.0,0.0,27.649999999999995,0.0,27.758333333333336,0.0,31.804166666666664,0.0,1.8999999999999984,0.0,Tiruchirappalli,31.1,0.0
2024-04-10 04:00:00,32.1,52,0.0,1003.1,9.5,12.4,54,53,4,10,4,2,101,30.2,0.0,27.2,0.0,26.8,0.0,29.5,0.0,31.9,0.0,28.53333333333333,0.0,27.975,0.0,31.8125,0.0,1.900000000000002,0.0,Tiruchirappalli,32.0,0.7
2024-04-10 05:00:00,34.1,45,0.0,1002.3,9.4,12.0,57,58,5,10,4,2,101,32.1,0.0,28.3,0.0,26.8,0.0,28.6,0.0,34.3,0.0,29.75,0.0,28.433333333333334,0.0,31.804166666666664,0.0,2.0,0.0,Tiruchirappalli,33.3,0.1
2024-04-10 06:00:00,35.9,38,0.0,1001.4,9.8,12.6,66,66,6,10,4,2,101,34.1,0.0,30.2,0.0,26.6,0.0,27.8,0.0,36.3,0.0,31.3,0.0,29.10833333333333,0.0,31.787500000000005,0.0,1.7999999999999972,0.0,Tiruchirappalli,35.6,0.0
2024-04-10 07:00:00,37.2,34,0.0,1000.5,11.2,14.2,74,75,7,10,4,2,101,35.9,0.0,32.1,0.0,27.2,0.0,27.3,0.0,37.7,0.0,32.96666666666667,0.0,29.933333333333337,0.0,31.766666666666666,0.0,1.3000000000000045,0.0,Tiruchirappalli,37.2,0.0
2024-04-10 08:00:00,38.2,30,0.0,999.3,12.4,16.1,80,80,8,10,4,2,101,37.2,0.0,34.1,0.0,28.3,0.0,27.1,0.0,38.4,0.0,34.61666666666667,0.0,30.85833333333333,0.0,31.758333333333336,0.0,1.0,0.0,Tiruchirappalli,37.8,0.0
2024-04-10 09:00:00,38.4,28,0.0,998.1,13.4,17.4,84,84,9,10,4,2,101,38.2,0.0,35.9,0.0,30.2,0.0,26.9,0.0,38.8,0.0,35.98333333333333,0.0,31.816666666666663,0.0,31.741666666666664,0.0,0.1999999999999957,0.0,Tiruchirappalli,38.0,0.0
2024-04-10 10:00:00,38.3,27,0.0,997.0,12.6,16.3,85,85,10,10,4,2,101,38.4,0.0,37.2,0.0,32.1,0.0,26.8,0.0,38.9,0.0,37.016666666666666,0.0,32.775,0.0,31.71666666666667,0.0,-0.1000000000000014,0.0,Tiruchirappalli,38.1,0.0
2024-04-10 11:00:00,37.9,29,0.0,996.7,13.0,16.9,89,87,11,10,4,2,101,38.3,0.0,38.2,0.0,34.1,0.0,26.8,0.0,38.2,0.0,37.65,0.0,33.7,0.0,31.704166666666666,0.0,-0.3999999999999986,0.0,Tiruchirappalli,36.9,0.0
2024-04-10 12:00:00,36.3,32,0.0,997.1,16.7,22.5,96,96,12,10,4,2,101,37.9,0.0,38.4,0.0,35.9,0.0,26.6,0.0,36.4,0.0,37.71666666666666,0.0,34.50833333333333,0.0,31.7,0.0,-1.6000000000000014,0.0,Tiruchirappalli,35.0,0.0
2024-04-10 13:00:00,34.7,36,0.0,998.6,13.1,21.1,107,106,13,10,4,2,101,36.3,0.0,38.3,0.0,37.2,0.0,27.2,0.0,34.8,0.0,37.3,0.0,35.13333333333333,0.0,31.695833333333336,0.0,-1.5999999999999943,0.0,Tiruchirappalli,33.1,0.0
2024-04-10 14:00:00,33.0,42,0.0,999.3,14.2,24.4,98,97,14,10,4,2,101,34.7,0.0,37.9,0.0,38.2,0.0,28.3,0.0,33.3,0.0,36.43333333333333,0.0,35.525,0.0,31.683333333333337,0.0,-1.7000000000000028,0.0,Tiruchirappalli,31.8,0.0
2024-04-10 15:00:00,31.4,51,0.0,1000.3,13.8,23.6,97,97,15,10,4,2,101,33.0,0.0,36.3,0.0,38.4,0.0,30.2,0.0,31.2,0.0,35.26666666666666,0.0,35.625,0.0,31.691666666666663,0.0,-1.6000000000000014,0.0,Tiruchirappalli,30.4,0.0
2024-04-10 16:00:00,30.1,58,0.0,1000.8,13.4,22.9,98,96,16,10,4,2,101,31.4,0.0,34.7,0.0,38.3,0.0,32.1,0.0,29.5,0.0,33.9,0.0,35.458333333333336,0.0,31.71666666666667,0.0,-1.2999999999999972,0.0,Tiruchirappalli,29.4,0.0
2024-04-10 17:00:00,29.3,64,0.0,1001.6,10.4,19.1,94,92,17,10,4,2,101,30.1,0.0,33.0,0.0,37.9,0.0,34.1,0.0,28.6,0.0,32.46666666666666,0.0,35.05833333333333,0.0,31.745833333333334,0.0,-0.8000000000000007,0.0,Tiruchirappalli,28.7,0.0
2024-04-10 18:00:00,28.6,68,0.0,1001.3,8.0,15.9,87,82,18,10,4,2,101,29.3,0.0,31.4,0.0,36.3,0.0,35.9,0.0,27.8,0.0,31.183333333333337,0.0,34.45,0.0,31.77916666666667,0.0,-0.6999999999999993,0.0,Tiruchirappalli,28.0,0.0
2024-04-10 19:00:00,28.0,71,0.0,1001.0,6.5,14.3,78,71,19,10,4,2,101,28.6,0.0,30.1,0.0,34.7,0.0,37.2,0.0,27.3,0.0,30.066666666666663,0.0,33.68333333333333,0.0,31.808333333333334,0.0,-0.6000000000000014,0.0,Tiruchirappalli,27.2,0.0
2024-04-10 20:00:00,27.3,75,0.0,1000.7,5.3,12.8,68,62,20,10,4,2,101,28.0,0.0,29.3,0.0,33.0,0.0,38.2,0.0,27.1,0.0,29.116666666666664,0.0,32.775,0.0,31.816666666666663,0.0,-0.6999999999999993,0.0,Tiruchirappalli,27.0,0.0
2024-04-10 21:00:00,27.0,77,0.0,1000.3,5.9,13.5,56,52,21,10,4,2,101,27.3,0.0,28.6,0.0,31.4,0.0,38.4,0.0,26.9,0.0,28.383333333333336,0.0,31.825000000000003,0.0,31.82083333333333,0.0,-0.3000000000000007,0.0,Tiruchirappalli,26.5,0.1
2024-04-10 22:00:00,26.7,79,0.0,1000.1,5.0,12.6,59,69,22,10,4,2,101,27.0,0.0,28.0,0.0,30.1,0.0,38.3,0.0,26.8,0.0,27.816666666666663,0.0,30.85833333333333,0.0,31.816666666666663,0.0,-0.3000000000000007,0.0,Tiruchirappalli,26.3,0.0
2024-04-10 23:00:00,26.4,81,0.0,1000.3,4.7,12.2,66,81,23,10,4,2,101,26.7,0.0,27.3,0.0,29.3,0.0,37.9,0.0,26.8,0.0,27.33333333333333,0.0,29.9,0.0,31.8,0.0,-0.3000000000000007,0.0,Tiruchirappalli,26.0,0.0
2024-04-11 00:00:00,26.0,83,0.0,1000.8,4.9,12.7,65,73,0,11,4,3,102,26.4,0.0,27.0,0.0,28.6,0.0,36.3,0.0,26.6,0.0,26.899999999999995,0.0,29.041666666666668,0.0,31.775,0.0,-0.3999999999999986,0.0,Tiruchirappalli,25.6,0.0
2024-04-11 01:00:00,26.9,82,0.0,1001.3,6.2,12.4,22,21,1,11,4,3,102,26.0,0.0,26.7,0.0,28.0,0.0,34.7,0.0,27.2,0.0,26.716666666666665,0.0,28.39166666666667,0.0,31.7625,0.0,0.8999999999999986,0.0,Tiruchirappalli,26.7,0.0
2024-04-11 02:00:00,29.0,72,0.0,1002.2,7.1,10.4,34,30,2,11,4,3,102,26.9,0.0,26.4,0.0,27.3,0.0,33.0,0.0,28.3,0.0,27.0,0.0,28.058333333333337,0.0,31.791666666666668,0.0,2.1000000000000014,0.0,Tiruchirappalli,28.6,0.0
2024-04-11 03:00:00,31.7,56,0.0,1003.0,7.6,10.0,60,59,3,11,4,3,102,29.0,0.0,26.0,0.0,27.0,0.0,31.4,0.0,30.2,0.0,27.78333333333333,0.0,28.08333333333333,0.0,31.854166666666668,0.0,2.7,0.0,Tiruchirappalli,30.8,0.0
2024-04-11 04:00:00,33.1,50,0.0,1002.9,10.4,13.4,76,76,4,11,4,3,102,31.7,0.0,26.9,0.0,26.7,0.0,30.1,0.0,32.1,0.0,28.85,0.0,28.33333333333333,0.0,31.89583333333333,0.0,1.400000000000002,0.0,Tiruchirappalli,32.9,0.0
2024-04-11 05:00:00,33.6,50,0.1,1002.7,9.8,12.7,83,84,5,11,4,3,102,33.1,0.0,29.0,0.0,26.4,0.0,29.3,0.0,34.1,0.0,30.05,0.0999999999999997,28.691666666666663,0.0999999999999997,31.875,0.1,0.5,0.1,Tiruchirappalli,34.4,0.0
2024-04-11 06:00:00,35.7,45,0.0,1001.9,10.8,13.8,75,75,6,11,4,3,102,33.6,0.1,31.7,0.0,26.0,0.0,28.6,0.0,35.9,0.0,31.666666666666668,0.0999999999999997,29.28333333333333,0.0999999999999997,31.866666666666664,0.1,2.1000000000000014,-0.1,Tiruchirappalli,36.4,0.0
2024-04-11 07:00:00,37.0,40,0.0,1000.5,11.8,14.8,77,78,7,11,4,3,102,35.7,0.0,33.1,0.0,26.9,0.0,28.0,0.0,37.2,0.0,33.35,0.0999999999999997,30.03333333333333,0.0999999999999997,31.85833333333333,0.1,1.2999999999999972,0.0,Tiruchirappalli,37.9,0.0
2024-04-11 08:00:00,37.5,38,0.0,999.1,11.8,14.7,79,78,8,11,4,3,102,37.0,0.0,33.6,0.1,29.0,0.0,27.3,0.0,38.2,0.0,34.76666666666667,0.0999999999999997,30.88333333333333,0.0999999999999997,31.829166666666666,0.1,0.5,0.0,Tiruchirappalli,38.3,0.0
2024-04-11 09:00:00,38.0,35,0.0,997.5,11.5,14.4,86,86,9,11,4,3,102,37.5,0.0,35.7,0.0,31.7,0.0,27.0,0.0,38.4,0.0,35.81666666666667,0.0999999999999997,31.8,0.0999999999999997,31.8125,0.1,0.5,0.0,Tiruchirappalli,38.8,0.0
2024-04-11 10:00:00,37.9,35,0.0,996.6,14.4,18.4,87,87,10,11,4,3,102,38.0,0.0,37.0,0.0,33.1,0.0,26.7,0.0,38.3,0.0,36.61666666666667,0.0999999999999997,32.733333333333334,0.0999999999999997,31.79583333333333,0.1,-0.1000000000000014,0.0,Tiruchirappalli,38.5,0.0
2024-04-11 11:00:00,36.8,37,0.0,996.5,16.6,22.0,90,90,11,11,4,3,102,37.9,0.0,37.5,0.0,33.6,0.1,26.4,0.0,37.9,0.0,37.15,0.0,33.6,0.0999999999999997,31.75,0.1,-1.1000000000000014,0.0,Tiruchirappalli,37.4,0.0
2024-04-11 12:00:00,35.5,42,0.0,997.0,16.0,21.8,98,98,12,11,4,3,102,36.8,0.0,38.0,0.0,35.7,0.0,26.0,0.0,36.3,0.0,37.11666666666667,0.0,34.391666666666666,0.0999999999999997,31.71666666666667,0.1,-1.2999999999999972,0.0,Tiruchirappalli,35.7,0.0
2024-04-11 13:00:00,33.1,54,0.0,998.7,14.6,20.9,122,123,13,11,4,3,102,35.5,0.0,37.9,0.0,37.0,0.0,26.9,0.0,34.7,0.0,36.46666666666666,0.0,34.90833333333333,0.0999999999999997,31.649999999999995,0.1,-2.3999999999999986,0.0,Tiruchirappalli,34.2,0.0
2024-04-11 14:00:00,25.9,93,7.6,1001.3,13.4,22.0,91,82,14,11,4,3,102,33.1,0.0,36.8,0.0,37.5,0.0,29.0,0.0,33.0,0.0,34.53333333333334,7.6,34.65,7.699999999999999,31.354166666666668,7.699999999999999,-7.200000000000003,7.6,Tiruchirappalli,32.7,0.0
2024-04-11 15:00:00,25.9,90,8.8,1002.0,4.0,9.9,100,100,15,11,4,3,102,25.9,7.6,35.5,0.0,38.0,0.0,31.7,0.0,31.4,0.0,32.51666666666666,16.4,34.166666666666664,16.5,31.125,16.5,0.0,1.200000000000001,Tiruchirappalli,31.0,0.0
2024-04-11 16:00:00,25.7,91,0.1,1002.7,10.9,15.7,11,6,16,11,4,3,102,25.9,8.8,33.1,0.0,37.9,0.0,33.1,0.0,30.1,0.0,30.48333333333333,16.5,33.550000000000004,16.6,30.941666666666663,16.6,-0.1999999999999993,-8.700000000000001,Tiruchirappalli,29.4,0.0
2024-04-11 17:00:00,25.6,91,0.0,1002.8,5.8,11.3,81,83,17,11,4,3,102,25.7,0.1,25.9,7.6,36.8,0.0,33.6,0.1,29.3,0.0,28.616666666666664,16.5,32.88333333333333,16.5,30.7875,16.6,-0.0999999999999978,-0.1,Tiruchirappalli,28.4,0.0
2024-04-11 18:00:00,25.5,91,0.0,1002.5,7.9,12.6,93,93,18,11,4,3,102,25.6,0.0,25.9,8.8,35.5,0.0,35.7,0.0,28.6,0.0,26.95,16.5,32.03333333333334,16.5,30.65833333333333,16.6,-0.1000000000000014,0.0,Tiruchirappalli,27.7,0.0
2024-04-11 19:00:00,25.3,91,0.8,1002.4,7.0,11.7,101,111,19,11,4,3,102,25.5,0.0,25.7,0.1,33.1,0.0,37.0,0.0,28.0,0.0,25.65,17.3,31.058333333333334,17.299999999999997,30.54583333333333,17.4,-0.1999999999999993,0.8,Tiruchirappalli,26.9,0.0
2024-04-11 20:00:00,25.1,91,0.7,1001.4,4.7,6.9,62,58,20,11,4,3,102,25.3,0.8,25.6,0.0,25.9,7.6,37.5,0.0,27.3,0.0,25.516666666666666,10.4,30.025,18.0,30.45416666666667,18.1,-0.1999999999999993,-0.1,Tiruchirappalli,26.8,0.0
2024-04-11 21:00:00,25.1,91,0.0,1000.5,1.8,2.9,60,53,21,11,4,3,102,25.1,0.7,25.5,0.0,25.9,8.8,38.0,0.0,27.0,0.0,25.383333333333336,1.6,28.950000000000003,18.0,30.375,18.1,0.0,-0.7,Tiruchirappalli,26.0,0.0
2024-04-11 22:00:00,25.2,91,0.0,1000.0,2.2,2.2,171,189,22,11,4,3,102,25.1,0.0,25.3,0.8,25.7,0.1,37.9,0.0,26.7,0.0,25.3,1.5,27.891666666666666,18.0,30.3125,18.1,0.0999999999999978,0.0,Tiruchirappalli,25.8,0.0
2024-04-11 23:00:00,25.3,92,0.0,1000.0,1.8,2.2,270,270,23,11,4,3,102,25.2,0.0,25.1,0.7,25.6,0.0,36.8,0.0,26.4,0.0,25.25,1.5,26.933333333333337,18.0,30.266666666666666,18.1,0.1000000000000014,0.0,Tiruchirappalli,25.8,0.0
2024-04-12 00:00:00,25.5,91,0.0,1000.5,2.5,3.3,6,8,0,12,4,4,103,25.3,0.0,25.1,0.0,25.5,0.0,35.5,0.0,26.0,0.0,25.25,1.5,26.100000000000005,18.0,30.245833333333334,18.1,0.1999999999999993,0.0,Tiruchirappalli,26.0,0.0
2024-04-12 01:00:00,26.9,88,0.5,1000.8,11.7,20.4,81,81,1,12,4,4,103,25.5,0.0,25.2,0.0,25.3,0.8,33.1,0.0,26.9,0.0,25.516666666666666,1.2,25.58333333333333,18.5,30.245833333333337,18.6,1.3999999999999986,0.5,Tiruchirappalli,26.6,0.0
2024-04-12 02:00:00,28.0,77,0.0,1001.7,10.8,14.8,90,90,2,12,4,4,103,26.9,0.5,25.3,0.0,25.1,0.7,25.9,7.6,29.0,0.0,26.0,0.5,25.758333333333336,10.9,30.20416666666667,18.6,1.1000000000000014,-0.5,Tiruchirappalli,28.5,0.0
2024-04-12 03:00:00,29.7,70,0.0,1002.4,10.9,14.7,73,73,3,12,4,4,103,28.0,0.0,25.5,0.0,25.1,0.0,25.9,8.8,31.7,0.0,26.766666666666666,0.5,26.075,2.1,30.120833333333334,18.6,1.6999999999999993,0.0,Tiruchirappalli,30.9,0.0
2024-04-12 04:00:00,30.5,66,0.0,1002.6,9.4,12.1,73,72,4,12,4,4,103,29.7,0.0,26.9,0.5,25.2,0.0,25.7,0.1,33.1,0.0,27.649999999999995,0.5,26.475,2.0,30.0125,18.6,0.8000000000000007,0.0,Tiruchirappalli,33.4,0.0
2024-04-12 05:00:00,32.8,57,0.0,1002.4,13.1,17.0,54,53,5,12,4,4,103,30.5,0.0,28.0,0.0,25.3,0.0,25.6,0.0,33.6,0.1,28.9,0.5,27.075,2.0,29.979166666666668,18.5,2.299999999999997,0.0,Tiruchirappalli,35.2,0.0
2024-04-12 06:00:00,29.7,70,1.6,1002.5,16.2,21.5,76,77,6,12,4,4,103,32.8,0.0,29.7,0.0,25.5,0.0,25.5,0.0,35.7,0.0,29.6,2.1,27.425,3.6,29.729166666666668,20.1,-3.099999999999998,1.6,Tiruchirappalli,37.2,0.0
2024-04-12 07:00:00,33.1,56,0.0,1001.5,13.1,17.2,80,81,7,12,4,4,103,29.7,1.6,30.5,0.0,26.9,0.5,25.3,0.8,37.0,0.0,30.633333333333336,1.6,28.075000000000003,2.8000000000000003,29.566666666666663,20.1,3.400000000000002,-1.6,Tiruchirappalli,38.6,0.0
2024-04-12 08:00:00,34.5,50,0.0,1000.0,13.9,17.6,79,80,8,12,4,4,103,33.1,0.0,32.8,0.0,28.0,0.0,25.1,0.7,37.5,0.0,31.71666666666667,1.6,28.85833333333333,2.1,29.441666666666663,20.1,1.3999999999999986,0.0,Tiruchirappalli,39.5,0.0
2024-04-12 09:00:00,35.1,48,0.0,998.7,14.3,18.2,81,80,9,12,4,4,103,34.5,0.0,29.7,1.6,29.7,0.0,25.1,0.0,38.0,0.0,32.61666666666667,1.6,29.691666666666663,2.1,29.320833333333336,20.1,0.6000000000000014,0.0,Tiruchirappalli,39.9,0.0
2024-04-12 10:00:00,35.5,46,0.0,997.9,14.9,19.2,84,83,10,12,4,4,103,35.1,0.0,33.1,0.0,30.5,0.0,25.2,0.0,37.9,0.0,33.45,1.6,30.55,2.1,29.22083333333333,20.1,0.3999999999999986,0.0,Tiruchirappalli,39.7,0.0
2024-04-12 11:00:00,31.9,59,0.5,998.2,18.3,25.0,120,122,11,12,4,4,103,35.5,0.0,34.5,0.0,32.8,0.0,25.3,0.0,36.8,0.0,33.300000000000004,2.1,31.1,2.6,29.016666666666666,20.6,-3.6000000000000014,0.5,Tiruchirappalli,39.2,0.0
2024-04-12 12:00:00,31.7,58,0.0,998.7,15.2,21.0,112,112,12,12,4,4,103,31.9,0.5,35.1,0.0,29.7,1.6,25.5,0.0,35.5,0.0,33.63333333333333,0.5,31.616666666666664,2.6,28.85833333333333,20.6,-0.1999999999999993,-0.5,Tiruchirappalli,38.5,0.0
2024-04-12 13:00:00,30.7,65,0.3,999.9,12.7,20.4,135,137,13,12,4,4,103,31.7,0.0,35.5,0.0,33.1,0.0,26.9,0.5,33.1,0.0,33.23333333333333,0.8,31.933333333333334,2.4,28.758333333333336,20.9,-1.0,0.3,Tiruchirappalli,36.0,0.0
2024-04-12 14:00:00,30.2,67,0.0,1000.6,12.1,20.5,124,127,14,12,4,4,103,30.7,0.3,31.9,0.5,34.5,0.0,28.0,0.0,25.9,7.6,32.516666666666666,0.8,32.11666666666667,2.4,28.9375,13.3,-0.5,-0.3,Tiruchirappalli,34.4,0.0
2024-04-12 15:00:00,28.7,76,1.7,1001.7,9.0,15.1,108,113,15,12,4,4,103,30.2,0.0,31.7,0.0,35.1,0.0,29.7,0.0,25.9,8.8,31.45,2.5,32.03333333333333,4.1,29.054166666666664,6.2,-1.5,1.7,Tiruchirappalli,31.8,0.0
2024-04-12 16:00:00,26.9,86,0.0,1002.4,9.2,16.1,110,101,16,12,4,4,103,28.7,1.7,30.7,0.3,35.5,0.0,30.5,0.0,25.7,0.1,30.016666666666666,2.5,31.73333333333333,4.1,29.104166666666668,6.1000000000000005,-1.8000000000000007,-1.7,Tiruchirappalli,30.3,0.0
2024-04-12 17:00:00,26.8,86,0.2,1002.5,6.0,10.9,117,115,17,12,4,4,103,26.9,0.0,30.2,0.0,31.9,0.5,32.8,0.0,25.6,0.0,29.16666666666666,2.2,31.23333333333333,4.3,29.15416666666667,6.300000000000001,-0.0999999999999978,0.2,Tiruchirappalli,29.4,0.0
2024-04-12 18:00:00,26.4,89,0.0,1002.2,4.9,10.4,134,144,18,12,4,4,103,26.8,0.2,28.7,1.7,31.7,0.0,29.7,1.6,25.5,0.0,28.28333333333333,2.2,30.95833333333333,2.7,29.191666666666663,6.300000000000001,-0.4000000000000021,-0.2,Tiruchirappalli,28.9,0.0
2024-04-12 19:00:00,26.0,91,0.0,1001.9,3.1,4.7,180,225,19,12,4,4,103,26.4,0.0,26.9,0.0,30.7,0.3,33.1,0.0,25.3,0.8,27.5,1.9,30.366666666666664,2.7,29.22083333333333,5.5,-0.3999999999999986,0.0,Tiruchirappalli,28.5,0.0
2024-04-12 20:00:00,25.7,92,0.0,1001.1,3.3,3.1,201,257,20,12,4,4,103,26.0,0.0,26.8,0.2,30.2,0.0,34.5,0.0,25.1,0.7,26.75,1.9,29.63333333333333,2.7,29.245833333333337,4.800000000000001,-0.3000000000000007,0.0,Tiruchirappalli,28.0,0.0
2024-04-12 21:00:00,25.3,95,0.0,1000.5,4.0,3.7,241,270,21,12,4,4,103,25.7,0.0,26.4,0.0,28.7,1.7,35.1,0.0,25.1,0.0,26.183333333333334,0.2,28.816666666666663,2.7,29.254166666666663,4.800000000000001,-0.3999999999999986,0.0,Tiruchirappalli,27.5,0.0
2024-04-12 22:00:00,25.1,96,0.0,1000.2,4.7,5.2,254,270,22,12,4,4,103,25.3,0.0,26.0,0.0,26.9,0.0,35.5,0.0,25.2,0.0,25.88333333333333,0.2,27.950000000000003,2.7,29.25,4.800000000000001,-0.1999999999999993,0.0,Tiruchirappalli,26.9,0.0
2024-04-12 23:00:00,25.4,93,0.1,1000.3,4.7,6.5,264,274,23,12,4,4,103,25.1,0.0,25.7,0.0,26.8,0.2,31.9,0.5,25.3,0.0,25.65,0.1,27.40833333333333,2.3,29.254166666666663,4.9,0.2999999999999971,0.1,Tiruchirappalli,26.4,0.0
2024-04-13 00:00:00,25.4,94,0.1,1001.0,3.9,5.6,285,292,0,13,4,5,104,25.4,0.1,25.3,0.0,26.4,0.0,31.7,0.0,25.5,0.0,25.48333333333333,0.2,26.88333333333333,2.4,29.25,5.000000000000001,0.0,0.0,Tiruchirappalli,26.3,0.0
2024-04-13 01:00:00,26.5,94,0.3,1001.2,5.2,8.7,318,282,1,13,4,5,104,25.4,0.1,25.1,0.0,26.0,0.0,30.7,0.3,26.9,0.5,25.566666666666663,0.5,26.53333333333333,2.4000000000000004,29.23333333333333,4.800000000000001,1.1000000000000014,0.1999999999999999,Tiruchirappalli,27.8,0.0
2024-04-13 02:00:00,27.1,81,0.6,1002.5,6.6,7.5,145,135,2,13,4,5,104,26.5,0.3,25.4,0.1,25.7,0.0,30.2,0.0,28.0,0.0,25.8,1.1,26.275,3.0,29.19583333333333,5.4,0.6000000000000014,0.3,Tiruchirappalli,29.7,0.0
2024-04-13 03:00:00,27.5,82,0.2,1003.4,6.9,9.7,51,51,3,13,4,5,104,27.1,0.6,25.4,0.1,25.3,0.0,28.7,1.7,29.7,0.0,26.166666666666668,1.3,26.175,1.5,29.104166666666668,5.6000000000000005,0.3999999999999986,-0.3999999999999999,Tiruchirappalli,32.4,0.0
2024-04-13 04:00:00,29.8,70,0.0,1003.5,6.4,8.1,77,74,4,13,4,5,104,27.5,0.2,26.5,0.3,25.1,0.0,26.9,0.0,30.5,0.0,26.95,1.3,26.416666666666668,1.5,29.075,5.6000000000000005,2.3000000000000007,-0.2,Tiruchirappalli,34.8,0.0
2024-04-13 05:00:00,32.5,59,0.0,1002.9,7.9,10.1,107,106,5,13,4,5,104,29.8,0.0,27.1,0.6,25.4,0.1,26.8,0.2,32.8,0.0,28.13333333333333,1.2,26.891666666666666,1.3,29.0625,5.6000000000000005,2.7,0.0,Tiruchirappalli,36.8,0.0
2024-04-13 06:00:00,34.4,51,0.1,1002.2,9.0,11.2,94,92,6,13,4,5,104,32.5,0.0,27.5,0.2,25.4,0.1,26.4,0.0,29.7,1.6,29.633333333333336,1.2,27.558333333333334,1.4,29.258333333333336,4.1,1.8999999999999984,0.1,Tiruchirappalli,38.6,0.0
2024-04-13 07:00:00,35.9,44,0.0,1000.8,12.4,16.0,99,100,7,13,4,5,104,34.4,0.1,29.8,0.0,26.5,0.3,26.0,0.0,33.1,0.0,31.200000000000003,0.9,28.383333333333336,1.4,29.375,4.1,1.5,-0.1,Tiruchirappalli,39.9,0.0
2024-04-13 08:00:00,36.6,41,0.0,999.4,13.6,17.6,105,107,8,13,4,5,104,35.9,0.0,32.5,0.0,27.1,0.6,25.7,0.0,34.5,0.0,32.78333333333333,0.3,29.291666666666668,1.4,29.4625,4.1,0.7000000000000028,0.0,Tiruchirappalli,40.6,0.0
2024-04-13 09:00:00,36.7,41,0.0,998.3,12.3,16.1,106,105,9,13,4,5,104,36.6,0.0,34.4,0.1,27.5,0.2,25.3,0.0,35.1,0.0,34.31666666666666,0.1,30.241666666666664,1.4,29.529166666666665,4.1,0.1000000000000014,0.0,Tiruchirappalli,41.0,0.0
2024-04-13 10:00:00,36.8,40,0.0,997.4,12.4,15.7,101,98,10,13,4,5,104,36.7,0.0,35.9,0.0,29.8,0.0,25.1,0.0,35.5,0.0,35.483333333333334,0.1,31.216666666666665,1.4,29.58333333333333,4.1,0.0999999999999943,0.0,Tiruchirappalli,41.0,0.0
2024-04-13 11:00:00,31.3,63,1.3,998.0,15.4,21.6,123,123,11,13,4,5,104,36.8,0.0,36.6,0.0,32.5,0.0,25.4,0.1,31.9,0.5,35.28333333333334,1.4,31.70833333333333,2.6,29.558333333333334,4.9,-5.4999999999999964,1.3,Tiruchirappalli,40.8,0.0
2024-04-13 12:00:00,32.3,57,0.1,998.1,12.1,16.1,117,117,12,13,4,5,104,31.3,1.3,36.7,0.0,34.4,0.1,25.4,0.1,31.7,0.0,34.93333333333333,1.4,32.28333333333334,2.6,29.58333333333333,5.0,0.9999999999999964,-1.2,Tiruchirappalli,36.9,0.0
2024-04-13 13:00:00,32.4,52,0.0,999.1,8.9,15.0,134,137,13,13,4,5,104,32.3,0.1,36.8,0.0,35.9,0.0,26.5,0.3,30.7,0.3,34.35,1.4,32.775,2.3000000000000003,29.65416666666667,4.7,0.1000000000000014,-0.1,Tiruchirappalli,35.5,0.0
2024-04-13 14:00:00,31.3,56,0.0,1000.2,4.6,12.3,128,141,14,13,4,5,104,32.4,0.0,31.3,1.3,36.6,0.0,27.1,0.6,30.2,0.0,33.46666666666666,1.4,33.125,1.7000000000000002,29.7,4.7,-1.099999999999998,0.0,Tiruchirappalli,34.4,0.0
2024-04-13 15:00:00,30.6,58,0.0,1001.1,7.2,15.7,122,127,15,13,4,5,104,31.3,0.0,32.3,0.1,36.7,0.0,27.5,0.2,28.7,1.7,32.45,1.4,33.38333333333333,1.5000000000000002,29.77916666666667,3.0,-0.6999999999999993,0.0,Tiruchirappalli,32.8,0.0
2024-04-13 16:00:00,29.8,62,0.0,1001.8,8.2,17.2,116,113,16,13,4,5,104,30.6,0.0,32.4,0.0,36.8,0.0,29.8,0.0,26.9,0.0,31.28333333333333,1.4,33.38333333333333,1.5000000000000002,29.9,3.0,-0.8000000000000007,0.0,Tiruchirappalli,31.7,0.0
2024-04-13 17:00:00,29.3,68,0.0,1002.2,8.8,16.2,102,102,17,13,4,5,104,29.8,0.0,31.3,0.0,31.3,1.3,32.5,0.0,26.8,0.2,30.95,0.1,33.11666666666667,1.5000000000000002,30.004166666666663,2.8,-0.5,0.0,Tiruchirappalli,31.1,0.0
2024-04-13 18:00:00,28.5,75,0.0,1002.1,8.0,15.5,85,85,18,13,4,5,104,29.3,0.0,30.6,0.0,32.3,0.1,34.4,0.1,26.4,0.0,30.316666666666663,0.0,32.625,1.4,30.09166666666667,2.8,-0.8000000000000007,0.0,Tiruchirappalli,30.3,0.0
2024-04-13 19:00:00,27.8,82,0.0,1001.5,6.9,13.8,81,84,19,13,4,5,104,28.5,0.0,29.8,0.0,32.4,0.0,35.9,0.0,26.0,0.0,29.55,0.0,31.95,1.4,30.166666666666668,2.8,-0.6999999999999993,0.0,Tiruchirappalli,29.7,0.0
2024-04-13 20:00:00,27.3,85,0.1,1001.0,5.8,12.7,82,86,20,13,4,5,104,27.8,0.0,29.3,0.0,31.3,0.0,36.6,0.0,25.7,0.0,28.883333333333336,0.1,31.175,1.5,30.23333333333333,2.9,-0.5,0.1,Tiruchirappalli,29.1,0.0
2024-04-13 21:00:00,26.8,87,0.1,1000.3,5.9,12.8,79,79,21,13,4,5,104,27.3,0.1,28.5,0.0,30.6,0.0,36.7,0.0,25.3,0.0,28.25,0.2,30.35,1.6,30.29583333333333,3.0,-0.5,0.0,Tiruchirappalli,28.4,0.0
2024-04-13 22:00:00,26.2,91,0.0,1000.1,4.5,12.2,71,76,22,13,4,5,104,26.8,0.1,27.8,0.0,29.8,0.0,36.8,0.0,25.1,0.0,27.65,0.2,29.46666666666667,1.6,30.341666666666665,3.0,-0.6000000000000014,-0.1,Tiruchirappalli,27.8,0.0
2024-04-13 23:00:00,25.8,94,0.0,1000.2,4.4,11.7,72,81,23,13,4,5,104,26.2,0.0,27.3,0.1,29.3,0.0,31.3,1.3,25.4,0.1,27.066666666666663,0.2,29.008333333333336,0.3,30.35833333333333,2.9000000000000004,-0.3999999999999986,0.0,Tiruchirappalli,27.4,0.0
2024-04-14 00:00:00,25.5,96,0.0,1000.6,5.0,13.0,66,69,0,14,4,6,105,25.8,0.0,26.8,0.1,28.5,0.0,32.3,0.1,25.4,0.1,26.566666666666663,0.2,28.441666666666663,0.2,30.3625,2.8000000000000003,-0.3000000000000007,0.0,Tiruchirappalli,27.1,0.0
2024-04-14 01:00:00,27.3,87,0.1,1001.1,5.5,12.9,36,32,1,14,4,6,105,25.5,0.0,26.2,0.0,27.8,0.0,32.4,0.0,26.5,0.3,26.48333333333333,0.3,28.016666666666666,0.3,30.39583333333333,2.6,1.8000000000000007,0.1,Tiruchirappalli,27.9,0.0
2024-04-14 02:00:00,28.8,78,0.1,1002.2,10.2,14.6,40,39,2,14,4,6,105,27.3,0.1,25.8,0.0,27.3,0.1,31.3,0.0,27.1,0.6,26.73333333333333,0.3,27.808333333333334,0.4,30.46666666666667,2.1,1.5,0.0,Tiruchirappalli,29.7,0.0
2024-04-14 03:00:00,30.9,64,0.0,1003.1,10.7,14.1,40,40,3,14,4,6,105,28.8,0.1,25.5,0.0,26.8,0.1,30.6,0.0,27.5,0.2,27.416666666666668,0.2,27.83333333333333,0.4,30.60833333333333,1.9,2.099999999999998,-0.1,Tiruchirappalli,32.4,0.0
2024-04-14 04:00:00,33.2,51,0.0,1003.3,11.6,15.2,54,54,4,14,4,6,105,30.9,0.0,27.3,0.1,26.2,0.0,29.8,0.0,29.8,0.0,28.58333333333333,0.2,28.11666666666667,0.4,30.75,1.9,2.3000000000000043,0.0,Tiruchirappalli,35.0,0.0
2024-04-14 05:00:00,35.0,43,0.0,1002.8,13.5,17.6,64,65,5,14,4,6,105,33.2,0.0,28.8,0.1,25.8,0.0,29.3,0.0,32.5,0.0,30.116666666666664,0.2,28.59166666666667,0.4,30.854166666666668,1.9,1.7999999999999972,0.0,Tiruchirappalli,37.2,0.0
2024-04-14 06:00:00,36.6,37,0.0,1001.9,14.5,18.8,64,63,6,14,4,6,105,35.0,0.0,30.9,0.0,25.5,0.0,28.5,0.0,34.4,0.1,31.96666666666667,0.2,29.26666666666667,0.4,30.94583333333333,1.8,1.6000000000000014,0.0,Tiruchirappalli,39.0,0.0
2024-04-14 07:00:00,37.7,33,0.0,1000.7,15.3,20.2,71,71,7,14,4,6,105,36.6,0.0,33.2,0.0,27.3,0.1,27.8,0.0,35.9,0.0,33.7,0.1,30.09166666666667,0.4,31.02083333333333,1.8,1.1000000000000014,0.0,Tiruchirappalli,40.5,0.0
2024-04-14 08:00:00,38.4,29,0.0,999.4,16.2,21.4,77,78,8,14,4,6,105,37.7,0.0,35.0,0.0,28.8,0.1,27.3,0.1,36.6,0.0,35.300000000000004,0.0,31.016666666666666,0.3,31.09583333333333,1.8,0.6999999999999957,0.0,Tiruchirappalli,41.4,0.0
2024-04-14 09:00:00,39.0,27,0.0,998.4,16.9,22.0,79,79,9,14,4,6,105,38.4,0.0,36.6,0.0,30.9,0.0,26.8,0.1,36.7,0.0,36.65,0.0,32.03333333333333,0.2,31.191666666666663,1.8,0.6000000000000014,0.0,Tiruchirappalli,41.6,0.0
2024-04-14 10:00:00,38.5,27,0.0,997.7,18.4,24.4,77,78,10,14,4,6,105,39.0,0.0,37.7,0.0,33.2,0.0,26.2,0.0,36.8,0.0,37.53333333333334,0.0,33.05833333333333,0.2,31.2625,1.8,-0.5,0.0,Tiruchirappalli,41.5,0.0
2024-04-14 11:00:00,37.3,28,0.0,997.7,18.9,25.6,80,81,11,14,4,6,105,38.5,0.0,38.4,0.0,35.0,0.0,25.8,0.0,31.3,1.3,37.91666666666666,0.0,34.016666666666666,0.2,31.5125,0.5,-1.2000000000000028,0.0,Tiruchirappalli,40.6,0.0
2024-04-14 12:00:00,35.6,32,0.0,998.3,18.1,25.3,84,84,12,14,4,6,105,37.3,0.0,39.0,0.0,36.6,0.0,25.5,0.0,32.3,0.1,37.75,0.0,34.85833333333333,0.2,31.65,0.4,-1.6999999999999955,0.0,Tiruchirappalli,38.5,0.0
2024-04-14 13:00:00,33.8,38,0.0,999.2,16.0,25.8,82,82,13,14,4,6,105,35.6,0.0,38.5,0.0,37.7,0.0,27.3,0.1,32.4,0.0,37.1,0.0,35.4,0.1,31.70833333333333,0.4,-1.8000000000000045,0.0,Tiruchirappalli,36.2,0.0
2024-04-14 14:00:00,32.0,46,0.0,1000.5,16.2,27.0,92,91,14,14,4,6,105,33.8,0.0,37.3,0.0,38.4,0.0,28.8,0.1,31.3,0.0,36.03333333333333,0.0,35.666666666666664,0.0,31.7375,0.4,-1.7999999999999972,0.0,Tiruchirappalli,33.9,0.0
2024-04-14 15:00:00,30.4,57,0.0,1001.6,15.2,25.7,96,95,15,14,4,6,105,32.0,0.0,35.6,0.0,39.0,0.0,30.9,0.0,30.6,0.0,34.6,0.0,35.625,0.0,31.729166666666668,0.4,-1.6000000000000014,0.0,Tiruchirappalli,32.0,0.0
2024-04-14 16:00:00,29.2,65,0.0,1002.2,12.2,21.6,91,92,16,14,4,6,105,30.4,0.0,33.8,0.0,38.5,0.0,33.2,0.0,29.8,0.0,33.05,0.0,35.291666666666664,0.0,31.704166666666666,0.4,-1.1999999999999993,0.0,Tiruchirappalli,30.6,0.0
2024-04-14 17:00:00,28.0,73,0.0,1002.3,10.1,18.9,81,84,17,14,4,6,105,29.2,0.0,32.0,0.0,37.3,0.0,35.0,0.0,29.3,0.0,31.5,0.0,34.708333333333336,0.0,31.649999999999995,0.4,-1.1999999999999993,0.0,Tiruchirappalli,29.4,0.0
2024-04-14 18:00:00,27.3,79,0.0,1002.0,7.9,16.3,72,74,18,14,4,6,105,28.0,0.0,30.4,0.0,35.6,0.0,36.6,0.0,28.5,0.0,30.116666666666664,0.0,33.93333333333333,0.0,31.6,0.4,-0.6999999999999993,0.0,Tiruchirappalli,28.6,0.0
2024-04-14 19:00:00,26.7,83,0.0,1001.9,6.0,13.7,67,73,19,14,4,6,105,27.3,0.0,29.2,0.0,33.8,0.0,37.7,0.0,27.8,0.0,28.933333333333334,0.0,33.016666666666666,0.0,31.554166666666664,0.4,-0.6000000000000014,0.0,Tiruchirappalli,28.0,0.0
2024-04-14 20:00:00,26.3,86,0.0,1001.4,4.5,12.1,67,76,20,14,4,6,105,26.7,0.0,28.0,0.0,32.0,0.0,38.4,0.0,27.3,0.1,27.98333333333333,0.0,32.00833333333333,0.0,31.512500000000003,0.3,-0.3999999999999986,0.0,Tiruchirappalli,27.4,0.0
2024-04-14 21:00:00,26.0,89,0.0,1000.8,3.9,11.3,59,68,21,14,4,6,105,26.3,0.0,27.3,0.0,30.4,0.0,39.0,0.0,26.8,0.1,27.25,0.0,30.925,0.0,31.479166666666668,0.2,-0.3000000000000007,0.0,Tiruchirappalli,27.1,0.0
2024-04-14 22:00:00,25.6,91,0.0,1000.7,4.1,11.5,51,52,22,14,4,6,105,26.0,0.0,26.7,0.0,29.2,0.0,38.5,0.0,26.2,0.0,26.65,0.0,29.85,0.0,31.45416666666667,0.2,-0.3999999999999986,0.0,Tiruchirappalli,27.1,0.0
2024-04-14 23:00:00,25.3,94,0.0,1000.8,3.7,11.3,53,61,23,14,4,6,105,25.6,0.0,26.3,0.0,28.0,0.0,37.3,0.0,25.8,0.0,26.200000000000003,0.0,28.85,0.0,31.433333333333334,0.2,-0.3000000000000007,0.0,Tiruchirappalli,26.7,0.0
2024-04-15 00:00:00,25.3,94,0.0,1001.3,3.3,10.2,58,77,0,15,4,0,106,25.3,0.0,26.0,0.0,27.3,0.0,35.6,0.0,25.5,0.0,25.866666666666664,0.0,27.99166666666667,0.0,31.425,0.2,0.0,0.0,Tiruchirappalli,26.3,0.0
2024-04-15 01:00:00,27.0,85,0.0,1002.0,3.1,8.7,45,54,1,15,4,0,106,25.3,0.0,25.6,0.0,26.7,0.0,33.8,0.0,27.3,0.1,25.916666666666668,0.0,27.425,0.0,31.4125,0.1,1.6999999999999993,0.0,Tiruchirappalli,27.8,0.0
2024-04-15 02:00:00,28.9,77,0.0,1002.7,6.4,8.9,43,43,2,15,4,0,106,27.0,0.0,25.3,0.0,26.3,0.0,32.0,0.0,28.8,0.1,26.35,0.0,27.166666666666668,0.0,31.416666666666668,0.0,1.8999999999999984,0.0,Tiruchirappalli,30.3,0.0
2024-04-15 03:00:00,31.1,67,0.0,1003.0,7.9,10.2,51,51,3,15,4,0,106,28.9,0.0,25.3,0.0,26.0,0.0,30.4,0.0,30.9,0.0,27.2,0.0,27.225,0.0,31.425,0.0,2.200000000000003,0.0,Tiruchirappalli,33.2,0.0
2024-04-15 04:00:00,32.0,60,0.7,1003.5,14.5,19.0,65,67,4,15,4,0,106,31.1,0.0,27.0,0.0,25.6,0.0,29.2,0.0,33.2,0.0,28.266666666666666,0.7,27.45833333333333,0.7,31.375,0.7,0.8999999999999986,0.7,Tiruchirappalli,35.8,0.0
2024-04-15 05:00:00,33.3,56,0.1,1003.2,14.8,19.3,61,61,5,15,4,0,106,32.0,0.7,28.9,0.0,25.3,0.0,28.0,0.0,35.0,0.0,29.6,0.7999999999999999,27.9,0.7999999999999999,31.30416666666667,0.7999999999999999,1.2999999999999972,-0.6,Tiruchirappalli,38.1,0.0
2024-04-15 06:00:00,35.6,46,0.0,1002.7,13.7,17.9,71,72,6,15,4,0,106,33.3,0.1,31.1,0.0,25.3,0.0,27.3,0.0,36.6,0.0,31.316666666666663,0.7999999999999999,28.591666666666665,0.7999999999999999,31.262500000000003,0.7999999999999999,2.3000000000000043,-0.1,Tiruchirappalli,39.6,0.0
2024-04-15 07:00:00,37.2,39,0.0,1001.5,15.7,20.5,79,79,7,15,4,0,106,35.6,0.0,32.0,0.7,27.0,0.0,26.7,0.0,37.7,0.0,33.01666666666667,0.7999999999999999,29.46666666666667,0.7999999999999999,31.241666666666664,0.7999999999999999,1.6000000000000014,0.0,Tiruchirappalli,41.2,0.0
2024-04-15 08:00:00,37.8,36,0.0,1000.4,17.5,22.9,82,82,8,15,4,0,106,37.2,0.0,33.3,0.1,28.9,0.0,26.3,0.0,38.4,0.0,34.5,0.7999999999999999,30.425,0.7999999999999999,31.21666666666667,0.7999999999999999,0.5999999999999943,0.0,Tiruchirappalli,27.9,0.0
2024-04-15 09:00:00,38.0,35,0.0,999.0,17.7,23.4,87,86,9,15,4,0,106,37.8,0.0,35.6,0.0,31.1,0.0,26.0,0.0,39.0,0.0,35.65,0.7999999999999999,31.425,0.7999999999999999,31.175,0.7999999999999999,0.2000000000000028,0.0,Tiruchirappalli,27.9,0.0
2024-04-15 10:00:00,38.1,32,0.0,998.2,17.3,23.0,91,91,10,15,4,0,106,38.0,0.0,37.2,0.0,32.0,0.7,25.6,0.0,38.5,0.0,36.66666666666666,0.1,32.46666666666667,0.7999999999999999,31.15833333333333,0.7999999999999999,0.1000000000000014,0.0,Tiruchirappalli,27.9,0.0
2024-04-15 11:00:00,36.9,34,0.0,998.1,19.8,26.7,88,87,11,15,4,0,106,38.1,0.0,37.8,0.0,33.3,0.1,25.3,0.0,37.3,0.0,37.266666666666666,0.0,33.43333333333333,0.7999999999999999,31.14166666666667,0.7999999999999999,-1.2000000000000028,0.0,Tiruchirappalli,41.3,0.0
2024-04-15 12:00:00,35.0,41,0.0,998.5,20.5,28.8,89,89,12,15,4,0,106,36.9,0.0,38.0,0.0,35.6,0.0,25.3,0.0,35.6,0.0,37.16666666666666,0.0,34.24166666666667,0.7999999999999999,31.11666666666667,0.7999999999999999,-1.8999999999999984,0.0,Tiruchirappalli,39.5,0.0
2024-04-15 13:00:00,33.1,49,0.0,1000.2,19.2,28.9,96,95,13,15,4,0,106,35.0,0.0,38.1,0.0,37.2,0.0,27.0,0.0,33.8,0.0,36.48333333333333,0.0,34.75,0.7999999999999999,31.087499999999995,0.7999999999999999,-1.8999999999999984,0.0,Tiruchirappalli,38.1,0.0
2024-04-15 14:00:00,31.8,56,0.0,1001.0,18.1,27.5,96,96,14,15,4,0,106,33.1,0.0,36.9,0.0,37.8,0.0,28.9,0.0,32.0,0.0,35.483333333333334,0.0,34.99166666666667,0.7999999999999999,31.079166666666666,0.7999999999999999,-1.3000000000000007,0.0,Tiruchirappalli,36.6,0.0
2024-04-15 15:00:00,30.4,66,0.0,1001.9,15.3,24.0,99,99,15,15,4,0,106,31.8,0.0,35.0,0.0,38.0,0.0,31.1,0.0,30.4,0.0,34.21666666666667,0.0,34.93333333333333,0.7999999999999999,31.079166666666666,0.7999999999999999,-1.400000000000002,0.0,Tiruchirappalli,34.3,0.0
2024-04-15 16:00:00,29.4,71,0.0,1002.6,11.2,18.4,91,90,16,15,4,0,106,30.4,0.0,33.1,0.0,38.1,0.0,32.0,0.7,29.2,0.0,32.766666666666666,0.0,34.71666666666666,0.1,31.0875,0.7999999999999999,-1.0,0.0,Tiruchirappalli,32.7,0.0
2024-04-15 17:00:00,28.7,75,0.0,1003.2,7.8,14.0,78,77,17,15,4,0,106,29.4,0.0,31.8,0.0,36.9,0.0,33.3,0.1,28.0,0.0,31.4,0.0,34.333333333333336,0.0,31.11666666666667,0.7999999999999999,-0.6999999999999993,0.0,Tiruchirappalli,31.7,0.0
2024-04-15 18:00:00,28.0,78,0.0,1003.1,5.1,10.9,82,82,18,15,4,0,106,28.7,0.0,30.4,0.0,35.0,0.0,35.6,0.0,27.3,0.0,30.23333333333333,0.0,33.7,0.0,31.14583333333333,0.7999999999999999,-0.6999999999999993,0.0,Tiruchirappalli,30.9,0.0
2024-04-15 19:00:00,27.2,83,0.0,1002.4,4.1,6.5,87,105,19,15,4,0,106,28.0,0.0,29.4,0.0,33.1,0.0,37.2,0.0,26.7,0.0,29.25,0.0,32.86666666666667,0.0,31.166666666666668,0.7999999999999999,-0.8000000000000007,0.0,Tiruchirappalli,30.2,0.0
2024-04-15 20:00:00,27.0,84,0.0,1001.5,2.8,6.3,59,50,20,15,4,0,106,27.2,0.0,28.7,0.0,31.8,0.0,37.8,0.0,26.3,0.0,28.45,0.0,31.96666666666667,0.0,31.19583333333333,0.7999999999999999,-0.1999999999999993,0.0,Tiruchirappalli,29.5,0.0
2024-04-15 21:00:00,26.5,87,0.1,1001.2,2.7,7.0,35,23,21,15,4,0,106,27.0,0.0,28.0,0.0,30.4,0.0,38.0,0.0,26.0,0.0,27.8,0.1,31.008333333333336,0.1,31.216666666666665,0.8999999999999999,-0.5,0.1,Tiruchirappalli,28.9,0.0
2024-04-15 22:00:00,26.3,89,0.0,1001.0,3.1,8.5,36,36,22,15,4,0,106,26.5,0.1,27.2,0.0,29.4,0.0,38.1,0.0,25.6,0.0,27.28333333333333,0.1,30.025,0.1,31.245833333333334,0.8999999999999999,-0.1999999999999993,-0.1,Tiruchirappalli,28.5,0.0
2024-04-15 23:00:00,26.0,91,0.0,1000.9,2.6,7.9,43,56,23,15,4,0,106,26.3,0.0,27.0,0.0,28.7,0.0,36.9,0.0,25.3,0.0,26.83333333333333,0.1,29.11666666666667,0.1,31.275,0.8999999999999999,-0.3000000000000007,0.0,Tiruchirappalli,28.1,0.0
2024-04-16 00:00:00,25.6,93,0.0,1001.2,3.1,7.1,49,69,0,16,4,1,107,26.0,0.0,26.5,0.1,28.0,0.0,35.0,0.0,25.3,0.0,26.433333333333334,0.1,28.33333333333333,0.1,31.287500000000005,0.8999999999999999,-0.3999999999999986,0.0,Tiruchirappalli,27.8,0.0
2024-04-16 01:00:00,26.7,87,0.0,1001.4,4.8,9.0,37,42,1,16,4,1,107,25.6,0.0,26.3,0.0,27.2,0.0,33.1,0.0,27.0,0.0,26.35,0.1,27.8,0.1,31.275,0.8999999999999999,1.099999999999998,0.0,Tiruchirappalli,28.5,0.0
2024-04-16 02:00:00,28.6,76,0.0,1002.0,3.4,4.5,61,58,2,16,4,1,107,26.7,0.0,26.0,0.0,27.0,0.0,31.8,0.0,28.9,0.0,26.61666666666667,0.1,27.53333333333333,0.1,31.2625,0.8999999999999999,1.900000000000002,0.0,Tiruchirappalli,30.8,0.0
2024-04-16 03:00:00,30.8,64,0.0,1002.7,4.0,5.1,94,90,3,16,4,1,107,28.6,0.0,25.6,0.0,26.5,0.1,30.4,0.0,31.1,0.0,27.33333333333333,0.0,27.566666666666663,0.1,31.25,0.8999999999999999,2.2,0.0,Tiruchirappalli,33.5,0.0
2024-04-16 04:00:00,32.9,54,0.0,1002.7,4.8,5.9,104,103,4,16,4,1,107,30.8,0.0,26.7,0.0,26.3,0.0,29.4,0.0,32.0,0.7,28.433333333333334,0.0,27.85833333333333,0.1,31.287500000000005,0.2,2.099999999999998,0.0,Tiruchirappalli,35.5,0.0
2024-04-16 05:00:00,34.4,47,0.0,1002.3,5.8,7.3,99,97,5,16,4,1,107,32.9,0.0,28.6,0.0,26.0,0.0,28.7,0.0,33.3,0.1,29.83333333333333,0.0,28.33333333333333,0.1,31.33333333333333,0.1,1.5,0.0,Tiruchirappalli,37.3,0.0
2024-04-16 06:00:00,36.4,38,0.0,1001.6,7.2,9.1,97,93,6,16,4,1,107,34.4,0.0,30.8,0.0,25.6,0.0,28.0,0.0,35.6,0.0,31.633333333333336,0.0,29.03333333333333,0.1,31.366666666666664,0.1,2.0,0.0,Tiruchirappalli,38.8,0.0
2024-04-16 07:00:00,37.9,32,0.0,1000.6,9.0,11.6,95,92,7,16,4,1,107,36.4,0.0,32.9,0.0,26.7,0.0,27.2,0.0,37.2,0.0,33.5,0.0,29.925,0.1,31.39583333333333,0.1,1.5,0.0,Tiruchirappalli,40.2,0.0
2024-04-16 08:00:00,38.3,30,0.0,999.2,10.6,13.6,102,100,8,16,4,1,107,37.9,0.0,34.4,0.0,28.6,0.0,27.0,0.0,37.8,0.0,35.11666666666667,0.0,30.866666666666664,0.1,31.416666666666668,0.1,0.3999999999999986,0.0,Tiruchirappalli,41.4,0.0
2024-04-16 09:00:00,38.8,28,0.0,998.0,11.3,14.7,107,107,9,16,4,1,107,38.3,0.0,36.4,0.0,30.8,0.0,26.5,0.1,38.0,0.0,36.45,0.0,31.891666666666666,0.0,31.45,0.1,0.5,0.0,Tiruchirappalli,41.1,0.0
2024-04-16 10:00:00,38.5,28,0.0,997.1,13.4,17.1,118,117,10,16,4,1,107,38.8,0.0,37.9,0.0,32.9,0.0,26.3,0.0,38.1,0.0,37.38333333333333,0.0,32.90833333333333,0.0,31.46666666666667,0.1,-0.2999999999999971,0.0,Tiruchirappalli,40.2,0.0
2024-04-16 11:00:00,37.4,31,0.0,997.1,14.7,19.2,124,126,11,16,4,1,107,38.5,0.0,38.3,0.0,34.4,0.0,26.0,0.0,36.9,0.0,37.88333333333333,0.0,33.85833333333333,0.0,31.4875,0.1,-1.1000000000000014,0.0,Tiruchirappalli,38.9,0.0
2024-04-16 12:00:00,35.7,37,0.0,997.5,15.0,20.2,131,132,12,16,4,1,107,37.4,0.0,38.8,0.0,36.4,0.0,25.6,0.0,35.0,0.0,37.76666666666666,0.0,34.7,0.0,31.516666666666666,0.1,-1.6999999999999955,0.0,Tiruchirappalli,37.6,0.0
2024-04-16 13:00:00,34.2,39,0.0,998.6,12.3,20.2,140,140,13,16,4,1,107,35.7,0.0,38.5,0.0,37.9,0.0,26.7,0.0,33.1,0.0,37.15,0.0,35.325,0.0,31.5625,0.1,-1.5,0.0,Tiruchirappalli,36.0,0.0
2024-04-16 14:00:00,32.7,46,0.0,999.5,13.6,24.1,141,143,14,16,4,1,107,34.2,0.0,37.4,0.0,38.3,0.0,28.6,0.0,31.8,0.0,36.21666666666667,0.0,35.666666666666664,0.0,31.6,0.1,-1.5,0.0,Tiruchirappalli,34.4,0.0
2024-04-16 15:00:00,31.0,56,0.0,1000.2,15.0,26.4,145,145,15,16,4,1,107,32.7,0.0,35.7,0.0,38.8,0.0,30.8,0.0,30.4,0.0,34.916666666666664,0.0,35.68333333333333,0.0,31.625,0.1,-1.7000000000000028,0.0,Tiruchirappalli,32.7,0.0
2024-04-16 16:00:00,29.4,67,0.0,1000.9,14.3,24.7,138,135,16,16,4,1,107,31.0,0.0,34.2,0.0,38.5,0.0,32.9,0.0,29.4,0.0,33.4,0.0,35.391666666666666,0.0,31.625,0.1,-1.6000000000000014,0.0,Tiruchirappalli,31.6,0.0
2024-04-16 17:00:00,28.4,74,0.0,1001.7,10.8,19.4,130,127,17,16,4,1,107,29.4,0.0,32.7,0.0,37.4,0.0,34.4,0.0,28.7,0.0,31.9,0.0,34.891666666666666,0.0,31.6125,0.1,-1.0,0.0,Tiruchirappalli,30.6,0.0
2024-04-16 18:00:00,27.7,80,0.0,1001.8,7.9,15.8,125,120,18,16,4,1,107,28.4,0.0,31.0,0.0,35.7,0.0,36.4,0.0,28.0,0.0,30.566666666666663,0.0,34.166666666666664,0.0,31.6,0.1,-0.6999999999999993,0.0,Tiruchirappalli,29.5,0.0
2024-04-16 19:00:00,26.9,85,0.0,1001.4,3.3,9.8,118,96,19,16,4,1,107,27.7,0.0,29.4,0.0,34.2,0.0,37.9,0.0,27.2,0.0,29.35,0.0,33.25,0.0,31.5875,0.1,-0.8000000000000007,0.0,Tiruchirappalli,28.3,0.0
2024-04-16 20:00:00,26.8,86,0.0,1000.9,3.1,5.6,135,126,20,16,4,1,107,26.9,0.0,28.4,0.0,32.7,0.0,38.3,0.0,27.0,0.0,28.366666666666664,0.0,32.291666666666664,0.0,31.57916666666667,0.1,-0.0999999999999978,0.0,Tiruchirappalli,27.8,0.0
2024-04-16 21:00:00,26.0,91,0.0,1000.2,3.8,5.6,153,163,21,16,4,1,107,26.8,0.0,27.7,0.0,31.0,0.0,38.8,0.0,26.5,0.1,27.53333333333333,0.0,31.225,0.0,31.558333333333337,0.0,-0.8000000000000007,0.0,Tiruchirappalli,27.6,0.0
2024-04-16 22:00:00,25.8,92,0.0,1000.1,2.7,4.8,167,203,22,16,4,1,107,26.0,0.0,26.9,0.0,29.4,0.0,38.5,0.0,26.3,0.0,26.933333333333334,0.0,30.166666666666668,0.0,31.5375,0.0,-0.1999999999999993,0.0,Tiruchirappalli,27.7,0.0
2024-04-16 23:00:00,25.8,93,0.0,1000.3,2.3,5.0,210,252,23,16,4,1,107,25.8,0.0,26.8,0.0,28.4,0.0,37.4,0.0,26.0,0.0,26.5,0.0,29.200000000000003,0.0,31.529166666666665,0.0,0.0,0.0,Tiruchirappalli,27.4,0.0
2024-04-17 00:00:00,26.0,93,0.0,1000.5,2.3,4.3,222,288,0,17,4,2,108,25.8,0.0,26.0,0.0,27.7,0.0,35.7,0.0,25.6,0.0,26.21666666666667,0.0,28.39166666666667,0.0,31.54583333333333,0.0,0.1999999999999993,0.0,Tiruchirappalli,26.8,0.0
2024-04-17 01:00:00,26.6,89,0.0,1000.6,1.6,4.2,211,297,1,17,4,2,108,26.0,0.0,25.8,0.0,26.9,0.0,34.2,0.0,26.7,0.0,26.166666666666668,0.0,27.75833333333333,0.0,31.541666666666668,0.0,0.6000000000000014,0.0,Tiruchirappalli,28.9,0.0
2024-04-17 02:00:00,28.5,80,0.0,1001.5,3.0,4.1,195,194,2,17,4,2,108,26.6,0.0,25.8,0.0,26.8,0.0,32.7,0.0,28.6,0.0,26.45,0.0,27.40833333333333,0.0,31.5375,0.0,1.8999999999999984,0.0,Tiruchirappalli,30.7,0.0
2024-04-17 03:00:00,30.9,68,0.0,1002.1,3.9,4.7,203,202,3,17,4,2,108,28.5,0.0,26.0,0.0,26.0,0.0,31.0,0.0,30.8,0.0,27.266666666666666,0.0,27.4,0.0,31.541666666666668,0.0,2.3999999999999986,0.0,Tiruchirappalli,32.9,0.0
2024-04-17 04:00:00,33.4,54,0.0,1002.1,4.3,5.9,223,222,4,17,4,2,108,30.9,0.0,26.6,0.0,25.8,0.0,29.4,0.0,32.9,0.0,28.53333333333333,0.0,27.73333333333333,0.0,31.5625,0.0,2.5,0.0,Tiruchirappalli,35.4,0.0
2024-04-17 05:00:00,35.2,44,0.0,1001.6,4.3,5.3,208,204,5,17,4,2,108,33.4,0.0,28.5,0.0,25.8,0.0,28.4,0.0,34.4,0.0,30.1,0.0,28.3,0.0,31.59583333333333,0.0,1.8000000000000045,0.0,Tiruchirappalli,37.6,0.0
2024-04-17 06:00:00,37.2,36,0.0,1000.6,4.7,6.1,180,176,6,17,4,2,108,35.2,0.0,30.9,0.0,26.0,0.0,27.7,0.0,36.4,0.0,31.96666666666667,0.0,29.09166666666667,0.0,31.629166666666663,0.0,2.0,0.0,Tiruchirappalli,39.5,0.0
2024-04-17 07:00:00,38.6,30,0.0,999.4,6.0,7.2,153,155,7,17,4,2,108,37.2,0.0,33.4,0.0,26.6,0.0,26.9,0.0,37.9,0.0,33.96666666666667,0.0,30.066666666666663,0.0,31.65833333333333,0.0,1.3999999999999986,0.0,Tiruchirappalli,40.9,0.0
2024-04-17 08:00:00,39.5,26,0.0,998.1,6.7,8.4,140,144,8,17,4,2,108,38.6,0.0,35.2,0.0,28.5,0.0,26.8,0.0,38.3,0.0,35.800000000000004,0.0,31.125,0.0,31.70833333333333,0.0,0.8999999999999986,0.0,Tiruchirappalli,27.9,0.0
2024-04-17 09:00:00,39.9,25,0.0,997.1,7.2,8.7,138,143,9,17,4,2,108,39.5,0.0,37.2,0.0,30.9,0.0,26.0,0.0,38.8,0.0,37.3,0.0,32.28333333333334,0.0,31.754166666666663,0.0,0.3999999999999986,0.0,Tiruchirappalli,27.9,0.0
2024-04-17 10:00:00,39.7,25,0.0,996.1,6.6,8.3,146,151,10,17,4,2,108,39.9,0.0,38.6,0.0,33.4,0.0,25.8,0.0,38.5,0.0,38.35,0.0,33.44166666666667,0.0,31.804166666666664,0.0,-0.1999999999999957,0.0,Tiruchirappalli,27.9,0.0
2024-04-17 11:00:00,39.2,26,0.0,995.6,8.3,10.8,143,146,11,17,4,2,108,39.7,0.0,39.5,0.0,35.2,0.0,25.8,0.0,37.4,0.0,39.01666666666667,0.0,34.55833333333333,0.0,31.879166666666663,0.0,-0.5,0.0,Tiruchirappalli,41.2,0.0
2024-04-17 12:00:00,38.5,27,0.0,996.1,11.5,15.3,133,134,12,17,4,2,108,39.2,0.0,39.9,0.0,37.2,0.0,26.0,0.0,35.7,0.0,39.23333333333333,0.0,35.6,0.0,31.995833333333334,0.0,-0.7000000000000028,0.0,Tiruchirappalli,39.3,0.0
2024-04-17 13:00:00,36.0,27,0.0,997.2,5.5,13.3,103,101,13,17,4,2,108,38.5,0.0,39.7,0.0,38.6,0.0,26.6,0.0,34.2,0.0,38.8,0.0,36.38333333333333,0.0,32.07083333333333,0.0,-2.5,0.0,Tiruchirappalli,36.6,0.0
2024-04-17 14:00:00,34.4,33,0.0,998.2,12.5,23.7,131,131,14,17,4,2,108,36.0,0.0,39.2,0.0,39.5,0.0,28.5,0.0,32.7,0.0,37.95,0.0,36.875,0.0,32.141666666666666,0.0,-1.6000000000000014,0.0,Tiruchirappalli,35.1,0.0
2024-04-17 15:00:00,31.8,58,0.0,999.0,14.6,25.1,148,147,15,17,4,2,108,34.4,0.0,38.5,0.0,39.9,0.0,30.9,0.0,31.0,0.0,36.6,0.0,36.95,0.0,32.175000000000004,0.0,-2.599999999999998,0.0,Tiruchirappalli,33.1,0.0
2024-04-17 16:00:00,30.3,66,0.0,999.8,13.6,23.5,151,148,16,17,4,2,108,31.8,0.0,36.0,0.0,39.7,0.0,33.4,0.0,29.4,0.0,35.03333333333334,0.0,36.69166666666667,0.0,32.2125,0.0,-1.5,0.0,Tiruchirappalli,31.6,0.0
2024-04-17 17:00:00,29.4,72,0.0,1000.7,11.4,21.1,160,156,17,17,4,2,108,30.3,0.0,34.4,0.0,39.2,0.0,35.2,0.0,28.4,0.0,33.4,0.0,36.208333333333336,0.0,32.25416666666667,0.0,-0.9000000000000021,0.0,Tiruchirappalli,30.6,0.0
2024-04-17 18:00:00,28.9,74,0.0,1000.9,9.3,18.3,170,167,18,17,4,2,108,29.4,0.0,31.8,0.0,38.5,0.0,37.2,0.0,27.7,0.0,31.8,0.0,35.516666666666666,0.0,32.30416666666667,0.0,-0.5,0.0,Tiruchirappalli,29.9,0.0
2024-04-17 19:00:00,28.5,76,0.0,1000.5,7.8,15.9,174,167,19,17,4,2,108,28.9,0.0,30.3,0.0,36.0,0.0,38.6,0.0,26.9,0.0,30.55,0.0,34.675000000000004,0.0,32.37083333333333,0.0,-0.3999999999999986,0.0,Tiruchirappalli,29.1,0.0
2024-04-17 20:00:00,28.0,78,0.0,999.8,7.3,15.5,177,171,20,17,4,2,108,28.5,0.0,29.4,0.0,34.4,0.0,39.5,0.0,26.8,0.0,29.48333333333333,0.0,33.71666666666667,0.0,32.42083333333333,0.0,-0.5,0.0,Tiruchirappalli,28.5,0.0
2024-04-17 21:00:00,27.5,82,0.0,999.0,4.7,12.5,192,189,21,17,4,2,108,28.0,0.0,28.9,0.0,31.8,0.0,39.9,0.0,26.0,0.0,28.766666666666666,0.0,32.68333333333333,0.0,32.48333333333333,0.0,-0.5,0.0,Tiruchirappalli,28.0,0.0
2024-04-17 22:00:00,26.9,86,0.0,998.5,4.0,9.9,199,190,22,17,4,2,108,27.5,0.0,28.5,0.0,30.3,0.0,39.7,0.0,25.8,0.0,28.2,0.0,31.616666666666664,0.0,32.52916666666667,0.0,-0.6000000000000014,0.0,Tiruchirappalli,27.2,0.0
2024-04-17 23:00:00,26.4,89,0.0,998.6,5.1,8.6,202,184,23,17,4,2,108,26.9,0.0,28.0,0.0,29.4,0.0,39.2,0.0,25.8,0.0,27.700000000000003,0.0,30.55,0.0,32.55416666666667,0.0,-0.5,0.0,Tiruchirappalli,26.9,0.0
2024-04-18 00:00:00,26.3,90,0.0,999.1,3.8,10.0,193,163,0,18,4,3,109,26.4,0.0,27.5,0.0,28.9,0.0,38.5,0.0,26.0,0.0,27.266666666666666,0.0,29.53333333333333,0.0,32.56666666666667,0.0,-0.0999999999999978,0.0,Tiruchirappalli,26.5,0.0
2024-04-18 01:00:00,27.8,84,0.0,999.4,5.9,11.3,211,218,1,18,4,3,109,26.3,0.0,26.9,0.0,28.5,0.0,36.0,0.0,26.6,0.0,27.15,0.0,28.85,0.0,32.61666666666667,0.0,1.5,0.0,Tiruchirappalli,27.7,0.0
2024-04-18 02:00:00,29.7,73,0.0,1000.2,6.1,8.7,228,230,2,18,4,3,109,27.8,0.0,26.4,0.0,28.0,0.0,34.4,0.0,28.5,0.0,27.433333333333334,0.0,28.45833333333333,0.0,32.666666666666664,0.0,1.8999999999999984,0.0,Tiruchirappalli,30.5,0.0
2024-04-18 03:00:00,32.4,59,0.0,1000.8,5.4,7.2,252,250,3,18,4,3,109,29.7,0.0,26.3,0.0,27.5,0.0,31.8,0.0,30.9,0.0,28.25,0.0,28.508333333333336,0.0,32.729166666666664,0.0,2.7,0.0,Tiruchirappalli,32.9,0.0
2024-04-18 04:00:00,34.8,48,0.0,1000.8,4.3,5.4,270,270,4,18,4,3,109,32.4,0.0,27.8,0.0,26.9,0.0,30.3,0.0,33.4,0.0,29.566666666666663,0.0,28.883333333333336,0.0,32.7875,0.0,2.3999999999999986,0.0,Tiruchirappalli,35.2,0.0
2024-04-18 05:00:00,36.8,40,0.0,1000.2,2.3,3.0,256,252,5,18,4,3,109,34.8,0.0,29.7,0.0,26.4,0.0,29.4,0.0,35.2,0.0,31.3,0.0,29.5,0.0,32.854166666666664,0.0,2.0,0.0,Tiruchirappalli,37.0,0.0
2024-04-18 06:00:00,38.6,33,0.0,999.3,1.1,1.1,162,162,6,18,4,3,109,36.8,0.0,32.4,0.0,26.3,0.0,28.9,0.0,37.2,0.0,33.35,0.0,30.308333333333334,0.0,32.9125,0.0,1.8000000000000045,0.0,Tiruchirappalli,38.8,0.0
2024-04-18 07:00:00,39.9,28,0.0,997.9,3.9,4.7,122,124,7,18,4,3,109,38.6,0.0,34.8,0.0,27.8,0.0,28.5,0.0,38.6,0.0,35.36666666666667,0.0,31.25833333333333,0.0,32.96666666666666,0.0,1.2999999999999972,0.0,Tiruchirappalli,40.2,0.0
2024-04-18 08:00:00,40.6,25,0.0,996.8,6.6,8.2,128,131,8,18,4,3,109,39.9,0.0,36.8,0.0,29.7,0.0,28.0,0.0,39.5,0.0,37.18333333333333,0.0,32.30833333333333,0.0,33.0125,0.0,0.7000000000000028,0.0,Tiruchirappalli,41.2,0.0
2024-04-18 09:00:00,41.0,24,0.0,995.4,8.9,11.0,128,130,9,18,4,3,109,40.6,0.0,38.6,0.0,32.4,0.0,27.5,0.0,39.9,0.0,38.61666666666667,0.0,33.43333333333333,0.0,33.05833333333333,0.0,0.3999999999999986,0.0,Tiruchirappalli,41.4,0.0
2024-04-18 10:00:00,41.0,23,0.0,994.3,10.2,13.3,128,132,10,18,4,3,109,41.0,0.0,39.9,0.0,34.8,0.0,26.9,0.0,39.7,0.0,39.65,0.0,34.608333333333334,0.0,33.112500000000004,0.0,0.0,0.0,Tiruchirappalli,41.0,0.0
2024-04-18 11:00:00,40.8,23,0.0,994.0,10.9,14.1,122,124,11,18,4,3,109,41.0,0.0,40.6,0.0,36.8,0.0,26.4,0.0,39.2,0.0,40.31666666666667,0.0,35.80833333333333,0.0,33.17916666666667,0.0,-0.2000000000000028,0.0,Tiruchirappalli,40.1,0.0
2024-04-18 12:00:00,36.9,40,0.0,994.8,21.5,29.4,139,140,12,18,4,3,109,40.8,0.0,41.0,0.0,38.6,0.0,26.3,0.0,38.5,0.0,40.03333333333333,0.0,36.69166666666667,0.0,33.112500000000004,0.0,-3.899999999999999,0.0,Tiruchirappalli,38.5,0.0
2024-04-18 13:00:00,35.5,44,0.0,995.1,18.9,30.5,141,141,13,18,4,3,109,36.9,0.0,41.0,0.0,39.9,0.0,27.8,0.0,36.0,0.0,39.3,0.0,37.333333333333336,0.0,33.09166666666667,0.0,-1.3999999999999986,0.0,Tiruchirappalli,36.8,0.0
2024-04-18 14:00:00,34.4,47,0.0,996.2,17.8,28.2,150,148,14,18,4,3,109,35.5,0.0,40.8,0.0,40.6,0.0,29.7,0.0,34.4,0.0,38.266666666666666,0.0,37.725,0.0,33.09166666666667,0.0,-1.1000000000000014,0.0,Tiruchirappalli,34.8,0.0
2024-04-18 15:00:00,32.8,51,0.0,997.4,15.6,26.4,156,154,15,18,4,3,109,34.4,0.0,36.9,0.0,41.0,0.0,32.4,0.0,31.8,0.0,36.9,0.0,37.75833333333333,0.0,33.13333333333333,0.0,-1.6000000000000014,0.0,Tiruchirappalli,33.0,0.0
2024-04-18 16:00:00,31.7,57,0.0,998.4,14.5,24.8,161,157,16,18,4,3,109,32.8,0.0,35.5,0.0,41.0,0.0,34.8,0.0,30.3,0.0,35.35,0.0,37.49999999999999,0.0,33.19166666666667,0.0,-1.099999999999998,0.0,Tiruchirappalli,31.8,0.0
2024-04-18 17:00:00,31.1,56,0.0,999.2,11.6,20.8,166,164,17,18,4,3,109,31.7,0.0,34.4,0.0,40.8,0.0,36.8,0.0,29.4,0.0,33.73333333333333,0.0,37.025,0.0,33.2625,0.0,-0.5999999999999979,0.0,Tiruchirappalli,30.6,0.0
2024-04-18 18:00:00,30.3,59,0.0,999.4,7.9,15.9,183,183,18,18,4,3,109,31.1,0.0,32.8,0.0,36.9,0.0,38.6,0.0,28.9,0.0,32.63333333333333,0.0,36.333333333333336,0.0,33.32083333333333,0.0,-0.8000000000000007,0.0,Tiruchirappalli,28.8,0.0
2024-04-18 19:00:00,29.7,65,0.0,999.0,5.2,12.6,217,214,19,18,4,3,109,30.3,0.0,31.7,0.0,35.5,0.0,39.9,0.0,28.5,0.0,31.666666666666668,0.0,35.483333333333334,0.0,33.37083333333333,0.0,-0.6000000000000014,0.0,Tiruchirappalli,27.0,0.0
2024-04-18 20:00:00,29.1,69,0.0,998.0,4.3,9.9,190,156,20,18,4,3,109,29.7,0.0,31.1,0.0,34.4,0.0,40.6,0.0,28.0,0.0,30.78333333333333,0.0,34.525,0.0,33.416666666666664,0.0,-0.5999999999999979,0.0,Tiruchirappalli,26.7,0.0
2024-04-18 21:00:00,28.4,74,0.0,997.3,5.4,10.9,174,143,21,18,4,3,109,29.1,0.0,30.3,0.0,32.8,0.0,41.0,0.0,27.5,0.0,30.05,0.0,33.475,0.0,33.454166666666666,0.0,-0.7000000000000028,0.0,Tiruchirappalli,26.5,0.0
2024-04-18 22:00:00,27.8,80,0.0,996.9,7.2,13.1,159,143,22,18,4,3,109,28.4,0.0,29.7,0.0,31.7,0.0,41.0,0.0,26.9,0.0,29.4,0.0,32.375,0.0,33.49166666666667,0.0,-0.5999999999999979,0.0,Tiruchirappalli,27.1,0.0
2024-04-18 23:00:00,27.4,85,0.0,997.0,4.3,10.4,166,156,23,18,4,3,109,27.8,0.0,29.1,0.0,31.1,0.0,40.8,0.0,26.4,0.0,28.78333333333333,0.0,31.25833333333333,0.0,33.53333333333333,0.0,-0.4000000000000021,0.0,Tiruchirappalli,26.9,0.0
2024-04-19 00:00:00,27.1,88,0.0,997.4,3.5,9.1,173,156,0,19,4,4,110,27.4,0.0,28.4,0.0,30.3,0.0,36.9,0.0,26.3,0.0,28.25,0.0,30.441666666666663,0.0,33.56666666666667,0.0,-0.2999999999999971,0.0,Tiruchirappalli,26.2,0.0
2024-04-19 01:00:00,27.9,86,0.0,997.8,2.8,5.8,180,140,1,19,4,4,110,27.1,0.0,27.8,0.0,29.7,0.0,35.5,0.0,27.8,0.0,27.950000000000003,0.0,29.808333333333334,0.0,33.57083333333333,0.0,0.7999999999999972,0.0,Tiruchirappalli,28.0,0.0
2024-04-19 02:00:00,29.7,78,0.0,998.3,1.6,2.6,214,207,2,19,4,4,110,27.9,0.0,27.4,0.0,29.1,0.0,34.4,0.0,29.7,0.0,28.05,0.0,29.416666666666668,0.0,33.57083333333333,0.0,1.8000000000000007,0.0,Tiruchirappalli,30.2,0.0
2024-04-19 03:00:00,32.4,61,0.0,999.0,3.7,5.3,298,299,3,19,4,4,110,29.7,0.0,27.1,0.0,28.4,0.0,32.8,0.0,32.4,0.0,28.71666666666667,0.0,29.383333333333336,0.0,33.57083333333333,0.0,2.7,0.0,Tiruchirappalli,32.9,0.0
2024-04-19 04:00:00,35.0,49,0.0,999.0,2.6,3.8,287,286,4,19,4,4,110,32.4,0.0,27.9,0.0,27.8,0.0,31.7,0.0,34.8,0.0,29.916666666666668,0.0,29.65833333333333,0.0,33.579166666666666,0.0,2.6000000000000014,0.0,Tiruchirappalli,35.3,0.0
2024-04-19 05:00:00,37.2,40,0.0,998.5,1.5,2.3,231,225,5,19,4,4,110,35.0,0.0,29.7,0.0,27.4,0.0,31.1,0.0,36.8,0.0,31.55,0.0,30.166666666666668,0.0,33.59583333333333,0.0,2.200000000000003,0.0,Tiruchirappalli,37.4,0.0
2024-04-19 06:00:00,39.0,33,0.0,997.3,3.4,3.7,151,148,6,19,4,4,110,37.2,0.0,32.4,0.0,27.1,0.0,30.3,0.0,38.6,0.0,33.53333333333333,0.0,30.891666666666666,0.0,33.612500000000004,0.0,1.7999999999999972,0.0,Tiruchirappalli,39.3,0.0
2024-04-19 07:00:00,40.5,28,0.0,996.1,5.9,7.2,127,128,7,19,4,4,110,39.0,0.0,35.0,0.0,27.9,0.0,29.7,0.0,39.9,0.0,35.63333333333333,0.0,31.791666666666668,0.0,33.6375,0.0,1.5,0.0,Tiruchirappalli,40.5,0.0
2024-04-19 08:00:00,41.4,24,0.0,994.6,8.3,10.2,108,108,8,19,4,4,110,40.5,0.0,37.2,0.0,29.7,0.0,29.1,0.0,40.6,0.0,37.583333333333336,0.0,32.81666666666666,0.0,33.670833333333334,0.0,0.8999999999999986,0.0,Tiruchirappalli,41.0,0.0
2024-04-19 09:00:00,41.6,23,0.0,993.3,8.7,11.0,113,114,9,19,4,4,110,41.4,0.0,39.0,0.0,32.4,0.0,28.4,0.0,41.0,0.0,39.11666666666667,0.0,33.916666666666664,0.0,33.69583333333333,0.0,0.2000000000000028,0.0,Tiruchirappalli,41.3,0.0
2024-04-19 10:00:00,41.5,23,0.0,992.6,10.9,14.0,116,117,10,19,4,4,110,41.6,0.0,40.5,0.0,35.0,0.0,27.8,0.0,41.0,0.0,40.2,0.0,35.05833333333333,0.0,33.71666666666667,0.0,-0.1000000000000014,0.0,Tiruchirappalli,39.9,0.0
2024-04-19 11:00:00,40.6,24,0.0,992.5,13.9,18.2,115,115,11,19,4,4,110,41.5,0.0,41.4,0.0,37.2,0.0,27.4,0.0,40.8,0.0,40.76666666666667,0.0,36.15833333333334,0.0,33.708333333333336,0.0,-0.8999999999999986,0.0,Tiruchirappalli,39.1,0.0
2024-04-19 12:00:00,38.5,30,0.0,993.2,17.9,24.1,125,124,12,19,4,4,110,40.6,0.0,41.6,0.0,39.0,0.0,27.1,0.0,36.9,0.0,40.68333333333334,0.0,37.10833333333333,0.0,33.775,0.0,-2.1000000000000014,0.0,Tiruchirappalli,38.1,0.0
2024-04-19 13:00:00,36.2,35,0.0,994.6,17.1,27.8,139,138,13,19,4,4,110,38.5,0.0,41.5,0.0,40.5,0.0,27.9,0.0,35.5,0.0,39.96666666666667,0.0,37.8,0.0,33.80416666666667,0.0,-2.299999999999997,0.0,Tiruchirappalli,36.6,0.0
2024-04-19 14:00:00,33.9,46,0.0,995.6,19.4,31.1,138,137,14,19,4,4,110,36.2,0.0,40.6,0.0,41.4,0.0,29.7,0.0,34.4,0.0,38.71666666666667,0.0,38.15,0.0,33.78333333333333,0.0,-2.3000000000000043,0.0,Tiruchirappalli,35.2,0.0
2024-04-19 15:00:00,32.0,56,0.0,996.6,16.4,28.1,144,142,15,19,4,4,110,33.9,0.0,38.5,0.0,41.6,0.0,32.4,0.0,32.8,0.0,37.11666666666667,0.0,38.11666666666667,0.0,33.75,0.0,-1.8999999999999984,0.0,Tiruchirappalli,34.1,0.0
2024-04-19 16:00:00,30.6,66,0.0,997.5,14.0,25.1,159,157,16,19,4,4,110,32.0,0.0,36.2,0.0,41.5,0.0,35.0,0.0,31.7,0.0,35.3,0.0,37.75,0.0,33.704166666666666,0.0,-1.3999999999999986,0.0,Tiruchirappalli,32.7,0.0
2024-04-19 17:00:00,29.4,76,0.0,998.1,13.0,24.4,167,166,17,19,4,4,110,30.6,0.0,33.9,0.0,40.6,0.0,37.2,0.0,31.1,0.0,33.43333333333333,0.0,37.1,0.0,33.63333333333333,0.0,-1.2000000000000028,0.0,Tiruchirappalli,31.3,0.0
2024-04-19 18:00:00,28.6,81,0.0,997.9,11.0,21.1,171,169,18,19,4,4,110,29.4,0.0,32.0,0.0,38.5,0.0,39.0,0.0,30.3,0.0,31.78333333333333,0.0,36.23333333333333,0.0,33.5625,0.0,-0.7999999999999972,0.0,Tiruchirappalli,30.1,0.0
2024-04-19 19:00:00,28.0,84,0.0,997.4,6.9,16.3,175,171,19,19,4,4,110,28.6,0.0,30.6,0.0,36.2,0.0,40.5,0.0,29.7,0.0,30.416666666666668,0.0,35.19166666666667,0.0,33.49166666666667,0.0,-0.6000000000000014,0.0,Tiruchirappalli,28.4,0.0
2024-04-19 20:00:00,27.4,87,0.0,997.2,4.1,12.1,203,218,20,19,4,4,110,28.0,0.0,29.4,0.0,33.9,0.0,41.4,0.0,29.1,0.0,29.33333333333333,0.0,34.025,0.0,33.420833333333334,0.0,-0.6000000000000014,0.0,Tiruchirappalli,27.3,0.0
2024-04-19 21:00:00,27.1,88,0.0,996.8,4.5,9.8,208,194,21,19,4,4,110,27.4,0.0,28.6,0.0,32.0,0.0,41.6,0.0,28.4,0.0,28.516666666666666,0.0,32.81666666666667,0.0,33.36666666666667,0.0,-0.2999999999999971,0.0,Tiruchirappalli,27.0,0.0
2024-04-19 22:00:00,27.1,88,0.0,996.4,4.9,9.7,178,144,22,19,4,4,110,27.1,0.0,28.0,0.0,30.6,0.0,41.5,0.0,27.8,0.0,27.933333333333337,0.0,31.616666666666664,0.0,33.3375,0.0,0.0,0.0,Tiruchirappalli,26.3,0.0
2024-04-19 23:00:00,26.7,90,0.0,996.3,6.9,11.8,157,133,23,19,4,4,110,27.1,0.0,27.4,0.0,29.4,0.0,40.6,0.0,27.4,0.0,27.48333333333333,0.0,30.45833333333333,0.0,33.30833333333333,0.0,-0.4000000000000021,0.0,Tiruchirappalli,25.8,0.0
2024-04-20 00:00:00,26.3,93,0.0,996.7,3.9,10.2,162,146,0,20,4,5,111,26.7,0.0,27.1,0.0,28.6,0.0,38.5,0.0,27.1,0.0,27.100000000000005,0.0,29.441666666666663,0.0,33.275,0.0,-0.3999999999999986,0.0,Tiruchirappalli,25.6,0.0
2024-04-20 01:00:00,27.8,88,0.0,996.9,2.4,5.4,188,207,1,20,4,5,111,26.3,0.0,27.1,0.0,28.0,0.0,36.2,0.0,27.9,0.0,27.066666666666663,0.0,28.741666666666664,0.0,33.270833333333336,0.0,1.5,0.0,Tiruchirappalli,27.0,0.0
2024-04-20 02:00:00,30.3,75,0.0,998.0,2.6,3.6,276,286,2,20,4,5,111,27.8,0.0,26.7,0.0,27.4,0.0,33.9,0.0,29.7,0.0,27.55,0.0,28.441666666666663,0.0,33.295833333333334,0.0,2.5,0.0,Tiruchirappalli,29.9,0.0
2024-04-20 03:00:00,33.2,60,0.0,998.7,5.2,6.8,302,304,3,20,4,5,111,30.3,0.0,26.3,0.0,27.1,0.0,32.0,0.0,32.4,0.0,28.566666666666663,0.0,28.541666666666668,0.0,33.329166666666666,0.0,2.900000000000002,0.0,Tiruchirappalli,32.9,0.0
2024-04-20 04:00:00,35.8,45,0.0,998.9,4.3,5.4,312,312,4,20,4,5,111,33.2,0.0,27.8,0.0,27.1,0.0,30.6,0.0,35.0,0.0,30.01666666666667,0.0,28.975,0.0,33.362500000000004,0.0,2.5999999999999943,0.0,Tiruchirappalli,35.0,0.0
2024-04-20 05:00:00,38.1,34,0.0,998.4,0.5,0.5,45,45,5,20,4,5,111,35.8,0.0,30.3,0.0,26.7,0.0,29.4,0.0,37.2,0.0,31.916666666666668,0.0,29.700000000000003,0.0,33.4,0.0,2.3000000000000043,0.0,Tiruchirappalli,37.2,0.0
2024-04-20 06:00:00,39.6,29,0.0,997.3,3.3,4.1,105,103,6,20,4,5,111,38.1,0.0,33.2,0.0,26.3,0.0,28.6,0.0,39.0,0.0,34.13333333333333,0.0,30.616666666666664,0.0,33.425,0.0,1.5,0.0,Tiruchirappalli,39.0,0.0
2024-04-20 07:00:00,41.2,24,0.0,996.2,6.6,8.5,102,103,7,20,4,5,111,39.6,0.0,35.8,0.0,27.8,0.0,28.0,0.0,40.5,0.0,36.36666666666667,0.0,31.71666666666667,0.0,33.45416666666667,0.0,1.6000000000000014,0.0,Tiruchirappalli,40.6,0.0
2024-04-20 08:00:00,27.9,20,0.0,994.3,8.4,10.9,84,83,8,20,4,5,111,41.2,0.0,38.1,0.0,30.3,0.0,27.4,0.0,41.4,0.0,35.96666666666667,0.0,31.758333333333336,0.0,32.891666666666666,0.0,-13.300000000000004,0.0,Tiruchirappalli,40.9,0.0
2024-04-20 09:00:00,27.9,20,0.0,993.0,11.7,14.9,82,81,9,20,4,5,111,27.9,0.0,39.6,0.0,33.2,0.0,27.1,0.0,41.6,0.0,35.083333333333336,0.0,31.825,0.0,32.32083333333333,0.0,0.0,0.0,Tiruchirappalli,41.1,0.0
2024-04-20 10:00:00,27.9,19,0.0,992.3,13.9,17.9,81,80,10,20,4,5,111,27.9,0.0,41.2,0.0,35.8,0.0,27.1,0.0,41.5,0.0,33.766666666666666,0.0,31.891666666666666,0.0,31.754166666666663,0.0,0.0,0.0,Tiruchirappalli,40.4,0.0
2024-04-20 11:00:00,41.3,20,0.0,992.0,13.4,17.8,83,82,11,20,4,5,111,27.9,0.0,27.9,0.0,38.1,0.0,26.7,0.0,40.6,0.0,34.300000000000004,0.0,33.10833333333333,0.0,31.78333333333333,0.0,13.4,0.0,Tiruchirappalli,39.5,0.0
2024-04-20 12:00:00,39.5,26,0.0,992.9,16.3,22.1,106,108,12,20,4,5,111,41.3,0.0,27.9,0.0,39.6,0.0,26.3,0.0,38.5,0.0,34.28333333333333,0.0,34.208333333333336,0.0,31.825000000000003,0.0,-1.7999999999999972,0.0,Tiruchirappalli,37.8,0.0
2024-04-20 13:00:00,38.1,27,0.0,994.8,8.3,14.4,94,92,13,20,4,5,111,39.5,0.0,27.9,0.0,41.2,0.0,27.8,0.0,36.2,0.0,33.766666666666666,0.0,35.06666666666667,0.0,31.90416666666667,0.0,-1.3999999999999986,0.0,Tiruchirappalli,35.6,0.0
2024-04-20 14:00:00,36.6,33,0.0,995.7,14.3,24.2,132,131,14,20,4,5,111,38.1,0.0,41.3,0.0,27.9,0.0,30.3,0.0,33.9,0.0,35.21666666666666,0.0,35.59166666666667,0.0,32.016666666666666,0.0,-1.5,0.0,Tiruchirappalli,34.1,0.0
2024-04-20 15:00:00,34.3,44,0.0,996.5,15.6,25.1,159,161,15,20,4,5,111,36.6,0.0,39.5,0.0,27.9,0.0,33.2,0.0,32.0,0.0,36.28333333333333,0.0,35.68333333333334,0.0,32.112500000000004,0.0,-2.3000000000000043,0.0,Tiruchirappalli,33.0,0.0
2024-04-20 16:00:00,32.7,55,0.0,997.5,9.7,16.9,146,135,16,20,4,5,111,34.3,0.0,38.1,0.0,27.9,0.0,35.8,0.0,30.6,0.0,37.083333333333336,0.0,35.425000000000004,0.0,32.2,0.0,-1.5999999999999943,0.0,Tiruchirappalli,31.9,0.0
2024-04-20 17:00:00,31.7,59,0.0,998.3,5.9,11.0,122,101,17,20,4,5,111,32.7,0.0,36.6,0.0,41.3,0.0,38.1,0.0,29.4,0.0,35.48333333333333,0.0,34.891666666666666,0.0,32.295833333333334,0.0,-1.0000000000000036,0.0,Tiruchirappalli,30.6,0.0
2024-04-20 18:00:00,30.9,62,0.0,998.3,7.3,12.7,115,101,18,20,4,5,111,31.7,0.0,34.3,0.0,39.5,0.0,39.6,0.0,28.6,0.0,34.05,0.0,34.166666666666664,0.0,32.391666666666666,0.0,-0.8000000000000007,0.0,Tiruchirappalli,29.1,0.0
2024-04-20 19:00:00,30.2,66,0.0,998.0,5.5,11.8,149,148,19,20,4,5,111,30.9,0.0,32.7,0.0,38.1,0.0,41.2,0.0,28.0,0.0,32.73333333333333,0.0,33.25,0.0,32.483333333333334,0.0,-0.6999999999999993,0.0,Tiruchirappalli,28.1,0.0
2024-04-20 20:00:00,29.5,69,0.0,997.6,5.9,11.2,165,142,20,20,4,5,111,30.2,0.0,31.7,0.0,36.6,0.0,27.9,0.0,27.4,0.0,31.55,0.0,33.38333333333333,0.0,32.57083333333333,0.0,-0.6999999999999993,0.0,Tiruchirappalli,27.5,0.0
2024-04-20 21:00:00,28.9,73,0.0,996.9,9.2,15.8,145,129,21,20,4,5,111,29.5,0.0,30.9,0.0,34.3,0.0,27.9,0.0,27.1,0.0,30.649999999999995,0.0,33.46666666666667,0.0,32.645833333333336,0.0,-0.6000000000000014,0.0,Tiruchirappalli,26.8,0.0
2024-04-20 22:00:00,28.5,76,0.0,996.7,9.9,18.3,148,136,22,20,4,5,111,28.9,0.0,30.2,0.0,32.7,0.0,27.9,0.0,27.1,0.0,29.95,0.0,33.516666666666666,0.0,32.704166666666666,0.0,-0.3999999999999986,0.0,Tiruchirappalli,26.2,0.0
2024-04-20 23:00:00,28.1,76,0.0,997.0,9.2,18.2,146,135,23,20,4,5,111,28.5,0.0,29.5,0.0,31.7,0.0,41.3,0.0,26.7,0.0,29.350000000000005,0.0,32.416666666666664,0.0,32.7625,0.0,-0.3999999999999986,0.0,Tiruchirappalli,25.6,0.0
2024-04-21 00:00:00,27.8,78,0.0,997.5,5.1,13.8,141,129,0,21,4,6,112,28.1,0.0,28.9,0.0,30.9,0.0,39.5,0.0,26.3,0.0,28.83333333333333,0.0,31.441666666666663,0.0,32.825,0.0,-0.3000000000000007,0.0,Tiruchirappalli,25.3,0.0
2024-04-21 01:00:00,28.5,82,0.0,997.9,2.3,5.7,145,72,1,21,4,6,112,27.8,0.0,28.5,0.0,30.2,0.0,38.1,0.0,27.8,0.0,28.55,0.0,30.641666666666666,0.0,32.854166666666664,0.0,0.6999999999999993,0.0,Tiruchirappalli,27.9,0.0
2024-04-21 02:00:00,30.8,70,0.0,998.7,4.7,6.8,122,113,2,21,4,6,112,28.5,0.0,28.1,0.0,29.5,0.0,36.6,0.0,30.3,0.0,28.76666666666667,0.0,30.15833333333333,0.0,32.875,0.0,2.3000000000000007,0.0,Tiruchirappalli,29.1,0.0
2024-04-21 03:00:00,33.5,52,0.0,999.2,5.7,7.3,147,145,3,21,4,6,112,30.8,0.0,27.8,0.0,28.9,0.0,34.3,0.0,33.2,0.0,29.53333333333333,0.0,30.09166666666667,0.0,32.8875,0.0,2.7,0.0,Tiruchirappalli,31.8,0.1
2024-04-21 04:00:00,35.5,44,0.0,999.4,4.7,6.1,152,148,4,21,4,6,112,33.5,0.0,28.5,0.0,28.5,0.0,32.7,0.0,35.8,0.0,30.700000000000003,0.0,30.325,0.0,32.875,0.0,2.0,0.0,Tiruchirappalli,34.1,0.0
2024-04-21 05:00:00,37.3,37,0.0,998.9,4.0,5.0,120,117,5,21,4,6,112,35.5,0.0,30.8,0.0,28.1,0.0,31.7,0.0,38.1,0.0,32.233333333333334,0.0,30.791666666666668,0.0,32.84166666666667,0.0,1.7999999999999972,0.0,Tiruchirappalli,36.7,0.0
2024-04-21 06:00:00,38.8,31,0.0,998.3,5.6,7.1,105,105,6,21,4,6,112,37.3,0.0,33.5,0.0,27.8,0.0,30.9,0.0,39.6,0.0,34.06666666666667,0.0,31.450000000000003,0.0,32.80833333333333,0.0,1.5,0.0,Tiruchirappalli,39.0,0.0
2024-04-21 07:00:00,40.2,27,0.0,997.2,6.9,8.4,100,96,7,21,4,6,112,38.8,0.0,35.5,0.0,28.5,0.0,30.2,0.0,41.2,0.0,36.016666666666666,0.0,32.28333333333334,0.0,32.766666666666666,0.0,1.4000000000000057,0.0,Tiruchirappalli,40.3,0.0
2024-04-21 08:00:00,41.4,24,0.0,996.0,9.5,12.0,99,99,8,21,4,6,112,40.2,0.0,37.3,0.0,30.8,0.0,29.5,0.0,27.9,0.0,37.78333333333333,0.0,33.275,0.0,33.329166666666666,0.0,1.1999999999999955,0.0,Tiruchirappalli,41.0,0.0
2024-04-21 09:00:00,41.1,24,0.0,994.8,14.3,18.4,107,108,9,21,4,6,112,41.4,0.0,38.8,0.0,33.5,0.0,28.9,0.0,27.9,0.0,39.05,0.0,34.291666666666664,0.0,33.87916666666667,0.0,-0.2999999999999971,0.0,Tiruchirappalli,41.1,0.0
2024-04-21 10:00:00,40.2,27,0.0,994.1,15.6,20.3,117,119,10,21,4,6,112,41.1,0.0,40.2,0.0,35.5,0.0,28.5,0.0,27.9,0.0,39.833333333333336,0.0,35.266666666666666,0.0,34.39166666666667,0.0,-0.8999999999999986,0.0,Tiruchirappalli,40.8,0.0
2024-04-21 11:00:00,38.9,30,0.0,994.2,15.8,20.7,130,131,11,21,4,6,112,40.2,0.0,41.4,0.0,37.3,0.0,28.1,0.0,41.3,0.0,40.1,0.0,36.16666666666666,0.0,34.291666666666664,0.0,-1.3000000000000045,0.0,Tiruchirappalli,39.8,0.0
2024-04-21 12:00:00,37.6,34,0.0,994.5,14.3,19.1,137,137,12,21,4,6,112,38.9,0.0,41.1,0.0,38.8,0.0,27.8,0.0,39.5,0.0,39.9,0.0,36.98333333333333,0.0,34.2125,0.0,-1.2999999999999972,0.0,Tiruchirappalli,38.5,0.0
2024-04-21 13:00:00,36.0,38,0.0,996.0,15.2,24.4,146,144,13,21,4,6,112,37.6,0.0,40.2,0.0,40.2,0.0,28.5,0.0,38.1,0.0,39.2,0.0,37.60833333333333,0.0,34.125,0.0,-1.6000000000000014,0.0,Tiruchirappalli,36.6,0.0
2024-04-21 14:00:00,34.4,44,0.0,996.9,17.9,28.4,147,146,14,21,4,6,112,36.0,0.0,38.9,0.0,41.4,0.0,30.8,0.0,36.6,0.0,38.03333333333333,0.0,37.90833333333333,0.0,34.03333333333334,0.0,-1.6000000000000014,0.0,Tiruchirappalli,35.0,0.0
2024-04-21 15:00:00,32.7,52,0.0,997.7,17.6,28.1,147,145,15,21,4,6,112,34.4,0.0,37.6,0.0,41.1,0.0,33.5,0.0,34.3,0.0,36.63333333333333,0.0,37.84166666666667,0.0,33.96666666666666,0.0,-1.6999999999999955,0.0,Tiruchirappalli,33.2,0.0
2024-04-21 16:00:00,31.6,56,0.0,998.5,14.5,24.9,149,145,16,21,4,6,112,32.7,0.0,36.0,0.0,40.2,0.0,35.5,0.0,32.7,0.0,35.2,0.0,37.516666666666666,0.0,33.920833333333334,0.0,-1.1000000000000014,0.0,Tiruchirappalli,31.6,0.0
2024-04-21 17:00:00,30.6,60,0.0,998.9,11.9,22.0,148,145,17,21,4,6,112,31.6,0.0,34.4,0.0,38.9,0.0,37.3,0.0,31.7,0.0,33.81666666666667,0.0,36.958333333333336,0.0,33.875,0.0,-1.0,0.0,Tiruchirappalli,30.1,0.0
2024-04-21 18:00:00,29.5,66,0.0,998.6,8.7,18.3,148,142,18,21,4,6,112,30.6,0.0,32.7,0.0,37.6,0.0,38.8,0.0,30.9,0.0,32.46666666666667,0.0,36.18333333333333,0.0,33.81666666666667,0.0,-1.1000000000000014,0.0,Tiruchirappalli,28.9,0.0
2024-04-21 19:00:00,28.3,74,0.0,998.4,4.9,10.5,139,107,19,21,4,6,112,29.5,0.0,31.6,0.0,36.0,0.0,40.2,0.0,30.2,0.0,31.183333333333334,0.0,35.19166666666667,0.0,33.7375,0.0,-1.1999999999999993,0.0,Tiruchirappalli,28.1,0.0
2024-04-21 20:00:00,27.8,78,0.0,998.1,4.3,6.9,141,95,20,21,4,6,112,28.3,0.0,30.6,0.0,34.4,0.0,41.4,0.0,29.5,0.0,30.08333333333333,0.0,34.05833333333334,0.0,33.666666666666664,0.0,-0.5,0.0,Tiruchirappalli,27.5,0.0
2024-04-21 21:00:00,27.6,80,0.0,997.9,4.0,6.5,177,180,21,21,4,6,112,27.8,0.0,29.5,0.0,32.7,0.0,41.1,0.0,28.9,0.0,29.23333333333333,0.0,32.93333333333333,0.0,33.612500000000004,0.0,-0.1999999999999993,0.0,Tiruchirappalli,26.8,0.0
2024-04-21 22:00:00,27.7,79,0.0,997.8,2.7,5.4,200,203,22,21,4,6,112,27.6,0.0,28.3,0.0,31.6,0.0,40.2,0.0,28.5,0.0,28.58333333333333,0.0,31.891666666666666,0.0,33.579166666666666,0.0,0.0999999999999978,0.0,Tiruchirappalli,25.8,0.0
2024-04-21 23:00:00,27.4,80,0.0,998.2,1.1,3.3,193,108,23,21,4,6,112,27.7,0.0,27.8,0.0,30.6,0.0,38.9,0.0,28.1,0.0,28.05,0.0,30.933333333333334,0.0,33.55,0.0,-0.3000000000000007,0.0,Tiruchirappalli,25.6,0.0
2024-04-22 00:00:00,26.8,84,0.0,998.5,1.3,1.3,214,56,0,22,4,0,113,27.4,0.0,27.6,0.0,29.5,0.0,37.6,0.0,27.8,0.0,27.600000000000005,0.0,30.03333333333333,0.0,33.50833333333333,0.0,-0.5999999999999979,0.0,Tiruchirappalli,26.2,0.0
2024-04-22 01:00:00,28.9,84,0.0,998.8,3.3,6.6,229,229,1,22,4,0,113,26.8,0.0,27.7,0.0,28.3,0.0,36.0,0.0,28.5,0.0,27.7,0.0,29.441666666666663,0.0,33.525,0.0,2.099999999999998,0.0,Tiruchirappalli,26.6,0.0
2024-04-22 02:00:00,30.7,75,0.0,999.5,2.8,4.1,225,230,2,22,4,0,113,28.9,0.0,27.4,0.0,27.8,0.0,34.4,0.0,30.8,0.0,28.183333333333334,0.0,29.13333333333333,0.0,33.520833333333336,0.0,1.8000000000000007,0.0,Tiruchirappalli,28.5,0.0
2024-04-22 03:00:00,32.9,64,0.0,1000.1,4.2,5.4,200,200,3,22,4,0,113,30.7,0.0,26.8,0.0,27.6,0.0,32.7,0.0,33.5,0.0,29.066666666666663,0.0,29.149999999999995,0.0,33.49583333333333,0.0,2.2,0.0,Tiruchirappalli,30.8,0.0
2024-04-22 04:00:00,35.4,48,0.0,1000.2,3.3,4.1,195,193,4,22,4,0,113,32.9,0.0,28.9,0.0,27.7,0.0,31.6,0.0,35.5,0.0,30.35,0.0,29.46666666666667,0.0,33.49166666666667,0.0,2.5,0.0,Tiruchirappalli,33.3,0.0
2024-04-22 05:00:00,37.6,37,0.0,999.7,3.1,3.8,163,159,5,22,4,0,113,35.4,0.0,30.7,0.0,27.4,0.0,30.6,0.0,37.3,0.0,32.050000000000004,0.0,30.05,0.0,33.50416666666667,0.0,2.200000000000003,0.0,Tiruchirappalli,35.9,0.0
2024-04-22 06:00:00,39.5,29,0.0,998.8,3.8,4.6,129,131,6,22,4,0,113,37.6,0.0,32.9,0.0,26.8,0.0,29.5,0.0,38.8,0.0,34.166666666666664,0.0,30.883333333333336,0.0,33.53333333333334,0.0,1.8999999999999984,0.0,Tiruchirappalli,38.2,0.0
2024-04-22 07:00:00,40.9,23,0.0,997.6,4.3,5.5,113,114,7,22,4,0,113,39.5,0.0,35.4,0.0,28.9,0.0,28.3,0.0,40.2,0.0,36.16666666666666,0.0,31.933333333333334,0.0,33.5625,0.0,1.3999999999999986,0.0,Tiruchirappalli,39.8,0.0
2024-04-22 08:00:00,27.9,19,0.0,996.2,5.2,6.7,106,106,8,22,4,0,113,40.9,0.0,37.6,0.0,30.7,0.0,27.8,0.0,41.4,0.0,35.7,0.0,31.941666666666663,0.0,33.0,0.0,-13.0,0.0,Tiruchirappalli,40.7,0.0
2024-04-22 09:00:00,27.9,18,0.0,995.0,8.0,10.2,100,100,9,22,4,0,113,27.9,0.0,39.5,0.0,32.9,0.0,27.6,0.0,41.1,0.0,34.86666666666667,0.0,31.96666666666667,0.0,32.45,0.0,0.0,0.0,Tiruchirappalli,41.0,0.0
2024-04-22 10:00:00,27.9,19,0.0,994.4,12.6,15.9,94,92,10,22,4,0,113,27.9,0.0,40.9,0.0,35.4,0.0,27.7,0.0,40.2,0.0,33.61666666666667,0.0,31.98333333333333,0.0,31.9375,0.0,0.0,0.0,Tiruchirappalli,40.8,0.0
2024-04-22 11:00:00,41.2,19,0.0,994.3,15.5,20.6,94,94,11,22,4,0,113,27.9,0.0,27.9,0.0,37.6,0.0,27.4,0.0,38.9,0.0,34.21666666666666,0.0,33.13333333333333,0.0,32.03333333333333,0.0,13.300000000000004,0.0,Tiruchirappalli,40.0,0.0
2024-04-22 12:00:00,39.3,25,0.0,994.8,18.1,24.3,111,111,12,22,4,0,113,41.2,0.0,27.9,0.0,39.5,0.0,26.8,0.0,37.6,0.0,34.18333333333334,0.0,34.175,0.0,32.104166666666664,0.0,-1.9000000000000057,0.0,Tiruchirappalli,38.3,0.0
2024-04-22 13:00:00,36.6,23,0.0,996.5,4.9,13.0,56,54,13,22,4,0,113,39.3,0.0,27.9,0.0,40.9,0.0,28.9,0.0,36.0,0.0,33.46666666666667,0.0,34.81666666666667,0.0,32.12916666666666,0.0,-2.699999999999996,0.0,Tiruchirappalli,36.7,0.0
2024-04-22 14:00:00,35.1,26,0.0,997.2,8.7,18.7,115,114,14,22,4,0,113,36.6,0.0,41.2,0.0,27.9,0.0,30.7,0.0,34.4,0.0,34.666666666666664,0.0,35.18333333333333,0.0,32.15833333333333,0.0,-1.5,0.0,Tiruchirappalli,35.3,0.0
2024-04-22 15:00:00,33.1,48,0.0,998.2,11.7,21.4,138,133,15,22,4,0,113,35.1,0.0,39.3,0.0,27.9,0.0,32.9,0.0,32.7,0.0,35.53333333333333,0.0,35.2,0.0,32.175000000000004,0.0,-2.0,0.0,Tiruchirappalli,33.3,0.0
2024-04-22 16:00:00,31.6,60,0.0,999.4,12.2,20.8,118,114,16,22,4,0,113,33.1,0.0,36.6,0.0,27.9,0.0,35.4,0.0,31.6,0.0,36.150000000000006,0.0,34.88333333333333,0.0,32.175000000000004,0.0,-1.5,0.0,Tiruchirappalli,30.7,0.0
2024-04-22 17:00:00,30.6,63,0.0,1000.0,10.2,18.1,139,138,17,22,4,0,113,31.6,0.0,35.1,0.0,41.2,0.0,37.6,0.0,30.6,0.0,34.38333333333333,0.0,34.3,0.0,32.175000000000004,0.0,-1.0,0.0,Tiruchirappalli,29.9,0.0
2024-04-22 18:00:00,29.9,66,0.0,999.7,8.7,16.7,155,156,18,22,4,0,113,30.6,0.0,33.1,0.0,39.3,0.0,39.5,0.0,29.5,0.0,32.81666666666666,0.0,33.5,0.0,32.19166666666667,0.0,-0.7000000000000028,0.0,Tiruchirappalli,29.2,0.0
2024-04-22 19:00:00,29.1,70,0.0,999.0,6.3,13.6,158,156,19,22,4,0,113,29.9,0.0,31.6,0.0,36.6,0.0,40.9,0.0,28.3,0.0,31.566666666666663,0.0,32.516666666666666,0.0,32.225,0.0,-0.7999999999999972,0.0,Tiruchirappalli,28.4,0.0
2024-04-22 20:00:00,28.5,73,0.0,998.5,5.2,12.0,164,155,20,22,4,0,113,29.1,0.0,30.6,0.0,35.1,0.0,27.9,0.0,27.8,0.0,30.46666666666667,0.0,32.56666666666667,0.0,32.25416666666667,0.0,-0.6000000000000014,0.0,Tiruchirappalli,27.7,0.0
2024-04-22 21:00:00,28.0,76,0.0,997.7,3.6,10.2,157,135,21,22,4,0,113,28.5,0.0,29.9,0.0,33.1,0.0,27.9,0.0,27.6,0.0,29.61666666666667,0.0,32.575,0.0,32.270833333333336,0.0,-0.5,0.0,Tiruchirappalli,27.4,0.0
2024-04-22 22:00:00,27.2,80,0.0,997.5,4.5,7.0,159,119,22,22,4,0,113,28.0,0.0,29.1,0.0,31.6,0.0,27.9,0.0,27.7,0.0,28.883333333333336,0.0,32.516666666666666,0.0,32.25,0.0,-0.8000000000000007,0.0,Tiruchirappalli,26.6,0.0
2024-04-22 23:00:00,26.9,81,0.0,997.6,3.6,7.8,167,135,23,22,4,0,113,27.2,0.0,28.5,0.0,30.6,0.0,41.2,0.0,27.4,0.0,28.266666666666666,0.0,31.325000000000003,0.0,32.229166666666664,0.0,-0.3000000000000007,0.0,Tiruchirappalli,26.0,0.0
2024-04-23 00:00:00,26.5,83,0.0,997.9,3.9,8.6,158,124,0,23,4,1,114,26.9,0.0,28.0,0.0,29.9,0.0,39.3,0.0,26.8,0.0,27.7,0.0,30.258333333333336,0.0,32.21666666666666,0.0,-0.3999999999999986,0.0,Tiruchirappalli,25.9,0.0
2024-04-23 01:00:00,27.7,86,0.0,998.3,3.7,4.5,119,79,1,23,4,1,114,26.5,0.0,27.2,0.0,29.1,0.0,36.6,0.0,28.9,0.0,27.466666666666665,0.0,29.516666666666666,0.0,32.166666666666664,0.0,1.1999999999999993,0.0,Tiruchirappalli,27.5,0.0
2024-04-23 02:00:00,30.5,67,0.0,999.0,4.2,5.4,127,121,2,23,4,1,114,27.7,0.0,26.9,0.0,28.5,0.0,35.1,0.0,30.7,0.0,27.8,0.0,29.133333333333336,0.0,32.15833333333333,0.0,2.8000000000000007,0.0,Tiruchirappalli,29.3,0.0
2024-04-23 03:00:00,32.9,52,0.0,999.5,4.9,6.2,144,144,3,23,4,1,114,30.5,0.0,26.5,0.0,28.0,0.0,33.1,0.0,32.9,0.0,28.616666666666664,0.0,29.116666666666664,0.0,32.15833333333333,0.0,2.3999999999999986,0.0,Tiruchirappalli,31.7,0.0
2024-04-23 04:00:00,35.2,41,0.0,999.9,5.1,6.4,142,141,4,23,4,1,114,32.9,0.0,27.7,0.0,27.2,0.0,31.6,0.0,35.4,0.0,29.95,0.0,29.416666666666668,0.0,32.15,0.0,2.3000000000000043,0.0,Tiruchirappalli,34.0,0.1
2024-04-23 05:00:00,37.0,34,0.0,999.4,5.9,7.4,133,133,5,23,4,1,114,35.2,0.0,30.5,0.0,26.9,0.0,30.6,0.0,37.6,0.0,31.633333333333336,0.0,29.95,0.0,32.125,0.0,1.7999999999999972,0.0,Tiruchirappalli,35.9,0.0
2024-04-23 06:00:00,38.8,28,0.0,998.5,5.5,7.1,120,122,6,23,4,1,114,37.0,0.0,32.9,0.0,26.5,0.0,29.9,0.0,39.5,0.0,33.68333333333333,0.0,30.691666666666663,0.0,32.09583333333333,0.0,1.7999999999999972,0.0,Tiruchirappalli,38.0,0.0
2024-04-23 07:00:00,40.2,24,0.0,997.3,6.8,8.7,107,108,7,23,4,1,114,38.8,0.0,35.2,0.0,27.7,0.0,29.1,0.0,40.9,0.0,35.76666666666667,0.0,31.616666666666664,0.0,32.06666666666667,0.0,1.4000000000000057,0.0,Tiruchirappalli,39.6,0.0
2024-04-23 08:00:00,41.2,21,0.0,995.9,8.6,11.2,92,90,8,23,4,1,114,40.2,0.0,37.0,0.0,30.5,0.0,28.5,0.0,27.9,0.0,37.55,0.0,32.675000000000004,0.0,32.62083333333333,0.0,1.0,0.0,Tiruchirappalli,40.8,0.0
2024-04-23 09:00:00,41.4,21,0.0,994.6,12.6,16.2,87,87,9,23,4,1,114,41.2,0.0,38.8,0.0,32.9,0.0,28.0,0.0,27.9,0.0,38.96666666666667,0.0,33.791666666666664,0.0,33.18333333333334,0.0,0.1999999999999957,0.0,Tiruchirappalli,40.7,0.0
2024-04-23 10:00:00,41.0,20,0.0,993.9,14.8,19.4,89,87,10,23,4,1,114,41.4,0.0,40.2,0.0,35.2,0.0,27.2,0.0,27.9,0.0,39.93333333333334,0.0,34.94166666666667,0.0,33.729166666666664,0.0,-0.3999999999999986,0.0,Tiruchirappalli,40.4,0.0
2024-04-23 11:00:00,40.1,22,0.0,993.8,14.2,18.9,98,97,11,23,4,1,114,41.0,0.0,41.2,0.0,37.0,0.0,26.9,0.0,41.2,0.0,40.45,0.0,36.04166666666666,0.0,33.68333333333333,0.0,-0.8999999999999986,0.0,Tiruchirappalli,39.6,0.0
2024-04-23 12:00:00,38.5,26,0.0,994.0,16.9,22.8,106,106,12,23,4,1,114,40.1,0.0,41.4,0.0,38.8,0.0,26.5,0.0,39.3,0.0,40.4,0.0,37.04166666666666,0.0,33.65,0.0,-1.6000000000000014,0.0,Tiruchirappalli,37.8,0.0
2024-04-23 13:00:00,36.8,27,0.0,995.2,12.5,22.0,148,147,13,23,4,1,114,38.5,0.0,41.0,0.0,40.2,0.0,27.7,0.0,36.6,0.0,39.833333333333336,0.0,37.8,0.0,33.65833333333334,0.0,-1.7000000000000028,0.0,Tiruchirappalli,36.2,0.0
2024-04-23 14:00:00,34.8,35,0.0,996.2,16.0,27.5,146,144,14,23,4,1,114,36.8,0.0,40.1,0.0,41.2,0.0,30.5,0.0,35.1,0.0,38.766666666666666,0.0,38.15833333333333,0.0,33.645833333333336,0.0,-2.0,0.0,Tiruchirappalli,34.9,0.0
2024-04-23 15:00:00,33.0,41,0.0,997.2,15.5,26.9,141,138,15,23,4,1,114,34.8,0.0,38.5,0.0,41.4,0.0,32.9,0.0,33.1,0.0,37.36666666666667,0.0,38.16666666666666,0.0,33.641666666666666,0.0,-1.7999999999999972,0.0,Tiruchirappalli,33.7,0.0
2024-04-23 16:00:00,31.8,43,0.0,997.8,11.5,22.5,140,136,16,23,4,1,114,33.0,0.0,36.8,0.0,41.0,0.0,35.2,0.0,31.6,0.0,35.833333333333336,0.0,37.88333333333333,0.0,33.65,0.0,-1.1999999999999993,0.0,Tiruchirappalli,32.0,0.0
2024-04-23 17:00:00,30.6,43,0.0,998.4,9.0,19.4,133,127,17,23,4,1,114,31.8,0.0,34.8,0.0,40.1,0.0,37.0,0.0,30.6,0.0,34.25,0.0,37.35,0.0,33.65,0.0,-1.1999999999999993,0.0,Tiruchirappalli,30.6,0.0
2024-04-23 18:00:00,28.8,52,0.0,998.3,7.1,16.6,120,114,18,23,4,1,114,30.6,0.0,33.0,0.0,38.5,0.0,38.8,0.0,29.9,0.0,32.63333333333333,0.0,36.51666666666667,0.0,33.604166666666664,0.0,-1.8000000000000007,0.0,Tiruchirappalli,29.6,0.0
2024-04-23 19:00:00,27.0,65,0.0,998.0,5.1,12.5,136,135,19,23,4,1,114,28.8,0.0,31.8,0.0,36.8,0.0,40.2,0.0,29.1,0.0,31.0,0.0,35.416666666666664,0.0,33.516666666666666,0.0,-1.8000000000000007,0.0,Tiruchirappalli,28.9,0.0
2024-04-23 20:00:00,26.7,70,0.0,997.8,4.3,11.9,166,175,20,23,4,1,114,27.0,0.0,30.6,0.0,34.8,0.0,41.2,0.0,28.5,0.0,29.65,0.0,34.208333333333336,0.0,33.44166666666666,0.0,-0.3000000000000007,0.0,Tiruchirappalli,28.3,0.0
2024-04-23 21:00:00,26.5,72,0.0,997.4,4.4,10.9,174,171,21,23,4,1,114,26.7,0.0,28.8,0.0,33.0,0.0,41.4,0.0,28.0,0.0,28.566666666666663,0.0,32.96666666666667,0.0,33.37916666666666,0.0,-0.1999999999999993,0.0,Tiruchirappalli,27.9,0.0
2024-04-23 22:00:00,27.1,71,0.0,997.1,2.3,8.3,178,108,22,23,4,1,114,26.5,0.0,27.0,0.0,31.8,0.0,41.0,0.0,27.2,0.0,27.78333333333333,0.0,31.808333333333334,0.0,33.375,0.0,0.6000000000000014,0.0,Tiruchirappalli,27.8,0.0
2024-04-23 23:00:00,26.9,72,0.0,997.2,0.8,5.2,205,333,23,23,4,1,114,27.1,0.0,26.7,0.0,30.6,0.0,40.1,0.0,26.9,0.0,27.166666666666668,0.0,30.70833333333333,0.0,33.375,0.0,-0.2000000000000028,0.0,Tiruchirappalli,27.8,0.0
2024-04-24 00:00:00,26.2,76,0.0,997.5,1.1,2.7,203,360,0,24,4,2,115,26.9,0.0,26.5,0.0,28.8,0.0,38.5,0.0,26.5,0.0,26.73333333333333,0.0,29.683333333333334,0.0,33.362500000000004,0.0,-0.6999999999999993,0.0,Tiruchirappalli,27.6,0.0
2024-04-24 01:00:00,28.0,76,0.0,997.9,3.1,2.6,286,324,1,24,4,2,115,26.2,0.0,27.1,0.0,27.0,0.0,36.8,0.0,27.7,0.0,26.899999999999995,0.0,28.95,0.0,33.375,0.0,1.8000000000000007,0.0,Tiruchirappalli,28.8,0.0
2024-04-24 02:00:00,30.2,64,0.0,998.8,1.8,1.8,53,37,2,24,4,2,115,28.0,0.0,26.9,0.0,26.7,0.0,34.8,0.0,30.5,0.0,27.48333333333333,0.0,28.566666666666663,0.0,33.362500000000004,0.0,2.2,0.0,Tiruchirappalli,30.2,0.1
2024-04-24 03:00:00,32.9,48,0.0,999.5,3.6,4.4,145,135,3,24,4,2,115,30.2,0.0,26.2,0.0,26.5,0.0,33.0,0.0,32.9,0.0,28.55,0.0,28.558333333333337,0.0,33.362500000000004,0.0,2.7,0.0,Tiruchirappalli,32.3,0.1
2024-04-24 04:00:00,35.3,38,0.0,999.5,4.1,5.5,169,165,4,24,4,2,115,32.9,0.0,28.0,0.0,27.1,0.0,31.8,0.0,35.2,0.0,29.916666666666668,0.0,28.85,0.0,33.36666666666667,0.0,2.3999999999999986,0.0,Tiruchirappalli,34.9,0.0
2024-04-24 05:00:00,37.4,30,0.0,999.0,4.2,5.0,150,149,5,24,4,2,115,35.3,0.0,30.2,0.0,26.9,0.0,30.6,0.0,37.0,0.0,31.666666666666668,0.0,29.416666666666668,0.0,33.38333333333333,0.0,2.1000000000000014,0.0,Tiruchirappalli,37.2,0.0
2024-04-24 06:00:00,39.3,25,0.0,998.3,6.2,8.0,126,126,6,24,4,2,115,37.4,0.0,32.9,0.0,26.2,0.0,28.8,0.0,38.8,0.0,33.85,0.0,30.291666666666668,0.0,33.40416666666667,0.0,1.8999999999999984,0.0,Tiruchirappalli,39.1,0.0
2024-04-24 07:00:00,40.5,22,0.0,997.3,9.5,12.4,120,119,7,24,4,2,115,39.3,0.0,35.3,0.0,28.0,0.0,27.0,0.0,40.2,0.0,35.93333333333333,0.0,31.416666666666668,0.0,33.416666666666664,0.0,1.2000000000000028,0.0,Tiruchirappalli,40.7,0.0
2024-04-24 08:00:00,41.0,21,0.0,996.2,11.3,15.0,117,117,8,24,4,2,115,40.5,0.0,37.4,0.0,30.2,0.0,26.7,0.0,41.2,0.0,37.73333333333333,0.0,32.60833333333333,0.0,33.40833333333334,0.0,0.5,0.0,Tiruchirappalli,41.5,0.0
2024-04-24 09:00:00,41.3,21,0.0,995.0,15.0,19.5,120,120,9,24,4,2,115,41.0,0.0,39.3,0.0,32.9,0.0,26.5,0.0,41.4,0.0,39.13333333333333,0.0,33.84166666666666,0.0,33.40416666666666,0.0,0.2999999999999971,0.0,Tiruchirappalli,41.7,0.0
2024-04-24 10:00:00,39.9,23,0.0,994.6,18.9,24.7,124,125,10,24,4,2,115,41.3,0.0,40.5,0.0,35.3,0.0,27.1,0.0,41.0,0.0,39.9,0.0,34.90833333333333,0.0,33.35833333333333,0.0,-1.3999999999999986,0.0,Tiruchirappalli,41.4,0.0
2024-04-24 11:00:00,39.1,24,0.0,994.4,15.9,20.8,118,118,11,24,4,2,115,39.9,0.0,41.0,0.0,37.4,0.0,26.9,0.0,40.1,0.0,40.18333333333333,0.0,35.925,0.0,33.31666666666667,0.0,-0.7999999999999972,0.0,Tiruchirappalli,40.6,0.0
2024-04-24 12:00:00,38.1,26,0.0,994.6,14.5,19.0,109,109,12,24,4,2,115,39.1,0.0,41.3,0.0,39.3,0.0,26.2,0.0,38.5,0.0,39.98333333333333,0.0,36.91666666666666,0.0,33.300000000000004,0.0,-1.0,0.0,Tiruchirappalli,39.1,0.0
2024-04-24 13:00:00,36.6,30,0.0,995.5,8.5,14.8,119,118,13,24,4,2,115,38.1,0.0,39.9,0.0,40.5,0.0,28.0,0.0,36.8,0.0,39.333333333333336,0.0,37.63333333333333,0.0,33.291666666666664,0.0,-1.5,0.0,Tiruchirappalli,36.9,0.0
2024-04-24 14:00:00,35.2,33,0.0,996.1,8.9,17.1,138,140,14,24,4,2,115,36.6,0.0,39.1,0.0,41.0,0.0,30.2,0.0,34.8,0.0,38.36666666666667,0.0,38.05,0.0,33.30833333333333,0.0,-1.3999999999999986,0.0,Tiruchirappalli,35.7,0.0
2024-04-24 15:00:00,34.1,36,0.0,997.2,13.0,24.6,155,156,15,24,4,2,115,35.2,0.0,38.1,0.0,41.3,0.0,32.9,0.0,33.0,0.0,37.16666666666666,0.0,38.15,0.0,33.354166666666664,0.0,-1.1000000000000014,0.0,Tiruchirappalli,32.9,0.0
2024-04-24 16:00:00,32.7,36,0.0,997.8,12.6,24.2,157,153,16,24,4,2,115,34.1,0.0,36.6,0.0,39.9,0.0,35.3,0.0,31.8,0.0,35.96666666666667,0.0,37.93333333333334,0.0,33.391666666666666,0.0,-1.3999999999999986,0.0,Tiruchirappalli,31.3,0.0
2024-04-24 17:00:00,31.3,42,0.0,998.6,10.5,22.2,163,158,17,24,4,2,115,32.7,0.0,35.2,0.0,39.1,0.0,37.4,0.0,30.6,0.0,34.666666666666664,0.0,37.425,0.0,33.420833333333334,0.0,-1.400000000000002,0.0,Tiruchirappalli,30.6,0.0
2024-04-24 18:00:00,30.1,49,0.0,998.5,8.0,18.7,169,162,18,24,4,2,115,31.3,0.0,34.1,0.0,38.1,0.0,39.3,0.0,28.8,0.0,33.333333333333336,0.0,36.65833333333334,0.0,33.475,0.0,-1.1999999999999993,0.0,Tiruchirappalli,30.4,0.0
2024-04-24 19:00:00,28.4,54,0.0,998.0,7.1,14.1,177,165,19,24,4,2,115,30.1,0.0,32.7,0.0,36.6,0.0,40.5,0.0,27.0,0.0,31.96666666666667,0.0,35.65,0.0,33.53333333333333,0.0,-1.7000000000000028,0.0,Tiruchirappalli,30.1,0.0
2024-04-24 20:00:00,27.3,59,0.0,997.6,7.5,11.6,175,145,20,24,4,2,115,28.4,0.0,31.3,0.0,35.2,0.0,41.0,0.0,26.7,0.0,30.65,0.0,34.50833333333333,0.0,33.55833333333334,0.0,-1.099999999999998,0.0,Tiruchirappalli,29.9,0.0
2024-04-24 21:00:00,27.0,63,0.0,997.2,4.7,11.8,160,122,21,24,4,2,115,27.3,0.0,30.1,0.0,34.1,0.0,41.3,0.0,26.5,0.0,29.46666666666667,0.0,33.31666666666667,0.0,33.57916666666667,0.0,-0.3000000000000007,0.0,Tiruchirappalli,29.5,0.1
2024-04-24 22:00:00,26.3,70,0.0,997.0,4.6,9.8,152,108,22,24,4,2,115,27.0,0.0,28.4,0.0,32.7,0.0,39.9,0.0,27.1,0.0,28.4,0.0,32.18333333333333,0.0,33.545833333333334,0.0,-0.6999999999999993,0.0,Tiruchirappalli,29.1,0.1
2024-04-24 23:00:00,25.8,75,0.0,997.0,5.3,9.2,159,118,23,24,4,2,115,26.3,0.0,27.3,0.0,31.3,0.0,39.1,0.0,26.9,0.0,27.48333333333333,0.0,31.075000000000003,0.0,33.5,0.0,-0.5,0.0,Tiruchirappalli,29.0,0.0
2024-04-25 00:00:00,25.6,78,0.0,997.5,5.0,7.7,169,120,0,25,4,3,116,25.8,0.0,27.0,0.0,30.1,0.0,38.1,0.0,26.2,0.0,26.73333333333333,0.0,30.03333333333333,0.0,33.475,0.0,-0.1999999999999993,0.0,Tiruchirappalli,28.8,0.0
2024-04-25 01:00:00,27.0,72,0.0,997.6,1.9,4.8,193,158,1,25,4,3,116,25.6,0.0,26.3,0.0,28.4,0.0,36.6,0.0,28.0,0.0,26.5,0.0,29.23333333333333,0.0,33.43333333333333,0.0,1.3999999999999986,0.0,Tiruchirappalli,29.4,0.0
2024-04-25 02:00:00,29.9,62,0.0,998.6,1.8,3.4,198,191,2,25,4,3,116,27.0,0.0,25.8,0.0,27.3,0.0,35.2,0.0,30.2,0.0,26.933333333333334,0.0,28.791666666666668,0.0,33.42083333333333,0.0,2.8999999999999986,0.0,Tiruchirappalli,31.0,0.1
2024-04-25 03:00:00,32.9,51,0.0,999.4,5.1,6.9,174,172,3,25,4,3,116,29.9,0.0,25.6,0.0,27.0,0.0,34.1,0.0,32.9,0.0,27.916666666666668,0.0,28.691666666666663,0.0,33.420833333333334,0.0,3.0,0.0,Tiruchirappalli,32.9,0.0
2024-04-25 04:00:00,35.0,47,0.0,999.6,7.9,9.8,163,164,4,25,4,3,116,32.9,0.0,27.0,0.0,26.3,0.0,32.7,0.0,35.3,0.0,29.36666666666667,0.0,28.883333333333336,0.0,33.40833333333334,0.0,2.1000000000000014,0.0,Tiruchirappalli,35.2,0.0
2024-04-25 05:00:00,37.2,38,0.0,999.0,8.2,10.5,142,142,5,25,4,3,116,35.0,0.0,29.9,0.0,25.8,0.0,31.3,0.0,37.4,0.0,31.266666666666666,0.0,29.375,0.0,33.4,0.0,2.200000000000003,0.0,Tiruchirappalli,36.9,0.0
2024-04-25 06:00:00,39.0,29,0.0,998.0,9.0,11.8,117,119,6,25,4,3,116,37.2,0.0,32.9,0.0,25.6,0.0,30.1,0.0,39.3,0.0,33.5,0.0,30.116666666666664,0.0,33.3875,0.0,1.7999999999999972,0.0,Tiruchirappalli,38.5,0.0
2024-04-25 07:00:00,40.6,25,0.0,996.9,12.2,15.6,109,109,7,25,4,3,116,39.0,0.0,35.0,0.0,27.0,0.0,28.4,0.0,40.5,0.0,35.76666666666667,0.0,31.133333333333336,0.0,33.391666666666666,0.0,1.6000000000000014,0.0,Tiruchirappalli,40.0,0.0
2024-04-25 08:00:00,40.9,24,0.0,995.9,15.3,19.4,105,105,8,25,4,3,116,40.6,0.0,37.2,0.0,29.9,0.0,27.3,0.0,41.0,0.0,37.6,0.0,32.266666666666666,0.0,33.3875,0.0,0.2999999999999971,0.0,Tiruchirappalli,40.9,0.0
2024-04-25 09:00:00,41.1,23,0.0,994.9,15.6,20.1,117,119,9,25,4,3,116,40.9,0.0,39.0,0.0,32.9,0.0,27.0,0.0,41.3,0.0,38.96666666666667,0.0,33.44166666666667,0.0,33.37916666666667,0.0,0.2000000000000028,0.0,Tiruchirappalli,41.5,0.0
2024-04-25 10:00:00,40.4,24,0.0,994.5,15.0,19.6,116,117,10,25,4,3,116,41.1,0.0,40.6,0.0,35.0,0.0,26.3,0.0,39.9,0.0,39.86666666666667,0.0,34.61666666666667,0.0,33.4,0.0,-0.7000000000000028,0.0,Tiruchirappalli,40.9,0.0
2024-04-25 11:00:00,39.5,25,0.0,994.5,15.5,20.4,107,108,11,25,4,3,116,40.4,0.0,40.9,0.0,37.2,0.0,25.8,0.0,39.1,0.0,40.25,0.0,35.75833333333333,0.0,33.416666666666664,0.0,-0.8999999999999986,0.0,Tiruchirappalli,40.2,0.0
2024-04-25 12:00:00,37.8,30,0.0,994.9,15.8,21.1,115,117,12,25,4,3,116,39.5,0.0,41.1,0.0,39.0,0.0,25.6,0.0,38.1,0.0,40.05,0.0,36.775,0.0,33.40416666666667,0.0,-1.7000000000000028,0.0,Tiruchirappalli,38.2,0.0
2024-04-25 13:00:00,35.6,37,0.0,996.0,14.0,23.2,147,145,13,25,4,3,116,37.8,0.0,40.4,0.0,40.6,0.0,27.0,0.0,36.6,0.0,39.21666666666666,0.0,37.49166666666667,0.0,33.3625,0.0,-2.199999999999996,0.0,Tiruchirappalli,36.8,0.0
2024-04-25 14:00:00,34.1,41,0.0,997.1,13.4,22.9,147,144,14,25,4,3,116,35.6,0.0,39.5,0.0,40.9,0.0,29.9,0.0,35.2,0.0,38.083333333333336,0.0,37.84166666666666,0.0,33.31666666666667,0.0,-1.5,0.0,Tiruchirappalli,35.2,0.0
2024-04-25 15:00:00,33.0,40,0.0,997.6,12.8,23.1,143,140,15,25,4,3,116,34.1,0.0,37.8,0.0,41.1,0.0,32.9,0.0,34.1,0.0,36.73333333333333,0.0,37.85,0.0,33.270833333333336,0.0,-1.1000000000000014,0.0,Tiruchirappalli,33.7,0.0
2024-04-25 16:00:00,31.9,41,0.0,998.3,11.2,21.5,140,135,16,25,4,3,116,33.0,0.0,35.6,0.0,40.4,0.0,35.0,0.0,32.7,0.0,35.31666666666667,0.0,37.59166666666667,0.0,33.2375,0.0,-1.1000000000000014,0.0,Tiruchirappalli,33.1,0.0
2024-04-25 17:00:00,30.6,45,0.0,998.8,8.0,17.1,136,126,17,25,4,3,116,31.9,0.0,34.1,0.0,39.5,0.0,37.2,0.0,31.3,0.0,33.833333333333336,0.0,37.04166666666666,0.0,33.208333333333336,0.0,-1.2999999999999972,0.0,Tiruchirappalli,32.3,0.0
2024-04-25 18:00:00,29.1,54,0.0,998.6,4.0,11.3,121,100,18,25,4,3,116,30.6,0.0,33.0,0.0,37.8,0.0,39.0,0.0,30.1,0.0,32.38333333333333,0.0,36.21666666666667,0.0,33.166666666666664,0.0,-1.5,0.0,Tiruchirappalli,31.5,0.0
2024-04-25 19:00:00,28.1,62,0.0,998.1,3.7,9.0,106,79,19,25,4,3,116,29.1,0.0,31.9,0.0,35.6,0.0,40.6,0.0,28.4,0.0,31.133333333333336,0.0,35.175000000000004,0.0,33.15416666666667,0.0,-1.0,0.0,Tiruchirappalli,30.6,0.0
2024-04-25 20:00:00,27.5,70,0.0,997.4,5.5,12.0,111,101,20,25,4,3,116,28.1,0.0,30.6,0.0,34.1,0.0,40.9,0.0,27.3,0.0,30.03333333333333,0.0,34.05833333333334,0.0,33.1625,0.0,-0.6000000000000014,0.0,Tiruchirappalli,29.8,0.0
2024-04-25 21:00:00,26.8,81,0.0,996.8,6.6,14.2,106,99,21,25,4,3,116,27.5,0.0,29.1,0.0,33.0,0.0,41.1,0.0,27.0,0.0,29.0,0.0,32.86666666666667,0.0,33.15416666666666,0.0,-0.6999999999999993,0.0,Tiruchirappalli,29.1,0.0
2024-04-25 22:00:00,26.2,90,0.0,996.7,4.6,12.1,113,108,22,25,4,3,116,26.8,0.0,28.1,0.0,31.9,0.0,40.4,0.0,26.3,0.0,28.05,0.0,31.683333333333337,0.0,33.15,0.0,-0.6000000000000014,0.0,Tiruchirappalli,28.7,0.0
2024-04-25 23:00:00,25.6,96,0.0,997.0,3.7,9.2,121,119,23,25,4,3,116,26.2,0.0,27.5,0.0,30.6,0.0,39.5,0.0,25.8,0.0,27.21666666666667,0.0,30.525,0.0,33.14166666666667,0.0,-0.5999999999999979,0.0,Tiruchirappalli,28.4,0.0
2024-04-26 00:00:00,25.3,98,0.0,997.7,4.4,7.5,125,125,0,26,4,4,117,25.6,0.0,26.8,0.0,29.1,0.0,37.8,0.0,25.6,0.0,26.58333333333333,0.0,29.48333333333333,0.0,33.12916666666667,0.0,-0.3000000000000007,0.0,Tiruchirappalli,28.1,0.0
2024-04-26 01:00:00,27.9,90,0.0,997.9,3.0,4.2,160,166,1,26,4,4,117,25.3,0.0,26.2,0.0,28.1,0.0,35.6,0.0,27.0,0.0,26.55,0.0,28.841666666666665,0.0,33.166666666666664,0.0,2.599999999999998,0.0,Tiruchirappalli,29.4,0.0
2024-04-26 02:00:00,29.1,85,0.0,998.8,7.9,10.5,149,150,2,26,4,4,117,27.9,0.0,25.6,0.0,27.5,0.0,34.1,0.0,29.9,0.0,26.816666666666663,0.0,28.425,0.0,33.13333333333333,0.0,1.2000000000000028,0.0,Tiruchirappalli,31.3,0.0
2024-04-26 03:00:00,31.8,69,0.1,999.6,8.2,10.7,140,139,3,26,4,4,117,29.1,0.0,25.3,0.0,26.8,0.0,33.0,0.0,32.9,0.0,27.65,0.1,28.325000000000003,0.1,33.0875,0.1,2.7,0.1,Tiruchirappalli,33.5,0.0
2024-04-26 04:00:00,34.1,55,0.0,999.7,8.1,10.4,136,135,4,26,4,4,117,31.8,0.1,27.9,0.0,26.2,0.0,31.9,0.0,35.0,0.0,28.96666666666667,0.1,28.508333333333336,0.1,33.05,0.1,2.3000000000000007,-0.1,Tiruchirappalli,35.6,0.0
2024-04-26 05:00:00,36.7,41,0.0,998.9,8.7,11.0,131,132,5,26,4,4,117,34.1,0.0,29.1,0.0,25.6,0.0,30.6,0.0,37.2,0.0,30.816666666666663,0.1,29.01666666666667,0.1,33.02916666666667,0.1,2.6000000000000014,0.0,Tiruchirappalli,37.6,0.0
2024-04-26 06:00:00,39.0,28,0.0,998.2,9.1,11.7,124,124,6,26,4,4,117,36.7,0.0,31.8,0.1,25.3,0.0,29.1,0.0,39.0,0.0,33.1,0.1,29.84166666666667,0.1,33.02916666666667,0.1,2.299999999999997,0.0,Tiruchirappalli,39.5,0.0
2024-04-26 07:00:00,40.3,23,0.0,997.4,10.6,13.8,123,125,7,26,4,4,117,39.0,0.0,34.1,0.0,27.9,0.0,28.1,0.0,40.6,0.0,35.166666666666664,0.1,30.85833333333333,0.1,33.016666666666666,0.1,1.2999999999999972,0.0,Tiruchirappalli,40.9,0.0
2024-04-26 08:00:00,41.0,22,0.0,996.0,11.8,15.0,117,117,8,26,4,4,117,40.3,0.0,36.7,0.0,29.1,0.0,27.5,0.0,40.9,0.0,37.15,0.1,31.98333333333333,0.1,33.020833333333336,0.1,0.7000000000000028,0.0,Tiruchirappalli,27.9,0.0
2024-04-26 09:00:00,41.1,22,0.0,994.9,12.2,15.8,114,114,9,26,4,4,117,41.0,0.0,39.0,0.0,31.8,0.1,26.8,0.0,41.1,0.0,38.7,0.0,33.175000000000004,0.1,33.020833333333336,0.1,0.1000000000000014,0.0,Tiruchirappalli,27.9,0.0
2024-04-26 10:00:00,40.8,22,0.0,994.2,13.4,17.3,113,114,10,26,4,4,117,41.1,0.0,40.3,0.0,34.1,0.0,26.2,0.0,40.4,0.0,39.81666666666667,0.0,34.391666666666666,0.1,33.0375,0.1,-0.3000000000000042,0.0,Tiruchirappalli,27.9,0.0
2024-04-26 11:00:00,39.8,24,0.0,994.1,12.9,16.9,119,120,11,26,4,4,117,40.8,0.0,41.0,0.0,36.7,0.0,25.6,0.0,39.5,0.0,40.333333333333336,0.0,35.575,0.1,33.050000000000004,0.1,-1.0,0.0,Tiruchirappalli,27.9,0.0
2024-04-26 12:00:00,38.5,26,0.0,994.4,14.7,19.7,121,121,12,26,4,4,117,39.8,0.0,41.1,0.0,39.0,0.0,25.3,0.0,37.8,0.0,40.25,0.0,36.675,0.1,33.079166666666666,0.1,-1.2999999999999972,0.0,Tiruchirappalli,41.5,0.0
2024-04-26 13:00:00,36.6,30,0.0,995.4,13.7,23.2,147,145,13,26,4,4,117,38.5,0.0,40.8,0.0,40.3,0.0,27.9,0.0,35.6,0.0,39.63333333333333,0.0,37.4,0.1,33.12083333333334,0.1,-1.8999999999999984,0.0,Tiruchirappalli,38.0,0.0
2024-04-26 14:00:00,35.0,35,0.0,996.3,15.1,25.9,141,140,14,26,4,4,117,36.6,0.0,39.8,0.0,41.0,0.0,29.1,0.0,34.1,0.0,38.63333333333333,0.0,37.891666666666666,0.1,33.15833333333334,0.1,-1.6000000000000014,0.0,Tiruchirappalli,35.2,0.0
2024-04-26 15:00:00,33.2,37,0.0,997.1,14.8,25.9,141,139,15,26,4,4,117,35.0,0.0,38.5,0.0,41.1,0.0,31.8,0.1,33.0,0.0,37.31666666666666,0.0,38.00833333333333,0.0,33.166666666666664,0.1,-1.7999999999999972,0.0,Tiruchirappalli,34.3,0.0
2024-04-26 16:00:00,31.6,43,0.0,997.7,12.9,23.8,129,126,16,26,4,4,117,33.2,0.0,36.6,0.0,40.8,0.0,34.1,0.0,31.9,0.0,35.78333333333334,0.0,37.8,0.0,33.15416666666667,0.1,-1.6000000000000014,0.0,Tiruchirappalli,32.9,0.0
2024-04-26 17:00:00,30.1,59,0.0,998.2,9.6,18.7,128,124,17,26,4,4,117,31.6,0.0,35.0,0.0,39.8,0.0,36.7,0.0,30.6,0.0,34.166666666666664,0.0,37.25,0.0,33.13333333333333,0.1,-1.5,0.0,Tiruchirappalli,32.0,0.0
2024-04-26 18:00:00,28.9,71,0.0,998.2,4.0,10.6,114,95,18,26,4,4,117,30.1,0.0,33.2,0.0,38.5,0.0,39.0,0.0,29.1,0.0,32.56666666666667,0.0,36.40833333333333,0.0,33.125,0.1,-1.2000000000000028,0.0,Tiruchirappalli,30.9,0.0
2024-04-26 19:00:00,28.1,77,0.0,997.9,3.0,7.4,104,76,19,26,4,4,117,28.9,0.0,31.6,0.0,36.6,0.0,40.3,0.0,28.1,0.0,31.15,0.0,35.39166666666667,0.0,33.125,0.1,-0.7999999999999972,0.0,Tiruchirappalli,30.4,0.0
2024-04-26 20:00:00,27.5,81,0.0,997.4,4.8,9.4,88,77,20,26,4,4,117,28.1,0.0,30.1,0.0,35.0,0.0,41.0,0.0,27.5,0.0,29.9,0.0,34.26666666666667,0.0,33.125,0.1,-0.6000000000000014,0.0,Tiruchirappalli,29.9,0.0
2024-04-26 21:00:00,26.8,84,0.0,997.2,4.7,10.8,86,86,21,26,4,4,117,27.5,0.0,28.9,0.0,33.2,0.0,41.1,0.0,26.8,0.0,28.83333333333333,0.0,33.075,0.0,33.125,0.1,-0.6999999999999993,0.0,Tiruchirappalli,29.6,0.0
2024-04-26 22:00:00,25.8,90,0.0,996.9,4.3,7.6,109,132,22,26,4,4,117,26.8,0.0,28.1,0.0,31.6,0.0,40.8,0.0,26.2,0.0,27.866666666666664,0.0,31.825,0.0,33.108333333333334,0.1,-1.0,0.0,Tiruchirappalli,29.1,0.0
2024-04-26 23:00:00,25.6,92,0.0,997.4,3.8,6.0,115,139,23,26,4,4,117,25.8,0.0,27.5,0.0,30.1,0.0,39.8,0.0,25.6,0.0,27.116666666666664,0.0,30.641666666666666,0.0,33.10833333333333,0.1,-0.1999999999999993,0.0,Tiruchirappalli,28.8,0.0
2024-04-27 00:00:00,26.2,89,0.0,998.0,1.1,2.2,81,360,0,27,4,5,118,25.6,0.0,26.8,0.0,28.9,0.0,38.5,0.0,25.3,0.0,26.666666666666668,0.0,29.616666666666664,0.0,33.145833333333336,0.1,0.5999999999999979,0.0,Tiruchirappalli,28.6,0.0
2024-04-27 01:00:00,26.6,88,0.0,998.2,2.9,4.0,5,353,1,27,4,5,118,26.2,0.0,25.8,0.0,28.1,0.0,36.6,0.0,27.9,0.0,26.416666666666668,0.0,28.78333333333333,0.0,33.09166666666667,0.1,0.4000000000000021,0.0,Tiruchirappalli,30.6,0.0
2024-04-27 02:00:00,28.5,81,0.0,999.2,4.4,5.5,79,81,2,27,4,5,118,26.6,0.0,25.6,0.0,27.5,0.0,35.0,0.0,29.1,0.0,26.58333333333333,0.0,28.24166666666667,0.0,33.06666666666667,0.1,1.8999999999999984,0.0,Tiruchirappalli,32.1,0.0
2024-04-27 03:00:00,30.8,68,0.0,999.9,5.4,6.9,96,94,3,27,4,5,118,28.5,0.0,26.2,0.0,26.8,0.0,33.2,0.0,31.8,0.1,27.25,0.0,28.04166666666667,0.0,33.025,0.0,2.3000000000000007,0.0,Tiruchirappalli,34.6,0.0
2024-04-27 04:00:00,33.3,54,0.0,999.6,5.4,6.8,90,90,4,27,4,5,118,30.8,0.0,26.6,0.0,25.8,0.0,31.6,0.0,34.1,0.0,28.5,0.0,28.183333333333334,0.0,32.99166666666667,0.0,2.4999999999999964,0.0,Tiruchirappalli,36.9,0.0
2024-04-27 05:00:00,35.9,40,0.0,999.0,5.8,7.6,98,97,5,27,4,5,118,33.3,0.0,28.5,0.0,25.6,0.0,30.1,0.0,36.7,0.0,30.216666666666665,0.0,28.666666666666668,0.0,32.958333333333336,0.0,2.6000000000000014,0.0,Tiruchirappalli,38.8,0.0
2024-04-27 06:00:00,38.2,30,0.0,998.6,7.1,8.9,104,105,6,27,4,5,118,35.9,0.0,30.8,0.0,26.2,0.0,28.9,0.0,39.0,0.0,32.21666666666667,0.0,29.441666666666663,0.0,32.925000000000004,0.0,2.3000000000000043,0.0,Tiruchirappalli,40.6,0.0
2024-04-27 07:00:00,39.8,27,0.0,997.4,8.3,10.5,98,95,7,27,4,5,118,38.2,0.0,33.3,0.0,26.6,0.0,28.1,0.0,40.3,0.0,34.416666666666664,0.0,30.416666666666668,0.0,32.90416666666667,0.0,1.5999999999999943,0.0,Tiruchirappalli,27.9,0.0
2024-04-27 08:00:00,40.7,24,0.0,996.2,9.7,12.3,93,92,8,27,4,5,118,39.8,0.0,35.9,0.0,28.5,0.0,27.5,0.0,41.0,0.0,36.45,0.0,31.516666666666666,0.0,32.89166666666667,0.0,0.9000000000000057,0.0,Tiruchirappalli,27.9,0.0
2024-04-27 09:00:00,41.0,23,0.0,995.2,11.2,14.1,93,92,9,27,4,5,118,40.7,0.0,38.2,0.0,30.8,0.0,26.8,0.0,41.1,0.0,38.15,0.0,32.7,0.0,32.8875,0.0,0.2999999999999971,0.0,Tiruchirappalli,27.9,0.0
2024-04-27 10:00:00,40.8,23,0.0,994.6,11.5,14.8,93,92,10,27,4,5,118,41.0,0.0,39.8,0.0,33.3,0.0,25.8,0.0,40.8,0.0,39.4,0.0,33.95,0.0,32.8875,0.0,-0.2000000000000028,0.0,Tiruchirappalli,27.9,0.0
2024-04-27 11:00:00,40.0,25,0.0,994.3,13.2,16.9,101,101,11,27,4,5,118,40.8,0.0,40.7,0.0,35.9,0.0,25.6,0.0,39.8,0.0,40.083333333333336,0.0,35.15,0.0,32.895833333333336,0.0,-0.7999999999999972,0.0,Tiruchirappalli,40.3,0.0
2024-04-27 12:00:00,38.3,31,0.0,994.6,15.0,20.3,113,114,12,27,4,5,118,40.0,0.0,41.0,0.0,38.2,0.0,26.2,0.0,38.5,0.0,40.1,0.0,36.15833333333333,0.0,32.8875,0.0,-1.7000000000000028,0.0,Tiruchirappalli,39.2,0.0
2024-04-27 13:00:00,36.7,31,0.0,995.5,9.7,17.1,136,141,13,27,4,5,118,38.3,0.0,40.8,0.0,39.8,0.0,26.6,0.0,36.6,0.0,39.583333333333336,0.0,37.0,0.0,32.891666666666666,0.0,-1.5999999999999943,0.0,Tiruchirappalli,35.7,0.0
2024-04-27 14:00:00,35.3,37,0.0,996.6,13.6,23.8,142,140,14,27,4,5,118,36.7,0.0,40.0,0.0,40.7,0.0,28.5,0.0,35.0,0.0,38.68333333333334,0.0,37.56666666666666,0.0,32.90416666666666,0.0,-1.4000000000000057,0.0,Tiruchirappalli,33.9,0.0
2024-04-27 15:00:00,33.3,46,0.0,997.7,17.8,28.0,135,133,15,27,4,5,118,35.3,0.0,38.3,0.0,41.0,0.0,30.8,0.0,33.2,0.0,37.4,0.0,37.775,0.0,32.90833333333334,0.0,-2.0,0.0,Tiruchirappalli,32.5,0.0
2024-04-27 16:00:00,30.7,67,0.0,998.7,14.5,23.4,133,132,16,27,4,5,118,33.3,0.0,36.7,0.0,40.8,0.0,33.3,0.0,31.6,0.0,35.71666666666666,0.0,37.55833333333333,0.0,32.87083333333333,0.0,-2.599999999999998,0.0,Tiruchirappalli,31.3,0.0
2024-04-27 17:00:00,29.9,74,0.0,999.1,12.3,19.9,131,128,17,27,4,5,118,30.7,0.0,35.3,0.0,40.0,0.0,35.9,0.0,30.1,0.0,34.03333333333333,0.0,37.05833333333333,0.0,32.8625,0.0,-0.8000000000000007,0.0,Tiruchirappalli,30.3,0.0
2024-04-27 18:00:00,29.2,77,0.0,999.1,9.2,16.4,119,116,18,27,4,5,118,29.9,0.0,33.3,0.0,38.3,0.0,38.2,0.0,28.9,0.0,32.51666666666666,0.0,36.30833333333333,0.0,32.875,0.0,-0.6999999999999993,0.0,Tiruchirappalli,29.8,0.0
2024-04-27 19:00:00,28.4,82,0.0,998.8,5.8,11.8,110,97,19,27,4,5,118,29.2,0.0,30.7,0.0,36.7,0.0,39.8,0.0,28.1,0.0,31.13333333333333,0.0,35.35833333333333,0.0,32.8875,0.0,-0.8000000000000007,0.0,Tiruchirappalli,29.2,0.0
2024-04-27 20:00:00,27.7,86,0.0,998.6,4.0,8.3,88,63,20,27,4,5,118,28.4,0.0,29.9,0.0,35.3,0.0,40.7,0.0,27.5,0.0,29.86666666666667,0.0,34.275,0.0,32.895833333333336,0.0,-0.6999999999999993,0.0,Tiruchirappalli,28.8,0.0
2024-04-27 21:00:00,27.4,87,0.0,998.2,4.1,7.7,79,52,21,27,4,5,118,27.7,0.0,29.2,0.0,33.3,0.0,41.0,0.0,26.8,0.0,28.88333333333333,0.0,33.141666666666666,0.0,32.920833333333334,0.0,-0.3000000000000007,0.0,Tiruchirappalli,28.4,0.0
2024-04-27 22:00:00,26.6,90,0.0,997.9,3.2,6.8,87,63,22,27,4,5,118,27.4,0.0,28.4,0.0,30.7,0.0,40.8,0.0,25.8,0.0,28.200000000000003,0.0,31.95833333333333,0.0,32.954166666666666,0.0,-0.7999999999999972,0.0,Tiruchirappalli,28.2,0.0
2024-04-27 23:00:00,26.0,94,0.0,998.0,3.6,4.3,85,45,23,27,4,5,118,26.6,0.0,27.7,0.0,29.9,0.0,40.0,0.0,25.6,0.0,27.55,0.0,30.791666666666668,0.0,32.97083333333333,0.0,-0.6000000000000014,0.0,Tiruchirappalli,28.0,0.0
2024-04-28 00:00:00,25.9,94,0.0,998.4,3.4,4.1,38,18,0,28,4,6,119,26.0,0.0,27.4,0.0,29.2,0.0,38.3,0.0,26.2,0.0,27.0,0.0,29.758333333333336,0.0,32.958333333333336,0.0,-0.1000000000000014,0.0,Tiruchirappalli,27.9,0.0
2024-04-28 01:00:00,27.5,88,0.0,998.5,2.2,4.8,13,9,1,28,4,6,119,25.9,0.0,26.6,0.0,28.4,0.0,36.7,0.0,26.6,0.0,26.85,0.0,28.991666666666664,0.0,32.99583333333333,0.0,1.6000000000000014,0.0,Tiruchirappalli,29.7,0.0
2024-04-28 02:00:00,29.3,80,0.0,999.3,2.3,3.4,58,51,2,28,4,6,119,27.5,0.0,26.0,0.0,27.7,0.0,35.3,0.0,28.5,0.0,27.116666666666664,0.0,28.49166666666667,0.0,33.02916666666666,0.0,1.8000000000000007,0.0,Tiruchirappalli,32.0,0.0
2024-04-28 03:00:00,31.7,69,0.0,999.8,4.0,5.3,118,117,3,28,4,6,119,29.3,0.0,25.9,0.0,27.4,0.0,33.3,0.0,30.8,0.0,27.83333333333333,0.0,28.35833333333333,0.0,33.06666666666667,0.0,2.3999999999999986,0.0,Tiruchirappalli,34.3,0.0
2024-04-28 04:00:00,34.0,57,0.1,1000.0,4.2,5.2,124,121,4,28,4,6,119,31.7,0.0,27.5,0.0,26.6,0.0,30.7,0.0,33.3,0.0,29.066666666666663,0.1,28.633333333333336,0.1,33.09583333333333,0.1,2.3000000000000007,0.1,Tiruchirappalli,36.4,0.0
2024-04-28 05:00:00,35.9,48,0.0,999.2,3.9,5.0,120,124,5,28,4,6,119,34.0,0.1,29.3,0.0,26.0,0.0,29.9,0.0,35.9,0.0,30.716666666666665,0.1,29.13333333333333,0.1,33.09583333333333,0.1,1.8999999999999984,-0.1,Tiruchirappalli,38.3,0.0
2024-04-28 06:00:00,38.0,39,0.0,998.4,5.3,6.4,117,118,6,28,4,6,119,35.9,0.0,31.7,0.0,25.9,0.0,29.2,0.0,38.2,0.0,32.733333333333334,0.1,29.866666666666664,0.1,33.0875,0.1,2.1000000000000014,0.0,Tiruchirappalli,39.9,0.0
2024-04-28 07:00:00,39.6,33,0.0,997.3,6.6,8.5,118,119,7,28,4,6,119,38.0,0.0,34.0,0.1,27.5,0.0,28.4,0.0,39.8,0.0,34.75,0.1,30.8,0.1,33.079166666666666,0.1,1.6000000000000014,0.0,Tiruchirappalli,41.2,0.0
2024-04-28 08:00:00,40.8,29,0.0,996.4,9.0,11.6,126,127,8,28,4,6,119,39.6,0.0,35.9,0.0,29.3,0.0,27.7,0.0,40.7,0.0,36.66666666666666,0.1,31.891666666666666,0.1,33.083333333333336,0.1,1.1999999999999955,0.0,Tiruchirappalli,27.9,0.0
2024-04-28 09:00:00,40.7,28,0.0,995.5,11.0,14.3,129,131,9,28,4,6,119,40.8,0.0,38.0,0.0,31.7,0.0,27.4,0.0,41.0,0.0,38.16666666666666,0.1,33.0,0.1,33.07083333333333,0.1,-0.0999999999999943,0.0,Tiruchirappalli,27.9,0.0
2024-04-28 10:00:00,40.4,27,0.0,994.7,12.4,16.1,124,126,10,28,4,6,119,40.7,0.0,39.6,0.0,34.0,0.1,26.6,0.0,40.8,0.0,39.23333333333333,0.0,34.15,0.1,33.05416666666667,0.1,-0.3000000000000042,0.0,Tiruchirappalli,27.9,0.0
2024-04-28 11:00:00,39.6,28,0.0,994.4,14.3,18.5,119,118,11,28,4,6,119,40.4,0.0,40.8,0.0,35.9,0.0,26.0,0.0,40.0,0.0,39.85,0.0,35.28333333333333,0.1,33.0375,0.1,-0.7999999999999972,0.0,Tiruchirappalli,40.8,0.0
2024-04-28 12:00:00,37.8,35,0.0,994.9,16.0,21.2,122,121,12,28,4,6,119,39.6,0.0,40.7,0.0,38.0,0.0,25.9,0.0,38.3,0.0,39.81666666666667,0.0,36.275,0.1,33.016666666666666,0.1,-1.8000000000000045,0.0,Tiruchirappalli,38.6,0.0
2024-04-28 13:00:00,36.2,36,0.0,996.4,10.0,17.4,140,142,13,28,4,6,119,37.8,0.0,40.4,0.0,39.6,0.0,27.5,0.0,36.7,0.0,39.25,0.0,37.0,0.1,32.99583333333333,0.1,-1.5999999999999943,0.0,Tiruchirappalli,36.3,0.0
2024-04-28 14:00:00,34.9,41,0.0,997.7,12.0,21.8,142,141,14,28,4,6,119,36.2,0.0,39.6,0.0,40.8,0.0,29.3,0.0,35.3,0.0,38.266666666666666,0.0,37.46666666666666,0.1,32.979166666666664,0.1,-1.3000000000000045,0.0,Tiruchirappalli,35.5,0.0
2024-04-28 15:00:00,33.7,45,0.0,998.3,13.8,24.6,141,139,15,28,4,6,119,34.9,0.0,37.8,0.0,40.7,0.0,31.7,0.0,33.3,0.0,37.1,0.0,37.63333333333333,0.1,32.99583333333333,0.1,-1.1999999999999955,0.0,Tiruchirappalli,33.8,0.0
2024-04-28 16:00:00,32.0,56,0.0,999.3,13.8,24.4,135,133,16,28,4,6,119,33.7,0.0,36.2,0.0,40.4,0.0,34.0,0.1,30.7,0.0,35.7,0.0,37.46666666666667,0.0,33.050000000000004,0.1,-1.7000000000000028,0.0,Tiruchirappalli,32.6,0.0
2024-04-28 17:00:00,30.6,69,0.0,1000.0,11.1,20.2,129,126,17,28,4,6,119,32.0,0.0,34.9,0.0,39.6,0.0,35.9,0.0,29.9,0.0,34.2,0.0,37.025,0.0,33.07916666666667,0.1,-1.3999999999999986,0.0,Tiruchirappalli,31.3,0.0
2024-04-28 18:00:00,29.6,80,0.0,999.9,9.5,17.8,122,119,18,28,4,6,119,30.6,0.0,33.7,0.0,37.8,0.0,38.0,0.0,29.2,0.0,32.833333333333336,0.0,36.325,0.0,33.09583333333333,0.1,-1.0,0.0,Tiruchirappalli,30.2,0.0
2024-04-28 19:00:00,28.9,85,0.0,999.6,7.5,14.9,127,125,19,28,4,6,119,29.6,0.0,32.0,0.0,36.2,0.0,39.6,0.0,28.4,0.0,31.61666666666667,0.0,35.43333333333333,0.0,33.11666666666667,0.1,-0.7000000000000028,0.0,Tiruchirappalli,29.7,0.0
2024-04-28 20:00:00,28.3,88,0.0,999.7,5.6,12.7,137,140,20,28,4,6,119,28.9,0.0,30.6,0.0,34.9,0.0,40.8,0.0,27.7,0.0,30.51666666666667,0.0,34.391666666666666,0.0,33.141666666666666,0.1,-0.5999999999999979,0.0,Tiruchirappalli,29.2,0.0
2024-04-28 21:00:00,27.9,92,0.0,999.4,4.0,9.0,151,153,21,28,4,6,119,28.3,0.0,29.6,0.0,33.7,0.0,40.7,0.0,27.4,0.0,29.55,0.0,33.325,0.0,33.1625,0.1,-0.4000000000000021,0.0,Tiruchirappalli,28.6,0.0
2024-04-28 22:00:00,27.8,93,0.0,999.1,3.3,7.1,156,139,22,28,4,6,119,27.9,0.0,28.9,0.0,32.0,0.0,40.4,0.0,26.6,0.0,28.85,0.0,32.275,0.0,33.2125,0.1,-0.0999999999999978,0.0,Tiruchirappalli,28.1,0.0
2024-04-28 23:00:00,27.8,93,0.0,999.4,2.5,6.1,152,90,23,28,4,6,119,27.8,0.0,28.3,0.0,30.6,0.0,39.6,0.0,26.0,0.0,28.383333333333336,0.0,31.291666666666668,0.0,33.2875,0.1,0.0,0.0,Tiruchirappalli,27.8,0.0
2024-04-29 00:00:00,27.6,94,0.0,999.8,1.1,5.0,159,18,0,29,4,0,120,27.8,0.0,27.9,0.0,29.6,0.0,37.8,0.0,25.9,0.0,28.05,0.0,30.441666666666663,0.0,33.358333333333334,0.1,-0.1999999999999993,0.0,Tiruchirappalli,27.8,0.0
2024-04-29 01:00:00,28.8,87,0.0,1000.3,2.9,2.3,18,360,1,29,4,0,120,27.6,0.0,27.8,0.0,28.9,0.0,36.2,0.0,27.5,0.0,28.03333333333333,0.0,29.825,0.0,33.4125,0.1,1.1999999999999993,0.0,Tiruchirappalli,29.9,0.0
2024-04-29 02:00:00,30.2,81,0.1,1000.9,2.8,3.8,139,140,2,29,4,0,120,28.8,0.0,27.8,0.0,28.3,0.0,34.9,0.0,29.3,0.0,28.35,0.1,29.433333333333337,0.1,33.45,0.2,1.3999999999999986,0.1,Tiruchirappalli,31.8,0.0
2024-04-29 03:00:00,32.3,69,0.1,1001.4,4.4,5.8,150,145,3,29,4,0,120,30.2,0.1,27.6,0.0,27.9,0.0,33.7,0.0,31.7,0.0,29.08333333333333,0.2,29.316666666666663,0.2,33.475,0.3,2.099999999999998,0.0,Tiruchirappalli,34.1,0.0
2024-04-29 04:00:00,34.9,54,0.0,1001.6,5.4,6.6,135,132,4,29,4,0,120,32.3,0.1,28.8,0.0,27.8,0.0,32.0,0.0,34.0,0.1,30.266666666666666,0.2,29.558333333333334,0.2,33.5125,0.2,2.6000000000000014,-0.1,Tiruchirappalli,36.3,0.0
2024-04-29 05:00:00,37.2,42,0.0,1000.8,5.1,6.6,131,129,5,29,4,0,120,34.9,0.0,30.2,0.1,27.8,0.0,30.6,0.0,35.9,0.0,31.83333333333333,0.2,30.10833333333333,0.2,33.56666666666667,0.2,2.3000000000000043,0.0,Tiruchirappalli,38.4,0.0
2024-04-29 06:00:00,39.1,32,0.0,999.8,5.6,7.1,135,135,6,29,4,0,120,37.2,0.0,32.3,0.1,27.6,0.0,29.6,0.0,38.0,0.0,33.75,0.2,30.9,0.2,33.612500000000004,0.2,1.8999999999999984,0.0,Tiruchirappalli,40.1,0.0
2024-04-29 07:00:00,40.7,26,0.0,998.6,7.1,8.9,133,135,7,29,4,0,120,39.1,0.0,34.9,0.0,28.8,0.0,28.9,0.0,39.6,0.0,35.73333333333333,0.2,31.883333333333336,0.2,33.65833333333333,0.2,1.6000000000000014,0.0,Tiruchirappalli,41.5,0.0
2024-04-29 08:00:00,41.5,23,0.0,997.0,7.9,10.1,117,120,8,29,4,0,120,40.7,0.0,37.2,0.0,30.2,0.1,28.3,0.0,40.8,0.0,37.61666666666667,0.1,32.983333333333334,0.2,33.6875,0.2,0.7999999999999972,0.0,Tiruchirappalli,27.9,0.0
2024-04-29 09:00:00,41.7,22,0.0,995.8,10.0,12.5,102,103,9,29,4,0,120,41.5,0.0,39.1,0.0,32.3,0.1,27.9,0.0,40.7,0.0,39.18333333333333,0.0,34.13333333333333,0.2,33.729166666666664,0.2,0.2000000000000028,0.0,Tiruchirappalli,27.9,0.0
2024-04-29 10:00:00,41.4,22,0.0,995.2,12.0,15.2,97,97,10,29,4,0,120,41.7,0.0,40.7,0.0,34.9,0.0,27.8,0.0,40.4,0.0,40.26666666666667,0.0,35.26666666666667,0.2,33.770833333333336,0.2,-0.3000000000000042,0.0,Tiruchirappalli,27.9,0.0
2024-04-29 11:00:00,40.6,23,0.0,995.2,13.4,17.4,96,95,11,29,4,0,120,41.4,0.0,41.5,0.0,37.2,0.0,27.8,0.0,39.6,0.0,40.833333333333336,0.0,36.333333333333336,0.2,33.8125,0.2,-0.7999999999999972,0.0,Tiruchirappalli,41.5,0.0
2024-04-29 12:00:00,39.1,27,0.0,995.5,14.8,19.9,112,113,12,29,4,0,120,40.6,0.0,41.7,0.0,39.1,0.0,27.6,0.0,37.8,0.0,40.833333333333336,0.0,37.29166666666666,0.2,33.86666666666667,0.2,-1.5,0.0,Tiruchirappalli,39.1,0.0
2024-04-29 13:00:00,36.9,31,0.0,996.6,8.1,15.6,146,148,13,29,4,0,120,39.1,0.0,41.4,0.0,40.7,0.0,28.8,0.0,36.2,0.0,40.2,0.0,37.96666666666667,0.2,33.895833333333336,0.2,-2.200000000000003,0.0,Tiruchirappalli,36.9,0.0
2024-04-29 14:00:00,35.7,37,0.0,997.4,16.0,27.9,144,144,14,29,4,0,120,36.9,0.0,40.6,0.0,41.5,0.0,30.2,0.1,34.9,0.0,39.23333333333333,0.0,38.425,0.1,33.92916666666667,0.2,-1.1999999999999955,0.0,Tiruchirappalli,36.9,0.0
2024-04-29 15:00:00,32.9,57,0.0,998.3,17.1,26.0,138,138,15,29,4,0,120,35.7,0.0,39.1,0.0,41.7,0.0,32.3,0.1,33.7,0.0,37.766666666666666,0.0,38.475,0.0,33.895833333333336,0.2,-2.8000000000000043,0.0,Tiruchirappalli,34.4,0.0
2024-04-29 16:00:00,31.3,72,0.0,999.8,14.5,22.4,136,134,16,29,4,0,120,32.9,0.0,36.9,0.0,41.4,0.0,34.9,0.0,32.0,0.0,36.083333333333336,0.0,38.175,0.0,33.86666666666667,0.2,-1.599999999999998,0.0,Tiruchirappalli,33.5,0.0
2024-04-29 17:00:00,30.6,78,0.0,999.9,11.2,18.4,132,130,17,29,4,0,120,31.3,0.0,35.7,0.0,40.6,0.0,37.2,0.0,30.6,0.0,34.416666666666664,0.0,37.625,0.0,33.86666666666667,0.2,-0.6999999999999993,0.0,Tiruchirappalli,32.7,0.0
2024-04-29 18:00:00,30.4,78,0.0,999.4,7.9,14.3,139,137,18,29,4,0,120,30.6,0.0,32.9,0.0,39.1,0.0,39.1,0.0,29.6,0.0,32.96666666666667,0.0,36.9,0.0,33.9,0.2,-0.2000000000000028,0.0,Tiruchirappalli,31.9,0.0
2024-04-29 19:00:00,30.1,78,0.0,999.0,5.8,11.3,158,158,19,29,4,0,120,30.4,0.0,31.3,0.0,36.9,0.0,40.7,0.0,28.9,0.0,31.83333333333333,0.0,36.016666666666666,0.0,33.95,0.2,-0.2999999999999971,0.0,Tiruchirappalli,31.2,0.0
2024-04-29 20:00:00,29.9,79,0.0,998.5,6.0,11.3,163,163,20,29,4,0,120,30.1,0.0,30.6,0.0,35.7,0.0,41.5,0.0,28.3,0.0,30.86666666666667,0.0,35.050000000000004,0.0,34.016666666666666,0.2,-0.2000000000000028,0.0,Tiruchirappalli,30.4,0.0
2024-04-29 21:00:00,29.5,82,0.1,998.0,8.6,14.8,183,180,21,29,4,0,120,29.9,0.0,30.4,0.0,32.9,0.0,41.7,0.0,27.9,0.0,30.3,0.1,34.03333333333334,0.1,34.083333333333336,0.3,-0.3999999999999986,0.1,Tiruchirappalli,29.9,0.0
2024-04-29 22:00:00,29.1,84,0.1,998.0,8.8,15.8,192,189,22,29,4,0,120,29.5,0.1,30.1,0.0,31.3,0.0,41.4,0.0,27.8,0.0,29.933333333333334,0.2,33.00833333333333,0.2,34.1375,0.4,-0.3999999999999986,0.0,Tiruchirappalli,29.6,0.0
2024-04-29 23:00:00,29.0,83,0.0,998.4,5.7,12.9,203,198,23,29,4,0,120,29.1,0.1,29.9,0.0,30.6,0.0,40.6,0.0,27.8,0.0,29.666666666666668,0.2,32.041666666666664,0.2,34.1875,0.4,-0.1000000000000014,-0.1,Tiruchirappalli,29.2,0.0
2024-04-30 00:00:00,28.8,82,0.0,999.0,6.6,13.9,205,202,0,30,4,1,121,29.0,0.0,29.5,0.1,30.4,0.0,39.1,0.0,27.6,0.0,29.4,0.2,31.183333333333334,0.2,34.237500000000004,0.4,-0.1999999999999993,0.0,Tiruchirappalli,29.0,0.0
2024-04-30 01:00:00,29.4,84,0.0,998.7,2.4,2.3,72,63,1,30,4,1,121,28.8,0.0,29.1,0.1,30.1,0.0,36.9,0.0,28.8,0.0,29.28333333333333,0.2,30.558333333333337,0.2,34.2625,0.4,0.5999999999999979,0.0,Tiruchirappalli,30.7,0.0
2024-04-30 02:00:00,31.0,75,0.1,999.5,2.3,2.9,150,141,2,30,4,1,121,29.4,0.0,29.0,0.0,29.9,0.0,35.7,0.0,30.2,0.1,29.46666666666667,0.3,30.166666666666668,0.3,34.295833333333334,0.4,1.6000000000000014,0.1,Tiruchirappalli,32.5,0.0
2024-04-30 03:00:00,32.9,65,0.0,1000.0,5.9,7.8,193,191,3,30,4,1,121,31.0,0.1,28.8,0.0,29.5,0.1,32.9,0.0,32.3,0.1,30.03333333333333,0.2,30.166666666666668,0.3,34.32083333333333,0.3,1.8999999999999984,-0.1,Tiruchirappalli,34.5,0.0
2024-04-30 04:00:00,35.2,52,0.0,1000.2,6.1,7.9,183,183,4,30,4,1,121,32.9,0.0,29.4,0.0,29.1,0.1,31.3,0.0,34.9,0.0,31.05,0.1,30.491666666666664,0.3,34.333333333333336,0.3,2.3000000000000043,0.0,Tiruchirappalli,36.6,0.0
2024-04-30 05:00:00,36.9,44,0.0,999.8,6.5,8.1,159,161,5,30,4,1,121,35.2,0.0,31.0,0.1,29.0,0.0,30.6,0.0,37.2,0.0,32.36666666666667,0.1,31.01666666666667,0.3,34.32083333333333,0.3,1.6999999999999955,0.0,Tiruchirappalli,38.6,0.0
2024-04-30 06:00:00,38.5,39,0.0,999.1,8.3,10.4,146,146,6,30,4,1,121,36.9,0.0,32.9,0.0,28.8,0.0,30.4,0.0,39.1,0.0,33.98333333333333,0.1,31.691666666666663,0.3,34.295833333333334,0.3,1.6000000000000014,0.0,Tiruchirappalli,40.1,0.0
2024-04-30 07:00:00,40.0,34,0.0,998.0,7.9,10.0,154,156,7,30,4,1,121,38.5,0.0,35.2,0.0,29.4,0.0,30.1,0.0,40.7,0.0,35.75,0.1,32.51666666666667,0.3,34.26666666666667,0.3,1.5,0.0,Tiruchirappalli,41.4,0.0
2024-04-30 08:00:00,40.9,30,0.0,996.3,8.9,11.3,158,159,8,30,4,1,121,40.0,0.0,36.9,0.0,31.0,0.1,29.9,0.0,41.5,0.0,37.4,0.0,33.43333333333333,0.3,34.24166666666667,0.3,0.8999999999999986,0.0,Tiruchirappalli,27.9,0.0
2024-04-30 09:00:00,41.5,28,0.0,994.7,10.5,13.4,149,149,9,30,4,1,121,40.9,0.0,38.5,0.0,32.9,0.0,29.5,0.1,41.7,0.0,38.833333333333336,0.0,34.43333333333333,0.2,34.233333333333334,0.3,0.6000000000000014,0.0,Tiruchirappalli,27.9,0.0
2024-04-30 10:00:00,40.9,29,0.0,993.6,13.0,16.4,142,141,10,30,4,1,121,41.5,0.0,40.0,0.0,35.2,0.0,29.1,0.1,41.4,0.0,39.78333333333333,0.0,35.416666666666664,0.1,34.2125,0.3,-0.6000000000000014,0.0,Tiruchirappalli,27.9,0.0
2024-04-30 11:00:00,40.2,30,0.0,993.4,14.2,18.4,129,126,11,30,4,1,121,40.9,0.0,40.9,0.0,36.9,0.0,29.0,0.0,40.6,0.0,40.333333333333336,0.0,36.35,0.1,34.19583333333333,0.3,-0.6999999999999957,0.0,Tiruchirappalli,41.3,0.0
2024-04-30 12:00:00,38.2,37,0.0,994.1,19.9,27.3,131,131,12,30,4,1,121,40.2,0.0,41.5,0.0,38.5,0.0,28.8,0.0,39.1,0.0,40.28333333333334,0.0,37.13333333333333,0.1,34.15833333333333,0.3,-2.0,0.0,Tiruchirappalli,38.5,0.1
2024-04-30 13:00:00,36.8,40,0.0,995.4,19.0,28.8,154,153,13,30,4,1,121,38.2,0.0,40.9,0.0,40.0,0.0,29.4,0.0,36.9,0.0,39.75,0.0,37.75,0.1,34.15416666666667,0.3,-1.4000000000000057,0.0,Tiruchirappalli,31.8,0.8
2024-04-30 14:00:00,35.2,44,0.0,996.6,20.6,31.3,156,155,14,30,4,1,121,36.8,0.0,40.2,0.0,40.9,0.0,31.0,0.1,35.7,0.0,38.8,0.0,38.1,0.0,34.13333333333333,0.3,-1.5999999999999943,0.0,Tiruchirappalli,30.4,0.0
2024-04-30 15:00:00,33.7,47,0.0,997.7,19.8,30.7,162,161,15,30,4,1,121,35.2,0.0,38.2,0.0,41.5,0.0,32.9,0.0,32.9,0.0,37.5,0.0,38.16666666666666,0.0,34.166666666666664,0.3,-1.5,0.0,Tiruchirappalli,30.4,0.0
2024-04-30 16:00:00,33.1,47,0.0,998.2,18.4,29.7,170,169,16,30,4,1,121,33.7,0.0,36.8,0.0,40.9,0.0,35.2,0.0,31.3,0.0,36.2,0.0,37.99166666666667,0.0,34.24166666666667,0.3,-0.6000000000000014,0.0,Tiruchirappalli,30.5,0.0
2024-04-30 17:00:00,32.3,52,0.0,998.6,15.8,25.9,181,180,17,30,4,1,121,33.1,0.0,35.2,0.0,40.2,0.0,36.9,0.0,30.6,0.0,34.88333333333333,0.0,37.60833333333333,0.0,34.3125,0.3,-0.8000000000000043,0.0,Tiruchirappalli,30.3,0.0
2024-04-30 18:00:00,31.5,57,0.0,998.4,14.4,24.1,183,181,18,30,4,1,121,32.3,0.0,33.7,0.0,38.2,0.0,38.5,0.0,30.4,0.0,33.766666666666666,0.0,37.025,0.0,34.358333333333334,0.3,-0.7999999999999972,0.0,Tiruchirappalli,29.9,0.0
2024-04-30 19:00:00,30.6,61,0.0,998.0,10.8,18.8,183,182,19,30,4,1,121,31.5,0.0,33.1,0.0,36.8,0.0,40.0,0.0,30.1,0.0,32.73333333333334,0.0,36.24166666666667,0.0,34.37916666666667,0.3,-0.8999999999999986,0.0,Tiruchirappalli,29.6,0.0
2024-04-30 20:00:00,29.8,67,0.0,997.5,10.1,17.8,187,186,20,30,4,1,121,30.6,0.0,32.3,0.0,35.2,0.0,40.9,0.0,29.9,0.0,31.83333333333333,0.0,35.31666666666667,0.0,34.375,0.3,-0.8000000000000007,0.0,Tiruchirappalli,29.6,0.0
2024-04-30 21:00:00,29.1,74,0.0,996.9,9.8,16.7,199,197,21,30,4,1,121,29.8,0.0,31.5,0.0,33.7,0.0,41.5,0.0,29.5,0.1,31.066666666666663,0.0,34.28333333333333,0.0,34.358333333333334,0.2,-0.6999999999999993,0.0,Tiruchirappalli,29.6,0.0
2024-04-30 22:00:00,28.7,76,0.0,996.2,9.0,16.0,189,182,22,30,4,1,121,29.1,0.0,30.6,0.0,33.1,0.0,40.9,0.0,29.1,0.1,30.33333333333333,0.0,33.26666666666667,0.0,34.34166666666667,0.1,-0.4000000000000021,0.0,Tiruchirappalli,29.4,0.0
2024-04-30 23:00:00,28.4,77,0.0,996.1,6.5,13.4,200,199,23,30,4,1,121,28.7,0.0,29.8,0.0,32.3,0.0,40.2,0.0,29.0,0.0,29.683333333333337,0.0,32.28333333333333,0.0,34.31666666666667,0.1,-0.3000000000000007,0.0,Tiruchirappalli,29.3,0.0
2024-05-01 00:00:00,28.1,78,0.0,996.6,5.5,11.8,211,203,0,1,5,2,122,28.4,0.0,29.1,0.0,31.5,0.0,38.2,0.0,28.8,0.0,29.11666666666667,0.0,31.441666666666663,0.0,34.2875,0.1,-0.2999999999999971,0.0,Tiruchirappalli,29.2,0.0
2024-05-01 01:00:00,29.4,77,0.0,996.6,7.0,11.3,197,192,1,1,5,2,122,28.1,0.0,28.7,0.0,30.6,0.0,36.8,0.0,29.4,0.0,28.916666666666668,0.0,30.825,0.0,34.2875,0.1,1.2999999999999972,0.0,Tiruchirappalli,31.3,0.0
2024-05-01 02:00:00,31.3,68,0.0,997.5,9.0,12.0,187,182,2,1,5,2,122,29.4,0.0,28.4,0.0,29.8,0.0,35.2,0.0,31.0,0.1,29.166666666666668,0.0,30.5,0.0,34.3,0.0,1.900000000000002,0.0,Tiruchirappalli,32.6,0.0
2024-05-01 03:00:00,33.5,57,0.0,998.2,6.2,7.6,205,201,3,1,5,2,122,31.3,0.0,28.1,0.0,29.1,0.0,33.7,0.0,32.9,0.0,29.9,0.0,30.48333333333333,0.0,34.325,0.0,2.2,0.0,Tiruchirappalli,34.9,0.0
2024-05-01 04:00:00,35.6,49,0.0,997.7,4.4,5.9,218,215,4,1,5,2,122,33.5,0.0,29.4,0.0,28.7,0.0,33.1,0.0,35.2,0.0,31.05,0.0,30.691666666666663,0.0,34.34166666666666,0.0,2.1000000000000014,0.0,Tiruchirappalli,37.0,0.0
2024-05-01 05:00:00,37.6,41,0.0,997.0,3.7,4.9,216,209,5,1,5,2,122,35.6,0.0,31.3,0.0,28.4,0.0,32.3,0.0,36.9,0.0,32.583333333333336,0.0,31.133333333333336,0.0,34.37083333333333,0.0,2.0,0.0,Tiruchirappalli,38.7,0.0
2024-05-01 06:00:00,39.5,35,0.0,996.4,4.0,5.1,184,175,6,1,5,2,122,37.6,0.0,33.5,0.0,28.1,0.0,31.5,0.0,38.5,0.0,34.48333333333333,0.0,31.8,0.0,34.4125,0.0,1.8999999999999984,0.0,Tiruchirappalli,40.5,0.0
2024-05-01 07:00:00,40.9,30,0.0,995.1,6.0,7.0,159,155,7,1,5,2,122,39.5,0.0,35.6,0.0,29.4,0.0,30.6,0.0,40.0,0.0,36.4,0.0,32.65833333333333,0.0,34.45,0.0,1.3999999999999986,0.0,Tiruchirappalli,41.3,0.0
2024-05-01 08:00:00,27.9,24,0.0,993.7,9.2,11.2,140,138,8,1,5,2,122,40.9,0.0,37.6,0.0,31.3,0.0,29.8,0.0,40.9,0.0,35.833333333333336,0.0,32.5,0.0,33.90833333333333,0.0,-13.0,0.0,Tiruchirappalli,41.7,0.0
2024-05-01 09:00:00,27.9,21,0.0,992.8,9.9,12.0,136,136,9,1,5,2,122,27.9,0.0,39.5,0.0,33.5,0.0,29.1,0.0,41.5,0.0,34.9,0.0,32.4,0.0,33.34166666666667,0.0,0.0,0.0,Tiruchirappalli,27.9,0.0
2024-05-01 10:00:00,27.9,17,0.0,991.8,7.6,9.2,154,155,10,1,5,2,122,27.9,0.0,40.9,0.0,35.6,0.0,28.7,0.0,40.9,0.0,33.61666666666667,0.0,32.333333333333336,0.0,32.800000000000004,0.0,0.0,0.0,Tiruchirappalli,39.9,0.1
2024-05-01 11:00:00,27.9,16,0.0,991.7,8.7,10.4,178,185,11,1,5,2,122,27.9,0.0,27.9,0.0,37.6,0.0,28.4,0.0,40.2,0.0,32.0,0.0,32.291666666666664,0.0,32.2875,0.0,0.0,0.0,Tiruchirappalli,39.2,0.0
2024-05-01 12:00:00,41.5,17,0.0,991.9,10.8,13.7,182,180,12,1,5,2,122,27.9,0.0,27.9,0.0,39.5,0.0,28.1,0.0,38.2,0.0,32.333333333333336,0.0,33.40833333333333,0.0,32.425000000000004,0.0,13.6,0.0,Tiruchirappalli,37.2,0.0
2024-05-01 13:00:00,38.0,26,0.0,992.8,6.1,9.4,148,135,13,1,5,2,122,41.5,0.0,27.9,0.0,40.9,0.0,29.4,0.0,36.8,0.0,31.85,0.0,34.125,0.0,32.475,0.0,-3.5,0.0,Tiruchirappalli,37.7,0.0
2024-05-01 14:00:00,35.2,48,0.0,993.9,21.3,32.4,159,158,14,1,5,2,122,38.0,0.0,27.9,0.0,27.9,0.0,31.3,0.0,35.2,0.0,33.06666666666667,0.0,34.45,0.0,32.475,0.0,-2.799999999999997,0.0,Tiruchirappalli,36.6,0.0
2024-05-01 15:00:00,34.3,49,0.0,994.9,19.5,31.8,162,161,15,1,5,2,122,35.2,0.0,41.5,0.0,27.9,0.0,33.5,0.0,33.7,0.0,34.13333333333333,0.0,34.516666666666666,0.0,32.5,0.0,-0.9000000000000057,0.0,Tiruchirappalli,35.8,0.0
2024-05-01 16:00:00,32.9,54,0.0,995.9,18.8,30.7,175,173,16,1,5,2,122,34.3,0.0,38.0,0.0,27.9,0.0,35.6,0.0,33.1,0.0,34.96666666666666,0.0,34.291666666666664,0.0,32.49166666666667,0.0,-1.3999999999999986,0.0,Tiruchirappalli,33.8,0.0
2024-05-01 17:00:00,32.0,57,0.0,996.2,17.7,29.2,178,178,17,1,5,2,122,32.9,0.0,35.2,0.0,27.9,0.0,37.6,0.0,32.3,0.0,35.65,0.0,33.825,0.0,32.479166666666664,0.0,-0.8999999999999986,0.0,Tiruchirappalli,33.6,0.0
2024-05-01 18:00:00,30.9,63,0.0,996.2,13.8,23.6,187,187,18,1,5,2,122,32.0,0.0,34.3,0.0,41.5,0.0,39.5,0.0,31.5,0.0,33.88333333333333,0.0,33.108333333333334,0.0,32.454166666666666,0.0,-1.1000000000000014,0.0,Tiruchirappalli,32.4,0.0
2024-05-01 19:00:00,30.4,70,0.0,996.4,8.0,15.0,191,185,19,1,5,2,122,30.9,0.0,32.9,0.0,38.0,0.0,40.9,0.0,30.6,0.0,32.61666666666667,0.0,32.233333333333334,0.0,32.44583333333333,0.0,-0.5,0.0,Tiruchirappalli,32.1,0.0
2024-05-01 20:00:00,29.9,75,0.0,995.9,10.0,17.9,165,154,20,1,5,2,122,30.4,0.0,32.0,0.0,35.2,0.0,27.9,0.0,29.8,0.0,31.73333333333333,0.0,32.4,0.0,32.45,0.0,-0.5,0.0,Tiruchirappalli,31.4,0.0
2024-05-01 21:00:00,29.6,78,0.0,995.4,11.4,19.9,160,156,21,1,5,2,122,29.9,0.0,30.9,0.0,34.3,0.0,27.9,0.0,29.1,0.0,30.95,0.0,32.541666666666664,0.0,32.47083333333333,0.0,-0.2999999999999971,0.0,Tiruchirappalli,30.8,0.0
2024-05-01 22:00:00,29.1,81,0.0,995.5,7.6,14.8,174,180,22,1,5,2,122,29.6,0.0,30.4,0.0,32.9,0.0,27.9,0.0,28.7,0.0,30.316666666666663,0.0,32.64166666666667,0.0,32.4875,0.0,-0.5,0.0,Tiruchirappalli,30.2,0.0
2024-05-01 23:00:00,28.8,85,0.0,996.0,5.6,11.4,204,220,23,1,5,2,122,29.1,0.0,29.9,0.0,32.0,0.0,27.9,0.0,28.4,0.0,29.78333333333333,0.0,32.71666666666666,0.0,32.50416666666667,0.0,-0.3000000000000007,0.0,Tiruchirappalli,29.7,0.0
2024-05-02 00:00:00,28.6,87,0.0,996.4,4.1,10.4,200,195,0,2,5,3,123,28.8,0.0,29.6,0.0,30.9,0.0,41.5,0.0,28.1,0.0,29.4,0.0,31.641666666666666,0.0,32.525,0.0,-0.1999999999999993,0.0,Tiruchirappalli,29.4,0.0
2024-05-02 01:00:00,30.6,84,0.0,996.4,10.0,14.3,231,232,1,2,5,3,123,28.6,0.0,29.1,0.0,30.4,0.0,38.0,0.0,29.4,0.0,29.433333333333334,0.0,31.025,0.0,32.575,0.0,2.0,0.0,Tiruchirappalli,30.7,0.0
2024-05-02 02:00:00,32.1,75,0.0,997.1,8.0,10.6,235,234,2,2,5,3,123,30.6,0.0,28.8,0.0,29.9,0.0,35.2,0.0,31.3,0.0,29.8,0.0,30.766666666666666,0.0,32.608333333333334,0.0,1.5,0.0,Tiruchirappalli,32.2,0.0
2024-05-02 03:00:00,34.6,59,0.0,997.9,7.5,9.9,237,235,3,2,5,3,123,32.1,0.0,28.6,0.0,29.6,0.0,34.3,0.0,33.5,0.0,30.63333333333333,0.0,30.791666666666668,0.0,32.65416666666667,0.0,2.5,0.0,Tiruchirappalli,34.1,0.0
2024-05-02 04:00:00,36.9,47,0.0,997.8,6.1,7.9,223,220,4,2,5,3,123,34.6,0.0,30.6,0.0,29.1,0.0,32.9,0.0,35.6,0.0,31.933333333333334,0.0,31.125,0.0,32.708333333333336,0.0,2.299999999999997,0.0,Tiruchirappalli,36.3,0.0
2024-05-02 05:00:00,38.8,39,0.0,997.4,5.8,7.3,213,210,5,2,5,3,123,36.9,0.0,32.1,0.0,28.8,0.0,32.0,0.0,37.6,0.0,33.6,0.0,31.691666666666663,0.0,32.75833333333333,0.0,1.8999999999999984,0.0,Tiruchirappalli,38.2,0.0
2024-05-02 06:00:00,40.6,32,0.0,996.4,5.8,6.8,180,176,6,2,5,3,123,38.8,0.0,34.6,0.0,28.6,0.0,30.9,0.0,39.5,0.0,35.6,0.0,32.5,0.0,32.80416666666667,0.0,1.8000000000000045,0.0,Tiruchirappalli,39.9,0.0
2024-05-02 07:00:00,27.9,26,0.0,995.3,8.9,10.6,156,153,7,2,5,3,123,40.6,0.0,36.9,0.0,30.6,0.0,30.4,0.0,40.9,0.0,35.15,0.0,32.291666666666664,0.0,32.2625,0.0,-12.700000000000005,0.0,Tiruchirappalli,40.9,0.0
2024-05-02 08:00:00,27.9,22,0.0,994.1,10.8,13.6,148,150,8,2,5,3,123,27.9,0.0,38.8,0.0,32.1,0.0,29.9,0.0,27.9,0.0,34.45,0.0,32.125,0.0,32.2625,0.0,0.0,0.0,Tiruchirappalli,41.7,0.0
2024-05-02 09:00:00,27.9,20,0.0,993.1,10.0,12.2,161,165,9,2,5,3,123,27.9,0.0,40.6,0.0,34.6,0.0,29.6,0.0,27.9,0.0,33.333333333333336,0.0,31.98333333333333,0.0,32.2625,0.0,0.0,0.0,Tiruchirappalli,27.9,0.0
2024-05-02 10:00:00,27.9,19,0.0,992.0,7.6,9.8,156,161,10,2,5,3,123,27.9,0.0,27.9,0.0,36.9,0.0,29.1,0.0,27.9,0.0,31.83333333333333,0.0,31.88333333333333,0.0,32.2625,0.0,0.0,0.0,Tiruchirappalli,27.9,0.0
2024-05-02 11:00:00,40.3,31,0.0,992.1,20.1,26.7,136,134,11,2,5,3,123,27.9,0.0,27.9,0.0,38.8,0.0,28.8,0.0,27.9,0.0,32.08333333333333,0.0,32.84166666666667,0.0,32.77916666666666,0.0,12.4,0.0,Tiruchirappalli,41.7,0.0
2024-05-02 12:00:00,39.2,33,0.0,992.6,19.9,27.7,145,145,12,2,5,3,123,40.3,0.0,27.9,0.0,40.6,0.0,28.6,0.0,41.5,0.0,31.85,0.0,33.725,0.0,32.68333333333333,0.0,-1.0999999999999943,0.0,Tiruchirappalli,41.0,0.0
2024-05-02 13:00:00,35.7,44,0.0,995.2,19.7,29.4,130,130,13,2,5,3,123,39.2,0.0,27.9,0.0,27.9,0.0,30.6,0.0,38.0,0.0,33.15,0.0,34.15,0.0,32.5875,0.0,-3.5,0.0,Tiruchirappalli,38.7,0.0
2024-05-02 14:00:00,33.9,52,0.0,996.0,17.5,27.4,145,143,14,2,5,3,123,35.7,0.0,40.3,0.0,27.9,0.0,32.1,0.0,35.2,0.0,34.15,0.0,34.300000000000004,0.0,32.53333333333333,0.0,-1.8000000000000045,0.0,Tiruchirappalli,37.0,0.0
2024-05-02 15:00:00,32.5,58,0.0,996.6,14.3,24.5,156,155,15,2,5,3,123,33.9,0.0,39.2,0.0,27.9,0.0,34.6,0.0,34.3,0.0,34.916666666666664,0.0,34.125,0.0,32.458333333333336,0.0,-1.3999999999999986,0.0,Tiruchirappalli,33.9,0.0
2024-05-02 16:00:00,31.3,66,0.0,997.5,10.5,19.9,167,164,16,2,5,3,123,32.5,0.0,35.7,0.0,27.9,0.0,36.9,0.0,32.9,0.0,35.483333333333334,0.0,33.65833333333334,0.0,32.391666666666666,0.0,-1.1999999999999993,0.0,Tiruchirappalli,32.9,0.0
2024-05-02 17:00:00,30.3,76,0.0,997.7,9.9,19.6,174,170,17,2,5,3,123,31.3,0.0,33.9,0.0,40.3,0.0,38.8,0.0,32.0,0.0,33.81666666666667,0.0,32.95,0.0,32.32083333333333,0.0,-1.0,0.0,Tiruchirappalli,32.7,0.0
2024-05-02 18:00:00,29.8,73,0.0,997.5,10.1,19.8,182,180,18,2,5,3,123,30.3,0.0,32.5,0.0,39.2,0.0,40.6,0.0,30.9,0.0,32.25,0.0,32.05,0.0,32.275,0.0,-0.5,0.0,Tiruchirappalli,32.4,0.0
2024-05-02 19:00:00,29.2,78,0.0,997.2,7.6,16.5,200,199,19,2,5,3,123,29.8,0.0,31.3,0.0,35.7,0.0,27.9,0.0,30.4,0.0,31.166666666666668,0.0,32.15833333333333,0.0,32.225,0.0,-0.6000000000000014,0.0,Tiruchirappalli,31.2,0.0
2024-05-02 20:00:00,28.8,81,0.0,996.5,5.5,13.9,211,212,20,2,5,3,123,29.2,0.0,30.3,0.0,33.9,0.0,27.9,0.0,29.9,0.0,30.316666666666663,0.0,32.233333333333334,0.0,32.17916666666667,0.0,-0.3999999999999986,0.0,Tiruchirappalli,31.0,0.0
2024-05-02 21:00:00,28.4,83,0.0,996.1,4.7,12.3,201,180,21,2,5,3,123,28.8,0.0,29.8,0.0,32.5,0.0,27.9,0.0,29.6,0.0,29.633333333333336,0.0,32.275,0.0,32.12916666666667,0.0,-0.4000000000000021,0.0,Tiruchirappalli,30.4,0.0
2024-05-02 22:00:00,28.2,83,0.0,995.8,10.1,19.9,185,176,22,2,5,3,123,28.4,0.0,29.2,0.0,31.3,0.0,27.9,0.0,29.1,0.0,29.116666666666664,0.0,32.300000000000004,0.0,32.09166666666667,0.0,-0.1999999999999993,0.0,Tiruchirappalli,29.9,0.0
2024-05-02 23:00:00,28.0,84,0.0,996.0,9.7,19.9,197,195,23,2,5,3,123,28.2,0.0,28.8,0.0,30.3,0.0,40.3,0.0,28.8,0.0,28.73333333333333,0.0,31.275,0.0,32.05833333333333,0.0,-0.1999999999999993,0.0,Tiruchirappalli,29.6,0.0
2024-05-03 00:00:00,27.9,84,0.0,996.9,10.3,20.1,195,192,0,3,5,4,124,28.0,0.0,28.4,0.0,29.8,0.0,39.2,0.0,28.6,0.0,28.416666666666668,0.0,30.33333333333333,0.0,32.02916666666666,0.0,-0.1000000000000014,0.0,Tiruchirappalli,29.5,0.0
2024-05-03 01:00:00,29.7,81,0.0,996.9,9.3,21.8,202,196,1,3,5,4,124,27.9,0.0,28.2,0.0,29.2,0.0,35.7,0.0,30.6,0.0,28.5,0.0,29.83333333333333,0.0,31.99166666666667,0.0,1.8000000000000007,0.0,Tiruchirappalli,27.4,0.1
2024-05-03 02:00:00,32.0,70,0.0,998.0,8.8,12.8,196,192,2,3,5,4,124,29.7,0.0,28.0,0.0,28.8,0.0,33.9,0.0,32.1,0.0,29.03333333333333,0.0,29.675,0.0,31.9875,0.0,2.3000000000000007,0.0,Tiruchirappalli,29.4,0.0
2024-05-03 03:00:00,34.3,58,0.0,998.7,8.4,10.7,194,190,3,3,5,4,124,32.0,0.0,27.9,0.0,28.4,0.0,32.5,0.0,34.6,0.0,30.016666666666666,0.0,29.825,0.0,31.975,0.0,2.299999999999997,0.0,Tiruchirappalli,30.4,0.0
2024-05-03 04:00:00,36.4,50,0.0,998.7,8.7,11.3,187,185,4,3,5,4,124,34.3,0.0,29.7,0.0,28.2,0.0,31.3,0.0,36.9,0.0,31.38333333333333,0.0,30.25,0.0,31.954166666666666,0.0,2.1000000000000014,0.0,Tiruchirappalli,33.1,0.0
2024-05-03 05:00:00,38.3,41,0.0,998.1,9.4,11.6,185,184,5,3,5,4,124,36.4,0.0,32.0,0.0,28.0,0.0,30.3,0.0,38.8,0.0,33.1,0.0,30.916666666666668,0.0,31.933333333333334,0.0,1.8999999999999984,0.0,Tiruchirappalli,34.8,0.0
2024-05-03 06:00:00,39.9,34,0.0,997.3,10.1,12.6,175,174,6,3,5,4,124,38.3,0.0,34.3,0.0,27.9,0.0,29.8,0.0,40.6,0.0,35.099999999999994,0.0,31.758333333333336,0.0,31.90416666666667,0.0,1.6000000000000014,0.0,Tiruchirappalli,36.1,0.0
2024-05-03 07:00:00,41.2,26,0.0,996.2,10.9,13.8,165,163,7,3,5,4,124,39.9,0.0,36.4,0.0,29.7,0.0,29.2,0.0,27.9,0.0,37.016666666666666,0.0,32.75833333333333,0.0,32.45833333333333,0.0,1.3000000000000045,0.0,Tiruchirappalli,37.5,0.0
2024-05-03 08:00:00,27.9,21,0.0,995.0,10.5,13.5,164,164,8,3,5,4,124,41.2,0.0,38.3,0.0,32.0,0.0,28.8,0.0,27.9,0.0,36.333333333333336,0.0,32.68333333333333,0.0,32.458333333333336,0.0,-13.300000000000004,0.0,Tiruchirappalli,38.1,0.0
2024-05-03 09:00:00,27.9,20,0.0,993.7,11.1,14.1,167,167,9,3,5,4,124,27.9,0.0,39.9,0.0,34.3,0.0,28.4,0.0,27.9,0.0,35.26666666666666,0.0,32.64166666666666,0.0,32.458333333333336,0.0,0.0,0.0,Tiruchirappalli,38.5,0.0
2024-05-03 10:00:00,27.9,21,0.0,992.8,10.0,13.0,166,167,10,3,5,4,124,27.9,0.0,41.2,0.0,36.4,0.0,28.2,0.0,27.9,0.0,33.85,0.0,32.61666666666667,0.0,32.458333333333336,0.0,0.0,0.0,Tiruchirappalli,38.6,0.0
2024-05-03 11:00:00,40.8,27,0.0,993.1,18.6,24.3,128,126,11,3,5,4,124,27.9,0.0,27.9,0.0,38.3,0.0,28.0,0.0,40.3,0.0,34.266666666666666,0.0,33.68333333333333,0.0,32.479166666666664,0.0,12.9,0.0,Tiruchirappalli,38.2,0.0
2024-05-03 12:00:00,38.6,37,0.0,994.3,19.9,27.5,148,148,12,3,5,4,124,40.8,0.0,27.9,0.0,39.9,0.0,27.9,0.0,39.2,0.0,34.05,0.0,34.575,0.0,32.454166666666666,0.0,-2.199999999999996,0.0,Tiruchirappalli,36.6,0.0
2024-05-03 13:00:00,36.3,40,0.0,995.6,20.8,32.5,152,152,13,3,5,4,124,38.6,0.0,27.9,0.0,41.2,0.0,29.7,0.0,35.7,0.0,33.23333333333333,0.0,35.125,0.0,32.479166666666664,0.0,-2.3000000000000043,0.0,Tiruchirappalli,36.8,0.0
2024-05-03 14:00:00,35.5,41,0.0,997.1,18.7,29.9,154,152,14,3,5,4,124,36.3,0.0,40.8,0.0,27.9,0.0,32.0,0.0,33.9,0.0,34.5,0.0,35.416666666666664,0.0,32.54583333333333,0.0,-0.7999999999999972,0.0,Tiruchirappalli,35.7,0.0
2024-05-03 15:00:00,33.8,49,0.0,997.9,18.8,30.6,155,151,15,3,5,4,124,35.5,0.0,38.6,0.0,27.9,0.0,34.3,0.0,32.5,0.0,35.483333333333334,0.0,35.375,0.0,32.6,0.0,-1.7000000000000028,0.0,Tiruchirappalli,33.6,0.0
2024-05-03 16:00:00,32.6,55,0.0,998.5,17.5,29.0,169,166,16,3,5,4,124,33.8,0.0,36.3,0.0,27.9,0.0,36.4,0.0,31.3,0.0,36.266666666666666,0.0,35.05833333333333,0.0,32.65416666666667,0.0,-1.1999999999999955,0.0,Tiruchirappalli,32.8,0.0
2024-05-03 17:00:00,31.3,58,0.0,998.8,16.8,28.0,172,170,17,3,5,4,124,32.6,0.0,35.5,0.0,40.8,0.0,38.3,0.0,30.3,0.0,34.68333333333333,0.0,34.475,0.0,32.69583333333333,0.0,-1.3000000000000007,0.0,Tiruchirappalli,32.0,0.0
2024-05-03 18:00:00,30.2,65,0.0,999.4,9.4,17.6,223,227,18,3,5,4,124,31.3,0.0,33.8,0.0,38.6,0.0,39.9,0.0,29.8,0.0,33.28333333333333,0.0,33.666666666666664,0.0,32.7125,0.0,-1.1000000000000014,0.0,Tiruchirappalli,31.2,0.0
2024-05-03 19:00:00,29.7,69,0.0,998.7,9.5,17.7,186,169,19,3,5,4,124,30.2,0.0,32.6,0.0,36.3,0.0,41.2,0.0,29.2,0.0,32.18333333333333,0.0,32.708333333333336,0.0,32.73333333333333,0.0,-0.5,0.0,Tiruchirappalli,29.6,0.3
2024-05-03 20:00:00,29.2,76,0.0,997.6,11.6,20.7,173,164,20,3,5,4,124,29.7,0.0,31.3,0.0,35.5,0.0,27.9,0.0,28.8,0.0,31.133333333333336,0.0,32.81666666666667,0.0,32.75,0.0,-0.5,0.0,Tiruchirappalli,24.1,3.3
2024-05-03 21:00:00,28.6,81,0.0,996.8,8.9,17.5,172,166,21,3,5,4,124,29.2,0.0,30.2,0.0,33.8,0.0,27.9,0.0,28.4,0.0,30.266666666666666,0.0,32.87499999999999,0.0,32.75833333333333,0.0,-0.5999999999999979,0.0,Tiruchirappalli,24.9,0.0
2024-05-03 22:00:00,28.1,84,0.0,996.7,5.4,13.3,182,184,22,3,5,4,124,28.6,0.0,29.7,0.0,32.6,0.0,27.9,0.0,28.2,0.0,29.51666666666667,0.0,32.891666666666666,0.0,32.75416666666666,0.0,-0.5,0.0,Tiruchirappalli,25.2,0.0
2024-05-03 23:00:00,27.8,86,0.0,996.9,4.6,11.6,196,198,23,3,5,4,124,28.1,0.0,29.2,0.0,31.3,0.0,40.8,0.0,28.0,0.0,28.933333333333334,0.0,31.808333333333334,0.0,32.74583333333333,0.0,-0.3000000000000007,0.0,Tiruchirappalli,25.3,0.0
2024-05-04 00:00:00,27.8,87,0.0,997.4,7.9,15.6,187,180,0,4,5,5,125,27.8,0.0,28.6,0.0,30.2,0.0,38.6,0.0,27.9,0.0,28.53333333333333,0.0,30.90833333333333,0.0,32.74166666666667,0.0,0.0,0.0,Tiruchirappalli,25.3,0.0
2024-05-04 01:00:00,29.9,80,0.0,998.3,5.8,11.2,195,184,1,4,5,5,125,27.8,0.0,28.1,0.0,29.7,0.0,36.3,0.0,29.7,0.0,28.566666666666663,0.0,30.375,0.0,32.75,0.0,2.099999999999998,0.0,Tiruchirappalli,28.5,0.0
2024-05-04 02:00:00,31.8,73,0.0,999.3,6.6,9.3,196,193,2,4,5,5,125,29.9,0.0,27.8,0.0,29.2,0.0,35.5,0.0,32.0,0.0,29.0,0.0,30.066666666666663,0.0,32.74166666666667,0.0,1.900000000000002,0.0,Tiruchirappalli,30.5,0.0
2024-05-04 03:00:00,34.1,61,0.0,999.9,6.1,7.7,221,220,3,4,5,5,125,31.8,0.0,27.8,0.0,28.6,0.0,33.8,0.0,34.3,0.0,29.916666666666668,0.0,30.09166666666667,0.0,32.733333333333334,0.0,2.3000000000000007,0.0,Tiruchirappalli,32.8,0.0
2024-05-04 04:00:00,36.3,51,0.0,999.7,5.6,7.4,227,225,4,4,5,5,125,34.1,0.0,29.9,0.0,28.1,0.0,32.6,0.0,36.4,0.0,31.28333333333333,0.0,30.4,0.0,32.729166666666664,0.0,2.199999999999996,0.0,Tiruchirappalli,34.7,0.0
2024-05-04 05:00:00,38.4,41,0.0,999.0,5.4,6.9,219,217,5,4,5,5,125,36.3,0.0,31.8,0.0,27.8,0.0,31.3,0.0,38.3,0.0,33.050000000000004,0.0,30.99166666666667,0.0,32.73333333333333,0.0,2.1000000000000014,0.0,Tiruchirappalli,36.3,0.0
2024-05-04 06:00:00,40.1,35,0.0,998.0,3.6,4.6,198,186,6,4,5,5,125,38.4,0.0,34.1,0.0,27.8,0.0,30.2,0.0,39.9,0.0,35.1,0.0,31.816666666666663,0.0,32.74166666666667,0.0,1.7000000000000028,0.0,Tiruchirappalli,33.4,0.3
2024-05-04 07:00:00,41.5,29,0.0,996.6,5.1,6.2,144,141,7,4,5,5,125,40.1,0.0,36.3,0.0,29.9,0.0,29.7,0.0,41.2,0.0,37.03333333333333,0.0,32.8,0.0,32.75416666666667,0.0,1.3999999999999986,0.0,Tiruchirappalli,36.2,0.0
2024-05-04 08:00:00,27.9,25,0.0,995.3,8.1,9.7,138,135,8,4,5,5,125,41.5,0.0,38.4,0.0,31.8,0.0,29.2,0.0,27.9,0.0,36.38333333333333,0.0,32.69166666666667,0.0,32.75416666666666,0.0,-13.6,0.0,Tiruchirappalli,36.3,0.3
2024-05-04 09:00:00,27.9,21,0.0,994.3,10.5,13.1,148,149,9,4,5,5,125,27.9,0.0,40.1,0.0,34.1,0.0,28.6,0.0,27.9,0.0,35.349999999999994,0.0,32.63333333333333,0.0,32.75416666666666,0.0,0.0,0.0,Tiruchirappalli,37.5,0.0
2024-05-04 10:00:00,27.9,20,0.0,993.3,11.3,14.1,161,163,10,4,5,5,125,27.9,0.0,41.5,0.0,36.3,0.0,28.1,0.0,27.9,0.0,33.95,0.0,32.61666666666667,0.0,32.75416666666667,0.0,0.0,0.0,Tiruchirappalli,36.5,0.2
2024-05-04 11:00:00,41.5,21,0.0,993.1,14.9,19.1,148,148,11,4,5,5,125,27.9,0.0,27.9,0.0,38.4,0.0,27.8,0.0,40.8,0.0,34.46666666666666,0.0,33.75833333333333,0.0,32.78333333333334,0.0,13.6,0.0,Tiruchirappalli,32.5,0.1
2024-05-04 12:00:00,39.1,33,0.0,994.3,17.5,24.3,125,122,12,4,5,5,125,41.5,0.0,27.9,0.0,40.1,0.0,27.8,0.0,38.6,0.0,34.300000000000004,0.0,34.7,0.0,32.80416666666667,0.0,-2.3999999999999986,0.0,Tiruchirappalli,33.0,0.0
2024-05-04 13:00:00,36.9,16,0.0,995.5,7.4,10.0,221,227,13,4,5,5,125,39.1,0.0,27.9,0.0,41.5,0.0,29.9,0.0,36.3,0.0,33.53333333333333,0.0,35.28333333333333,0.0,32.82916666666667,0.0,-2.200000000000003,0.0,Tiruchirappalli,33.4,0.0
2024-05-04 14:00:00,36.9,17,0.0,996.2,10.9,21.6,152,153,14,4,5,5,125,36.9,0.0,41.5,0.0,27.9,0.0,31.8,0.0,35.5,0.0,35.03333333333333,0.0,35.708333333333336,0.0,32.8875,0.0,0.0,0.0,Tiruchirappalli,32.9,0.0
2024-05-04 15:00:00,34.4,45,0.0,997.1,18.8,29.8,165,163,15,4,5,5,125,36.9,0.0,39.1,0.0,27.9,0.0,34.1,0.0,33.8,0.0,36.11666666666667,0.0,35.73333333333333,0.0,32.9125,0.0,-2.5,0.0,Tiruchirappalli,32.7,0.0
2024-05-04 16:00:00,33.5,51,0.0,998.4,13.7,21.3,199,198,16,4,5,5,125,34.4,0.0,36.9,0.0,27.9,0.0,36.3,0.0,32.6,0.0,37.05,0.0,35.5,0.0,32.95,0.0,-0.8999999999999986,0.0,Tiruchirappalli,32.0,0.0
2024-05-04 17:00:00,32.7,53,0.0,998.0,12.8,20.9,176,170,17,4,5,5,125,33.5,0.0,36.9,0.0,41.5,0.0,38.4,0.0,31.3,0.0,35.583333333333336,0.0,35.025,0.0,33.00833333333333,0.0,-0.7999999999999972,0.0,Tiruchirappalli,31.2,0.0
2024-05-04 18:00:00,31.9,58,0.0,997.7,14.5,24.9,178,174,18,4,5,5,125,32.7,0.0,34.4,0.0,39.1,0.0,40.1,0.0,30.2,0.0,34.38333333333333,0.0,34.34166666666667,0.0,33.079166666666666,0.0,-0.8000000000000043,0.0,Tiruchirappalli,30.4,0.6
2024-05-04 19:00:00,31.2,62,0.0,997.0,16.2,27.4,182,179,19,4,5,5,125,31.9,0.0,33.5,0.0,36.9,0.0,41.5,0.0,29.7,0.0,33.43333333333333,0.0,33.483333333333334,0.0,33.141666666666666,0.0,-0.6999999999999993,0.0,Tiruchirappalli,26.6,3.7
2024-05-04 20:00:00,30.4,68,0.0,996.2,14.0,24.5,180,179,20,4,5,5,125,31.2,0.0,32.7,0.0,36.9,0.0,27.9,0.0,29.2,0.0,32.35,0.0,33.69166666666666,0.0,33.19166666666667,0.0,-0.8000000000000007,0.0,Tiruchirappalli,26.5,0.2
2024-05-04 21:00:00,29.9,73,0.0,996.1,10.1,18.0,180,178,21,4,5,5,125,30.4,0.0,31.9,0.0,34.4,0.0,27.9,0.0,28.6,0.0,31.6,0.0,33.858333333333334,0.0,33.24583333333333,0.0,-0.5,0.0,Tiruchirappalli,24.9,3.3
2024-05-04 22:00:00,29.6,75,0.0,996.1,7.3,13.4,186,189,22,4,5,5,125,29.9,0.0,31.2,0.0,33.5,0.0,27.9,0.0,28.1,0.0,30.95,0.0,34.0,0.0,33.30833333333333,0.0,-0.2999999999999971,0.0,Tiruchirappalli,24.6,0.1
2024-05-04 23:00:00,29.2,78,0.0,996.3,7.6,14.5,203,205,23,4,5,5,125,29.6,0.0,30.4,0.0,32.7,0.0,41.5,0.0,27.8,0.0,30.366666666666664,0.0,32.975,0.0,33.36666666666667,0.0,-0.4000000000000021,0.0,Tiruchirappalli,24.6,0.0
2024-05-05 00:00:00,29.0,80,0.0,997.0,6.4,12.4,202,196,0,5,5,6,126,29.2,0.0,29.9,0.0,31.9,0.0,39.1,0.0,27.8,0.0,29.883333333333336,0.0,32.13333333333333,0.0,33.416666666666664,0.0,-0.1999999999999993,0.0,Tiruchirappalli,24.6,0.0
2024-05-05 01:00:00,30.7,76,0.0,996.6,7.9,12.2,204,204,1,5,5,6,126,29.0,0.0,29.6,0.0,31.2,0.0,36.9,0.0,29.9,0.0,29.8,0.0,31.61666666666667,0.0,33.45,0.0,1.6999999999999993,0.0,Tiruchirappalli,26.8,0.0
2024-05-05 02:00:00,32.5,68,0.0,997.7,6.9,8.9,220,219,2,5,5,6,126,30.7,0.0,29.2,0.0,30.4,0.0,36.9,0.0,31.8,0.0,30.15,0.0,31.25,0.0,33.479166666666664,0.0,1.8000000000000007,0.0,Tiruchirappalli,27.7,0.0
2024-05-05 03:00:00,34.5,56,0.0,998.1,4.7,6.1,267,266,3,5,5,6,126,32.5,0.0,29.0,0.0,29.9,0.0,34.4,0.0,34.1,0.0,30.916666666666668,0.0,31.258333333333336,0.0,33.49583333333333,0.0,2.0,0.0,Tiruchirappalli,28.8,0.0
2024-05-05 04:00:00,36.6,46,0.0,997.9,3.0,3.7,259,256,4,5,5,6,126,34.5,0.0,30.7,0.0,29.6,0.0,33.5,0.0,36.3,0.0,32.083333333333336,0.0,31.516666666666666,0.0,33.50833333333333,0.0,2.1000000000000014,0.0,Tiruchirappalli,30.6,0.0
2024-05-05 05:00:00,38.6,39,0.0,997.4,2.8,3.8,229,230,5,5,5,6,126,36.6,0.0,32.5,0.0,29.2,0.0,32.7,0.0,38.4,0.0,33.650000000000006,0.0,32.00833333333333,0.0,33.51666666666667,0.0,2.0,0.0,Tiruchirappalli,32.3,0.0
2024-05-05 06:00:00,40.1,33,0.0,996.5,2.2,2.9,180,171,6,5,5,6,126,38.6,0.0,34.5,0.0,29.0,0.0,31.9,0.0,40.1,0.0,35.50000000000001,0.0,32.69166666666667,0.0,33.516666666666666,0.0,1.5,0.0,Tiruchirappalli,34.2,0.0
2024-05-05 07:00:00,41.4,29,0.0,995.2,4.9,5.7,145,144,7,5,5,6,126,40.1,0.0,36.6,0.0,30.7,0.0,31.2,0.0,41.5,0.0,37.28333333333333,0.0,33.541666666666664,0.0,33.5125,0.0,1.2999999999999972,0.0,Tiruchirappalli,35.7,0.0
2024-05-05 08:00:00,27.9,25,0.0,994.1,7.8,9.2,149,146,8,5,5,6,126,41.4,0.0,38.6,0.0,32.5,0.0,30.4,0.0,27.9,0.0,36.516666666666666,0.0,33.333333333333336,0.0,33.5125,0.0,-13.5,0.0,Tiruchirappalli,36.3,0.0
2024-05-05 09:00:00,27.9,22,0.0,993.3,8.7,10.5,158,156,9,5,5,6,126,27.9,0.0,40.1,0.0,34.5,0.0,29.9,0.0,27.9,0.0,35.416666666666664,0.0,33.166666666666664,0.0,33.5125,0.0,0.0,0.0,Tiruchirappalli,37.1,0.0
2024-05-05 10:00:00,27.9,20,0.0,992.6,12.6,16.1,160,160,10,5,5,6,126,27.9,0.0,41.4,0.0,36.6,0.0,29.6,0.0,27.9,0.0,33.96666666666667,0.0,33.025,0.0,33.5125,0.0,0.0,0.0,Tiruchirappalli,36.2,0.0
2024-05-05 11:00:00,41.3,24,0.0,992.5,17.4,22.5,141,140,11,5,5,6,126,27.9,0.0,27.9,0.0,38.6,0.0,29.2,0.0,41.5,0.0,34.416666666666664,0.0,34.03333333333334,0.0,33.50416666666666,0.0,13.4,0.0,Tiruchirappalli,33.3,0.2
2024-05-05 12:00:00,38.5,35,0.1,993.7,17.1,24.0,131,132,12,5,5,6,126,41.3,0.0,27.9,0.0,40.1,0.0,29.0,0.0,39.1,0.0,34.15,0.1,34.825,0.1,33.479166666666664,0.1,-2.799999999999997,0.1,Tiruchirappalli,33.4,0.0
2024-05-05 13:00:00,31.8,59,0.8,996.0,13.4,19.8,155,149,13,5,5,6,126,38.5,0.1,27.9,0.0,41.4,0.0,30.7,0.0,36.9,0.0,32.550000000000004,0.9,34.916666666666664,0.9,33.266666666666666,0.9,-6.699999999999999,0.7000000000000001,Tiruchirappalli,30.0,0.0
2024-05-05 14:00:00,30.4,69,0.0,996.8,14.3,26.7,274,282,14,5,5,6,126,31.8,0.8,41.3,0.0,27.9,0.0,32.5,0.0,36.9,0.0,32.96666666666667,0.9,34.74166666666667,0.9,32.99583333333333,0.9,-1.400000000000002,-0.8,Tiruchirappalli,29.6,0.0
2024-05-05 15:00:00,30.4,66,0.0,997.8,6.6,10.5,174,171,15,5,5,6,126,30.4,0.0,38.5,0.1,27.9,0.0,34.5,0.0,34.4,0.0,33.38333333333333,0.9,34.4,0.9,32.829166666666666,0.9,0.0,0.0,Tiruchirappalli,28.7,1.9
2024-05-05 16:00:00,30.5,64,0.0,998.4,3.1,6.0,295,315,16,5,5,6,126,30.4,0.0,31.8,0.8,27.9,0.0,36.6,0.0,33.5,0.0,33.81666666666666,0.9,33.891666666666666,0.9,32.704166666666666,0.9,0.1000000000000014,0.0,Tiruchirappalli,28.1,0.0
2024-05-05 17:00:00,30.3,64,0.0,998.5,7.2,10.1,268,270,17,5,5,6,126,30.5,0.0,30.4,0.0,41.3,0.0,38.6,0.0,32.7,0.0,31.98333333333333,0.9,33.2,0.9,32.604166666666664,0.9,-0.1999999999999993,0.0,Tiruchirappalli,27.1,1.6
2024-05-05 18:00:00,29.9,69,0.0,998.1,4.1,7.4,299,315,18,5,5,6,126,30.3,0.0,30.4,0.0,38.5,0.1,40.1,0.0,31.9,0.0,30.55,0.8,32.35,0.9,32.520833333333336,0.9,-0.4000000000000021,0.0,Tiruchirappalli,25.5,9.9
2024-05-05 19:00:00,29.6,71,0.0,997.2,5.0,11.8,282,291,19,5,5,6,126,29.9,0.0,30.5,0.0,31.8,0.8,41.4,0.0,31.2,0.0,30.183333333333334,0.0,31.366666666666664,0.9,32.45416666666667,0.9,-0.2999999999999971,0.0,Tiruchirappalli,25.4,0.1
2024-05-05 20:00:00,29.6,70,0.0,996.6,6.5,13.0,275,270,20,5,5,6,126,29.6,0.0,30.3,0.0,30.4,0.0,27.9,0.0,30.4,0.0,30.05,0.0,31.508333333333336,0.9,32.42083333333333,0.9,0.0,0.0,Tiruchirappalli,25.1,0.0
2024-05-05 21:00:00,29.6,68,0.0,996.4,9.2,18.5,283,281,21,5,5,6,126,29.6,0.0,29.9,0.0,30.4,0.0,27.9,0.0,29.9,0.0,29.916666666666668,0.0,31.649999999999995,0.9,32.40833333333333,0.9,0.0,0.0,Tiruchirappalli,25.1,0.0
2024-05-05 22:00:00,29.4,69,0.0,996.4,9.1,17.6,281,277,22,5,5,6,126,29.6,0.0,29.6,0.0,30.5,0.0,27.9,0.0,29.6,0.0,29.73333333333333,0.0,31.775,0.9,32.4,0.9,-0.2000000000000028,0.0,Tiruchirappalli,25.0,0.0
2024-05-05 23:00:00,29.3,69,0.0,996.5,8.1,16.6,269,257,23,5,5,6,126,29.4,0.0,29.6,0.0,30.3,0.0,41.3,0.0,29.2,0.0,29.566666666666663,0.0,30.775,0.9,32.40416666666667,0.9,-0.0999999999999978,0.0,Tiruchirappalli,25.0,0.0
2024-05-06 00:00:00,29.2,70,0.0,997.0,6.5,14.2,261,251,0,6,5,0,127,29.3,0.0,29.6,0.0,29.9,0.0,38.5,0.1,29.0,0.0,29.45,0.0,30.0,0.8,32.4125,0.9,-0.1000000000000014,0.0,Tiruchirappalli,24.9,0.0
2024-05-06 01:00:00,31.3,59,0.0,997.3,10.3,17.3,291,295,1,6,5,0,127,29.2,0.0,29.4,0.0,29.6,0.0,31.8,0.8,30.7,0.0,29.73333333333333,0.0,29.95833333333333,0.0,32.4375,0.9,2.1000000000000014,0.0,Tiruchirappalli,28.3,0.0
2024-05-06 02:00:00,32.6,54,0.0,997.7,12.1,17.2,281,280,2,6,5,0,127,31.3,0.0,29.3,0.0,29.6,0.0,30.4,0.0,32.5,0.0,30.23333333333333,0.0,30.141666666666666,0.0,32.44166666666667,0.9,1.3000000000000007,0.0,Tiruchirappalli,30.1,0.0
2024-05-06 03:00:00,34.9,46,0.0,998.3,9.8,13.0,276,276,3,6,5,0,127,32.6,0.0,29.2,0.0,29.6,0.0,30.4,0.0,34.5,0.0,31.11666666666667,0.0,30.51666666666667,0.0,32.458333333333336,0.9,2.299999999999997,0.0,Tiruchirappalli,27.7,0.2
2024-05-06 04:00:00,37.0,40,0.0,998.5,7.3,9.4,277,279,4,6,5,0,127,34.9,0.0,31.3,0.0,29.4,0.0,30.5,0.0,36.6,0.0,32.38333333333333,0.0,31.058333333333337,0.0,32.475,0.9,2.1000000000000014,0.0,Tiruchirappalli,28.6,0.0
2024-05-06 05:00:00,38.7,36,0.0,998.0,6.2,7.7,259,260,5,6,5,0,127,37.0,0.0,32.6,0.0,29.3,0.0,30.3,0.0,38.6,0.0,33.95,0.0,31.758333333333336,0.0,32.479166666666664,0.9,1.7000000000000028,0.0,Tiruchirappalli,30.9,0.0
2024-05-06 06:00:00,40.5,31,0.0,997.2,5.2,6.7,254,254,6,6,5,0,127,38.7,0.0,34.9,0.0,29.2,0.0,29.9,0.0,40.1,0.0,35.833333333333336,0.0,32.641666666666666,0.0,32.49583333333333,0.9,1.7999999999999972,0.0,Tiruchirappalli,32.8,0.0
2024-05-06 07:00:00,41.3,30,0.0,996.5,2.7,3.1,249,247,7,6,5,0,127,40.5,0.0,37.0,0.0,31.3,0.0,29.6,0.0,41.4,0.0,37.5,0.0,33.61666666666667,0.0,32.49166666666667,0.9,0.7999999999999972,0.0,Tiruchirappalli,34.2,0.1
2024-05-06 08:00:00,41.7,28,0.0,995.4,1.8,2.2,171,169,8,6,5,0,127,41.3,0.0,38.7,0.0,32.6,0.0,29.6,0.0,27.9,0.0,39.016666666666666,0.0,34.625,0.0,33.06666666666666,0.9,0.4000000000000057,0.0,Tiruchirappalli,35.1,0.0
2024-05-06 09:00:00,27.9,28,0.0,994.3,2.8,3.3,139,140,9,6,5,0,127,41.7,0.0,40.5,0.0,34.9,0.0,29.6,0.0,27.9,0.0,37.85,0.0,34.48333333333333,0.0,33.06666666666667,0.9,-13.800000000000004,0.0,Tiruchirappalli,35.3,0.0
2024-05-06 10:00:00,39.9,32,0.1,994.0,15.6,18.9,125,124,10,6,5,0,127,27.9,0.0,41.3,0.0,37.0,0.0,29.4,0.0,27.9,0.0,38.333333333333336,0.1,35.358333333333334,0.1,33.56666666666667,1.0,12.0,0.1,Tiruchirappalli,34.8,0.0
2024-05-06 11:00:00,39.2,33,0.0,993.8,4.7,5.8,150,148,11,6,5,0,127,39.9,0.1,41.7,0.0,38.7,0.0,29.3,0.0,41.3,0.0,38.41666666666666,0.1,36.18333333333333,0.1,33.479166666666664,1.0,-0.6999999999999957,-0.1,Tiruchirappalli,34.7,0.0
2024-05-06 12:00:00,37.2,37,0.0,994.9,12.8,16.8,195,202,12,6,5,0,127,39.2,0.0,27.9,0.0,40.5,0.0,29.2,0.0,38.5,0.1,37.86666666666667,0.1,36.85,0.1,33.425000000000004,0.9,-2.0,0.0,Tiruchirappalli,34.0,0.0
2024-05-06 13:00:00,37.7,37,0.0,994.8,10.0,16.3,152,150,13,6,5,0,127,37.2,0.0,39.9,0.1,41.3,0.0,31.3,0.0,31.8,0.8,37.266666666666666,0.1,37.38333333333333,0.1,33.670833333333334,0.1,0.5,0.0,Tiruchirappalli,32.2,0.0
2024-05-06 14:00:00,36.6,39,0.0,995.9,9.4,16.6,181,182,14,6,5,0,127,37.7,0.0,39.2,0.0,41.7,0.0,32.6,0.0,30.4,0.0,36.41666666666666,0.1,37.71666666666667,0.1,33.92916666666667,0.1,-1.1000000000000014,0.0,Tiruchirappalli,31.6,0.0
2024-05-06 15:00:00,35.8,41,0.0,996.7,14.8,25.8,153,151,15,6,5,0,127,36.6,0.0,37.2,0.0,27.9,0.0,34.9,0.0,30.4,0.0,37.73333333333333,0.1,37.79166666666666,0.1,34.15416666666667,0.1,-0.8000000000000043,0.0,Tiruchirappalli,30.3,0.0
2024-05-06 16:00:00,33.8,51,0.0,997.5,18.5,30.1,169,167,16,6,5,0,127,35.8,0.0,37.7,0.0,39.9,0.1,37.0,0.0,30.5,0.0,36.71666666666667,0.0,37.525,0.1,34.291666666666664,0.1,-2.0,0.0,Tiruchirappalli,29.5,0.5
2024-05-06 17:00:00,33.6,50,0.0,998.3,17.2,27.3,172,169,17,6,5,0,127,33.8,0.0,36.6,0.0,39.2,0.0,38.7,0.0,30.3,0.0,35.78333333333334,0.0,37.1,0.1,34.42916666666667,0.1,-0.1999999999999957,0.0,Tiruchirappalli,28.8,0.0
2024-05-06 18:00:00,32.4,53,0.0,998.5,11.5,19.8,180,180,18,6,5,0,127,33.6,0.0,35.8,0.0,37.2,0.0,40.5,0.0,29.9,0.0,34.98333333333333,0.0,36.425,0.1,34.53333333333333,0.1,-1.2000000000000028,0.0,Tiruchirappalli,28.2,0.0
2024-05-06 19:00:00,32.1,56,0.0,998.1,9.5,17.0,175,171,19,6,5,0,127,32.4,0.0,33.8,0.0,37.7,0.0,41.3,0.0,29.6,0.0,34.050000000000004,0.0,35.65833333333333,0.1,34.6375,0.1,-0.2999999999999971,0.0,Tiruchirappalli,27.6,0.0
2024-05-06 20:00:00,31.4,63,0.0,997.7,10.6,18.1,173,170,20,6,5,0,127,32.1,0.0,33.6,0.0,36.6,0.0,41.7,0.0,29.6,0.0,33.18333333333333,0.0,34.800000000000004,0.1,34.7125,0.1,-0.7000000000000028,0.0,Tiruchirappalli,27.2,0.1
2024-05-06 21:00:00,30.8,68,0.0,997.4,9.1,15.9,177,171,21,6,5,0,127,31.4,0.0,32.4,0.0,35.8,0.0,27.9,0.0,29.6,0.0,32.35,0.0,35.041666666666664,0.1,34.7625,0.1,-0.5999999999999979,0.0,Tiruchirappalli,27.0,1.4
2024-05-06 22:00:00,30.2,71,0.0,997.4,6.4,12.6,167,153,22,6,5,0,127,30.8,0.0,32.1,0.0,33.8,0.0,39.9,0.1,29.4,0.0,31.75,0.0,34.23333333333333,0.0,34.795833333333334,0.1,-0.6000000000000014,0.0,Tiruchirappalli,26.7,0.6
2024-05-06 23:00:00,29.7,73,0.0,997.9,4.2,10.7,168,160,23,6,5,0,127,30.2,0.0,31.4,0.0,33.6,0.0,39.2,0.0,29.3,0.0,31.1,0.0,33.44166666666667,0.0,34.8125,0.1,-0.5,0.0,Tiruchirappalli,26.7,0.0
2024-05-07 00:00:00,29.4,76,0.0,998.5,3.1,7.9,164,144,0,7,5,1,128,29.7,0.0,30.8,0.0,32.4,0.0,37.2,0.0,29.2,0.0,30.6,0.0,32.791666666666664,0.0,34.82083333333333,0.1,-0.3000000000000007,0.0,Tiruchirappalli,26.3,0.0
2024-05-07 01:00:00,30.7,68,0.0,999.0,6.2,9.6,290,291,1,7,5,1,128,29.4,0.0,30.2,0.0,32.1,0.0,37.7,0.0,31.3,0.0,30.366666666666664,0.0,32.208333333333336,0.0,34.795833333333334,0.1,1.3000000000000007,0.0,Tiruchirappalli,27.3,0.1
2024-05-07 02:00:00,32.2,53,0.0,999.6,6.6,8.8,279,279,2,7,5,1,128,30.7,0.0,29.7,0.0,31.4,0.0,36.6,0.0,32.6,0.0,30.5,0.0,31.84166666666667,0.0,34.77916666666666,0.1,1.5000000000000036,0.0,Tiruchirappalli,28.8,0.0
2024-05-07 03:00:00,34.1,47,0.0,1000.1,5.8,7.6,273,270,3,7,5,1,128,32.2,0.0,29.4,0.0,30.8,0.0,35.8,0.0,34.9,0.0,31.05,0.0,31.7,0.0,34.74583333333333,0.1,1.8999999999999984,0.0,Tiruchirappalli,29.4,0.7
2024-05-07 04:00:00,36.3,41,0.0,999.7,4.4,5.9,259,261,4,7,5,1,128,34.1,0.0,30.7,0.0,30.2,0.0,33.8,0.0,37.0,0.0,32.06666666666667,0.0,31.90833333333333,0.0,34.71666666666666,0.1,2.199999999999996,0.0,Tiruchirappalli,28.8,3.4
2024-05-07 05:00:00,38.2,35,0.0,999.2,3.9,4.9,216,214,5,7,5,1,128,36.3,0.0,32.2,0.0,29.7,0.0,33.6,0.0,38.7,0.0,33.483333333333334,0.0,32.291666666666664,0.0,34.69583333333333,0.1,1.9000000000000057,0.0,Tiruchirappalli,31.0,0.1
2024-05-07 06:00:00,39.9,30,0.0,998.6,4.3,5.4,180,180,6,7,5,1,128,38.2,0.0,34.1,0.0,29.4,0.0,32.4,0.0,40.5,0.0,35.23333333333333,0.0,32.916666666666664,0.0,34.670833333333334,0.1,1.6999999999999955,0.0,Tiruchirappalli,33.2,0.0
2024-05-07 07:00:00,40.9,26,0.0,997.6,5.9,7.0,168,169,7,7,5,1,128,39.9,0.0,36.3,0.0,30.7,0.0,32.1,0.0,41.3,0.0,36.93333333333333,0.0,33.65,0.0,34.65416666666666,0.1,1.0,0.0,Tiruchirappalli,34.5,0.0
2024-05-07 08:00:00,41.7,24,0.0,996.5,6.6,8.1,167,171,8,7,5,1,128,40.9,0.0,38.2,0.0,32.2,0.0,31.4,0.0,41.7,0.0,38.516666666666666,0.0,34.50833333333333,0.0,34.65416666666667,0.1,0.8000000000000043,0.0,Tiruchirappalli,35.9,0.0
2024-05-07 09:00:00,27.9,23,0.0,995.3,6.0,7.4,157,163,9,7,5,1,128,41.7,0.0,39.9,0.0,34.1,0.0,30.8,0.0,27.9,0.0,37.48333333333333,0.0,34.26666666666667,0.0,34.65416666666666,0.1,-13.800000000000004,0.0,Tiruchirappalli,29.7,2.2
2024-05-07 10:00:00,27.9,24,0.0,994.3,5.4,6.6,167,176,10,7,5,1,128,27.9,0.0,40.9,0.0,36.3,0.0,30.2,0.0,39.9,0.1,36.083333333333336,0.0,34.075,0.0,34.15416666666666,0.0,0.0,0.0,Tiruchirappalli,32.4,0.1
2024-05-07 11:00:00,41.7,24,0.0,994.1,6.1,7.2,177,183,11,7,5,1,128,27.9,0.0,41.7,0.0,38.2,0.0,29.7,0.0,39.2,0.0,36.66666666666666,0.0,35.075,0.0,34.25833333333333,0.0,13.800000000000004,0.0,Tiruchirappalli,32.4,0.0
2024-05-07 12:00:00,41.0,25,0.0,994.6,10.1,13.0,146,145,12,7,5,1,128,41.7,0.0,27.9,0.0,39.9,0.0,29.4,0.0,37.2,0.0,36.85,0.0,36.04166666666666,0.0,34.416666666666664,0.0,-0.7000000000000028,0.0,Tiruchirappalli,32.1,0.0
2024-05-07 13:00:00,38.7,28,0.0,995.6,7.1,12.1,197,195,13,7,5,1,128,41.0,0.0,27.9,0.0,40.9,0.0,30.7,0.0,37.7,0.0,36.48333333333333,0.0,36.708333333333336,0.0,34.458333333333336,0.0,-2.299999999999997,0.0,Tiruchirappalli,27.6,0.0
2024-05-07 14:00:00,37.0,36,0.0,996.6,13.7,22.3,149,145,14,7,5,1,128,38.7,0.0,41.7,0.0,41.7,0.0,32.2,0.0,36.6,0.0,35.7,0.0,37.10833333333333,0.0,34.475,0.0,-1.7000000000000028,0.0,Tiruchirappalli,27.0,1.2
2024-05-07 15:00:00,33.9,55,0.0,997.5,17.9,27.6,158,158,15,7,5,1,128,37.0,0.0,41.0,0.0,27.9,0.0,34.1,0.0,35.8,0.0,36.7,0.0,37.09166666666667,0.0,34.395833333333336,0.0,-3.1000000000000014,0.0,Tiruchirappalli,27.2,0.0
2024-05-07 16:00:00,32.9,55,0.0,998.8,16.2,24.8,179,180,16,7,5,1,128,33.9,0.0,38.7,0.0,27.9,0.0,36.3,0.0,33.8,0.0,37.53333333333334,0.0,36.80833333333333,0.0,34.358333333333334,0.0,-1.0,0.0,Tiruchirappalli,25.5,6.9
2024-05-07 17:00:00,32.7,55,0.0,999.5,13.1,21.8,172,171,17,7,5,1,128,32.9,0.0,37.0,0.0,41.7,0.0,38.2,0.0,33.6,0.0,36.03333333333333,0.0,36.35,0.0,34.32083333333333,0.0,-0.1999999999999957,0.0,Tiruchirappalli,25.3,0.1
2024-05-07 18:00:00,32.4,55,0.0,999.6,9.1,14.4,184,187,18,7,5,1,128,32.7,0.0,33.9,0.0,41.0,0.0,39.9,0.0,32.4,0.0,34.6,0.0,35.725,0.0,34.32083333333333,0.0,-0.3000000000000042,0.0,Tiruchirappalli,24.9,3.2
2024-05-07 19:00:00,31.2,60,0.0,999.7,6.5,9.7,266,264,19,7,5,1,128,32.4,0.0,32.9,0.0,38.7,0.0,40.9,0.0,32.1,0.0,33.35,0.0,34.916666666666664,0.0,34.28333333333333,0.0,-1.1999999999999993,0.0,Tiruchirappalli,24.5,0.3
2024-05-07 20:00:00,31.0,61,0.0,998.3,7.9,12.3,183,183,20,7,5,1,128,31.2,0.0,32.7,0.0,37.0,0.0,41.7,0.0,31.4,0.0,32.35,0.0,34.025,0.0,34.266666666666666,0.0,-0.1999999999999993,0.0,Tiruchirappalli,24.6,0.3
2024-05-07 21:00:00,30.4,66,0.0,997.6,5.9,10.7,168,169,21,7,5,1,128,31.0,0.0,32.4,0.0,33.9,0.0,27.9,0.0,30.8,0.0,31.766666666666666,0.0,34.23333333333333,0.0,34.25,0.0,-0.6000000000000014,0.0,Tiruchirappalli,24.9,0.0
2024-05-07 22:00:00,29.9,69,0.0,998.4,1.1,0.5,315,342,22,7,5,1,128,30.4,0.0,31.2,0.0,32.9,0.0,27.9,0.0,30.2,0.0,31.266666666666666,0.0,34.4,0.0,34.237500000000004,0.0,-0.5,0.0,Tiruchirappalli,25.0,0.0
2024-05-07 23:00:00,29.6,70,0.0,998.3,5.7,7.6,59,55,23,7,5,1,128,29.9,0.0,31.0,0.0,32.7,0.0,41.7,0.0,29.7,0.0,30.75,0.0,33.391666666666666,0.0,34.233333333333334,0.0,-0.2999999999999971,0.0,Tiruchirappalli,24.7,0.0
2024-05-08 00:00:00,29.5,73,0.0,999.2,8.2,13.0,66,67,0,8,5,2,129,29.6,0.0,30.4,0.0,32.4,0.0,41.0,0.0,29.4,0.0,30.266666666666666,0.0,32.43333333333333,0.0,34.237500000000004,0.0,-0.1000000000000014,0.0,Tiruchirappalli,24.6,0.0
2024-05-08 01:00:00,27.4,75,0.1,1000.2,8.1,16.4,33,32,1,8,5,2,129,29.5,0.0,29.9,0.0,31.2,0.0,38.7,0.0,30.7,0.0,29.633333333333336,0.1,31.49166666666667,0.1,34.1,0.1,-2.1000000000000014,0.1,Tiruchirappalli,27.9,0.1
2024-05-08 02:00:00,29.4,70,0.0,1000.9,7.8,10.7,57,56,2,8,5,2,129,27.4,0.1,29.6,0.0,31.0,0.0,37.0,0.0,32.2,0.0,29.36666666666667,0.1,30.85833333333333,0.1,33.983333333333334,0.1,2.0,-0.1,Tiruchirappalli,28.9,0.0
2024-05-08 03:00:00,30.4,62,0.0,1002.0,17.8,24.3,58,58,3,8,5,2,129,29.4,0.0,29.5,0.0,30.4,0.0,33.9,0.0,34.1,0.0,29.366666666666664,0.1,30.566666666666663,0.1,33.829166666666666,0.1,1.0,0.0,Tiruchirappalli,30.7,0.0
2024-05-08 04:00:00,33.1,51,0.0,1001.6,13.5,17.9,56,56,4,8,5,2,129,30.4,0.0,27.4,0.1,29.9,0.0,32.9,0.0,36.3,0.0,29.899999999999995,0.1,30.58333333333333,0.1,33.69583333333333,0.1,2.700000000000003,0.0,Tiruchirappalli,32.5,0.1
2024-05-08 05:00:00,34.8,46,0.0,1001.2,12.6,16.4,71,70,5,8,5,2,129,33.1,0.0,29.4,0.0,29.6,0.0,32.7,0.0,38.2,0.0,30.766666666666666,0.1,30.758333333333336,0.1,33.55416666666667,0.1,1.6999999999999955,0.0,Tiruchirappalli,33.8,0.0
2024-05-08 06:00:00,36.1,42,0.0,1000.2,12.1,15.4,79,80,6,8,5,2,129,34.8,0.0,30.4,0.0,29.5,0.0,32.4,0.0,39.9,0.0,31.866666666666664,0.1,31.066666666666663,0.1,33.395833333333336,0.1,1.3000000000000045,0.0,Tiruchirappalli,35.3,0.0
2024-05-08 07:00:00,37.5,37,0.0,998.9,12.4,15.6,82,82,7,8,5,2,129,36.1,0.0,33.1,0.0,27.4,0.1,31.2,0.0,40.9,0.0,33.55,0.0,31.591666666666665,0.1,33.25416666666667,0.1,1.3999999999999986,0.0,Tiruchirappalli,35.8,0.0
2024-05-08 08:00:00,38.1,36,0.0,997.1,10.8,13.7,90,90,8,8,5,2,129,37.5,0.0,34.8,0.0,29.4,0.0,31.0,0.0,41.7,0.0,35.0,0.0,32.18333333333333,0.1,33.104166666666664,0.1,0.6000000000000014,0.0,Tiruchirappalli,36.2,0.0
2024-05-08 09:00:00,38.5,34,0.0,995.7,11.3,14.5,97,97,9,8,5,2,129,38.1,0.0,36.1,0.0,30.4,0.0,30.4,0.0,27.9,0.0,36.35,0.0,32.858333333333334,0.1,33.545833333333334,0.1,0.3999999999999986,0.0,Tiruchirappalli,33.6,0.4
2024-05-08 10:00:00,38.6,33,0.0,995.0,11.9,15.5,91,88,10,8,5,2,129,38.5,0.0,37.5,0.0,33.1,0.0,29.9,0.0,27.9,0.0,37.266666666666666,0.0,33.583333333333336,0.1,33.99166666666667,0.1,0.1000000000000014,0.0,Tiruchirappalli,34.4,0.0
2024-05-08 11:00:00,38.2,34,0.0,994.9,13.3,17.6,79,77,11,8,5,2,129,38.6,0.0,38.1,0.0,34.8,0.0,29.6,0.0,41.7,0.0,37.833333333333336,0.0,34.300000000000004,0.1,33.84583333333333,0.1,-0.3999999999999986,0.0,Tiruchirappalli,33.9,0.0
2024-05-08 12:00:00,36.6,37,0.0,995.5,11.3,15.2,85,81,12,8,5,2,129,38.2,0.0,38.5,0.0,36.1,0.0,29.5,0.0,41.0,0.0,37.91666666666666,0.0,34.89166666666667,0.1,33.6625,0.1,-1.6000000000000014,0.0,Tiruchirappalli,33.1,0.0
2024-05-08 13:00:00,36.8,38,0.0,996.1,11.7,19.4,100,101,13,8,5,2,129,36.6,0.0,38.6,0.0,37.5,0.0,27.4,0.1,38.7,0.0,37.8,0.0,35.675,0.0,33.583333333333336,0.1,0.1999999999999957,0.0,Tiruchirappalli,30.0,0.0
2024-05-08 14:00:00,35.7,42,0.0,996.7,11.6,20.9,111,112,14,8,5,2,129,36.8,0.0,38.2,0.0,38.1,0.0,29.4,0.0,37.0,0.0,37.4,0.0,36.2,0.0,33.52916666666666,0.1,-1.0999999999999943,0.0,Tiruchirappalli,29.6,0.0
2024-05-08 15:00:00,33.6,52,0.0,998.0,19.6,30.9,144,144,15,8,5,2,129,35.7,0.0,36.6,0.0,38.5,0.0,30.4,0.0,33.9,0.0,36.583333333333336,0.0,36.46666666666667,0.0,33.516666666666666,0.1,-2.1000000000000014,0.0,Tiruchirappalli,29.4,0.0
2024-05-08 16:00:00,32.8,57,0.0,998.3,15.6,24.9,143,142,16,8,5,2,129,33.6,0.0,36.8,0.0,38.6,0.0,33.1,0.0,32.9,0.0,35.61666666666667,0.0,36.44166666666667,0.0,33.5125,0.1,-0.8000000000000043,0.0,Tiruchirappalli,28.6,0.0
2024-05-08 17:00:00,32.0,59,0.0,998.3,13.8,22.7,133,131,17,8,5,2,129,32.8,0.0,35.7,0.0,38.2,0.0,34.8,0.0,32.7,0.0,34.583333333333336,0.0,36.208333333333336,0.0,33.48333333333333,0.1,-0.7999999999999972,0.0,Tiruchirappalli,26.0,7.1
2024-05-08 18:00:00,31.2,64,0.0,998.9,9.7,16.3,133,129,18,8,5,2,129,32.0,0.0,33.6,0.0,36.6,0.0,36.1,0.0,32.4,0.0,33.68333333333333,0.0,35.800000000000004,0.0,33.43333333333333,0.1,-0.8000000000000007,0.0,Tiruchirappalli,25.6,0.8
2024-05-08 19:00:00,29.6,76,0.3,998.7,6.9,9.8,204,231,19,8,5,2,129,31.2,0.0,32.8,0.0,36.8,0.0,37.5,0.0,31.2,0.0,32.483333333333334,0.3,35.14166666666667,0.3,33.36666666666667,0.4,-1.599999999999998,0.3,Tiruchirappalli,25.5,0.4
2024-05-08 20:00:00,24.1,92,3.3,997.9,9.5,13.0,2,9,20,8,5,2,129,29.6,0.3,32.0,0.0,35.7,0.0,38.1,0.0,31.0,0.0,30.55,3.6,33.975,3.6,33.07916666666667,3.7,-5.5,3.0,Tiruchirappalli,25.4,0.3
2024-05-08 21:00:00,24.9,91,0.0,997.9,6.8,11.9,270,273,21,8,5,2,129,24.1,3.3,31.2,0.0,33.6,0.0,38.5,0.0,30.4,0.0,29.1,3.6,32.84166666666667,3.6,32.85,3.7,0.7999999999999972,-3.3,Tiruchirappalli,25.1,0.1
2024-05-08 22:00:00,25.2,90,0.0,997.4,6.9,11.3,301,298,22,8,5,2,129,24.9,0.0,29.6,0.3,32.8,0.0,38.6,0.0,29.9,0.0,27.83333333333333,3.6,31.725,3.6,32.65416666666666,3.7,0.3000000000000007,0.0,Tiruchirappalli,25.2,0.0
2024-05-08 23:00:00,25.3,89,0.0,997.4,4.2,8.6,292,290,23,8,5,2,129,25.2,0.0,24.1,3.3,32.0,0.0,38.2,0.0,29.6,0.0,26.71666666666667,3.6,30.65,3.6,32.475,3.7,0.1000000000000014,0.0,Tiruchirappalli,25.3,0.0
2024-05-09 00:00:00,25.3,90,0.0,997.7,2.5,2.5,262,135,0,9,5,3,130,25.3,0.0,24.9,0.0,31.2,0.0,36.6,0.0,29.5,0.0,25.73333333333333,3.6,29.70833333333333,3.6,32.3,3.7,0.0,0.0,Tiruchirappalli,25.3,0.0
2024-05-09 01:00:00,28.5,82,0.0,998.1,3.7,9.4,310,299,1,9,5,3,130,25.3,0.0,25.2,0.0,29.6,0.3,36.8,0.0,27.4,0.1,25.55,3.3,29.01666666666667,3.6,32.34583333333333,3.6,3.2,0.0,Tiruchirappalli,26.3,0.0
2024-05-09 02:00:00,30.5,72,0.0,999.2,3.0,4.7,293,284,2,9,5,3,130,28.5,0.0,25.3,0.0,24.1,3.3,35.7,0.0,29.4,0.0,26.616666666666664,0.0,28.58333333333333,3.6,32.391666666666666,3.6,2.0,0.0,Tiruchirappalli,27.7,0.0
2024-05-09 03:00:00,32.8,59,0.0,999.7,4.0,5.1,262,260,3,9,5,3,130,30.5,0.0,25.3,0.0,24.9,0.0,33.6,0.0,30.4,0.0,27.933333333333334,0.0,28.516666666666666,3.6,32.49166666666667,3.6,2.299999999999997,0.0,Tiruchirappalli,29.8,0.0
2024-05-09 04:00:00,34.7,50,0.0,999.2,2.5,3.4,252,262,4,9,5,3,130,32.8,0.0,28.5,0.0,25.2,0.0,32.8,0.0,33.1,0.0,29.51666666666667,0.0,28.675,3.6,32.55833333333333,3.6,1.9000000000000057,0.0,Tiruchirappalli,31.2,0.0
2024-05-09 05:00:00,36.3,42,0.0,998.4,2.9,3.1,126,120,5,9,5,3,130,34.7,0.0,30.5,0.0,25.3,0.0,32.0,0.0,34.8,0.0,31.35,0.0,29.03333333333333,3.6,32.62083333333334,3.6,1.5999999999999943,0.0,Tiruchirappalli,31.8,0.0
2024-05-09 06:00:00,33.4,56,0.3,998.1,18.2,24.0,116,115,6,9,5,3,130,36.3,0.0,32.8,0.0,25.3,0.0,31.2,0.0,36.1,0.0,32.7,0.3,29.21666666666667,3.9,32.50833333333333,3.9,-2.8999999999999986,0.3,Tiruchirappalli,32.8,0.0
2024-05-09 07:00:00,36.2,43,0.0,997.4,9.6,12.2,109,110,7,9,5,3,130,33.4,0.3,34.7,0.0,28.5,0.0,29.6,0.3,37.5,0.0,33.98333333333333,0.3,29.766666666666666,3.6,32.454166666666666,3.9,2.8000000000000043,-0.3,Tiruchirappalli,32.8,0.0
2024-05-09 08:00:00,36.3,44,0.3,996.5,9.7,12.6,77,68,8,9,5,3,130,36.2,0.0,36.3,0.0,30.5,0.0,24.1,3.3,38.1,0.0,34.95,0.6,30.78333333333333,0.6,32.37916666666667,4.199999999999999,0.0999999999999943,0.3,Tiruchirappalli,33.6,0.0
2024-05-09 09:00:00,37.5,40,0.0,995.4,8.7,10.8,105,107,9,9,5,3,130,36.3,0.3,33.4,0.3,32.8,0.0,24.9,0.0,38.5,0.0,35.733333333333334,0.6,31.83333333333333,0.6,32.3375,4.199999999999999,1.2000000000000028,-0.3,Tiruchirappalli,33.9,0.0
2024-05-09 10:00:00,36.5,41,0.2,995.0,8.7,11.0,128,128,10,9,5,3,130,37.5,0.0,36.2,0.0,34.7,0.0,25.2,0.0,38.6,0.0,36.03333333333333,0.8,32.775,0.8,32.25,4.4,-1.0,0.2,Tiruchirappalli,34.3,0.0
2024-05-09 11:00:00,32.5,56,0.1,995.5,19.1,25.9,179,181,11,9,5,3,130,36.5,0.2,36.3,0.3,36.3,0.0,25.3,0.0,38.2,0.0,35.4,0.9,33.375,0.9,32.0125,4.5,-4.0,-0.1,Tiruchirappalli,33.9,0.0
2024-05-09 12:00:00,33.0,52,0.0,995.8,8.4,11.9,166,170,12,9,5,3,130,32.5,0.1,37.5,0.0,33.4,0.3,25.3,0.0,36.6,0.0,35.333333333333336,0.6000000000000001,34.01666666666667,0.9,31.8625,4.5,0.5,-0.1,Tiruchirappalli,32.0,0.0
2024-05-09 13:00:00,33.4,50,0.0,996.5,8.9,16.9,124,122,13,9,5,3,130,33.0,0.0,36.5,0.2,36.2,0.0,28.5,0.0,36.8,0.0,34.86666666666667,0.6000000000000001,34.425000000000004,0.9,31.72083333333333,4.5,0.3999999999999986,0.0,Tiruchirappalli,31.3,0.2
2024-05-09 14:00:00,32.9,53,0.0,997.4,5.4,13.4,144,143,14,9,5,3,130,33.4,0.0,32.5,0.1,36.3,0.3,30.5,0.0,35.7,0.0,34.3,0.3,34.625,0.9,31.604166666666668,4.5,-0.5,0.0,Tiruchirappalli,30.3,0.0
2024-05-09 15:00:00,32.7,55,0.0,998.1,8.6,18.2,128,123,15,9,5,3,130,32.9,0.0,33.0,0.0,37.5,0.0,32.8,0.0,33.6,0.0,33.5,0.3,34.61666666666667,0.9,31.566666666666663,4.5,-0.1999999999999957,0.0,Tiruchirappalli,29.3,0.0
2024-05-09 16:00:00,32.0,64,0.0,998.4,13.0,22.7,133,129,16,9,5,3,130,32.7,0.0,33.4,0.0,36.5,0.2,34.7,0.0,32.8,0.0,32.75,0.1,34.39166666666667,0.9,31.53333333333333,4.5,-0.7000000000000028,0.0,Tiruchirappalli,29.3,0.0
2024-05-09 17:00:00,31.2,73,0.0,999.0,10.7,18.9,140,138,17,9,5,3,130,32.0,0.0,32.9,0.0,32.5,0.1,36.3,0.0,32.0,0.0,32.53333333333333,0.0,33.96666666666667,0.9,31.5,4.5,-0.8000000000000007,0.0,Tiruchirappalli,28.4,0.0
2024-05-09 18:00:00,30.4,76,0.6,998.9,9.7,16.7,174,182,18,9,5,3,130,31.2,0.0,32.7,0.0,33.0,0.0,33.4,0.3,31.2,0.0,32.1,0.6,33.71666666666666,1.2000000000000002,31.46666666666667,5.1,-0.8000000000000007,0.6,Tiruchirappalli,27.7,0.0
2024-05-09 19:00:00,26.6,95,3.7,998.9,7.4,10.4,56,51,19,9,5,3,130,30.4,0.6,32.0,0.0,33.4,0.0,36.2,0.0,29.6,0.3,30.966666666666665,4.3,32.916666666666664,4.9,31.341666666666665,8.5,-3.799999999999997,3.1,Tiruchirappalli,27.4,0.0
2024-05-09 20:00:00,26.5,94,0.2,999.2,5.0,6.4,344,339,20,9,5,3,130,26.6,3.7,31.2,0.0,32.9,0.0,36.3,0.3,24.1,3.3,29.9,4.5,32.1,4.800000000000001,31.441666666666663,5.4,-0.1000000000000014,-3.5,Tiruchirappalli,27.2,0.0
2024-05-09 21:00:00,24.9,96,3.3,999.5,9.8,14.3,298,294,21,9,5,3,130,26.5,0.2,30.4,0.6,32.7,0.0,37.5,0.0,24.9,0.0,28.6,7.800000000000001,31.05,8.100000000000001,31.441666666666663,8.7,-1.6000000000000014,3.1,Tiruchirappalli,27.0,0.0
2024-05-09 22:00:00,24.6,94,0.1,999.1,7.6,11.1,209,211,22,9,5,3,130,24.9,3.3,26.6,3.7,32.0,0.0,36.5,0.2,25.2,0.0,27.366666666666664,7.9,30.058333333333334,8.0,31.416666666666668,8.8,-0.2999999999999971,-3.2,Tiruchirappalli,26.9,0.0
2024-05-09 23:00:00,24.6,92,0.0,998.9,4.3,5.8,266,275,23,9,5,3,130,24.6,0.1,26.5,0.2,31.2,0.0,32.5,0.1,25.3,0.0,26.266666666666666,7.9,29.399999999999995,7.9,31.3875,8.8,0.0,-0.1,Tiruchirappalli,26.4,0.0
2024-05-10 00:00:00,24.6,92,0.0,999.3,5.6,8.4,250,255,0,10,5,4,131,24.6,0.0,24.9,3.3,30.4,0.6,33.0,0.0,25.3,0.0,25.3,7.300000000000001,28.7,7.9,31.35833333333333,8.8,0.0,0.0,Tiruchirappalli,26.1,0.0
2024-05-10 01:00:00,26.8,91,0.0,999.1,3.3,6.0,287,283,1,10,5,4,131,24.6,0.0,24.6,0.1,26.6,3.7,33.4,0.0,28.5,0.0,25.33333333333333,3.6,28.15,7.9,31.2875,8.8,2.2,0.0,Tiruchirappalli,27.8,0.0
2024-05-10 02:00:00,27.7,85,0.0,999.9,3.6,5.2,258,264,2,10,5,4,131,26.8,0.0,24.6,0.0,26.5,0.2,32.9,0.0,30.5,0.0,25.53333333333333,3.4,27.71666666666667,7.9,31.17083333333333,8.8,0.8999999999999986,0.0,Tiruchirappalli,28.9,0.0
2024-05-10 03:00:00,28.8,80,0.0,1000.9,4.0,5.4,274,280,3,10,5,4,131,27.7,0.0,24.6,0.0,24.9,3.3,32.7,0.0,32.8,0.0,26.183333333333334,0.1,27.391666666666666,7.9,31.004166666666663,8.8,1.1000000000000014,0.0,Tiruchirappalli,30.6,0.0
2024-05-10 04:00:00,30.6,72,0.0,1000.7,2.9,3.6,270,277,4,10,5,4,131,28.8,0.0,26.8,0.0,24.6,0.1,32.0,0.0,34.7,0.0,27.183333333333337,0.0,27.274999999999995,7.9,30.83333333333333,8.8,1.8000000000000007,0.0,Tiruchirappalli,32.0,0.0
2024-05-10 05:00:00,32.3,64,0.0,1000.6,1.8,1.8,37,37,5,10,5,4,131,30.6,0.0,27.7,0.0,24.6,0.0,31.2,0.0,36.3,0.0,28.46666666666667,0.0,27.366666666666664,7.9,30.666666666666668,8.8,1.6999999999999955,0.0,Tiruchirappalli,32.9,0.0
2024-05-10 06:00:00,34.2,55,0.0,999.7,1.4,1.6,333,360,6,10,5,4,131,32.3,0.0,28.8,0.0,24.6,0.0,30.4,0.6,33.4,0.3,30.066666666666663,0.0,27.683333333333337,7.3,30.7,8.5,1.9000000000000057,0.0,Tiruchirappalli,34.6,0.0
2024-05-10 07:00:00,35.7,49,0.0,998.5,1.1,1.3,326,360,7,10,5,4,131,34.2,0.0,30.6,0.0,26.8,0.0,26.6,3.7,36.2,0.0,31.55,0.0,28.441666666666663,3.6,30.67916666666667,8.5,1.5,0.0,Tiruchirappalli,34.7,0.0
2024-05-10 08:00:00,36.3,46,0.0,997.2,2.4,2.6,74,63,8,10,5,4,131,35.7,0.0,32.3,0.0,27.7,0.0,26.5,0.2,36.3,0.3,32.98333333333333,0.0,29.258333333333336,3.4,30.679166666666664,8.200000000000001,0.5999999999999943,0.0,Tiruchirappalli,33.1,2.9
2024-05-10 09:00:00,37.1,42,0.0,995.6,5.3,6.8,122,118,9,10,5,4,131,36.3,0.0,34.2,0.0,28.8,0.0,24.9,3.3,37.5,0.0,34.36666666666667,0.0,30.275,0.1,30.6625,8.200000000000001,0.8000000000000043,0.0,Tiruchirappalli,27.9,2.7
2024-05-10 10:00:00,36.2,43,0.0,995.7,6.2,7.7,143,144,10,10,5,4,131,37.1,0.0,35.7,0.0,30.6,0.0,24.6,0.1,36.5,0.2,35.300000000000004,0.0,31.241666666666664,0.0,30.65,7.999999999999999,-0.8999999999999986,0.0,Tiruchirappalli,27.8,0.5
2024-05-10 11:00:00,33.3,55,0.2,996.4,9.7,12.9,117,117,11,10,5,4,131,36.2,0.0,36.3,0.0,32.3,0.0,24.6,0.0,32.5,0.1,35.46666666666667,0.2,31.96666666666667,0.2,30.683333333333334,8.1,-2.9000000000000057,0.2,Tiruchirappalli,28.3,0.4
2024-05-10 12:00:00,33.4,53,0.0,996.9,6.3,8.7,120,121,12,10,5,4,131,33.3,0.2,37.1,0.0,34.2,0.0,24.6,0.0,33.0,0.0,35.333333333333336,0.2,32.7,0.2,30.7,8.1,0.1000000000000014,-0.2,Tiruchirappalli,28.2,0.3
2024-05-10 13:00:00,30.0,70,0.0,998.2,8.7,15.0,132,132,13,10,5,4,131,33.4,0.0,36.2,0.0,35.7,0.0,26.8,0.0,33.4,0.0,34.38333333333333,0.2,32.96666666666667,0.2,30.558333333333334,8.1,-3.3999999999999986,0.0,Tiruchirappalli,28.3,1.9
2024-05-10 14:00:00,29.6,73,0.0,998.5,3.6,10.2,135,135,14,10,5,4,131,30.0,0.0,33.3,0.2,36.3,0.0,27.7,0.0,32.9,0.0,33.266666666666666,0.2,33.125,0.2,30.42083333333333,8.1,-0.3999999999999986,0.0,Tiruchirappalli,26.9,2.6
2024-05-10 15:00:00,28.7,79,1.9,1000.1,10.3,19.3,166,168,15,10,5,4,131,29.6,0.0,33.4,0.0,37.1,0.0,28.8,0.0,32.7,0.0,31.866666666666664,2.1,33.11666666666667,2.1,30.254166666666663,10.0,-0.9000000000000021,1.9,Tiruchirappalli,26.2,9.3
2024-05-10 16:00:00,28.1,83,0.0,1000.3,10.5,17.4,156,149,16,10,5,4,131,28.7,1.9,30.0,0.0,36.2,0.0,30.6,0.0,32.0,0.0,30.516666666666666,2.1,32.90833333333333,2.1,30.091666666666665,10.0,-0.5999999999999979,-1.9,Tiruchirappalli,26.3,2.5
2024-05-10 17:00:00,27.1,86,1.6,1001.5,9.8,14.8,244,253,17,10,5,4,131,28.1,0.0,29.6,0.0,33.3,0.2,32.3,0.0,31.2,0.0,29.48333333333333,3.5,32.475,3.7,29.92083333333333,11.6,-1.0,1.6,Tiruchirappalli,26.2,0.6
2024-05-10 18:00:00,25.5,95,9.9,1001.8,4.6,7.4,166,129,18,10,5,4,131,27.1,1.6,28.7,1.9,33.4,0.0,34.2,0.0,30.4,0.6,28.166666666666668,13.4,31.75,13.6,29.716666666666665,20.9,-1.6000000000000014,8.3,Tiruchirappalli,26.0,0.1
2024-05-10 19:00:00,25.4,93,0.1,1000.5,5.9,8.9,14,14,19,10,5,4,131,25.5,9.9,28.1,0.0,30.0,0.0,35.7,0.0,26.6,3.7,27.399999999999995,13.5,30.891666666666666,13.7,29.666666666666668,17.3,-0.1000000000000014,-9.8,Tiruchirappalli,25.5,0.0
2024-05-10 20:00:00,25.1,95,0.0,999.4,6.2,10.0,15,21,20,10,5,4,131,25.4,0.1,27.1,1.6,29.6,0.0,36.3,0.0,26.5,0.2,26.65,13.5,29.95833333333333,13.7,29.60833333333333,17.1,-0.2999999999999971,-0.1,Tiruchirappalli,25.7,0.0
2024-05-10 21:00:00,25.1,95,0.0,999.0,2.2,4.4,351,9,21,10,5,4,131,25.1,0.0,25.5,9.9,28.7,1.9,37.1,0.0,24.9,3.3,26.05,11.6,28.95833333333333,13.7,29.616666666666664,13.8,0.0,0.0,Tiruchirappalli,25.7,0.0
2024-05-10 22:00:00,25.0,96,0.0,998.5,1.8,3.1,21,79,22,10,5,4,131,25.1,0.0,25.4,0.1,28.1,0.0,36.2,0.0,24.6,0.1,25.53333333333333,11.6,28.025,13.7,29.633333333333336,13.7,-0.1000000000000014,0.0,Tiruchirappalli,25.7,0.0
2024-05-10 23:00:00,25.0,96,0.0,999.0,2.3,5.2,25,39,23,10,5,4,131,25.0,0.0,25.1,0.0,27.1,1.6,33.3,0.2,24.6,0.0,25.183333333333334,10.0,27.33333333333333,13.5,29.65,13.7,0.0,0.0,Tiruchirappalli,25.5,0.0
2024-05-11 00:00:00,24.9,97,0.0,999.5,1.6,3.6,354,27,0,11,5,5,132,25.0,0.0,25.1,0.0,25.5,9.9,33.4,0.0,24.6,0.0,25.08333333333333,0.1,26.625000000000004,13.5,29.6625,13.7,-0.1000000000000014,0.0,Tiruchirappalli,25.6,0.0
2024-05-11 01:00:00,28.3,84,0.0,999.7,4.7,9.8,8,337,1,11,5,5,132,24.9,0.0,25.0,0.0,25.4,0.1,30.0,0.0,26.8,0.0,25.566666666666663,0.0,26.48333333333333,13.5,29.725000000000005,13.7,3.400000000000002,0.0,Tiruchirappalli,25.3,0.0
2024-05-11 02:00:00,30.1,76,0.0,1001.2,6.8,9.4,94,108,2,11,5,5,132,28.3,0.0,25.0,0.0,25.1,0.0,29.6,0.0,27.7,0.0,26.4,0.0,26.525,13.5,29.825,13.7,1.8000000000000007,0.0,Tiruchirappalli,25.8,1.3
2024-05-11 03:00:00,27.7,78,0.2,1001.6,3.8,6.0,65,41,3,11,5,5,132,30.1,0.0,24.9,0.0,25.1,0.0,28.7,1.9,28.8,0.0,26.83333333333333,0.2,26.441666666666663,11.8,29.77916666666667,13.9,-2.400000000000002,0.2,Tiruchirappalli,26.3,2.4
2024-05-11 04:00:00,28.6,76,0.0,1002.3,3.3,4.0,90,84,4,11,5,5,132,27.7,0.2,28.3,0.0,25.0,0.0,28.1,0.0,30.6,0.0,27.433333333333337,0.2,26.48333333333333,11.8,29.695833333333336,13.9,0.9000000000000021,-0.2,Tiruchirappalli,26.1,0.5
2024-05-11 05:00:00,30.9,67,0.0,1001.3,4.9,5.8,112,107,5,11,5,5,132,28.6,0.0,30.1,0.0,25.0,0.0,27.1,1.6,32.3,0.0,28.416666666666668,0.2,26.8,10.2,29.6375,13.9,2.299999999999997,0.0,Tiruchirappalli,27.3,0.2
2024-05-11 06:00:00,32.8,60,0.0,1000.6,4.5,5.5,113,104,6,11,5,5,132,30.9,0.0,27.7,0.2,24.9,0.0,25.5,9.9,34.2,0.0,29.73333333333333,0.2,27.40833333333333,0.3,29.57916666666667,13.9,1.8999999999999984,0.0,Tiruchirappalli,25.7,2.4
2024-05-11 07:00:00,34.2,56,0.1,999.3,3.3,4.0,85,84,7,11,5,5,132,32.8,0.0,28.6,0.0,28.3,0.0,25.4,0.1,35.7,0.0,30.71666666666667,0.3,28.141666666666666,0.3,29.516666666666666,14.0,1.4000000000000057,0.1,Tiruchirappalli,25.1,2.8
2024-05-11 08:00:00,35.1,53,0.0,998.5,5.8,6.8,115,112,8,11,5,5,132,34.2,0.1,30.9,0.0,30.1,0.0,25.1,0.0,36.3,0.0,31.55,0.3,28.975,0.3,29.46666666666667,14.0,0.8999999999999986,-0.1,Tiruchirappalli,25.1,2.1
2024-05-11 09:00:00,35.3,51,0.0,997.8,6.8,8.5,118,115,9,11,5,5,132,35.1,0.0,32.8,0.0,27.7,0.2,25.1,0.0,37.1,0.0,32.81666666666667,0.1,29.825000000000003,0.3,29.391666666666666,14.0,0.1999999999999957,0.0,Tiruchirappalli,25.9,0.4
2024-05-11 10:00:00,34.8,51,0.0,996.8,7.9,9.5,119,114,10,11,5,5,132,35.3,0.0,34.2,0.1,28.6,0.0,25.0,0.0,36.2,0.0,33.85,0.1,30.641666666666666,0.3,29.33333333333333,14.0,-0.5,0.0,Tiruchirappalli,26.4,0.0
2024-05-11 11:00:00,34.7,50,0.0,996.7,8.0,10.1,94,85,11,11,5,5,132,34.8,0.0,35.1,0.0,30.9,0.0,25.0,0.0,33.3,0.2,34.483333333333334,0.1,31.450000000000003,0.3,29.391666666666666,13.8,-0.0999999999999943,0.0,Tiruchirappalli,26.2,0.5
2024-05-11 12:00:00,34.0,52,0.0,996.8,5.2,6.3,77,65,12,11,5,5,132,34.7,0.0,35.3,0.0,32.8,0.0,24.9,0.0,33.4,0.0,34.68333333333333,0.1,32.208333333333336,0.3,29.416666666666668,13.8,-0.7000000000000028,0.0,Tiruchirappalli,26.3,0.4
2024-05-11 13:00:00,32.2,60,0.0,998.4,4.1,8.0,153,128,13,11,5,5,132,34.0,0.0,34.8,0.0,34.2,0.1,28.3,0.0,30.0,0.0,34.35,0.0,32.53333333333334,0.3,29.508333333333336,13.8,-1.7999999999999972,0.0,Tiruchirappalli,28.7,0.0
2024-05-11 14:00:00,31.6,60,0.0,999.3,12.7,22.9,173,173,14,11,5,5,132,32.2,0.0,34.7,0.0,35.1,0.0,30.1,0.0,29.6,0.0,33.766666666666666,0.0,32.65833333333333,0.3,29.59166666666667,13.8,-0.6000000000000014,0.0,Tiruchirappalli,28.0,0.0
2024-05-11 15:00:00,30.3,66,0.0,1000.2,10.3,19.7,201,205,15,11,5,5,132,31.6,0.0,34.0,0.0,35.3,0.0,27.7,0.2,28.7,1.9,32.93333333333334,0.0,32.875,0.1,29.65833333333333,11.9,-1.3000000000000007,0.0,Tiruchirappalli,27.4,0.0
2024-05-11 16:00:00,29.5,77,0.5,1000.8,5.1,11.3,189,184,16,11,5,5,132,30.3,0.0,32.2,0.0,34.8,0.0,28.6,0.0,28.1,0.0,32.050000000000004,0.5,32.95,0.6,29.71666666666667,12.4,-0.8000000000000007,0.5,Tiruchirappalli,26.8,0.0
2024-05-11 17:00:00,28.8,82,0.0,1001.2,3.1,5.9,142,54,17,11,5,5,132,29.5,0.5,31.6,0.0,34.7,0.0,30.9,0.0,27.1,1.6,31.066666666666663,0.5,32.775,0.6,29.787500000000005,10.8,-0.6999999999999993,-0.5,Tiruchirappalli,26.8,0.0
2024-05-11 18:00:00,28.2,91,0.0,1000.8,3.4,3.6,84,32,18,11,5,5,132,28.8,0.0,30.3,0.0,34.0,0.0,32.8,0.0,25.5,9.9,30.100000000000005,0.5,32.391666666666666,0.6,29.9,0.9,-0.6000000000000014,0.0,Tiruchirappalli,26.3,0.0
2024-05-11 19:00:00,27.6,94,0.0,999.9,4.3,5.8,30,5,19,11,5,5,132,28.2,0.0,29.5,0.5,32.2,0.0,34.2,0.1,25.4,0.1,29.33333333333333,0.5,31.84166666666667,0.5,29.99166666666667,0.8,-0.5999999999999979,0.0,Tiruchirappalli,26.2,0.0
2024-05-11 20:00:00,27.2,95,0.1,998.8,3.9,6.5,56,22,20,11,5,5,132,27.6,0.0,28.8,0.0,31.6,0.0,35.1,0.0,25.1,0.0,28.6,0.6,31.183333333333334,0.6,30.07916666666667,0.9,-0.4000000000000021,0.1,Tiruchirappalli,26.0,0.0
2024-05-11 21:00:00,27.0,92,1.4,998.9,2.6,8.4,100,106,21,11,5,5,132,27.2,0.1,28.2,0.0,30.3,0.0,35.3,0.0,25.1,0.0,28.05,2.0,30.491666666666664,2.0,30.15833333333333,2.3,-0.1999999999999993,1.2999999999999998,Tiruchirappalli,26.0,0.0
2024-05-11 22:00:00,26.7,95,0.6,998.8,5.5,9.9,100,79,22,11,5,5,132,27.0,1.4,27.6,0.0,29.5,0.5,34.8,0.0,25.0,0.0,27.58333333333333,2.1,29.816666666666663,2.6,30.229166666666668,2.9,-0.3000000000000007,-0.7999999999999999,Tiruchirappalli,25.9,0.0
2024-05-11 23:00:00,26.7,93,0.0,999.4,5.6,13.2,151,165,23,11,5,5,132,26.7,0.6,27.2,0.1,28.8,0.0,34.7,0.0,25.0,0.0,27.23333333333333,2.1,29.149999999999995,2.6,30.3,2.9,0.0,-0.6,Tiruchirappalli,25.5,0.2
2024-05-12 00:00:00,26.3,93,0.0,999.4,4.8,9.4,187,193,0,12,5,6,133,26.7,0.0,27.0,1.4,28.2,0.0,34.0,0.0,24.9,0.0,26.916666666666668,2.1,28.50833333333333,2.6,30.35833333333333,2.9,-0.3999999999999986,0.0,Tiruchirappalli,25.4,0.0
2024-05-12 01:00:00,27.3,81,0.1,1000.2,2.1,3.0,256,149,1,12,5,6,133,26.3,0.0,26.7,0.6,27.6,0.0,32.2,0.0,28.3,0.0,26.866666666666664,2.2,28.1,2.7,30.316666666666663,3.0,1.0,0.1,Tiruchirappalli,25.6,0.9
2024-05-12 02:00:00,28.8,76,0.0,1001.3,9.0,14.9,187,196,2,12,5,6,133,27.3,0.1,26.7,0.0,27.2,0.1,31.6,0.0,30.1,0.0,27.133333333333336,2.1,27.86666666666667,2.7,30.2625,3.0,1.5,-0.1,Tiruchirappalli,25.2,4.9
2024-05-12 03:00:00,29.4,72,0.7,1001.9,4.0,5.8,180,175,3,12,5,6,133,28.8,0.0,26.3,0.0,27.0,1.4,30.3,0.0,27.7,0.2,27.53333333333333,1.4,27.791666666666668,3.4,30.33333333333333,3.5,0.5999999999999979,0.7,Tiruchirappalli,25.5,0.5
2024-05-12 04:00:00,28.8,73,3.4,1002.1,3.4,3.6,53,32,4,12,5,6,133,29.4,0.7,27.3,0.1,26.7,0.6,29.5,0.5,28.6,0.0,27.88333333333333,4.2,27.73333333333333,6.3,30.34166666666667,6.9,-0.5999999999999979,2.7,Tiruchirappalli,26.9,0.2
2024-05-12 05:00:00,31.0,67,0.1,1001.6,3.5,4.2,329,336,5,12,5,6,133,28.8,3.4,28.8,0.0,26.7,0.0,28.8,0.0,30.9,0.0,28.6,4.3,27.916666666666668,6.4,30.34583333333333,6.999999999999999,2.2,-3.3,Tiruchirappalli,29.1,0.1
2024-05-12 06:00:00,33.2,60,0.0,1000.7,0.7,0.8,333,360,6,12,5,6,133,31.0,0.1,29.4,0.7,26.3,0.0,28.2,0.0,32.8,0.0,29.75,4.3,28.33333333333333,6.4,30.3625,6.999999999999999,2.200000000000003,-0.1,Tiruchirappalli,31.0,0.1
2024-05-12 07:00:00,34.5,55,0.0,999.7,0.8,1.6,153,117,7,12,5,6,133,33.2,0.0,28.8,3.4,27.3,0.1,27.6,0.0,34.2,0.1,30.950000000000003,4.2,28.90833333333333,6.4,30.375,6.9,1.2999999999999972,0.0,Tiruchirappalli,32.2,0.0
2024-05-12 08:00:00,35.9,47,0.0,998.2,6.6,7.4,76,77,8,12,5,6,133,34.5,0.0,31.0,0.1,28.8,0.0,27.2,0.1,35.1,0.0,32.13333333333333,4.2,29.633333333333336,6.3,30.40833333333333,6.9,1.3999999999999986,0.0,Tiruchirappalli,33.2,0.0
2024-05-12 09:00:00,29.7,73,2.2,997.2,12.8,18.0,123,122,9,12,5,6,133,35.9,0.0,33.2,0.0,29.4,0.7,27.0,1.4,35.3,0.0,32.18333333333333,5.7,29.85833333333333,7.1,30.175,9.1,-6.199999999999999,2.2,Tiruchirappalli,33.7,0.0
2024-05-12 10:00:00,32.4,63,0.1,996.5,7.9,10.3,119,120,10,12,5,6,133,29.7,2.2,34.5,0.0,28.8,3.4,26.7,0.6,34.8,0.0,32.78333333333333,2.4000000000000004,30.33333333333333,6.6000000000000005,30.075,9.2,2.7,-2.1,Tiruchirappalli,33.2,0.0
2024-05-12 11:00:00,32.4,63,0.0,996.9,12.3,16.6,131,130,11,12,5,6,133,32.4,0.1,35.9,0.0,31.0,0.1,26.7,0.0,34.7,0.0,33.016666666666666,2.3000000000000003,30.808333333333334,6.6000000000000005,29.979166666666668,9.2,0.0,-0.1,Tiruchirappalli,29.8,0.0
2024-05-12 12:00:00,32.1,61,0.0,997.5,11.6,16.6,150,150,12,12,5,6,133,32.4,0.0,29.7,2.2,33.2,0.0,26.3,0.0,34.0,0.0,32.833333333333336,2.3000000000000003,31.291666666666668,6.6000000000000005,29.9,9.2,-0.2999999999999971,0.0,Tiruchirappalli,29.2,0.0
2024-05-12 13:00:00,27.6,88,0.0,998.4,9.5,18.3,148,151,13,12,5,6,133,32.1,0.0,32.4,0.1,34.5,0.0,27.3,0.1,32.2,0.0,31.683333333333334,2.3000000000000003,31.316666666666663,6.5,29.70833333333333,9.2,-4.5,0.0,Tiruchirappalli,27.1,1.5
2024-05-12 14:00:00,27.0,89,1.2,999.3,6.3,14.9,165,149,14,12,5,6,133,27.6,0.0,32.4,0.0,35.9,0.0,28.8,0.0,31.6,0.0,30.2,3.5,31.166666666666668,7.7,29.516666666666666,10.4,-0.6000000000000014,1.2,Tiruchirappalli,26.5,0.0
2024-05-12 15:00:00,27.2,86,0.0,1000.2,3.0,10.0,150,104,15,12,5,6,133,27.0,1.2,32.1,0.0,29.7,2.2,29.4,0.7,30.3,0.0,29.78333333333333,1.3,30.98333333333333,7.0,29.387500000000003,10.4,0.1999999999999993,-1.2,Tiruchirappalli,26.6,0.1
2024-05-12 16:00:00,25.5,91,6.9,1000.8,7.7,13.5,155,127,16,12,5,6,133,27.2,0.0,27.6,0.0,32.4,0.1,28.8,3.4,29.5,0.5,28.633333333333336,8.1,30.70833333333333,10.5,29.22083333333333,16.8,-1.6999999999999993,6.9,Tiruchirappalli,26.4,0.1
2024-05-12 17:00:00,25.3,96,0.1,1000.6,3.3,2.4,117,13,17,12,5,6,133,25.5,6.9,27.0,1.2,32.4,0.0,31.0,0.1,28.8,0.0,27.450000000000003,8.200000000000001,30.23333333333333,10.500000000000002,29.075,16.900000000000002,-0.1999999999999993,-6.800000000000001,Tiruchirappalli,26.1,0.0
2024-05-12 18:00:00,24.9,99,3.2,1000.8,9.7,9.0,5,2,18,12,5,6,133,25.3,0.1,27.2,0.0,32.1,0.0,33.2,0.0,28.2,0.0,26.25,11.4,29.541666666666668,13.7,28.9375,20.1,-0.4000000000000021,3.1,Tiruchirappalli,26.1,0.0
2024-05-12 19:00:00,24.5,94,0.3,999.9,8.8,14.2,7,9,19,12,5,6,133,24.9,3.2,25.5,6.9,27.6,0.0,34.5,0.0,27.6,0.0,25.73333333333333,11.7,28.70833333333333,14.000000000000002,28.808333333333334,20.4,-0.3999999999999986,-2.9000000000000004,Tiruchirappalli,25.8,0.0
2024-05-12 20:00:00,24.6,98,0.3,999.0,2.5,10.5,6,352,20,12,5,6,133,24.5,0.3,25.3,0.1,27.0,1.2,35.9,0.0,27.2,0.1,25.33333333333333,10.8,27.766666666666666,14.3,28.7,20.6,0.1000000000000014,0.0,Tiruchirappalli,25.7,0.0
2024-05-12 21:00:00,24.9,96,0.0,998.4,4.6,9.2,339,321,21,12,5,6,133,24.6,0.3,24.9,3.2,27.2,0.0,29.7,2.2,27.0,1.4,24.95,10.8,27.366666666666664,12.1,28.6125,19.2,0.2999999999999971,-0.3,Tiruchirappalli,25.6,0.0
2024-05-12 22:00:00,25.0,94,0.0,998.1,3.6,5.5,349,354,22,12,5,6,133,24.9,0.0,24.5,0.3,25.5,6.9,32.4,0.1,26.7,0.6,24.866666666666664,3.9,26.75,12.0,28.541666666666668,18.6,0.1000000000000014,0.0,Tiruchirappalli,25.5,0.0
2024-05-12 23:00:00,24.7,96,0.0,998.8,2.5,2.9,360,360,23,12,5,6,133,25.0,0.0,24.6,0.3,25.3,0.1,32.4,0.0,26.7,0.0,24.766666666666666,3.8,26.10833333333333,12.0,28.45833333333333,18.6,-0.3000000000000007,0.0,Tiruchirappalli,24.9,0.0
2024-05-13 00:00:00,24.6,97,0.0,999.3,1.1,1.4,270,252,0,13,5,0,134,24.7,0.0,24.9,0.0,24.9,3.2,32.1,0.0,26.3,0.0,24.71666666666667,0.6,25.48333333333333,12.0,28.387500000000003,18.6,-0.0999999999999978,0.0,Tiruchirappalli,25.3,0.0
2024-05-13 01:00:00,27.9,94,0.1,999.0,9.0,15.5,273,275,1,13,5,0,134,24.6,0.0,25.0,0.0,24.5,0.3,27.6,0.0,27.3,0.1,25.28333333333333,0.4,25.50833333333333,12.1,28.4125,18.6,3.299999999999997,0.1,Tiruchirappalli,26.4,0.0
2024-05-13 02:00:00,28.9,89,0.0,1000.1,7.3,11.9,265,261,2,13,5,0,134,27.9,0.1,24.7,0.0,24.6,0.3,27.0,1.2,28.8,0.0,26.0,0.1,25.666666666666668,10.900000000000002,28.416666666666668,18.6,1.0,-0.1,Tiruchirappalli,27.7,0.0
2024-05-13 03:00:00,30.7,77,0.0,1000.9,4.4,5.4,262,261,3,13,5,0,134,28.9,0.0,24.6,0.0,24.9,0.0,27.2,0.0,29.4,0.7,26.96666666666667,0.1,25.95833333333333,10.900000000000002,28.47083333333333,17.900000000000002,1.8000000000000007,0.0,Tiruchirappalli,29.3,0.1
2024-05-13 04:00:00,32.5,68,0.1,1000.4,5.0,6.4,243,249,4,13,5,0,134,30.7,0.0,27.9,0.1,25.0,0.0,25.5,6.9,28.8,3.4,28.21666666666667,0.2,26.541666666666668,4.1000000000000005,28.625,14.6,1.8000000000000007,0.1,Tiruchirappalli,29.6,0.2
2024-05-13 05:00:00,33.8,61,0.0,999.7,1.4,1.8,180,180,5,13,5,0,134,32.5,0.1,28.9,0.0,24.7,0.0,25.3,0.1,31.0,0.1,29.73333333333333,0.2,27.25,4.000000000000001,28.741666666666664,14.5,1.2999999999999972,-0.1,Tiruchirappalli,29.8,0.0
2024-05-13 06:00:00,35.3,53,0.0,998.8,4.8,5.6,105,103,6,13,5,0,134,33.8,0.0,30.7,0.0,24.6,0.0,24.9,3.2,33.2,0.0,31.516666666666666,0.2,28.116666666666664,0.8,28.829166666666666,14.5,1.5,0.0,Tiruchirappalli,31.0,0.1
2024-05-13 07:00:00,35.8,50,0.0,997.7,5.0,6.3,114,111,7,13,5,0,134,35.3,0.0,32.5,0.1,27.9,0.1,24.5,0.3,34.5,0.0,32.833333333333336,0.1,29.058333333333334,0.4999999999999999,28.883333333333336,14.5,0.5,0.0,Tiruchirappalli,32.4,0.1
2024-05-13 08:00:00,36.2,47,0.0,996.4,5.2,6.6,61,65,8,13,5,0,134,35.8,0.0,33.8,0.0,28.9,0.0,24.6,0.3,35.9,0.0,34.050000000000004,0.1,30.024999999999995,0.2,28.89583333333333,14.5,0.4000000000000057,0.0,Tiruchirappalli,32.9,0.0
2024-05-13 09:00:00,33.6,57,0.4,996.0,13.3,17.4,72,71,9,13,5,0,134,36.2,0.0,35.3,0.0,30.7,0.0,24.9,0.0,29.7,2.2,34.53333333333334,0.5,30.75,0.6000000000000001,29.058333333333334,12.7,-2.6000000000000014,0.4,Tiruchirappalli,33.7,0.0
2024-05-13 10:00:00,34.4,54,0.0,995.4,10.8,14.2,69,69,10,13,5,0,134,33.6,0.4,35.8,0.0,32.5,0.1,25.0,0.0,32.4,0.1,34.849999999999994,0.4,31.53333333333333,0.6000000000000001,29.141666666666666,12.6,0.7999999999999972,-0.4,Tiruchirappalli,32.2,1.1
2024-05-13 11:00:00,33.9,54,0.0,995.9,9.7,12.6,90,86,11,13,5,0,134,34.4,0.0,36.2,0.0,33.8,0.0,24.7,0.0,32.4,0.0,34.86666666666667,0.4,32.300000000000004,0.6000000000000001,29.204166666666666,12.6,-0.5,0.0,Tiruchirappalli,27.1,11.2
2024-05-13 12:00:00,33.1,57,0.0,996.3,8.7,12.0,97,97,12,13,5,0,134,33.9,0.0,33.6,0.4,35.3,0.0,24.6,0.0,32.1,0.0,34.5,0.4,33.00833333333333,0.6000000000000001,29.245833333333334,12.6,-0.7999999999999972,0.0,Tiruchirappalli,26.2,4.1
2024-05-13 13:00:00,30.0,73,0.0,998.4,9.0,13.8,186,185,13,13,5,0,134,33.1,0.0,34.4,0.0,35.8,0.0,27.9,0.1,27.6,0.0,33.53333333333333,0.4,33.18333333333334,0.5,29.34583333333333,12.6,-3.1000000000000014,0.0,Tiruchirappalli,27.9,0.2
2024-05-13 14:00:00,29.6,75,0.0,998.7,6.0,10.6,208,213,14,13,5,0,134,30.0,0.0,33.9,0.0,36.2,0.0,28.9,0.0,27.0,1.2,32.43333333333334,0.4,33.24166666666667,0.5,29.454166666666666,11.4,-0.3999999999999986,0.0,Tiruchirappalli,27.6,0.2
2024-05-13 15:00:00,29.4,77,0.0,998.9,5.9,10.9,174,166,15,13,5,0,134,29.6,0.0,33.1,0.0,33.6,0.4,30.7,0.0,27.2,0.0,31.73333333333333,0.0,33.13333333333333,0.5,29.54583333333333,11.4,-0.2000000000000028,0.0,Tiruchirappalli,27.4,0.4
2024-05-13 16:00:00,28.6,82,0.0,999.1,10.7,16.5,169,166,16,13,5,0,134,29.4,0.0,30.0,0.0,34.4,0.0,32.5,0.1,25.5,6.9,30.76666666666667,0.0,32.80833333333333,0.4,29.675,4.5,-0.7999999999999972,0.0,Tiruchirappalli,26.8,3.3
2024-05-13 17:00:00,26.0,93,7.1,1000.3,13.4,21.1,8,6,17,13,5,0,134,28.6,0.0,29.6,0.0,33.9,0.0,33.8,0.0,25.3,0.1,29.450000000000003,7.1,32.15833333333333,7.5,29.704166666666666,11.5,-2.6000000000000014,7.1,Tiruchirappalli,26.1,5.3
2024-05-13 18:00:00,25.6,92,0.8,999.3,2.3,3.1,339,342,18,13,5,0,134,26.0,7.1,29.4,0.0,33.1,0.0,35.3,0.0,24.9,3.2,28.200000000000003,7.899999999999999,31.350000000000005,8.3,29.73333333333333,9.1,-0.3999999999999986,-6.3,Tiruchirappalli,26.1,1.6
2024-05-13 19:00:00,25.5,95,0.4,999.0,1.5,2.3,321,315,19,13,5,0,134,25.6,0.8,28.6,0.0,30.0,0.0,35.8,0.0,24.5,0.3,27.45,8.299999999999999,30.49166666666667,8.7,29.775,9.2,-0.1000000000000014,-0.4,Tiruchirappalli,25.5,3.7
2024-05-13 20:00:00,25.4,95,0.3,998.8,3.2,4.3,360,360,20,13,5,0,134,25.5,0.4,26.0,7.1,29.6,0.0,36.2,0.0,24.6,0.3,26.75,8.6,29.59166666666667,9.0,29.808333333333334,9.2,-0.1000000000000014,-0.1,Tiruchirappalli,25.3,0.9
2024-05-13 21:00:00,25.1,96,0.1,997.8,5.7,8.9,317,305,21,13,5,0,134,25.4,0.3,25.6,0.8,29.4,0.0,33.6,0.4,24.9,0.0,26.03333333333333,8.7,28.883333333333336,8.7,29.816666666666663,9.3,-0.2999999999999971,-0.1999999999999999,Tiruchirappalli,25.1,2.0
2024-05-13 22:00:00,25.2,95,0.0,997.8,3.0,4.7,274,256,22,13,5,0,134,25.1,0.1,25.5,0.4,28.6,0.0,34.4,0.0,25.0,0.0,25.466666666666665,8.7,28.11666666666667,8.7,29.825,9.3,0.0999999999999978,-0.1,Tiruchirappalli,24.9,0.9
2024-05-13 23:00:00,25.3,94,0.0,998.3,3.3,5.1,262,257,23,13,5,0,134,25.2,0.0,25.4,0.3,26.0,7.1,33.9,0.0,24.7,0.0,25.35,1.6,27.4,8.7,29.85,9.3,0.1000000000000014,0.0,Tiruchirappalli,24.9,0.1
2024-05-14 00:00:00,25.3,96,0.0,998.9,5.2,8.7,277,282,0,14,5,1,135,25.3,0.0,25.1,0.1,25.6,0.8,33.1,0.0,24.6,0.0,25.3,0.8,26.750000000000004,8.7,29.879166666666663,9.3,0.0,0.0,Tiruchirappalli,24.9,0.1
2024-05-14 01:00:00,26.3,88,0.0,998.5,6.5,13.3,303,289,1,14,5,1,135,25.3,0.0,25.2,0.0,25.5,0.4,30.0,0.0,27.9,0.1,25.433333333333334,0.4,26.441666666666663,8.7,29.8125,9.2,1.0,0.0,Tiruchirappalli,26.1,0.0
2024-05-14 02:00:00,27.7,82,0.0,999.7,7.3,12.2,272,261,2,14,5,1,135,26.3,0.0,25.3,0.0,25.4,0.3,29.6,0.0,28.9,0.0,25.816666666666663,0.1,26.28333333333333,8.7,29.7625,9.2,1.3999999999999986,0.0,Tiruchirappalli,26.8,0.0
2024-05-14 03:00:00,29.8,70,0.0,1000.5,5.4,7.6,267,266,3,14,5,1,135,27.7,0.0,25.3,0.0,25.1,0.1,29.4,0.0,30.7,0.0,26.6,0.0,26.316666666666663,8.7,29.725,9.2,2.1000000000000014,0.0,Tiruchirappalli,27.7,0.0
2024-05-14 04:00:00,31.2,65,0.0,1001.1,3.1,4.1,142,135,4,14,5,1,135,29.8,0.0,26.3,0.0,25.2,0.0,28.6,0.0,32.5,0.1,27.600000000000005,0.0,26.53333333333333,8.7,29.67083333333333,9.1,1.3999999999999986,0.0,Tiruchirappalli,28.7,0.0
2024-05-14 05:00:00,31.8,63,0.0,1000.4,1.9,2.2,189,158,5,14,5,1,135,31.2,0.0,27.7,0.0,25.3,0.0,26.0,7.1,33.8,0.0,28.683333333333334,0.0,27.016666666666666,1.6,29.5875,9.1,0.6000000000000014,0.0,Tiruchirappalli,30.4,0.1
2024-05-14 06:00:00,32.8,61,0.0,1000.2,5.4,6.2,83,82,6,14,5,1,135,31.8,0.0,29.8,0.0,25.3,0.0,25.6,0.8,35.3,0.0,29.933333333333334,0.0,27.616666666666664,0.8,29.48333333333333,9.1,0.9999999999999964,0.0,Tiruchirappalli,30.8,0.1
2024-05-14 07:00:00,32.8,61,0.0,999.1,7.3,8.4,70,70,7,14,5,1,135,32.8,0.0,31.2,0.0,26.3,0.0,25.5,0.4,35.8,0.0,31.016666666666666,0.0,28.225,0.4,29.35833333333333,9.1,0.0,0.0,Tiruchirappalli,32.3,0.0
2024-05-14 08:00:00,33.6,59,0.0,997.5,6.6,7.6,19,22,8,14,5,1,135,32.8,0.0,31.8,0.0,27.7,0.0,25.4,0.3,36.2,0.0,32.0,0.0,28.90833333333333,0.1,29.25,9.1,0.8000000000000043,0.0,Tiruchirappalli,32.9,0.0
2024-05-14 09:00:00,33.9,56,0.0,996.3,4.3,5.0,360,5,9,14,5,1,135,33.6,0.0,32.8,0.0,29.8,0.0,25.1,0.1,33.6,0.4,32.68333333333333,0.0,29.641666666666666,0.0,29.2625,8.7,0.2999999999999971,0.0,Tiruchirappalli,33.4,0.0
2024-05-14 10:00:00,34.3,51,0.0,995.8,5.0,6.1,28,30,10,14,5,1,135,33.9,0.0,32.8,0.0,31.2,0.0,25.2,0.0,34.4,0.0,33.2,0.0,30.4,0.0,29.258333333333336,8.7,0.3999999999999986,0.0,Tiruchirappalli,30.1,5.4
2024-05-14 11:00:00,33.9,50,0.0,996.2,2.4,3.4,32,27,11,14,5,1,135,34.3,0.0,33.6,0.0,31.8,0.0,25.3,0.0,33.9,0.0,33.550000000000004,0.0,31.116666666666664,0.0,29.258333333333336,8.7,-0.3999999999999986,0.0,Tiruchirappalli,27.5,3.3
2024-05-14 12:00:00,32.0,57,0.0,997.2,1.6,2.8,230,207,12,14,5,1,135,33.9,0.0,33.9,0.0,32.8,0.0,25.3,0.0,33.1,0.0,33.416666666666664,0.0,31.675,0.0,29.2125,8.7,-1.8999999999999984,0.0,Tiruchirappalli,26.3,4.8
2024-05-14 13:00:00,31.3,64,0.2,998.1,10.4,18.4,55,46,13,14,5,1,135,32.0,0.0,34.3,0.0,32.8,0.0,26.3,0.0,30.0,0.0,33.166666666666664,0.2,32.09166666666667,0.2,29.266666666666666,8.9,-0.6999999999999993,0.2,Tiruchirappalli,27.2,3.6
2024-05-14 14:00:00,30.3,70,0.0,998.3,3.7,11.1,65,61,14,14,5,1,135,31.3,0.2,33.9,0.0,33.6,0.0,27.7,0.0,29.6,0.0,32.61666666666667,0.2,32.30833333333333,0.2,29.29583333333333,8.9,-1.0,-0.2,Tiruchirappalli,26.7,1.2
2024-05-14 15:00:00,29.3,80,0.0,999.8,4.3,7.1,114,138,15,14,5,1,135,30.3,0.0,32.0,0.0,33.9,0.0,29.8,0.0,29.4,0.0,31.85,0.2,32.266666666666666,0.2,29.291666666666668,8.9,-1.0,0.0,Tiruchirappalli,26.6,0.2
2024-05-14 16:00:00,29.3,76,0.0,1000.0,5.8,12.4,202,210,16,14,5,1,135,29.3,0.0,31.3,0.2,34.3,0.0,31.2,0.0,28.6,0.0,31.016666666666666,0.2,32.10833333333333,0.2,29.320833333333336,8.9,0.0,0.0,Tiruchirappalli,26.6,0.0
2024-05-14 17:00:00,28.4,82,0.0,1000.5,7.9,14.0,222,219,17,14,5,1,135,29.3,0.0,30.3,0.0,33.9,0.0,31.8,0.0,26.0,7.1,30.1,0.2,31.825000000000003,0.2,29.42083333333333,1.8,-0.9000000000000021,0.0,Tiruchirappalli,26.3,0.4
2024-05-14 18:00:00,27.7,82,0.0,1000.3,8.4,15.0,201,200,18,14,5,1,135,28.4,0.0,29.3,0.0,32.0,0.0,32.8,0.0,25.6,0.8,29.383333333333336,0.2,31.4,0.2,29.50833333333333,1.0,-0.6999999999999993,0.0,Tiruchirappalli,25.6,1.0
2024-05-14 19:00:00,27.4,83,0.0,999.9,7.5,15.3,199,197,19,14,5,1,135,27.7,0.0,29.3,0.0,31.3,0.2,32.8,0.0,25.5,0.4,28.73333333333333,0.0,30.95,0.2,29.5875,0.6,-0.3000000000000007,0.0,Tiruchirappalli,25.5,2.2
2024-05-14 20:00:00,27.2,86,0.0,999.0,3.0,8.4,227,256,20,14,5,1,135,27.4,0.0,28.4,0.0,30.3,0.0,33.6,0.0,25.4,0.3,28.216666666666665,0.0,30.41666666666666,0.2,29.6625,0.3,-0.1999999999999993,0.0,Tiruchirappalli,25.4,0.2
2024-05-14 21:00:00,27.0,88,0.0,998.4,2.3,6.0,287,321,21,14,5,1,135,27.2,0.0,27.7,0.0,29.3,0.0,33.9,0.0,25.1,0.1,27.83333333333333,0.0,29.841666666666665,0.2,29.741666666666664,0.2,-0.1999999999999993,0.0,Tiruchirappalli,25.4,0.0
2024-05-14 22:00:00,26.9,89,0.0,997.7,1.6,5.6,285,243,22,14,5,1,135,27.0,0.0,27.4,0.0,29.3,0.0,34.3,0.0,25.2,0.0,27.433333333333334,0.0,29.225,0.2,29.8125,0.2,-0.1000000000000014,0.0,Tiruchirappalli,24.9,5.5
2024-05-14 23:00:00,26.4,92,0.0,997.8,5.6,11.8,310,310,23,14,5,1,135,26.9,0.0,27.2,0.0,28.4,0.0,33.9,0.0,25.3,0.0,27.1,0.0,28.6,0.2,29.85833333333333,0.2,-0.5,0.0,Tiruchirappalli,24.5,3.7
2024-05-15 00:00:00,26.1,94,0.0,998.7,8.5,15.7,286,282,0,15,5,2,136,26.4,0.0,27.0,0.0,27.7,0.0,32.0,0.0,25.3,0.0,26.83333333333333,0.0,28.10833333333333,0.2,29.891666666666666,0.2,-0.2999999999999971,0.0,Tiruchirappalli,24.2,3.3
2024-05-15 01:00:00,27.8,92,0.0,999.1,5.6,13.3,311,320,1,15,5,2,136,26.1,0.0,26.9,0.0,27.4,0.0,31.3,0.2,26.3,0.0,26.9,0.0,27.816666666666663,0.0,29.954166666666666,0.2,1.6999999999999993,0.0,Tiruchirappalli,26.1,0.0
2024-05-15 02:00:00,28.9,85,0.0,999.4,5.4,7.2,333,340,2,15,5,2,136,27.8,0.0,26.4,0.0,27.2,0.0,30.3,0.0,27.7,0.0,27.183333333333334,0.0,27.7,0.0,30.004166666666663,0.2,1.099999999999998,0.0,Tiruchirappalli,26.1,1.5
2024-05-15 03:00:00,30.6,75,0.0,1000.1,8.5,11.0,308,306,3,15,5,2,136,28.9,0.0,26.1,0.0,27.0,0.0,29.3,0.0,29.8,0.0,27.78333333333333,0.0,27.808333333333337,0.0,30.0375,0.2,1.7000000000000028,0.0,Tiruchirappalli,26.5,8.4
2024-05-15 04:00:00,32.0,67,0.0,1000.5,8.2,10.2,309,308,4,15,5,2,136,30.6,0.0,27.8,0.0,26.9,0.0,29.3,0.0,31.2,0.0,28.633333333333336,0.0,28.03333333333333,0.0,30.070833333333336,0.2,1.3999999999999986,0.0,Tiruchirappalli,26.9,5.8
2024-05-15 05:00:00,32.9,62,0.0,999.7,7.0,9.1,326,325,5,15,5,2,136,32.0,0.0,28.9,0.0,26.4,0.0,28.4,0.0,31.8,0.0,29.71666666666667,0.0,28.40833333333333,0.0,30.116666666666664,0.2,0.8999999999999986,0.0,Tiruchirappalli,26.5,4.9
2024-05-15 06:00:00,34.6,56,0.0,998.4,6.5,8.3,342,341,6,15,5,2,136,32.9,0.0,30.6,0.0,26.1,0.0,27.7,0.0,32.8,0.0,31.133333333333336,0.0,28.98333333333333,0.0,30.191666666666663,0.2,1.7000000000000028,0.0,Tiruchirappalli,26.6,4.5
2024-05-15 07:00:00,34.7,54,0.0,997.9,3.5,4.5,61,66,7,15,5,2,136,34.6,0.0,32.0,0.0,27.8,0.0,27.4,0.0,32.8,0.0,32.28333333333333,0.0,29.59166666666667,0.0,30.27083333333333,0.2,0.1000000000000014,0.0,Tiruchirappalli,26.6,1.7
2024-05-15 08:00:00,33.1,57,2.9,997.5,16.8,21.7,111,113,8,15,5,2,136,34.7,0.0,32.9,0.0,28.9,0.0,27.2,0.0,33.6,0.0,32.98333333333334,2.9,30.08333333333333,2.9,30.25,3.1,-1.6000000000000014,2.9,Tiruchirappalli,27.5,0.8
2024-05-15 09:00:00,27.9,87,2.7,998.1,6.6,10.3,126,131,9,15,5,2,136,33.1,2.9,34.6,0.0,30.6,0.0,27.0,0.0,33.9,0.0,32.53333333333333,5.6,30.15833333333333,5.6,30.0,5.800000000000001,-5.200000000000003,-0.1999999999999997,Tiruchirappalli,27.9,0.2
2024-05-15 10:00:00,27.8,87,0.5,997.5,7.9,10.4,134,133,10,15,5,2,136,27.9,2.7,34.7,0.0,32.0,0.0,26.9,0.0,34.3,0.0,31.83333333333333,6.1,30.23333333333333,6.1,29.729166666666668,6.300000000000001,-0.0999999999999978,-2.2,Tiruchirappalli,28.8,0.0
2024-05-15 11:00:00,28.3,86,0.4,997.6,7.7,10.8,116,118,11,15,5,2,136,27.8,0.5,33.1,2.9,32.9,0.0,26.4,0.0,33.9,0.0,31.06666666666668,6.5,30.39166666666667,6.5,29.495833333333334,6.7,0.5,-0.0999999999999999,Tiruchirappalli,28.3,0.0
2024-05-15 12:00:00,28.2,88,0.3,997.9,5.4,8.5,144,143,12,15,5,2,136,28.3,0.4,27.9,2.7,34.6,0.0,26.1,0.0,32.0,0.0,30.0,6.8,30.566666666666663,6.8,29.3375,7.0,-0.1000000000000014,-0.1,Tiruchirappalli,27.7,0.1
2024-05-15 13:00:00,28.3,87,1.9,999.1,15.0,23.5,139,145,13,15,5,2,136,28.2,0.3,27.8,0.5,34.7,0.0,27.8,0.0,31.3,0.2,28.933333333333337,8.7,30.60833333333333,8.7,29.2125,8.7,0.1000000000000014,1.6,Tiruchirappalli,26.9,0.3
2024-05-15 14:00:00,26.9,96,2.6,1000.0,8.9,15.9,141,140,14,15,5,2,136,28.3,1.9,28.3,0.4,33.1,2.9,28.9,0.0,30.3,0.0,27.899999999999995,8.399999999999999,30.441666666666663,11.3,29.07083333333333,11.3,-1.400000000000002,0.7000000000000002,Tiruchirappalli,26.4,0.3
2024-05-15 15:00:00,26.2,94,9.3,1001.0,8.7,16.1,117,114,15,15,5,2,136,26.9,2.6,28.2,0.3,27.9,2.7,30.6,0.0,29.3,0.0,27.61666666666667,15.0,30.075,20.6,28.941666666666663,20.6,-0.6999999999999993,6.700000000000001,Tiruchirappalli,25.9,0.3
2024-05-15 16:00:00,26.3,96,2.5,1001.3,4.5,7.7,79,61,16,15,5,2,136,26.2,9.3,28.3,1.9,27.8,0.5,32.0,0.0,29.3,0.0,27.366666666666664,17.0,29.6,23.1,28.816666666666663,23.1,0.1000000000000014,-6.800000000000001,Tiruchirappalli,25.7,2.0
2024-05-15 17:00:00,26.2,97,0.6,1001.4,3.7,6.7,54,29,17,15,5,2,136,26.3,2.5,26.9,2.6,28.3,0.4,32.9,0.0,28.4,0.0,27.016666666666666,17.2,29.041666666666668,23.700000000000003,28.725,23.700000000000003,-0.1000000000000014,-1.9,Tiruchirappalli,25.3,1.7
2024-05-15 18:00:00,26.0,96,0.1,1001.2,4.7,8.4,20,9,18,15,5,2,136,26.2,0.6,26.2,9.3,28.2,0.3,34.6,0.0,27.7,0.0,26.65,17.0,28.325,23.8,28.65416666666667,23.8,-0.1999999999999993,-0.5,Tiruchirappalli,25.0,1.4
2024-05-15 19:00:00,25.5,98,0.0,1000.4,2.9,5.0,30,360,19,15,5,2,136,26.0,0.1,26.3,2.5,28.3,1.9,34.7,0.0,27.4,0.0,26.183333333333337,15.1,27.558333333333334,23.8,28.575,23.8,-0.5,-0.1,Tiruchirappalli,25.1,0.3
2024-05-15 20:00:00,25.7,96,0.0,999.6,2.2,5.8,4,351,20,15,5,2,136,25.5,0.0,26.2,0.6,26.9,2.6,33.1,2.9,27.2,0.0,25.98333333333333,12.5,26.941666666666663,20.9,28.512500000000003,23.8,0.1999999999999993,0.0,Tiruchirappalli,25.1,0.1
2024-05-15 21:00:00,25.7,96,0.0,999.3,2.5,4.8,297,270,21,15,5,2,136,25.7,0.0,26.0,0.1,26.2,9.3,27.9,2.7,27.0,0.0,25.899999999999995,3.2,26.75833333333333,18.2,28.45833333333333,23.8,0.0,0.0,Tiruchirappalli,25.1,0.0
2024-05-15 22:00:00,25.7,96,0.0,998.6,4.2,7.2,252,239,22,15,5,2,136,25.7,0.0,25.5,0.0,26.3,2.5,27.8,0.5,26.9,0.0,25.8,0.7,26.58333333333333,17.7,28.40833333333333,23.8,0.0,0.0,Tiruchirappalli,24.9,0.0
2024-05-15 23:00:00,25.5,99,0.0,999.0,2.1,5.9,281,301,23,15,5,2,136,25.7,0.0,25.7,0.0,26.2,0.6,28.3,0.4,26.4,0.0,25.683333333333334,0.1,26.350000000000005,17.3,28.370833333333334,23.8,-0.1999999999999993,0.0,Tiruchirappalli,24.7,0.0
2024-05-16 00:00:00,25.6,98,0.0,999.3,1.4,1.1,18,90,0,16,5,3,137,25.5,0.0,25.7,0.0,26.0,0.1,28.2,0.3,26.1,0.0,25.616666666666664,0.0,26.13333333333333,17.0,28.350000000000005,23.8,0.1000000000000014,0.0,Tiruchirappalli,24.7,0.0
2024-05-16 01:00:00,25.3,95,0.0,1000.2,11.2,19.7,291,291,1,16,5,3,137,25.6,0.0,25.7,0.0,25.5,0.0,28.3,1.9,27.8,0.0,25.58333333333333,0.0,25.88333333333333,15.1,28.245833333333334,23.8,-0.3000000000000007,0.0,Tiruchirappalli,25.0,6.1
2024-05-16 02:00:00,25.8,94,1.3,1001.0,10.7,19.1,290,290,2,16,5,3,137,25.3,0.0,25.5,0.0,25.7,0.0,26.9,2.6,28.9,0.0,25.6,1.3,25.791666666666668,13.8,28.116666666666664,25.1,0.5,1.3,Tiruchirappalli,25.3,4.6
2024-05-16 03:00:00,26.3,93,2.4,1001.3,9.8,16.1,294,294,3,16,5,3,137,25.8,1.3,25.6,0.0,25.7,0.0,26.2,9.3,30.6,0.0,25.7,3.7,25.8,6.9,27.9375,27.5,0.5,1.1,Tiruchirappalli,25.8,0.2
2024-05-16 04:00:00,26.1,94,0.5,1001.8,8.4,15.0,314,310,4,16,5,3,137,26.3,2.4,25.3,0.0,25.7,0.0,26.3,2.5,32.0,0.0,25.76666666666667,4.199999999999999,25.78333333333333,4.9,27.691666666666663,28.0,-0.1999999999999993,-1.9,Tiruchirappalli,26.3,4.9
2024-05-16 05:00:00,27.3,77,0.2,1002.3,9.4,12.9,337,337,5,16,5,3,137,26.1,0.5,25.8,1.3,25.5,0.0,26.2,0.6,32.9,0.0,26.066666666666663,4.4,25.875,4.5,27.45833333333333,28.200000000000003,1.1999999999999993,-0.3,Tiruchirappalli,26.3,0.5
2024-05-16 06:00:00,25.7,92,2.4,1001.9,7.5,13.4,333,325,6,16,5,3,137,27.3,0.2,26.3,2.4,25.6,0.0,26.0,0.1,34.6,0.0,26.08333333333334,6.8,25.85,6.8,27.0875,30.6,-1.6000000000000014,2.2,Tiruchirappalli,27.6,0.3
2024-05-16 07:00:00,25.1,93,2.8,1001.6,8.4,13.8,317,310,7,16,5,3,137,25.7,2.4,26.1,0.5,25.3,0.0,25.5,0.0,34.7,0.0,26.05,9.6,25.816666666666663,9.6,26.6875,33.4,-0.5999999999999979,0.3999999999999999,Tiruchirappalli,28.0,0.4
2024-05-16 08:00:00,25.1,92,2.1,1000.5,4.7,8.3,304,270,8,16,5,3,137,25.1,2.8,27.3,0.2,25.8,1.3,25.7,0.0,33.1,2.9,25.933333333333334,10.4,25.76666666666667,11.7,26.354166666666668,32.6,0.0,-0.6999999999999997,Tiruchirappalli,29.1,0.2
2024-05-16 09:00:00,25.9,83,0.4,999.2,3.2,3.3,257,243,9,16,5,3,137,25.1,2.1,25.7,2.4,26.3,2.4,25.7,0.0,27.9,2.7,25.86666666666667,8.4,25.78333333333333,12.1,26.27083333333333,30.3,0.7999999999999972,-1.7000000000000002,Tiruchirappalli,29.6,0.0
2024-05-16 10:00:00,26.4,77,0.0,998.0,4.2,4.8,257,250,10,16,5,3,137,25.9,0.4,25.1,2.8,26.1,0.5,25.7,0.0,27.8,0.5,25.916666666666668,7.899999999999999,25.841666666666665,12.1,26.2125,29.8,0.5,-0.4,Tiruchirappalli,29.4,1.1
2024-05-16 11:00:00,26.2,78,0.5,997.8,6.0,7.6,251,245,11,16,5,3,137,26.4,0.0,25.1,2.1,27.3,0.2,25.5,0.0,28.3,0.4,25.73333333333333,8.2,25.899999999999995,12.6,26.125,29.9,-0.1999999999999993,0.5,Tiruchirappalli,28.4,0.4
2024-05-16 12:00:00,26.3,79,0.4,998.2,2.5,4.0,270,270,12,16,5,3,137,26.2,0.5,25.9,0.4,25.7,2.4,25.6,0.0,28.2,0.3,25.83333333333333,6.199999999999999,25.95833333333333,13.0,26.04583333333333,30.0,0.1000000000000014,-0.0999999999999999,Tiruchirappalli,27.1,1.7
2024-05-16 13:00:00,28.7,77,0.0,998.2,4.8,7.1,60,63,13,16,5,3,137,26.3,0.4,26.4,0.0,25.1,2.8,25.3,0.0,28.3,1.9,26.433333333333334,3.3999999999999995,26.241666666666664,13.0,26.0625,28.1,2.3999999999999986,-0.4,Tiruchirappalli,28.6,0.0
2024-05-16 14:00:00,28.0,81,0.0,998.7,4.7,7.4,76,86,14,16,5,3,137,28.7,0.0,26.2,0.5,25.1,2.1,25.8,1.3,26.9,2.6,26.916666666666668,1.2999999999999996,26.425,11.7,26.10833333333333,25.5,-0.6999999999999993,0.0,Tiruchirappalli,28.2,0.1
2024-05-16 15:00:00,27.4,83,0.0,999.7,4.3,10.8,75,90,15,16,5,3,137,28.0,0.0,26.3,0.4,25.9,0.4,26.3,2.4,26.2,9.3,27.166666666666668,0.8999999999999996,26.516666666666666,9.3,26.15833333333333,16.2,-0.6000000000000014,0.0,Tiruchirappalli,27.6,0.1
2024-05-16 16:00:00,26.8,89,0.0,1000.0,5.3,9.2,48,62,16,16,5,3,137,27.4,0.0,28.7,0.0,26.4,0.0,26.1,0.5,26.3,2.5,27.23333333333333,0.8999999999999996,26.575000000000003,8.8,26.17916666666667,13.7,-0.5999999999999979,0.0,Tiruchirappalli,27.0,0.2
2024-05-16 17:00:00,26.8,87,0.0,999.9,6.5,14.5,30,34,17,16,5,3,137,26.8,0.0,28.0,0.0,26.2,0.5,27.3,0.2,26.2,0.6,27.33333333333333,0.3999999999999996,26.53333333333333,8.6,26.204166666666666,13.1,0.0,0.0,Tiruchirappalli,26.5,0.2
2024-05-16 18:00:00,26.3,89,0.0,999.7,3.8,11.0,38,41,18,16,5,3,137,26.8,0.0,27.4,0.0,26.3,0.4,25.7,2.4,26.0,0.1,27.33333333333333,0.0,26.58333333333333,6.2,26.21666666666667,13.0,-0.5,0.0,Tiruchirappalli,26.0,0.1
2024-05-16 19:00:00,26.2,89,0.0,999.2,3.1,8.9,50,69,19,16,5,3,137,26.3,0.0,26.8,0.0,28.7,0.0,25.1,2.8,25.5,0.0,26.916666666666668,0.0,26.675,3.4000000000000004,26.245833333333334,13.0,-0.1000000000000014,0.0,Tiruchirappalli,25.9,0.0
2024-05-16 20:00:00,26.0,91,0.0,998.4,2.3,6.8,58,108,20,16,5,3,137,26.2,0.0,26.8,0.0,28.0,0.0,25.1,2.1,25.7,0.0,26.58333333333333,0.0,26.75,1.3,26.25833333333333,13.0,-0.1999999999999993,0.0,Tiruchirappalli,26.0,0.0
2024-05-16 21:00:00,26.0,93,0.0,998.0,1.1,5.6,50,108,21,16,5,3,137,26.0,0.0,26.3,0.0,27.4,0.0,25.9,0.4,25.7,0.0,26.35,0.0,26.758333333333336,0.9,26.27083333333333,13.0,0.0,0.0,Tiruchirappalli,25.6,0.0
2024-05-16 22:00:00,25.9,93,0.0,997.7,1.8,5.0,30,323,22,16,5,3,137,26.0,0.0,26.2,0.0,26.8,0.0,26.4,0.0,25.7,0.0,26.200000000000003,0.0,26.71666666666667,0.9,26.279166666666665,13.0,-0.1000000000000014,0.0,Tiruchirappalli,25.7,0.0
2024-05-16 23:00:00,25.5,95,0.2,997.7,0.8,2.9,360,243,23,16,5,3,137,25.9,0.0,26.0,0.0,26.8,0.0,26.2,0.5,25.5,0.0,25.98333333333333,0.1999999999999995,26.65833333333333,0.6000000000000001,26.279166666666665,13.2,-0.3999999999999986,0.2,Tiruchirappalli,25.6,0.0
2024-05-17 00:00:00,25.4,97,0.0,998.2,1.9,2.6,344,248,0,17,5,4,138,25.5,0.2,26.0,0.0,26.3,0.0,26.3,0.4,25.6,0.0,25.83333333333333,0.1999999999999995,26.58333333333333,0.2,26.27083333333333,13.2,-0.1000000000000014,-0.2,Tiruchirappalli,25.3,0.0
2024-05-17 01:00:00,25.6,97,0.9,999.0,5.9,8.1,45,52,1,17,5,4,138,25.4,0.0,25.9,0.0,26.2,0.0,28.7,0.0,25.3,0.0,25.73333333333333,1.0999999999999996,26.325,1.1,26.28333333333333,14.1,0.2000000000000028,0.9,Tiruchirappalli,26.2,0.0
2024-05-17 02:00:00,25.2,97,4.9,1000.0,6.8,11.0,113,122,2,17,5,4,138,25.6,0.9,25.5,0.2,26.0,0.0,28.0,0.0,25.8,1.3,25.6,6.0,26.091666666666665,6.0,26.258333333333336,17.7,-0.4000000000000021,4.0,Tiruchirappalli,26.8,0.1
2024-05-17 03:00:00,25.5,97,0.5,999.7,4.0,5.4,98,100,3,17,5,4,138,25.2,4.9,25.4,0.0,26.0,0.0,27.4,0.0,26.3,2.4,25.516666666666666,6.5,25.933333333333334,6.5,26.225,15.8,0.3000000000000007,-4.4,Tiruchirappalli,27.7,0.1
2024-05-17 04:00:00,26.9,90,0.2,1000.3,2.9,3.6,84,90,4,17,5,4,138,25.5,0.5,25.6,0.9,25.9,0.0,26.8,0.0,26.1,0.5,25.683333333333334,6.7,25.941666666666663,6.7,26.25833333333333,15.5,1.3999999999999986,-0.3,Tiruchirappalli,29.0,0.0
2024-05-17 05:00:00,29.1,78,0.1,1000.2,6.0,7.6,65,65,5,17,5,4,138,26.9,0.2,25.2,4.9,25.5,0.2,26.8,0.0,27.3,0.2,26.28333333333333,6.6,26.133333333333336,6.8,26.33333333333333,15.4,2.200000000000003,-0.1,Tiruchirappalli,30.5,0.0
2024-05-17 06:00:00,31.0,69,0.1,1000.0,6.3,8.1,69,66,6,17,5,4,138,29.1,0.1,25.5,0.5,25.4,0.0,26.3,0.0,25.7,2.4,27.21666666666667,6.7,26.525,6.9,26.554166666666664,13.1,1.8999999999999984,0.0,Tiruchirappalli,30.9,0.9
2024-05-17 07:00:00,32.2,60,0.0,998.3,4.8,5.9,52,48,7,17,5,4,138,31.0,0.1,26.9,0.2,25.6,0.9,26.2,0.0,25.1,2.8,28.316666666666663,5.800000000000001,27.025,6.9,26.850000000000005,10.3,1.2000000000000028,-0.1,Tiruchirappalli,31.0,0.1
2024-05-17 08:00:00,33.2,55,0.0,997.3,4.2,5.4,70,70,8,17,5,4,138,32.2,0.0,29.1,0.1,25.2,4.9,26.0,0.0,25.1,2.1,29.65,0.9,27.625,6.9,27.1875,8.2,1.0,0.0,Tiruchirappalli,31.0,0.0
2024-05-17 09:00:00,33.7,51,0.0,996.2,7.6,9.8,82,82,9,17,5,4,138,33.2,0.0,31.0,0.1,25.5,0.5,26.0,0.0,25.9,0.4,31.01666666666667,0.4,28.266666666666666,6.9,27.512500000000003,7.800000000000001,0.5,0.0,Tiruchirappalli,31.9,0.1
2024-05-17 10:00:00,33.2,51,0.0,995.8,9.1,11.3,121,124,10,17,5,4,138,33.7,0.0,32.2,0.0,26.9,0.2,25.9,0.0,26.4,0.0,32.06666666666667,0.2,28.875,6.9,27.79583333333333,7.800000000000001,-0.5,0.0,Tiruchirappalli,32.5,0.0
2024-05-17 11:00:00,29.8,74,0.0,995.7,15.8,21.7,159,159,11,17,5,4,138,33.2,0.0,33.2,0.0,29.1,0.1,25.5,0.2,26.2,0.5,32.18333333333334,0.1,29.23333333333333,6.7,27.945833333333336,7.300000000000001,-3.400000000000002,0.0,Tiruchirappalli,30.5,0.0
2024-05-17 12:00:00,29.2,74,0.0,996.4,10.1,14.8,177,178,12,17,5,4,138,29.8,0.0,33.7,0.0,31.0,0.1,25.4,0.0,26.3,0.4,31.883333333333336,0.0,29.55,6.7,28.066666666666663,6.9,-0.6000000000000014,0.0,Tiruchirappalli,29.0,0.0
2024-05-17 13:00:00,27.1,90,1.5,997.7,10.2,17.2,164,170,13,17,5,4,138,29.2,0.0,33.2,0.0,32.2,0.0,25.6,0.9,28.7,0.0,31.03333333333333,1.5,29.675,7.300000000000001,28.0,8.4,-2.099999999999998,1.5,Tiruchirappalli,28.4,0.8
2024-05-17 14:00:00,26.5,93,0.0,998.9,4.4,8.8,192,215,14,17,5,4,138,27.1,1.5,29.8,0.0,33.2,0.0,25.2,4.9,28.0,0.0,29.916666666666668,1.5,29.78333333333333,2.4,27.9375,8.4,-0.6000000000000014,-1.5,Tiruchirappalli,27.9,0.1
2024-05-17 15:00:00,26.6,92,0.1,999.4,3.6,3.1,291,323,15,17,5,4,138,26.5,0.0,29.2,0.0,33.7,0.0,25.5,0.5,27.4,0.0,28.73333333333333,1.6,29.875,2.0,27.90416666666667,8.5,0.1000000000000014,0.1,Tiruchirappalli,27.0,0.4
2024-05-17 16:00:00,26.4,93,0.1,999.6,4.9,8.4,280,306,16,17,5,4,138,26.6,0.1,27.1,1.5,33.2,0.0,26.9,0.2,26.8,0.0,27.6,1.7,29.83333333333334,1.9,27.8875,8.6,-0.2000000000000028,0.0,Tiruchirappalli,26.3,0.6
2024-05-17 17:00:00,26.1,95,0.0,999.4,3.5,5.2,254,294,17,17,5,4,138,26.4,0.1,26.5,0.0,29.8,0.0,29.1,0.1,26.8,0.0,26.98333333333333,1.7,29.58333333333333,1.7999999999999998,27.85833333333333,8.6,-0.2999999999999971,-0.1,Tiruchirappalli,26.4,1.1
2024-05-17 18:00:00,26.1,95,0.0,999.1,1.4,3.7,241,360,18,17,5,4,138,26.1,0.0,26.6,0.1,29.2,0.0,31.0,0.1,26.3,0.0,26.46666666666667,1.7,29.175,1.6999999999999995,27.85,8.6,0.0,0.0,Tiruchirappalli,26.2,0.2
2024-05-17 19:00:00,25.8,96,0.0,998.3,1.8,4.0,207,127,19,17,5,4,138,26.1,0.0,26.4,0.1,27.1,1.5,32.2,0.0,26.2,0.0,26.25,0.2,28.64166666666667,1.6999999999999995,27.83333333333333,8.6,-0.3000000000000007,0.0,Tiruchirappalli,26.0,0.0
2024-05-17 20:00:00,25.7,98,0.0,997.5,1.8,2.5,180,101,20,17,5,4,138,25.8,0.0,26.1,0.0,26.5,0.0,33.2,0.0,26.0,0.0,26.11666666666667,0.2,28.016666666666666,1.6999999999999995,27.820833333333336,8.6,-0.1000000000000014,0.0,Tiruchirappalli,25.9,0.0
2024-05-17 21:00:00,25.6,99,0.0,997.0,1.5,3.1,216,194,21,17,5,4,138,25.7,0.0,26.1,0.0,26.6,0.1,33.7,0.0,26.0,0.0,25.950000000000003,0.1,27.34166666666667,1.6999999999999995,27.80416666666667,8.6,-0.0999999999999978,0.0,Tiruchirappalli,25.5,0.0
2024-05-17 22:00:00,25.5,99,0.0,996.8,1.8,3.3,229,217,22,17,5,4,138,25.6,0.0,25.8,0.0,26.4,0.1,33.2,0.0,25.9,0.0,25.8,0.0,26.7,1.6999999999999995,27.787500000000005,8.6,-0.1000000000000014,0.0,Tiruchirappalli,25.2,0.0
2024-05-17 23:00:00,24.9,100,0.0,997.2,3.2,6.1,220,207,23,17,5,4,138,25.5,0.0,25.7,0.0,26.1,0.0,29.8,0.0,25.5,0.2,25.6,0.0,26.291666666666668,1.6999999999999995,27.762500000000003,8.4,-0.6000000000000014,0.0,Tiruchirappalli,24.9,0.1
2024-05-18 00:00:00,25.3,99,0.0,997.5,3.1,5.0,249,234,0,18,5,5,139,24.9,0.0,25.6,0.0,26.1,0.0,29.2,0.0,25.4,0.0,25.466666666666665,0.0,25.96666666666667,1.6999999999999995,27.75833333333333,8.4,0.4000000000000021,0.0,Tiruchirappalli,24.8,0.2
2024-05-18 01:00:00,26.4,95,0.0,996.9,5.2,11.2,272,258,1,18,5,5,139,25.3,0.0,25.5,0.0,25.8,0.0,27.1,1.5,25.6,0.9,25.566666666666663,0.0,25.90833333333333,0.1999999999999998,27.79166666666667,7.5,1.099999999999998,0.0,Tiruchirappalli,25.6,2.0
2024-05-18 02:00:00,27.7,89,0.0,998.1,3.8,5.2,258,253,2,18,5,5,139,26.4,0.0,24.9,0.0,25.7,0.0,26.5,0.0,25.2,4.9,25.9,0.0,26.00833333333333,0.1999999999999998,27.89583333333333,2.6,1.3000000000000007,0.0,Tiruchirappalli,25.4,3.0
2024-05-18 03:00:00,29.3,80,0.1,998.7,3.4,4.2,239,238,3,18,5,5,139,27.7,0.0,25.3,0.0,25.6,0.0,26.6,0.1,25.5,0.5,26.51666666666667,0.1,26.23333333333333,0.1999999999999998,28.05416666666667,2.2,1.6000000000000014,0.1,Tiruchirappalli,25.8,0.3
2024-05-18 04:00:00,29.6,78,0.2,998.4,6.8,8.4,115,115,4,18,5,5,139,29.3,0.1,26.4,0.0,25.5,0.0,26.4,0.1,26.9,0.2,27.200000000000003,0.3,26.5,0.2999999999999998,28.166666666666668,2.2,0.3000000000000007,0.1,Tiruchirappalli,26.1,3.0
2024-05-18 05:00:00,29.8,76,0.0,997.9,9.1,11.3,99,99,5,18,5,5,139,29.6,0.2,27.7,0.0,24.9,0.0,26.1,0.0,29.1,0.1,28.01666666666667,0.3,26.808333333333337,0.2999999999999998,28.195833333333336,2.1,0.1999999999999993,-0.2,Tiruchirappalli,26.1,2.5
2024-05-18 06:00:00,31.0,69,0.1,997.4,8.3,10.5,94,92,6,18,5,5,139,29.8,0.0,29.3,0.1,25.3,0.0,26.1,0.0,31.0,0.1,28.96666666666667,0.4,27.21666666666667,0.3999999999999998,28.195833333333336,2.1,1.1999999999999993,0.1,Tiruchirappalli,27.1,0.4
2024-05-18 07:00:00,32.4,61,0.1,995.9,5.4,7.3,81,82,7,18,5,5,139,31.0,0.1,29.6,0.2,26.4,0.0,25.8,0.0,32.2,0.0,29.966666666666665,0.5,27.766666666666666,0.4999999999999998,28.204166666666666,2.2,1.3999999999999986,0.0,Tiruchirappalli,28.3,0.4
2024-05-18 08:00:00,32.9,59,0.0,994.5,5.1,6.6,99,98,8,18,5,5,139,32.4,0.1,29.8,0.0,27.7,0.0,25.7,0.0,33.2,0.0,30.83333333333333,0.5,28.366666666666664,0.4999999999999998,28.191666666666663,2.2,0.5,-0.1,Tiruchirappalli,29.0,0.1
2024-05-18 09:00:00,33.7,57,0.0,994.0,4.6,5.4,70,72,9,18,5,5,139,32.9,0.0,31.0,0.1,29.3,0.1,25.6,0.0,33.7,0.0,31.566666666666663,0.4,29.041666666666668,0.4999999999999998,28.191666666666663,2.2,0.8000000000000043,0.0,Tiruchirappalli,29.3,0.0
2024-05-18 10:00:00,32.2,61,1.1,993.1,9.9,12.1,60,57,10,18,5,5,139,33.7,0.0,32.4,0.1,29.6,0.2,25.5,0.0,33.2,0.0,32.0,1.3,29.6,1.6,28.15,3.3,-1.5,1.1,Tiruchirappalli,29.8,0.0
2024-05-18 11:00:00,27.1,90,11.2,995.0,9.9,15.2,59,57,11,18,5,5,139,32.2,1.1,32.9,0.0,29.8,0.0,24.9,0.0,29.8,0.0,31.55,12.5,29.78333333333333,12.8,28.0375,14.5,-5.100000000000001,10.1,Tiruchirappalli,29.9,0.0
2024-05-18 12:00:00,26.2,95,4.1,995.7,4.8,7.6,135,132,12,18,5,5,139,27.1,11.2,33.7,0.0,31.0,0.1,25.3,0.0,29.2,0.0,30.750000000000004,16.5,29.85833333333333,16.9,27.912500000000005,18.6,-0.9000000000000021,-7.1,Tiruchirappalli,29.3,0.0
2024-05-18 13:00:00,27.9,89,0.2,995.3,3.7,8.2,157,151,13,18,5,5,139,26.2,4.1,32.2,1.1,32.4,0.1,26.4,0.0,27.1,1.5,30.0,16.599999999999998,29.98333333333333,17.099999999999998,27.945833333333336,17.3,1.6999999999999993,-3.9,Tiruchirappalli,30.6,0.0
2024-05-18 14:00:00,27.6,93,0.2,996.1,3.1,8.2,165,135,14,18,5,5,139,27.9,0.2,27.1,11.2,32.9,0.0,27.7,0.0,26.5,0.0,29.11666666666667,16.799999999999997,29.975000000000005,17.299999999999997,27.99166666666667,17.5,-0.2999999999999971,0.0,Tiruchirappalli,29.3,0.0
2024-05-18 15:00:00,27.4,97,0.4,996.5,3.7,8.3,182,169,15,18,5,5,139,27.6,0.2,26.2,4.1,33.7,0.0,29.3,0.1,26.6,0.1,28.066666666666663,17.2,29.816666666666663,17.599999999999998,28.025,17.799999999999997,-0.2000000000000028,0.2,Tiruchirappalli,28.3,0.6
2024-05-18 16:00:00,26.8,95,3.3,997.4,6.2,8.7,156,126,16,18,5,5,139,27.4,0.4,27.9,0.2,32.2,1.1,29.6,0.2,26.4,0.1,27.166666666666668,19.4,29.58333333333333,20.7,28.041666666666668,21.0,-0.5999999999999979,2.9,Tiruchirappalli,26.7,1.6
2024-05-18 17:00:00,26.1,98,5.3,997.7,4.6,7.2,117,72,17,18,5,5,139,26.8,3.3,27.6,0.2,27.1,11.2,29.8,0.0,26.1,0.0,27.0,13.5,29.275,26.0,28.041666666666668,26.3,-0.6999999999999993,2.0,Tiruchirappalli,26.0,1.9
2024-05-18 18:00:00,26.1,98,1.6,997.4,4.0,5.4,138,100,18,18,5,5,139,26.1,5.3,27.4,0.4,26.2,4.1,31.0,0.1,26.1,0.0,26.98333333333333,11.0,28.866666666666664,27.5,28.041666666666668,27.9,0.0,-3.7,Tiruchirappalli,26.0,2.5
2024-05-18 19:00:00,25.5,98,3.7,996.3,4.3,4.7,9,360,19,18,5,5,139,26.1,1.6,26.8,3.3,27.9,0.2,32.4,0.1,25.8,0.0,26.58333333333333,14.5,28.291666666666668,31.1,28.02916666666667,31.6,-0.6000000000000014,2.1,Tiruchirappalli,26.0,0.9
2024-05-18 20:00:00,25.3,99,0.9,995.7,4.6,5.5,67,72,20,18,5,5,139,25.5,3.7,26.1,5.3,27.6,0.2,32.9,0.0,25.7,0.0,26.2,15.2,27.65833333333333,32.0,28.0125,32.5,-0.1999999999999993,-2.8000000000000003,Tiruchirappalli,25.8,0.6
2024-05-18 21:00:00,25.1,99,2.0,995.6,4.7,7.3,123,122,21,18,5,5,139,25.3,0.9,26.1,1.6,27.4,0.4,33.7,0.0,25.6,0.0,25.816666666666663,16.799999999999997,26.941666666666663,34.0,27.991666666666664,34.5,-0.1999999999999993,1.1,Tiruchirappalli,25.3,0.2
2024-05-18 22:00:00,24.9,98,0.9,994.8,2.5,1.9,338,8,22,18,5,5,139,25.1,2.0,25.5,3.7,26.8,3.3,32.2,1.1,25.5,0.0,25.5,14.4,26.33333333333333,33.8,27.966666666666665,35.4,-0.2000000000000028,-1.1,Tiruchirappalli,24.4,0.3
2024-05-18 23:00:00,24.9,98,0.1,994.9,3.1,2.6,34,54,23,18,5,5,139,24.9,0.9,25.3,0.9,26.1,5.3,27.1,11.2,24.9,0.0,25.3,9.2,26.15,22.700000000000003,27.96666666666667,35.5,0.0,-0.8,Tiruchirappalli,24.3,0.1
2024-05-19 00:00:00,24.9,98,0.1,995.3,1.0,1.0,315,45,0,19,5,6,140,24.9,0.1,25.1,2.0,26.1,1.6,26.2,4.1,25.3,0.0,25.1,7.699999999999999,26.041666666666668,18.7,27.950000000000003,35.6,0.0,0.0,Tiruchirappalli,24.3,0.0
2024-05-19 01:00:00,26.1,95,0.0,996.0,2.5,3.9,22,45,1,19,5,6,140,24.9,0.1,24.9,0.9,25.5,3.7,27.9,0.2,26.4,0.0,25.2,4.0,25.891666666666666,18.5,27.9375,35.6,1.2000000000000028,-0.1,Tiruchirappalli,26.9,0.0
2024-05-19 02:00:00,26.8,93,0.0,996.7,3.0,5.2,286,284,2,19,5,6,140,26.1,0.0,24.9,0.1,25.3,0.9,27.6,0.2,27.7,0.0,25.45,3.1,25.825,18.3,27.9,35.6,0.6999999999999993,0.0,Tiruchirappalli,27.4,0.2
2024-05-19 03:00:00,27.7,89,0.0,997.3,1.1,1.8,233,198,3,19,5,6,140,26.8,0.0,24.9,0.1,25.1,2.0,27.4,0.4,29.3,0.1,25.88333333333333,1.1,25.85,17.9,27.83333333333333,35.5,0.8999999999999986,0.0,Tiruchirappalli,27.7,0.0
2024-05-19 04:00:00,28.7,82,0.0,997.4,1.8,2.6,304,307,4,19,5,6,140,27.7,0.0,26.1,0.0,24.9,0.9,26.8,3.3,29.6,0.2,26.516666666666666,0.2,26.00833333333333,14.6,27.79583333333333,35.3,1.0,0.0,Tiruchirappalli,28.1,0.0
2024-05-19 05:00:00,30.4,75,0.1,997.0,1.1,1.6,297,288,5,19,5,6,140,28.7,0.0,26.8,0.0,24.9,0.1,26.1,5.3,29.8,0.0,27.433333333333337,0.2,26.36666666666667,9.4,27.82083333333333,35.4,1.6999999999999993,0.1,Tiruchirappalli,28.8,0.0
2024-05-19 06:00:00,30.8,71,0.1,996.3,0.0,0.7,270,270,6,19,5,6,140,30.4,0.1,27.7,0.0,24.9,0.1,26.1,1.6,31.0,0.1,28.416666666666668,0.2,26.758333333333336,7.899999999999999,27.8125,35.4,0.4000000000000021,0.0,Tiruchirappalli,29.1,0.0
2024-05-19 07:00:00,32.3,66,0.0,995.2,0.5,0.8,27,45,7,19,5,6,140,30.8,0.1,28.7,0.0,26.1,0.0,25.5,3.7,32.4,0.1,29.45,0.2,27.325,4.199999999999999,27.808333333333334,35.3,1.4999999999999964,-0.1,Tiruchirappalli,30.9,0.0
2024-05-19 08:00:00,32.9,62,0.0,993.7,0.7,1.4,270,270,8,19,5,6,140,32.3,0.0,30.4,0.1,26.8,0.0,25.3,0.9,32.9,0.0,30.466666666666665,0.2,27.95833333333333,3.3,27.808333333333334,35.3,0.6000000000000014,0.0,Tiruchirappalli,32.4,0.0
2024-05-19 09:00:00,33.4,60,0.0,992.5,1.9,1.9,112,112,9,19,5,6,140,32.9,0.0,30.8,0.1,27.7,0.0,25.1,2.0,33.7,0.0,31.416666666666668,0.2,28.65,1.3,27.79583333333333,35.3,0.5,0.0,Tiruchirappalli,32.5,0.4
2024-05-19 10:00:00,30.1,73,5.4,992.1,11.0,14.2,351,349,10,19,5,6,140,33.4,0.0,32.3,0.0,28.7,0.0,24.9,0.9,32.2,1.1,31.649999999999995,5.6000000000000005,29.08333333333333,5.800000000000001,27.70833333333333,39.6,-3.299999999999997,5.4,Tiruchirappalli,28.9,7.9
2024-05-19 11:00:00,27.5,86,3.3,992.1,7.1,11.0,38,41,11,19,5,6,140,30.1,5.4,32.9,0.0,30.4,0.1,24.9,0.1,27.1,11.2,31.166666666666668,8.8,29.3,9.0,27.725,31.7,-2.6000000000000014,-2.1000000000000005,Tiruchirappalli,26.9,1.4
2024-05-19 12:00:00,26.3,94,4.8,993.6,6.5,9.9,80,84,12,19,5,6,140,27.5,3.3,33.4,0.0,30.8,0.1,24.9,0.1,26.2,4.1,30.416666666666668,13.5,29.41666666666666,13.7,27.729166666666668,32.4,-1.1999999999999993,1.5,Tiruchirappalli,26.7,1.1
2024-05-19 13:00:00,27.2,92,3.6,994.2,3.6,6.1,135,135,13,19,5,6,140,26.3,4.8,30.1,5.4,32.3,0.0,26.1,0.0,27.9,0.2,29.566666666666663,17.1,29.508333333333336,17.3,27.7,35.8,0.8999999999999986,-1.1999999999999995,Tiruchirappalli,28.5,0.9
2024-05-19 14:00:00,26.7,95,1.2,994.9,4.0,7.1,165,153,14,19,5,6,140,27.2,3.6,27.5,3.3,32.9,0.0,26.8,0.0,27.6,0.2,28.53333333333333,18.3,29.5,18.5,27.6625,36.8,-0.5,-2.4000000000000004,Tiruchirappalli,26.4,0.9
2024-05-19 15:00:00,26.6,97,0.2,995.7,3.5,7.4,219,246,15,19,5,6,140,26.7,1.2,26.3,4.8,33.4,0.0,27.7,0.0,27.4,0.4,27.4,18.5,29.40833333333333,18.700000000000003,27.629166666666663,36.6,-0.0999999999999978,-1.0,Tiruchirappalli,26.9,0.1
2024-05-19 16:00:00,26.6,97,0.0,995.8,1.8,5.7,215,180,16,19,5,6,140,26.6,0.2,27.2,3.6,30.1,5.4,28.7,0.0,26.8,3.3,26.816666666666663,13.1,29.23333333333333,18.700000000000003,27.620833333333337,33.3,0.0,-0.2,Tiruchirappalli,26.6,0.1
2024-05-19 17:00:00,26.3,94,0.4,996.4,7.9,16.4,199,196,17,19,5,6,140,26.6,0.0,26.7,1.2,27.5,3.3,30.4,0.1,26.1,5.3,26.61666666666667,10.2,28.891666666666666,19.0,27.629166666666663,28.4,-0.3000000000000007,0.4,Tiruchirappalli,26.3,0.0
2024-05-19 18:00:00,25.6,97,1.0,995.9,3.8,7.9,204,197,18,19,5,6,140,26.3,0.4,26.6,0.2,26.3,4.8,30.8,0.1,26.1,1.6,26.5,6.4,28.45833333333333,19.9,27.60833333333333,27.8,-0.6999999999999993,0.6,Tiruchirappalli,26.0,0.0
2024-05-19 19:00:00,25.5,98,2.2,994.9,3.6,6.8,245,225,19,19,5,6,140,25.6,1.0,26.6,0.0,27.2,3.6,32.3,0.0,25.5,3.7,26.21666666666667,5.0,27.89166666666667,22.1,27.60833333333333,26.3,-0.1000000000000014,1.2000000000000002,Tiruchirappalli,26.4,0.0
2024-05-19 20:00:00,25.4,98,0.2,994.2,4.5,9.8,264,256,20,19,5,6,140,25.5,2.2,26.3,0.4,26.7,1.2,32.9,0.0,25.3,0.9,26.0,4.0,27.266666666666666,22.3,27.6125,25.6,-0.1000000000000014,-2.0,Tiruchirappalli,26.8,0.0
2024-05-19 21:00:00,25.4,97,0.0,993.8,4.0,9.6,257,243,21,19,5,6,140,25.4,0.2,25.6,1.0,26.6,0.2,33.4,0.0,25.1,2.0,25.8,3.8000000000000007,26.6,22.3,27.625,23.6,0.0,-0.2,Tiruchirappalli,26.7,0.0
2024-05-19 22:00:00,24.9,99,5.5,994.1,4.1,3.9,34,75,22,19,5,6,140,25.4,0.0,25.5,2.2,26.6,0.0,30.1,5.4,24.9,0.9,25.516666666666666,9.3,26.166666666666668,22.4,27.625,28.200000000000003,-0.5,5.5,Tiruchirappalli,26.8,0.0
2024-05-19 23:00:00,24.5,99,3.7,994.3,1.5,4.7,337,104,23,19,5,6,140,24.9,5.5,25.4,0.2,26.3,0.4,27.5,3.3,24.9,0.1,25.216666666666665,12.6,25.916666666666668,22.8,27.60833333333333,31.8,-0.3999999999999986,-1.7999999999999998,Tiruchirappalli,26.7,0.0
2024-05-20 00:00:00,24.2,99,3.3,995.0,8.0,11.6,54,85,0,20,5,0,141,24.5,3.7,25.4,0.0,25.6,1.0,26.3,4.8,24.9,0.1,24.98333333333333,14.9,25.74166666666667,21.3,27.579166666666666,35.0,-0.3000000000000007,-0.4000000000000003,Tiruchirappalli,26.8,0.0
2024-05-20 01:00:00,26.1,95,0.0,994.8,8.9,17.7,287,297,1,20,5,0,141,24.2,3.3,24.9,5.5,25.5,2.2,27.2,3.6,26.1,0.0,25.08333333333333,12.7,25.649999999999995,17.700000000000003,27.579166666666666,35.0,1.900000000000002,-3.3,Tiruchirappalli,27.0,0.0
2024-05-20 02:00:00,26.1,96,1.5,995.9,5.8,13.0,309,330,2,20,5,0,141,26.1,0.0,24.5,3.7,25.4,0.2,26.7,1.2,26.8,0.0,25.2,14.0,25.6,18.0,27.55,36.5,0.0,1.5,Tiruchirappalli,27.9,0.0
2024-05-20 03:00:00,26.5,96,8.4,996.4,3.3,10.2,318,354,3,20,5,0,141,26.1,1.5,24.2,3.3,25.4,0.0,26.6,0.2,27.7,0.0,25.383333333333336,22.4,25.59166666666667,26.2,27.5,44.9,0.3999999999999986,6.9,Tiruchirappalli,28.7,0.0
2024-05-20 04:00:00,26.9,95,5.8,997.1,7.2,11.3,287,288,4,20,5,0,141,26.5,8.4,26.1,0.0,24.9,5.5,26.6,0.0,28.7,0.0,25.716666666666665,22.7,25.616666666666664,32.0,27.425,50.7,0.3999999999999986,-2.6000000000000005,Tiruchirappalli,29.7,0.0
2024-05-20 05:00:00,26.5,96,4.9,997.1,11.1,19.6,296,295,5,20,5,0,141,26.9,5.8,26.1,1.5,24.5,3.7,26.3,0.4,30.4,0.1,26.05,23.9,25.63333333333333,36.5,27.262500000000003,55.5,-0.3999999999999986,-0.8999999999999995,Tiruchirappalli,32.0,0.0
2024-05-20 06:00:00,26.6,96,4.5,996.8,10.5,17.4,322,322,6,20,5,0,141,26.5,4.9,26.5,8.4,24.2,3.3,25.6,1.0,30.8,0.1,26.450000000000003,25.1,25.71666666666667,40.0,27.0875,59.900000000000006,0.1000000000000014,-0.4000000000000003,Tiruchirappalli,33.6,0.0
2024-05-20 07:00:00,26.6,91,1.7,995.9,9.0,15.6,289,286,7,20,5,0,141,26.6,4.5,26.9,5.8,26.1,0.0,25.5,2.2,32.3,0.0,26.53333333333333,26.8,25.808333333333337,39.5,26.85,61.6,0.0,-2.8,Tiruchirappalli,34.5,0.0
2024-05-20 08:00:00,27.5,87,0.8,994.9,11.0,15.6,293,293,8,20,5,0,141,26.6,1.7,26.5,4.9,26.1,1.5,25.4,0.2,32.9,0.0,26.766666666666666,26.1,25.98333333333333,40.1,26.625,62.400000000000006,0.8999999999999986,-0.8999999999999999,Tiruchirappalli,34.7,0.0
2024-05-20 09:00:00,27.9,87,0.2,994.0,8.1,11.8,290,291,9,20,5,0,141,27.5,0.8,26.6,4.5,26.5,8.4,25.4,0.0,33.4,0.0,27.0,17.900000000000002,26.191666666666663,40.3,26.39583333333333,62.6,0.3999999999999986,-0.6000000000000001,Tiruchirappalli,34.2,0.0
2024-05-20 10:00:00,28.8,80,0.0,993.2,9.4,12.6,270,270,10,20,5,0,141,27.9,0.2,26.6,1.7,26.9,5.8,24.9,5.5,30.1,5.4,27.316666666666663,12.1,26.516666666666666,34.800000000000004,26.34166666666667,57.2,0.9000000000000021,-0.2,Tiruchirappalli,33.4,0.0
2024-05-20 11:00:00,28.3,78,0.0,992.9,13.6,19.1,282,281,11,20,5,0,141,28.8,0.0,27.5,0.8,26.5,4.9,24.5,3.7,27.5,3.3,27.61666666666667,7.2,26.83333333333333,31.1,26.375,53.9,-0.5,0.0,Tiruchirappalli,32.4,0.0
2024-05-20 12:00:00,27.7,80,0.1,993.1,10.9,17.5,278,278,12,20,5,0,141,28.3,0.0,27.9,0.2,26.6,4.5,24.2,3.3,26.3,4.8,27.8,2.8,27.125,27.9,26.433333333333334,49.2,-0.6000000000000014,0.1,Tiruchirappalli,31.6,0.0
2024-05-20 13:00:00,26.9,87,0.3,994.8,5.7,8.9,310,305,13,20,5,0,141,27.7,0.1,28.8,0.0,26.6,1.7,26.1,0.0,27.2,3.6,27.85,1.4,27.191666666666663,28.2,26.42083333333333,45.9,-0.8000000000000007,0.1999999999999999,Tiruchirappalli,31.0,0.0
2024-05-20 14:00:00,26.4,92,0.3,995.3,6.9,12.0,319,321,14,20,5,0,141,26.9,0.3,28.3,0.0,27.5,0.8,26.1,1.5,26.7,1.2,27.666666666666668,0.8999999999999999,27.21666666666667,27.000000000000004,26.40833333333333,45.0,-0.5,0.0,Tiruchirappalli,30.7,0.0
2024-05-20 15:00:00,25.9,97,0.3,996.5,5.2,10.3,306,304,15,20,5,0,141,26.4,0.3,27.7,0.1,27.9,0.2,26.5,8.4,26.6,0.2,27.33333333333333,1.0,27.166666666666668,18.9,26.379166666666663,45.1,-0.5,0.0,Tiruchirappalli,30.2,0.0
2024-05-20 16:00:00,25.7,97,2.0,996.9,5.0,10.4,326,339,16,20,5,0,141,25.9,0.3,26.9,0.3,28.8,0.0,26.9,5.8,26.6,0.0,26.816666666666663,3.0,27.066666666666663,15.1,26.341666666666665,47.1,-0.1999999999999993,1.7,Tiruchirappalli,29.4,0.0
2024-05-20 17:00:00,25.3,97,1.7,996.5,7.2,14.8,311,307,17,20,5,0,141,25.7,2.0,26.4,0.3,28.3,0.0,26.5,4.9,26.3,0.4,26.316666666666663,4.7,26.96666666666667,11.9,26.3,48.4,-0.3999999999999986,-0.3,Tiruchirappalli,28.9,0.0
2024-05-20 18:00:00,25.0,96,1.4,996.4,8.1,18.1,316,315,18,20,5,0,141,25.3,1.7,25.9,0.3,27.7,0.1,26.6,4.5,25.6,1.0,25.866666666666664,6.0,26.83333333333333,8.8,26.274999999999995,48.8,-0.3000000000000007,-0.3,Tiruchirappalli,28.7,0.0
2024-05-20 19:00:00,25.1,93,0.3,995.7,8.1,18.4,298,291,19,20,5,0,141,25.0,1.4,25.7,2.0,26.9,0.3,26.6,1.7,25.5,2.2,25.566666666666663,5.999999999999999,26.70833333333333,7.399999999999999,26.25833333333333,46.9,0.1000000000000014,-1.1,Tiruchirappalli,28.6,0.0
2024-05-20 20:00:00,25.1,93,0.1,995.2,8.6,18.0,282,268,20,20,5,0,141,25.1,0.3,25.3,1.7,26.4,0.3,27.5,0.8,25.4,0.2,25.35,5.8,26.50833333333333,6.7,26.245833333333334,46.8,0.0,-0.1999999999999999,Tiruchirappalli,28.2,0.0
2024-05-20 21:00:00,25.1,92,0.0,994.6,10.8,21.0,282,270,21,20,5,0,141,25.1,0.1,25.0,1.4,25.9,0.3,27.9,0.2,25.4,0.0,25.21666666666667,5.5,26.275,6.5,26.23333333333333,46.8,0.0,-0.1,Tiruchirappalli,27.7,0.0
2024-05-20 22:00:00,24.9,91,0.0,994.3,13.0,24.3,276,268,22,20,5,0,141,25.1,0.0,25.1,0.3,25.7,2.0,28.8,0.0,24.9,5.5,25.08333333333333,3.5,25.95,6.5,26.23333333333333,41.3,-0.2000000000000028,0.0,Tiruchirappalli,27.7,0.0
2024-05-20 23:00:00,24.7,91,0.0,994.3,11.3,22.0,281,279,23,20,5,0,141,24.9,0.0,25.1,0.1,25.3,1.7,28.3,0.0,24.5,3.7,24.98333333333333,1.7999999999999998,25.649999999999995,6.5,26.24166666666667,37.6,-0.1999999999999993,0.0,Tiruchirappalli,27.8,0.0
2024-05-21 00:00:00,24.7,91,0.0,994.6,11.1,21.9,287,283,0,21,5,1,142,24.7,0.0,25.1,0.0,25.0,1.4,27.7,0.1,24.2,3.3,24.933333333333334,0.4,25.4,6.4,26.2625,34.3,0.0,0.0,Tiruchirappalli,27.8,0.0
2024-05-21 01:00:00,25.0,97,6.1,995.3,2.6,8.0,306,344,1,21,5,1,142,24.7,0.0,24.9,0.0,25.1,0.3,26.9,0.3,26.1,0.0,24.916666666666668,6.199999999999999,25.24166666666667,12.2,26.216666666666665,40.4,0.3000000000000007,6.1,Tiruchirappalli,25.1,1.3
2024-05-21 02:00:00,25.3,95,4.6,995.6,6.9,13.0,276,261,2,21,5,1,142,25.0,6.1,24.7,0.0,25.1,0.1,26.4,0.3,26.1,1.5,24.95,10.7,25.149999999999995,16.5,26.183333333333334,43.5,0.3000000000000007,-1.5,Tiruchirappalli,26.5,0.2
2024-05-21 03:00:00,25.8,95,0.2,995.6,5.9,12.4,248,227,3,21,5,1,142,25.3,4.6,24.7,0.0,25.1,0.0,25.9,0.3,26.5,8.4,25.066666666666663,10.9,25.141666666666666,16.4,26.154166666666665,35.3,0.5,-4.4,Tiruchirappalli,30.1,0.0
2024-05-21 04:00:00,26.3,96,4.9,996.9,1.1,2.1,329,342,4,21,5,1,142,25.8,0.2,25.0,6.1,24.9,0.0,25.7,2.0,26.9,5.8,25.3,15.8,25.191666666666663,19.3,26.129166666666663,34.4,0.5,4.7,Tiruchirappalli,33.0,0.0
2024-05-21 05:00:00,26.3,92,0.5,996.2,8.1,11.8,258,249,5,21,5,1,142,26.3,4.9,25.3,4.6,24.7,0.0,25.3,1.7,26.5,4.9,25.566666666666663,16.3,25.275,18.1,26.120833333333334,30.0,0.0,-4.4,Tiruchirappalli,34.1,0.0
2024-05-21 06:00:00,27.6,87,0.3,995.6,5.0,7.1,300,300,6,21,5,1,142,26.3,0.5,25.8,0.2,24.7,0.0,25.0,1.4,26.6,4.5,26.05,16.6,25.491666666666664,17.0,26.1625,25.8,1.3000000000000007,-0.2,Tiruchirappalli,34.9,0.0
2024-05-21 07:00:00,28.0,84,0.4,995.1,6.2,8.0,252,249,7,21,5,1,142,27.6,0.3,26.3,4.9,25.0,6.1,25.1,0.3,26.6,1.7,26.55,10.9,25.73333333333333,17.099999999999998,26.22083333333333,24.5,0.3999999999999986,0.1,Tiruchirappalli,35.3,0.0
2024-05-21 08:00:00,29.1,77,0.2,994.2,6.6,8.7,263,261,8,21,5,1,142,28.0,0.4,26.3,0.5,25.3,4.6,25.1,0.1,27.5,0.8,27.183333333333334,6.500000000000001,26.066666666666663,17.2,26.287500000000005,23.9,1.1000000000000014,-0.2,Tiruchirappalli,35.6,0.4
2024-05-21 09:00:00,29.6,73,0.0,993.5,3.2,4.3,275,270,9,21,5,1,142,29.1,0.2,27.6,0.3,25.8,0.2,25.1,0.0,27.9,0.2,27.81666666666668,6.300000000000001,26.441666666666663,17.2,26.35833333333333,23.700000000000003,0.5,-0.2,Tiruchirappalli,35.4,0.0
2024-05-21 10:00:00,29.4,74,1.1,992.9,4.1,5.1,266,255,10,21,5,1,142,29.6,0.0,28.0,0.4,26.3,4.9,24.9,0.0,28.8,0.0,28.33333333333333,2.5,26.816666666666663,18.3,26.383333333333336,24.8,-0.2000000000000028,1.1,Tiruchirappalli,33.5,0.0
2024-05-21 11:00:00,28.4,80,0.4,992.7,6.7,8.7,240,234,11,21,5,1,142,29.4,1.1,29.1,0.2,26.3,0.5,24.7,0.0,28.3,0.0,28.683333333333334,2.4,27.125,18.7,26.387500000000003,25.200000000000003,-1.0,-0.7000000000000001,Tiruchirappalli,34.0,0.0
2024-05-21 12:00:00,27.1,88,1.7,993.8,10.0,13.7,215,206,12,21,5,1,142,28.4,0.4,29.6,0.0,27.6,0.3,24.7,0.0,27.7,0.1,28.6,3.8,27.325,20.4,26.3625,26.8,-1.2999999999999972,1.2999999999999998,Tiruchirappalli,33.2,0.0
2024-05-21 13:00:00,28.6,82,0.0,993.6,3.9,6.9,137,146,13,21,5,1,142,27.1,1.7,29.4,1.1,28.0,0.4,25.0,6.1,26.9,0.3,28.7,3.4,27.625,14.3,26.433333333333334,26.5,1.5,-1.7,Tiruchirappalli,32.1,0.0
2024-05-21 14:00:00,28.2,85,0.1,994.7,2.5,3.4,72,45,14,21,5,1,142,28.6,0.0,28.4,0.4,29.1,0.2,25.3,4.6,26.4,0.3,28.55,3.3000000000000003,27.86666666666667,9.8,26.508333333333336,26.3,-0.4000000000000021,0.1,Tiruchirappalli,31.2,0.0
2024-05-21 15:00:00,27.6,89,0.1,995.4,6.0,11.6,97,107,15,21,5,1,142,28.2,0.1,27.1,1.7,29.6,0.0,25.8,0.2,25.9,0.3,28.216666666666665,3.4000000000000004,28.01666666666667,9.7,26.579166666666666,26.1,-0.5999999999999979,0.0,Tiruchirappalli,30.7,0.0
2024-05-21 16:00:00,27.0,93,0.2,995.7,6.1,8.9,43,28,16,21,5,1,142,27.6,0.1,28.6,0.0,29.4,1.1,26.3,4.9,25.7,2.0,27.816666666666663,2.5,28.075000000000003,5.0,26.633333333333336,24.3,-0.6000000000000014,0.1,Tiruchirappalli,30.4,0.0
2024-05-21 17:00:00,26.5,96,0.2,995.3,2.3,2.5,352,342,17,21,5,1,142,27.0,0.2,28.2,0.1,28.4,0.4,26.3,0.5,25.3,1.7,27.5,2.3000000000000003,28.09166666666667,4.7,26.683333333333337,22.8,-0.5,0.0,Tiruchirappalli,30.2,0.0
2024-05-21 18:00:00,26.0,99,0.1,995.6,2.1,3.8,41,59,18,21,5,1,142,26.5,0.2,27.6,0.1,27.1,1.7,27.6,0.3,25.0,1.4,27.316666666666663,0.7000000000000001,27.95833333333333,4.5,26.725000000000005,21.5,-0.5,-0.1,Tiruchirappalli,30.1,0.0
2024-05-21 19:00:00,25.9,98,0.0,994.4,1.6,2.3,198,153,19,21,5,1,142,26.0,0.1,27.0,0.2,28.6,0.0,28.0,0.4,25.1,0.3,26.86666666666667,0.7000000000000001,27.78333333333333,4.1,26.758333333333336,21.2,-0.1000000000000014,-0.1,Tiruchirappalli,29.8,0.0
2024-05-21 20:00:00,26.0,98,0.0,993.6,1.8,4.0,270,307,20,21,5,1,142,25.9,0.0,26.5,0.2,28.2,0.1,29.1,0.2,25.1,0.1,26.5,0.6000000000000001,27.525,3.9,26.79583333333333,21.1,0.1000000000000014,0.0,Tiruchirappalli,29.4,0.0
2024-05-21 21:00:00,25.6,99,0.0,992.9,2.9,8.1,283,277,21,21,5,1,142,26.0,0.0,26.0,0.1,27.6,0.1,29.6,0.0,25.1,0.0,26.166666666666668,0.5,27.191666666666663,3.9,26.816666666666663,21.1,-0.3999999999999986,0.0,Tiruchirappalli,28.9,0.0
2024-05-21 22:00:00,25.7,99,0.0,992.6,3.3,10.0,308,311,22,21,5,1,142,25.6,0.0,25.9,0.0,27.0,0.2,29.4,1.1,24.9,0.0,25.95,0.3,26.883333333333336,2.8000000000000003,26.85,21.1,0.0999999999999978,0.0,Tiruchirappalli,28.4,0.0
2024-05-21 23:00:00,25.6,98,0.0,992.8,4.0,7.1,294,275,23,21,5,1,142,25.7,0.0,26.0,0.0,26.5,0.2,28.4,0.4,24.7,0.0,25.8,0.1,26.65,2.4000000000000004,26.8875,21.1,-0.0999999999999978,0.0,Tiruchirappalli,28.3,0.0
2024-05-22 00:00:00,25.3,98,0.0,993.1,4.1,8.4,280,255,0,22,5,2,143,25.6,0.0,25.6,0.0,26.0,0.1,27.1,1.7,24.7,0.0,25.683333333333334,0.0,26.5,0.7000000000000001,26.912500000000005,21.1,-0.3000000000000007,0.0,Tiruchirappalli,28.2,0.0
2024-05-22 01:00:00,26.2,93,0.0,993.6,5.0,11.0,322,339,1,22,5,2,143,25.3,0.0,25.7,0.0,25.9,0.0,28.6,0.0,25.0,6.1,25.73333333333333,0.0,26.3,0.7000000000000001,26.9625,15.0,0.8999999999999986,0.0,Tiruchirappalli,28.5,0.0
2024-05-22 02:00:00,26.8,94,0.1,994.8,4.3,3.4,198,156,2,22,5,2,143,26.2,0.0,25.6,0.0,26.0,0.0,28.2,0.1,25.3,4.6,25.866666666666664,0.1,26.183333333333334,0.7000000000000001,27.025,10.5,0.6000000000000014,0.1,Tiruchirappalli,29.1,0.0
2024-05-22 03:00:00,27.7,89,0.1,994.5,1.8,2.9,240,233,3,22,5,2,143,26.8,0.1,25.3,0.0,25.6,0.0,27.6,0.1,25.8,0.2,26.21666666666667,0.2,26.191666666666663,0.7000000000000001,27.104166666666668,10.400000000000002,0.8999999999999986,0.0,Tiruchirappalli,30.4,0.0
2024-05-22 04:00:00,29.0,82,0.0,995.7,5.7,7.2,217,215,4,22,5,2,143,27.7,0.1,26.2,0.0,25.7,0.0,27.0,0.2,26.3,4.9,26.76666666666667,0.2,26.35833333333333,0.5,27.216666666666665,5.5,1.3000000000000007,-0.1,Tiruchirappalli,30.9,0.0
2024-05-22 05:00:00,30.5,73,0.0,994.8,4.3,6.1,270,275,5,22,5,2,143,29.0,0.0,26.8,0.1,25.6,0.0,26.5,0.2,26.3,0.5,27.58333333333333,0.2,26.691666666666663,0.3,27.391666666666666,5.0,1.5,0.0,Tiruchirappalli,31.7,0.0
2024-05-22 06:00:00,30.9,72,0.9,994.4,4.2,5.0,330,329,6,22,5,2,143,30.5,0.0,27.7,0.1,25.3,0.0,26.0,0.1,27.6,0.3,28.51666666666667,1.1,27.1,1.1,27.529166666666665,5.6000000000000005,0.3999999999999986,0.9,Tiruchirappalli,33.1,0.0
2024-05-22 07:00:00,31.0,69,0.1,993.3,3.1,3.9,304,306,7,22,5,2,143,30.9,0.9,29.0,0.0,26.2,0.0,25.9,0.0,28.0,0.4,29.316666666666663,1.2,27.525,1.2000000000000002,27.654166666666665,5.3,0.1000000000000014,-0.8,Tiruchirappalli,33.9,0.0
2024-05-22 08:00:00,31.0,69,0.0,992.5,3.9,5.2,25,22,8,22,5,2,143,31.0,0.1,30.5,0.0,26.8,0.1,26.0,0.0,29.1,0.2,30.01666666666667,1.1,27.941666666666663,1.2000000000000002,27.73333333333333,5.1,0.0,-0.1,Tiruchirappalli,34.8,0.0
2024-05-22 09:00:00,31.9,64,0.1,991.7,2.6,3.3,139,146,9,22,5,2,143,31.0,0.0,30.9,0.9,27.7,0.1,25.6,0.0,29.6,0.0,30.716666666666665,1.1,28.466666666666665,1.3,27.82916666666667,5.2,0.8999999999999986,0.1,Tiruchirappalli,35.7,0.0
2024-05-22 10:00:00,32.5,60,0.0,991.2,5.2,6.3,149,146,10,22,5,2,143,31.9,0.1,31.0,0.1,29.0,0.0,25.7,0.0,29.4,1.1,31.3,1.1,29.03333333333333,1.3,27.95833333333333,4.1000000000000005,0.6000000000000014,-0.1,Tiruchirappalli,35.9,0.0
2024-05-22 11:00:00,30.5,70,0.0,991.2,15.1,20.5,183,183,11,22,5,2,143,32.5,0.0,31.0,0.0,30.5,0.0,25.6,0.0,28.4,0.4,31.3,1.1,29.441666666666663,1.3,28.04583333333333,3.7,-2.0,0.0,Tiruchirappalli,35.6,0.0
2024-05-22 12:00:00,29.0,77,0.0,992.0,7.1,9.9,170,165,12,22,5,2,143,30.5,0.0,31.9,0.1,30.9,0.9,25.3,0.0,27.1,1.7,30.98333333333333,0.1999999999999999,29.75,1.3,28.125,2.0,-1.5,0.0,Tiruchirappalli,34.5,0.0
2024-05-22 13:00:00,28.4,85,0.8,992.9,3.8,9.1,108,107,13,22,5,2,143,29.0,0.0,32.5,0.0,31.0,0.1,26.2,0.0,28.6,0.0,30.55,0.8999999999999999,29.933333333333337,2.1,28.11666666666667,2.8,-0.6000000000000014,0.8,Tiruchirappalli,33.1,0.0
2024-05-22 14:00:00,27.9,85,0.1,993.4,8.2,16.1,160,157,14,22,5,2,143,28.4,0.8,30.5,0.0,31.0,0.0,26.8,0.1,28.2,0.1,30.03333333333333,1.0,30.025,2.1,28.104166666666668,2.8,-0.5,-0.7000000000000001,Tiruchirappalli,32.4,0.0
2024-05-22 15:00:00,27.0,90,0.4,994.6,8.7,15.2,185,187,15,22,5,2,143,27.9,0.1,29.0,0.0,31.9,0.1,27.7,0.1,27.6,0.1,29.21666666666667,1.2999999999999998,29.96666666666667,2.4,28.079166666666666,3.1,-0.8999999999999986,0.3,Tiruchirappalli,31.8,0.0
2024-05-22 16:00:00,26.3,97,0.6,995.0,3.2,9.0,203,207,16,22,5,2,143,27.0,0.4,28.4,0.8,32.5,0.0,29.0,0.0,27.0,0.2,28.183333333333334,1.9,29.74166666666667,3.0,28.05,3.5,-0.6999999999999993,0.1999999999999999,Tiruchirappalli,31.1,0.0
2024-05-22 17:00:00,26.4,96,1.1,994.9,2.8,6.1,220,230,17,22,5,2,143,26.3,0.6,27.9,0.1,30.5,0.0,30.5,0.0,26.5,0.2,27.5,3.0,29.4,4.1,28.04583333333333,4.4,0.0999999999999978,0.5000000000000001,Tiruchirappalli,30.5,0.0
2024-05-22 18:00:00,26.2,98,0.2,994.6,3.3,8.2,232,257,18,22,5,2,143,26.4,1.1,27.0,0.4,29.0,0.0,30.9,0.9,26.0,0.1,27.03333333333333,3.2,29.00833333333333,3.4000000000000004,28.054166666666664,4.5,-0.1999999999999993,-0.9000000000000001,Tiruchirappalli,29.9,0.0
2024-05-22 19:00:00,26.0,97,0.0,993.8,2.5,5.6,255,270,19,22,5,2,143,26.2,0.2,26.3,0.6,28.4,0.8,31.0,0.1,25.9,0.0,26.633333333333336,2.4000000000000004,28.591666666666665,3.3000000000000003,28.058333333333334,4.5,-0.1999999999999993,-0.2,Tiruchirappalli,29.5,0.0
2024-05-22 20:00:00,25.9,97,0.0,992.7,6.3,11.4,257,246,20,22,5,2,143,26.0,0.0,26.4,1.1,27.9,0.1,31.0,0.0,26.0,0.0,26.3,2.3000000000000003,28.166666666666668,3.3000000000000003,28.054166666666664,4.5,-0.1000000000000014,0.0,Tiruchirappalli,29.4,0.0
2024-05-22 21:00:00,25.5,96,0.0,992.4,8.0,14.1,273,265,21,22,5,2,143,25.9,0.0,26.2,0.2,27.0,0.4,31.9,0.1,25.6,0.0,26.05,1.9,27.633333333333336,3.2,28.05,4.5,-0.3999999999999986,0.0,Tiruchirappalli,29.2,0.0
2024-05-22 22:00:00,25.2,95,0.0,992.3,9.4,16.3,276,272,22,22,5,2,143,25.5,0.0,26.0,0.0,26.3,0.6,32.5,0.0,25.7,0.0,25.86666666666667,1.2999999999999998,27.025,3.2,28.02916666666667,4.5,-0.3000000000000007,0.0,Tiruchirappalli,28.8,0.0
2024-05-22 23:00:00,24.9,94,0.1,992.1,9.0,16.3,264,254,23,22,5,2,143,25.2,0.0,25.9,0.0,26.4,1.1,30.5,0.0,25.6,0.0,25.616666666666664,0.2999999999999998,26.558333333333334,3.3,28.0,4.6000000000000005,-0.3000000000000007,0.1,Tiruchirappalli,28.5,0.0
2024-05-23 00:00:00,24.8,94,0.2,992.5,9.7,18.6,261,248,0,23,5,3,144,24.9,0.1,25.5,0.0,26.2,0.2,29.0,0.0,25.3,0.0,25.383333333333336,0.2999999999999998,26.20833333333333,3.5,27.979166666666668,4.800000000000001,-0.0999999999999978,0.1,Tiruchirappalli,28.1,0.0
2024-05-23 01:00:00,25.6,96,2.0,993.6,9.2,15.3,231,219,1,23,5,3,144,24.8,0.2,25.2,0.0,26.0,0.0,28.4,0.8,26.2,0.0,25.316666666666663,2.3,25.975000000000005,4.7,27.954166666666666,6.800000000000001,0.8000000000000007,1.8,Tiruchirappalli,28.7,0.0
2024-05-23 02:00:00,25.4,97,3.0,994.5,6.8,12.2,199,183,2,23,5,3,144,25.6,2.0,24.9,0.1,25.9,0.0,27.9,0.1,26.8,0.1,25.23333333333333,5.3,25.766666666666666,7.6,27.89583333333333,9.7,-0.2000000000000028,1.0,Tiruchirappalli,29.6,0.0
2024-05-23 03:00:00,25.8,95,0.3,994.7,7.4,14.8,273,309,3,23,5,3,144,25.4,3.0,24.8,0.2,25.5,0.0,27.0,0.4,27.7,0.1,25.28333333333333,5.6,25.666666666666668,7.5,27.816666666666663,9.9,0.4000000000000021,-2.7,Tiruchirappalli,31.0,0.0
2024-05-23 04:00:00,26.1,95,3.0,995.8,6.0,9.2,301,303,4,23,5,3,144,25.8,0.3,25.6,2.0,25.2,0.0,26.3,0.6,29.0,0.0,25.433333333333334,8.6,25.649999999999995,9.9,27.695833333333336,12.9,0.3000000000000007,2.7,Tiruchirappalli,32.7,0.0
2024-05-23 05:00:00,26.1,95,2.5,994.9,7.6,12.4,306,301,5,23,5,3,144,26.1,3.0,25.4,3.0,24.9,0.1,26.4,1.1,30.5,0.0,25.633333333333336,11.0,25.625,11.3,27.512500000000003,15.4,0.0,-0.5,Tiruchirappalli,34.1,0.0
2024-05-23 06:00:00,27.1,89,0.4,994.6,10.2,13.9,280,280,6,23,5,3,144,26.1,2.5,25.8,0.3,24.8,0.2,26.2,0.2,30.9,0.9,26.016666666666666,11.2,25.700000000000003,11.5,27.354166666666668,14.9,1.0,-2.1,Tiruchirappalli,35.1,0.0
2024-05-23 07:00:00,28.3,82,0.4,994.1,12.7,17.1,278,277,7,23,5,3,144,27.1,0.4,26.1,3.0,25.6,2.0,26.0,0.0,31.0,0.1,26.46666666666667,9.6,25.89166666666667,11.9,27.24166666666667,15.2,1.1999999999999993,0.0,Tiruchirappalli,36.0,0.0
2024-05-23 08:00:00,29.0,77,0.1,992.5,12.0,15.9,276,279,8,23,5,3,144,28.3,0.4,26.1,2.5,25.4,3.0,25.9,0.0,31.0,0.0,27.06666666666668,6.7,26.149999999999995,12.0,27.15833333333333,15.3,0.6999999999999993,-0.3,Tiruchirappalli,36.7,0.0
2024-05-23 09:00:00,29.3,74,0.0,991.7,10.6,14.2,279,280,9,23,5,3,144,29.0,0.1,27.1,0.4,25.8,0.3,25.5,0.0,31.9,0.1,27.65,6.4,26.466666666666665,12.0,27.05,15.2,0.3000000000000007,-0.1,Tiruchirappalli,37.0,0.0
2024-05-23 10:00:00,29.8,72,0.0,991.4,6.8,9.4,266,267,10,23,5,3,144,29.3,0.0,28.3,0.4,26.1,3.0,25.2,0.0,32.5,0.0,28.26666666666667,3.4,26.85,12.0,26.9375,15.2,0.5,0.0,Tiruchirappalli,36.7,0.0
2024-05-23 11:00:00,29.9,72,0.0,990.8,7.3,9.8,278,279,11,23,5,3,144,29.8,0.0,29.0,0.1,26.1,2.5,24.9,0.1,30.5,0.0,28.899999999999995,0.9,27.26666666666667,11.9,26.9125,15.2,0.0999999999999978,0.0,Tiruchirappalli,35.4,0.2
2024-05-23 12:00:00,29.3,74,0.0,991.1,6.8,10.4,268,270,12,23,5,3,144,29.9,0.0,29.3,0.0,27.1,0.4,24.8,0.2,29.0,0.0,29.266666666666666,0.5,27.641666666666666,11.7,26.925,15.2,-0.5999999999999979,0.0,Tiruchirappalli,34.3,0.0
2024-05-23 13:00:00,30.6,70,0.0,991.7,8.5,17.8,288,282,13,23,5,3,144,29.3,0.0,29.8,0.0,28.3,0.4,25.6,2.0,28.4,0.8,29.65,0.1,28.058333333333334,9.7,27.016666666666666,14.4,1.3000000000000007,0.0,Tiruchirappalli,32.6,0.0
2024-05-23 14:00:00,29.3,81,0.0,992.0,2.7,1.8,191,113,14,23,5,3,144,30.6,0.0,29.9,0.0,29.0,0.1,25.4,3.0,27.9,0.1,29.7,0.0,28.383333333333336,6.7,27.075,14.3,-1.3000000000000007,0.0,Tiruchirappalli,31.1,0.0
2024-05-23 15:00:00,28.3,85,0.6,993.2,6.5,12.5,168,161,15,23,5,3,144,29.3,0.0,29.3,0.0,29.3,0.0,25.8,0.3,27.0,0.4,29.53333333333333,0.6,28.59166666666667,7.0,27.129166666666663,14.5,-1.0,0.6,Tiruchirappalli,30.2,0.0
2024-05-23 16:00:00,26.7,93,1.6,994.3,14.7,25.2,194,191,16,23,5,3,144,28.3,0.6,30.6,0.0,29.8,0.0,26.1,3.0,26.3,0.6,29.016666666666666,2.2,28.64166666666667,5.6,27.14583333333333,15.5,-1.6000000000000014,1.0,Tiruchirappalli,29.5,0.0
2024-05-23 17:00:00,26.0,97,1.9,994.6,5.9,12.6,185,169,17,23,5,3,144,26.7,1.6,29.3,0.0,29.9,0.0,26.1,2.5,26.4,1.1,28.366666666666664,4.1,28.633333333333336,5.0,27.129166666666663,16.3,-0.6999999999999993,0.2999999999999998,Tiruchirappalli,28.9,0.0
2024-05-23 18:00:00,26.0,97,2.5,994.5,6.1,13.7,198,183,18,23,5,3,144,26.0,1.9,28.3,0.6,29.3,0.0,27.1,0.4,26.2,0.2,27.816666666666663,6.6,28.541666666666668,7.1,27.120833333333334,18.6,0.0,0.6000000000000001,Tiruchirappalli,28.5,0.0
2024-05-23 19:00:00,26.0,97,0.9,993.6,7.1,13.2,241,246,19,23,5,3,144,26.0,2.5,26.7,1.6,30.6,0.0,28.3,0.4,26.0,0.0,27.05,7.5,28.350000000000005,7.6,27.120833333333334,19.5,0.0,-1.6,Tiruchirappalli,28.2,0.0
2024-05-23 20:00:00,25.8,98,0.6,993.0,7.4,15.1,288,284,20,23,5,3,144,26.0,0.9,26.0,1.9,29.3,0.0,29.0,0.1,25.9,0.0,26.46666666666667,8.1,28.08333333333334,8.1,27.11666666666667,20.1,-0.1999999999999993,-0.3,Tiruchirappalli,28.0,0.0
2024-05-23 21:00:00,25.3,97,0.2,992.7,11.0,20.2,301,302,21,23,5,3,144,25.8,0.6,26.0,2.5,28.3,0.6,29.3,0.0,25.5,0.0,25.966666666666665,7.7,27.75,8.299999999999999,27.10833333333333,20.3,-0.5,-0.3999999999999999,Tiruchirappalli,27.8,0.0
2024-05-23 22:00:00,24.4,96,0.3,991.9,11.3,22.0,281,279,22,23,5,3,144,25.3,0.2,26.0,0.9,26.7,1.6,29.8,0.0,25.2,0.0,25.58333333333333,6.4,27.3,8.6,27.075,20.6,-0.9000000000000021,0.0999999999999999,Tiruchirappalli,27.7,0.0
2024-05-23 23:00:00,24.3,95,0.1,992.4,11.9,21.3,264,256,23,23,5,3,144,24.4,0.3,25.8,0.6,26.0,1.9,29.9,0.0,24.9,0.1,25.3,4.6,26.83333333333334,8.7,27.05,20.6,-0.0999999999999978,-0.1999999999999999,Tiruchirappalli,27.4,0.0
2024-05-24 00:00:00,24.3,94,0.0,992.8,10.6,19.1,267,260,0,24,5,4,145,24.3,0.1,25.3,0.2,26.0,2.5,29.3,0.0,24.8,0.2,25.016666666666666,2.1,26.416666666666668,8.7,27.02916666666667,20.4,0.0,-0.1,Tiruchirappalli,27.2,0.0
2024-05-24 01:00:00,26.9,94,0.0,993.0,12.6,22.3,270,265,1,24,5,4,145,24.3,0.0,24.4,0.3,26.0,0.9,30.6,0.0,25.6,2.0,25.166666666666668,1.2000000000000002,26.10833333333333,8.7,27.08333333333333,18.4,2.599999999999998,0.0,Tiruchirappalli,27.9,0.0
2024-05-24 02:00:00,27.4,88,0.2,993.3,9.9,14.5,256,251,2,24,5,4,145,26.9,0.0,24.3,0.1,25.8,0.6,29.3,0.0,25.4,3.0,25.433333333333334,0.8,25.95,8.9,27.166666666666668,15.6,0.5,0.2,Tiruchirappalli,29.1,0.0
2024-05-24 03:00:00,27.7,87,0.0,993.8,10.7,15.0,260,258,3,24,5,4,145,27.4,0.2,24.3,0.0,25.3,0.2,28.3,0.6,25.8,0.3,25.83333333333333,0.6000000000000001,25.899999999999995,8.3,27.245833333333334,15.3,0.3000000000000007,-0.2,Tiruchirappalli,31.1,0.0
2024-05-24 04:00:00,28.1,84,0.0,994.0,11.2,15.1,269,270,4,24,5,4,145,27.7,0.0,26.9,0.0,24.4,0.3,26.7,1.6,26.1,3.0,26.450000000000003,0.3,26.016666666666666,6.7,27.329166666666666,12.3,0.4000000000000021,0.0,Tiruchirappalli,32.6,0.0
2024-05-24 05:00:00,28.8,78,0.0,993.8,8.8,12.0,279,279,5,24,5,4,145,28.1,0.0,27.4,0.2,24.3,0.1,26.0,1.9,26.1,2.5,27.2,0.2,26.25,4.8,27.441666666666663,9.8,0.6999999999999993,0.0,Tiruchirappalli,34.1,0.0
2024-05-24 06:00:00,29.1,77,0.0,993.4,7.6,10.5,274,275,6,24,5,4,145,28.8,0.0,27.7,0.0,24.3,0.0,26.0,2.5,27.1,0.4,28.0,0.2,26.50833333333333,2.3,27.525,9.4,0.3000000000000007,0.0,Tiruchirappalli,35.3,0.0
2024-05-24 07:00:00,30.9,68,0.0,992.6,9.6,12.5,252,250,7,24,5,4,145,29.1,0.0,28.1,0.0,26.9,0.0,26.0,0.9,28.3,0.4,28.666666666666668,0.2,26.916666666666668,1.4,27.63333333333333,9.0,1.7999999999999972,0.0,Tiruchirappalli,36.2,0.0
2024-05-24 08:00:00,32.4,63,0.0,991.8,6.4,8.5,242,243,8,24,5,4,145,30.9,0.0,28.8,0.0,27.4,0.2,25.8,0.6,29.0,0.1,29.5,0.0,27.466666666666665,0.8,27.775,8.899999999999999,1.5,0.0,Tiruchirappalli,36.9,0.0
2024-05-24 09:00:00,32.5,63,0.4,990.7,8.7,10.8,274,275,9,24,5,4,145,32.4,0.0,29.1,0.0,27.7,0.0,25.3,0.2,29.3,0.0,30.3,0.4,28.066666666666663,1.0,27.90833333333333,9.3,0.1000000000000014,0.4,Tiruchirappalli,37.2,0.0
2024-05-24 10:00:00,28.9,79,7.9,990.4,6.9,9.9,224,219,10,24,5,4,145,32.5,0.4,30.9,0.0,28.1,0.0,24.4,0.3,29.8,0.0,30.433333333333334,8.3,28.441666666666663,8.6,27.870833333333334,17.2,-3.6000000000000014,7.5,Tiruchirappalli,36.9,0.0
2024-05-24 11:00:00,26.9,95,1.4,990.5,9.4,16.5,196,187,11,24,5,4,145,28.9,7.9,32.4,0.0,28.8,0.0,24.3,0.1,29.9,0.0,30.11666666666667,9.7,28.65833333333333,9.9,27.745833333333334,18.6,-2.0,-6.5,Tiruchirappalli,36.2,0.0
2024-05-24 12:00:00,26.7,95,1.1,991.1,8.6,17.2,209,202,12,24,5,4,145,26.9,1.4,32.5,0.4,29.1,0.0,24.3,0.0,29.3,0.0,29.716666666666665,10.8,28.85833333333333,11.0,27.637500000000003,19.7,-0.1999999999999993,-0.2999999999999998,Tiruchirappalli,34.9,0.0
2024-05-24 13:00:00,28.5,77,0.9,991.6,14.0,23.9,226,222,13,24,5,4,145,26.7,1.1,28.9,7.9,30.9,0.0,26.9,0.0,30.6,0.0,29.316666666666663,11.7,28.991666666666664,11.9,27.55,20.6,1.8000000000000007,-0.2,Tiruchirappalli,32.8,0.2
2024-05-24 14:00:00,26.4,93,0.9,992.7,10.0,22.3,256,257,14,24,5,4,145,28.5,0.9,26.9,1.4,32.4,0.0,27.4,0.2,29.3,0.0,28.316666666666663,12.6,28.90833333333333,12.6,27.42916666666667,21.5,-2.1000000000000014,0.0,Tiruchirappalli,32.1,0.1
2024-05-24 15:00:00,26.9,89,0.1,993.6,7.2,13.0,224,186,15,24,5,4,145,26.4,0.9,26.7,1.1,32.5,0.4,27.7,0.0,28.3,0.6,27.383333333333336,12.3,28.84166666666667,12.7,27.370833333333334,21.0,0.5,-0.8,Tiruchirappalli,31.4,0.0
2024-05-24 16:00:00,26.6,93,0.1,993.5,9.0,14.7,208,180,16,24,5,4,145,26.9,0.1,28.5,0.9,28.9,7.9,28.1,0.0,26.7,1.6,27.0,4.5,28.716666666666665,12.8,27.36666666666667,19.5,-0.2999999999999971,0.0,Tiruchirappalli,30.3,0.0
2024-05-24 17:00:00,26.3,93,0.0,993.7,8.4,17.3,225,220,17,24,5,4,145,26.6,0.1,26.4,0.9,26.9,1.4,28.8,0.0,26.0,1.9,26.899999999999995,3.1,28.50833333333333,12.8,27.379166666666663,17.6,-0.3000000000000007,-0.1,Tiruchirappalli,29.6,0.0
2024-05-24 18:00:00,26.0,93,0.0,994.0,7.1,16.1,241,221,18,24,5,4,145,26.3,0.0,26.9,0.1,26.7,1.1,29.1,0.0,26.0,2.5,26.78333333333333,2.0,28.25,12.8,27.379166666666663,15.1,-0.3000000000000007,0.0,Tiruchirappalli,29.1,0.0
2024-05-24 19:00:00,26.4,87,0.0,993.9,11.0,22.2,257,247,19,24,5,4,145,26.0,0.0,26.6,0.1,28.5,0.9,30.9,0.0,26.0,0.9,26.433333333333334,1.1,27.875,12.8,27.39583333333333,14.2,0.3999999999999986,0.0,Tiruchirappalli,28.7,0.0
2024-05-24 20:00:00,26.8,79,0.0,993.1,10.2,21.6,268,260,20,24,5,4,145,26.4,0.0,26.3,0.0,26.4,0.9,32.4,0.0,25.8,0.6,26.5,0.2,27.40833333333333,12.8,27.4375,13.6,0.4000000000000021,0.0,Tiruchirappalli,28.4,0.0
2024-05-24 21:00:00,26.7,81,0.0,992.1,12.8,24.9,268,260,21,24,5,4,145,26.8,0.0,26.0,0.0,26.9,0.1,32.5,0.4,25.3,0.2,26.466666666666665,0.1,26.925,12.400000000000002,27.495833333333334,13.4,-0.1000000000000014,0.0,Tiruchirappalli,28.1,0.0
2024-05-24 22:00:00,26.8,84,0.0,991.9,12.8,24.9,265,260,22,24,5,4,145,26.7,0.0,26.4,0.0,26.6,0.1,28.9,7.9,24.4,0.3,26.5,0.0,26.75,4.5,27.59583333333333,13.1,0.1000000000000014,0.0,Tiruchirappalli,27.8,0.0
2024-05-24 23:00:00,26.7,85,0.0,992.1,13.3,25.6,272,267,23,24,5,4,145,26.8,0.0,26.8,0.0,26.3,0.0,26.9,1.4,24.3,0.1,26.566666666666663,0.0,26.73333333333333,3.1,27.69583333333333,13.0,-0.1000000000000014,0.0,Tiruchirappalli,27.5,0.0
2024-05-25 00:00:00,26.8,83,0.0,992.3,15.2,27.4,271,266,0,25,5,5,146,26.7,0.0,26.7,0.0,26.0,0.0,26.7,1.1,24.3,0.0,26.7,0.0,26.741666666666664,2.0,27.8,13.0,0.1000000000000014,0.0,Tiruchirappalli,27.4,0.0
2024-05-25 01:00:00,27.0,86,0.0,991.8,16.6,28.8,269,266,1,25,5,5,146,26.8,0.0,26.8,0.0,26.4,0.0,28.5,0.9,26.9,0.0,26.8,0.0,26.616666666666664,1.1,27.80416666666667,13.0,0.1999999999999993,0.0,Tiruchirappalli,28.4,0.0
2024-05-25 02:00:00,27.9,79,0.0,992.2,16.6,25.9,270,269,2,25,5,5,146,27.0,0.0,26.7,0.0,26.8,0.0,26.4,0.9,27.4,0.2,26.98333333333333,0.0,26.74166666666667,0.2,27.825,12.8,0.8999999999999986,0.0,Tiruchirappalli,29.8,0.0
2024-05-25 03:00:00,28.7,75,0.0,993.0,17.7,26.7,275,274,3,25,5,5,146,27.9,0.0,26.8,0.0,26.7,0.0,26.9,0.1,27.7,0.0,27.316666666666663,0.0,26.891666666666666,0.1,27.866666666666664,12.8,0.8000000000000007,0.0,Tiruchirappalli,31.8,0.0
2024-05-25 04:00:00,29.7,71,0.0,993.1,16.9,25.6,272,270,4,25,5,5,146,28.7,0.0,27.0,0.0,26.8,0.0,26.6,0.1,28.1,0.0,27.8,0.0,27.15,0.0,27.933333333333334,12.8,1.0,0.0,Tiruchirappalli,33.6,0.0
2024-05-25 05:00:00,32.0,66,0.0,993.4,18.4,26.0,274,273,5,25,5,5,146,29.7,0.0,27.9,0.0,26.7,0.0,26.3,0.0,28.8,0.0,28.683333333333337,0.0,27.625,0.0,28.066666666666663,12.8,2.3000000000000007,0.0,Tiruchirappalli,35.1,0.0
2024-05-25 06:00:00,33.6,59,0.0,993.3,21.5,29.9,280,280,6,25,5,5,146,32.0,0.0,28.7,0.0,26.8,0.0,26.0,0.0,29.1,0.0,29.816666666666663,0.0,28.258333333333336,0.0,28.254166666666663,12.8,1.6000000000000014,0.0,Tiruchirappalli,36.4,0.0
2024-05-25 07:00:00,34.5,54,0.0,992.9,19.6,27.2,285,284,7,25,5,5,146,33.6,0.0,29.7,0.0,27.0,0.0,26.4,0.0,30.9,0.0,31.066666666666663,0.0,28.933333333333334,0.0,28.40416666666667,12.8,0.8999999999999986,0.0,Tiruchirappalli,37.3,0.0
2024-05-25 08:00:00,34.7,51,0.0,992.3,19.2,27.0,283,283,8,25,5,5,146,34.5,0.0,32.0,0.0,27.9,0.0,26.8,0.0,32.4,0.0,32.2,0.0,29.59166666666667,0.0,28.5,12.8,0.2000000000000028,0.0,Tiruchirappalli,37.9,0.0
2024-05-25 09:00:00,34.2,53,0.0,991.3,19.6,27.8,283,284,9,25,5,5,146,34.7,0.0,33.6,0.0,28.7,0.0,26.7,0.0,32.5,0.4,33.11666666666667,0.0,30.216666666666665,0.0,28.57083333333333,12.4,-0.5,0.0,Tiruchirappalli,38.3,0.0
2024-05-25 10:00:00,33.4,55,0.0,991.1,17.3,25.7,276,275,10,25,5,5,146,34.2,0.0,34.5,0.0,29.7,0.0,26.8,0.0,28.9,7.9,33.73333333333334,0.0,30.76666666666667,0.0,28.75833333333333,4.5,-0.8000000000000043,0.0,Tiruchirappalli,38.1,0.0
2024-05-25 11:00:00,32.4,60,0.0,990.9,13.6,22.6,262,259,11,25,5,5,146,33.4,0.0,34.7,0.0,32.0,0.0,26.7,0.0,26.9,1.4,33.800000000000004,0.0,31.241666666666664,0.0,28.9875,3.1,-1.0,0.0,Tiruchirappalli,36.4,0.0
2024-05-25 12:00:00,31.6,64,0.0,991.8,14.9,25.8,258,255,12,25,5,5,146,32.4,0.0,34.2,0.0,33.6,0.0,26.8,0.0,26.7,1.1,33.46666666666667,0.0,31.64166666666667,0.0,29.191666666666663,2.0,-0.7999999999999972,0.0,Tiruchirappalli,35.7,0.0
2024-05-25 13:00:00,31.0,60,0.0,992.0,18.0,31.8,260,258,13,25,5,5,146,31.6,0.0,33.4,0.0,34.5,0.0,27.0,0.0,28.5,0.9,32.88333333333333,0.0,31.975000000000005,0.0,29.29583333333333,1.1,-0.6000000000000014,0.0,Tiruchirappalli,34.7,0.0
2024-05-25 14:00:00,30.7,62,0.0,993.4,20.3,35.5,260,258,14,25,5,5,146,31.0,0.0,32.4,0.0,34.7,0.0,27.9,0.0,26.4,0.9,32.21666666666667,0.0,32.208333333333336,0.0,29.475,0.2,-0.3000000000000007,0.0,Tiruchirappalli,33.6,0.0
2024-05-25 15:00:00,30.2,63,0.0,994.6,15.2,26.4,265,265,15,25,5,5,146,30.7,0.0,31.6,0.0,34.2,0.0,28.7,0.0,26.9,0.1,31.55,0.0,32.333333333333336,0.0,29.6125,0.1,-0.5,0.0,Tiruchirappalli,32.7,0.0
2024-05-25 16:00:00,29.4,69,0.0,994.7,15.3,27.9,264,261,16,25,5,5,146,30.2,0.0,31.0,0.0,33.4,0.0,29.7,0.0,26.6,0.1,30.88333333333333,0.0,32.30833333333334,0.0,29.729166666666668,0.0,-0.8000000000000007,0.0,Tiruchirappalli,31.2,0.0
2024-05-25 17:00:00,28.9,69,0.0,994.9,16.2,29.2,272,273,17,25,5,5,146,29.4,0.0,30.7,0.0,32.4,0.0,32.0,0.0,26.3,0.0,30.3,0.0,32.050000000000004,0.0,29.8375,0.0,-0.5,0.0,Tiruchirappalli,29.8,0.0
2024-05-25 18:00:00,28.7,69,0.0,994.9,17.5,30.9,277,278,18,25,5,5,146,28.9,0.0,30.2,0.0,31.6,0.0,33.6,0.0,26.0,0.0,29.816666666666663,0.0,31.641666666666666,0.0,29.950000000000003,0.0,-0.1999999999999993,0.0,Tiruchirappalli,29.1,0.0
2024-05-25 19:00:00,28.6,69,0.0,994.5,15.6,28.3,277,277,19,25,5,5,146,28.7,0.0,29.4,0.0,31.0,0.0,34.5,0.0,26.4,0.0,29.41666666666666,0.0,31.15,0.0,30.041666666666668,0.0,-0.0999999999999978,0.0,Tiruchirappalli,28.8,0.0
2024-05-25 20:00:00,28.2,68,0.0,994.0,15.2,27.6,277,275,20,25,5,5,146,28.6,0.0,28.9,0.0,30.7,0.0,34.7,0.0,26.8,0.0,29.0,0.0,30.60833333333333,0.0,30.1,0.0,-0.4000000000000021,0.0,Tiruchirappalli,28.7,0.0
2024-05-25 21:00:00,27.7,71,0.0,993.2,16.3,29.8,278,276,21,25,5,5,146,28.2,0.0,28.7,0.0,30.2,0.0,34.2,0.0,26.7,0.0,28.58333333333333,0.0,30.066666666666663,0.0,30.14166666666667,0.0,-0.5,0.0,Tiruchirappalli,28.3,0.0
2024-05-25 22:00:00,27.7,70,0.0,992.9,18.1,32.7,278,276,22,25,5,5,146,27.7,0.0,28.6,0.0,29.4,0.0,33.4,0.0,26.8,0.0,28.3,0.0,29.591666666666665,0.0,30.179166666666664,0.0,0.0,0.0,Tiruchirappalli,28.1,0.0
2024-05-25 23:00:00,27.8,70,0.0,993.2,18.4,32.8,274,271,23,25,5,5,146,27.7,0.0,28.2,0.0,28.9,0.0,32.4,0.0,26.7,0.0,28.116666666666664,0.0,29.20833333333333,0.0,30.225000000000005,0.0,0.1000000000000014,0.0,Tiruchirappalli,28.0,0.0
2024-05-26 00:00:00,27.8,71,0.0,993.9,15.1,28.0,263,258,0,26,5,6,147,27.8,0.0,27.7,0.0,28.7,0.0,31.6,0.0,26.8,0.0,27.96666666666667,0.0,28.891666666666666,0.0,30.266666666666666,0.0,0.0,0.0,Tiruchirappalli,28.0,0.0
2024-05-26 01:00:00,25.1,91,1.3,994.4,17.0,32.7,238,234,1,26,5,6,147,27.8,0.0,27.7,0.0,28.6,0.0,31.0,0.0,27.0,0.0,27.383333333333336,1.3,28.399999999999995,1.3,30.1875,1.3,-2.7,1.3,Tiruchirappalli,29.2,0.0
2024-05-26 02:00:00,26.5,82,0.2,995.0,13.7,25.4,249,243,2,26,5,6,147,25.1,1.3,27.8,0.0,28.2,0.0,30.7,0.0,27.9,0.0,27.1,1.5,28.05,1.5,30.129166666666663,1.5,1.3999999999999986,-1.1,Tiruchirappalli,30.3,0.0
2024-05-26 03:00:00,30.1,72,0.0,994.9,14.1,24.9,267,267,3,26,5,6,147,26.5,0.2,27.8,0.0,27.7,0.0,30.2,0.0,28.7,0.0,27.5,1.5,28.041666666666668,1.5,30.187500000000004,1.5,3.6000000000000014,-0.2,Tiruchirappalli,32.2,0.0
2024-05-26 04:00:00,33.0,59,0.0,994.9,21.6,31.0,271,271,4,26,5,6,147,30.1,0.0,25.1,1.3,27.7,0.0,29.4,0.0,29.7,0.0,28.383333333333336,1.5,28.34166666666667,1.5,30.325000000000003,1.5,2.8999999999999986,0.0,Tiruchirappalli,33.5,0.0
2024-05-26 05:00:00,34.1,55,0.0,995.1,21.6,30.6,270,270,5,26,5,6,147,33.0,0.0,26.5,0.2,27.8,0.0,28.9,0.0,32.0,0.0,29.433333333333337,1.5,28.775,1.5,30.4125,1.5,1.1000000000000014,0.0,Tiruchirappalli,35.6,0.0
2024-05-26 06:00:00,34.9,50,0.0,994.3,20.9,29.2,266,266,6,26,5,6,147,34.1,0.0,30.1,0.0,27.8,0.0,28.7,0.0,33.6,0.0,30.616666666666664,1.5,29.291666666666668,1.5,30.46666666666667,1.5,0.7999999999999972,0.0,Tiruchirappalli,36.9,0.0
2024-05-26 07:00:00,35.3,50,0.0,993.7,19.8,27.4,269,269,7,26,5,6,147,34.9,0.0,33.0,0.0,25.1,1.3,28.6,0.0,34.5,0.0,32.31666666666667,0.2,29.85,1.5,30.5,1.5,0.3999999999999986,0.0,Tiruchirappalli,37.9,0.0
2024-05-26 08:00:00,35.6,47,0.4,992.9,18.7,26.3,270,270,8,26,5,6,147,35.3,0.0,34.1,0.0,26.5,0.2,28.2,0.0,34.7,0.0,33.833333333333336,0.4,30.46666666666667,1.9,30.5375,1.9,0.3000000000000042,0.4,Tiruchirappalli,38.4,0.0
2024-05-26 09:00:00,35.4,49,0.0,992.1,18.8,26.1,276,277,9,26,5,6,147,35.6,0.4,34.9,0.0,30.1,0.0,27.7,0.0,34.2,0.0,34.71666666666667,0.4,31.10833333333333,1.9,30.5875,1.9,-0.2000000000000028,-0.4,Tiruchirappalli,37.3,0.0
2024-05-26 10:00:00,33.5,57,0.0,991.8,15.0,21.4,278,280,10,26,5,6,147,35.4,0.0,35.3,0.0,33.0,0.0,27.7,0.0,33.4,0.0,34.800000000000004,0.4,31.59166666666667,1.9,30.59166666666667,1.9,-1.8999999999999984,0.0,Tiruchirappalli,29.7,19.6
2024-05-26 11:00:00,34.0,55,0.0,991.5,14.4,22.0,268,270,11,26,5,6,147,33.5,0.0,35.6,0.4,34.1,0.0,27.8,0.0,32.4,0.0,34.78333333333333,0.4,32.108333333333334,1.9,30.65833333333333,1.9,0.5,0.0,Tiruchirappalli,29.7,0.5
2024-05-26 12:00:00,33.2,59,0.0,992.1,10.5,19.1,266,264,12,26,5,6,147,34.0,0.0,35.4,0.0,34.9,0.0,27.8,0.0,31.6,0.0,34.5,0.4,32.55833333333333,1.9,30.725000000000005,1.9,-0.7999999999999972,0.0,Tiruchirappalli,29.5,0.5
2024-05-26 13:00:00,32.1,58,0.0,992.5,14.9,27.0,254,250,13,26,5,6,147,33.2,0.0,33.5,0.0,35.3,0.0,25.1,1.3,31.0,0.0,33.96666666666667,0.4,33.14166666666667,0.6000000000000001,30.77083333333333,1.9,-1.1000000000000014,0.0,Tiruchirappalli,30.5,0.0
2024-05-26 14:00:00,31.2,59,0.0,993.2,12.3,23.5,266,263,14,26,5,6,147,32.1,0.0,34.0,0.0,35.6,0.4,26.5,0.2,30.7,0.0,33.233333333333334,0.0,33.53333333333334,0.4,30.791666666666668,1.9,-0.9000000000000021,0.0,Tiruchirappalli,28.8,1.3
2024-05-26 15:00:00,30.7,60,0.0,994.0,13.1,25.1,263,262,15,26,5,6,147,31.2,0.0,33.2,0.0,35.4,0.0,30.1,0.0,30.2,0.0,32.45,0.0,33.583333333333336,0.4,30.8125,1.9,-0.5,0.0,Tiruchirappalli,27.7,0.6
2024-05-26 16:00:00,30.4,58,0.0,994.8,14.1,27.8,266,267,16,26,5,6,147,30.7,0.0,32.1,0.0,33.5,0.0,33.0,0.0,29.4,0.0,31.933333333333334,0.0,33.36666666666667,0.4,30.854166666666668,1.9,-0.3000000000000007,0.0,Tiruchirappalli,27.6,4.2
2024-05-26 17:00:00,30.2,57,0.0,995.3,14.8,28.5,267,267,17,26,5,6,147,30.4,0.0,31.2,0.0,34.0,0.0,34.1,0.0,28.9,0.0,31.3,0.0,33.041666666666664,0.4,30.90833333333333,1.9,-0.1999999999999993,0.0,Tiruchirappalli,27.1,3.2
2024-05-26 18:00:00,30.1,57,0.0,995.1,16.6,29.9,270,270,18,26,5,6,147,30.2,0.0,30.7,0.0,33.2,0.0,34.9,0.0,28.7,0.0,30.78333333333333,0.0,32.641666666666666,0.4,30.966666666666665,1.9,-0.0999999999999978,0.0,Tiruchirappalli,25.4,21.0
2024-05-26 19:00:00,29.8,60,0.0,995.0,16.1,29.1,279,280,19,26,5,6,147,30.1,0.0,30.4,0.0,32.1,0.0,35.3,0.0,28.6,0.0,30.4,0.0,32.18333333333333,0.4,31.01666666666667,1.9,-0.3000000000000007,0.0,Tiruchirappalli,25.8,0.1
2024-05-26 20:00:00,29.4,63,0.0,994.5,16.6,29.7,276,275,20,26,5,6,147,29.8,0.0,30.2,0.0,31.2,0.0,35.6,0.4,28.2,0.0,30.1,0.0,31.666666666666668,0.0,31.066666666666663,1.9,-0.4000000000000021,0.0,Tiruchirappalli,26.0,0.0
2024-05-26 21:00:00,28.9,66,0.0,993.8,16.6,29.9,272,272,21,26,5,6,147,29.4,0.0,30.1,0.0,30.7,0.0,35.4,0.0,27.7,0.0,29.8,0.0,31.125,0.0,31.116666666666664,1.9,-0.5,0.0,Tiruchirappalli,26.4,0.0
2024-05-26 22:00:00,28.4,69,0.0,993.5,16.2,29.5,271,270,22,26,5,6,147,28.9,0.0,29.8,0.0,30.4,0.0,33.5,0.0,27.7,0.0,29.46666666666667,0.0,30.7,0.0,31.14583333333333,1.9,-0.5,0.0,Tiruchirappalli,26.5,0.0
2024-05-26 23:00:00,28.3,71,0.0,993.7,16.2,28.8,271,267,23,26,5,6,147,28.4,0.0,29.4,0.0,30.2,0.0,34.0,0.0,27.8,0.0,29.15,0.0,30.225,0.0,31.166666666666668,1.9,-0.0999999999999978,0.0,Tiruchirappalli,26.7,0.0
2024-05-27 00:00:00,28.2,73,0.0,994.1,17.3,31.0,269,268,0,27,5,0,148,28.3,0.0,28.9,0.0,30.1,0.0,33.2,0.0,27.8,0.0,28.83333333333333,0.0,29.808333333333334,0.0,31.183333333333334,1.9,-0.1000000000000014,0.0,Tiruchirappalli,26.8,0.0
2024-05-27 01:00:00,28.5,73,0.0,994.0,16.9,29.9,273,272,1,27,5,0,148,28.2,0.0,28.4,0.0,29.8,0.0,32.1,0.0,25.1,1.3,28.616666666666664,0.0,29.50833333333333,0.0,31.325,0.6000000000000001,0.3000000000000007,0.0,Tiruchirappalli,28.3,0.0
2024-05-27 02:00:00,29.1,72,0.0,994.6,15.6,25.8,277,278,2,27,5,0,148,28.5,0.0,28.3,0.0,29.4,0.0,31.2,0.0,26.5,0.2,28.566666666666663,0.0,29.33333333333333,0.0,31.433333333333334,0.4,0.6000000000000014,0.0,Tiruchirappalli,29.3,0.0
2024-05-27 03:00:00,30.4,69,0.0,994.7,18.5,26.9,278,278,3,27,5,0,148,29.1,0.0,28.2,0.0,28.9,0.0,30.7,0.0,30.1,0.0,28.816666666666663,0.0,29.308333333333334,0.0,31.44583333333333,0.4,1.2999999999999972,0.0,Tiruchirappalli,30.2,0.0
2024-05-27 04:00:00,30.9,68,0.0,994.7,20.2,29.5,269,269,4,27,5,0,148,30.4,0.0,28.5,0.0,28.4,0.0,30.4,0.0,33.0,0.0,29.23333333333333,0.0,29.35,0.0,31.35833333333333,0.4,0.5,0.0,Tiruchirappalli,30.8,0.0
2024-05-27 05:00:00,31.7,64,0.0,995.1,17.5,25.1,263,262,5,27,5,0,148,30.9,0.0,29.1,0.0,28.3,0.0,30.2,0.0,34.1,0.0,29.8,0.0,29.475,0.0,31.258333333333336,0.4,0.8000000000000007,0.0,Tiruchirappalli,32.8,0.0
2024-05-27 06:00:00,33.1,60,0.0,995.2,18.4,25.8,258,258,6,27,5,0,148,31.7,0.0,30.4,0.0,28.2,0.0,30.1,0.0,34.9,0.0,30.61666666666667,0.0,29.725000000000005,0.0,31.183333333333334,0.4,1.400000000000002,0.0,Tiruchirappalli,34.2,0.0
2024-05-27 07:00:00,33.9,55,0.0,994.2,20.2,28.8,268,269,7,27,5,0,148,33.1,0.0,30.9,0.0,28.5,0.0,29.8,0.0,35.3,0.0,31.516666666666666,0.0,30.066666666666663,0.0,31.125,0.4,0.7999999999999972,0.0,Tiruchirappalli,34.5,0.0
2024-05-27 08:00:00,34.8,52,0.0,993.5,18.4,26.0,274,273,8,27,5,0,148,33.9,0.0,31.7,0.0,29.1,0.0,29.4,0.0,35.6,0.4,32.46666666666666,0.0,30.516666666666666,0.0,31.091666666666665,0.0,0.8999999999999986,0.0,Tiruchirappalli,35.7,0.0
2024-05-27 09:00:00,35.7,49,0.0,992.8,16.2,22.7,269,266,9,27,5,0,148,34.8,0.0,33.1,0.0,30.4,0.0,28.9,0.0,35.4,0.0,33.35,0.0,31.08333333333333,0.0,31.104166666666668,0.0,0.9000000000000057,0.0,Tiruchirappalli,36.2,0.0
2024-05-27 10:00:00,35.9,48,0.0,991.9,16.2,22.7,268,267,10,27,5,0,148,35.7,0.0,33.9,0.0,30.9,0.0,28.4,0.0,33.5,0.0,34.18333333333334,0.0,31.70833333333333,0.0,31.204166666666666,0.0,0.1999999999999957,0.0,Tiruchirappalli,30.2,5.0
2024-05-27 11:00:00,35.6,50,0.0,991.6,14.8,21.2,269,269,11,27,5,0,148,35.9,0.0,34.8,0.0,31.7,0.0,28.3,0.0,34.0,0.0,34.833333333333336,0.0,32.31666666666667,0.0,31.27083333333333,0.0,-0.2999999999999971,0.0,Tiruchirappalli,28.6,5.1
2024-05-27 12:00:00,34.5,53,0.0,991.9,14.8,24.3,246,244,12,27,5,0,148,35.6,0.0,35.7,0.0,33.1,0.0,28.2,0.0,33.2,0.0,35.06666666666667,0.0,32.84166666666667,0.0,31.325,0.0,-1.1000000000000014,0.0,Tiruchirappalli,29.1,1.0
2024-05-27 13:00:00,33.1,54,0.0,993.1,12.6,24.7,249,243,13,27,5,0,148,34.5,0.0,35.9,0.0,33.9,0.0,28.5,0.0,32.1,0.0,34.93333333333333,0.0,33.225,0.0,31.36666666666667,0.0,-1.3999999999999986,0.0,Tiruchirappalli,32.5,0.0
2024-05-27 14:00:00,32.4,57,0.0,994.0,16.8,30.3,266,261,14,27,5,0,148,33.1,0.0,35.6,0.0,34.8,0.0,29.1,0.0,31.2,0.0,34.53333333333334,0.0,33.5,0.0,31.416666666666668,0.0,-0.7000000000000028,0.0,Tiruchirappalli,27.1,10.1
2024-05-27 15:00:00,31.8,57,0.0,994.7,19.8,34.6,273,271,15,27,5,0,148,32.4,0.0,34.5,0.0,35.7,0.0,30.4,0.0,30.7,0.0,33.88333333333333,0.0,33.61666666666667,0.0,31.462499999999995,0.0,-0.5999999999999979,0.0,Tiruchirappalli,26.7,0.8
2024-05-27 16:00:00,31.1,57,0.0,995.2,18.7,33.1,271,269,16,27,5,0,148,31.8,0.0,33.1,0.0,35.9,0.0,30.9,0.0,30.4,0.0,33.083333333333336,0.0,33.63333333333333,0.0,31.491666666666664,0.0,-0.6999999999999993,0.0,Tiruchirappalli,27.1,0.5
2024-05-27 17:00:00,30.5,59,0.0,995.4,17.7,31.3,269,268,17,27,5,0,148,31.1,0.0,32.4,0.0,35.6,0.0,31.7,0.0,30.2,0.0,32.233333333333334,0.0,33.53333333333333,0.0,31.504166666666663,0.0,-0.6000000000000014,0.0,Tiruchirappalli,27.3,0.1
2024-05-27 18:00:00,29.9,61,0.0,995.2,18.1,32.1,266,264,18,27,5,0,148,30.5,0.0,31.8,0.0,34.5,0.0,33.1,0.0,30.1,0.0,31.466666666666665,0.0,33.266666666666666,0.0,31.495833333333334,0.0,-0.6000000000000014,0.0,Tiruchirappalli,27.1,0.0
2024-05-27 19:00:00,29.5,62,0.0,994.7,20.5,35.6,269,270,19,27,5,0,148,29.9,0.0,31.1,0.0,33.1,0.0,33.9,0.0,29.8,0.0,30.866666666666664,0.0,32.9,0.0,31.48333333333333,0.0,-0.3999999999999986,0.0,Tiruchirappalli,27.2,0.0
2024-05-27 20:00:00,29.4,61,0.0,994.1,21.6,37.5,272,273,20,27,5,0,148,29.5,0.0,30.5,0.0,32.4,0.0,34.8,0.0,29.4,0.0,30.366666666666664,0.0,32.45,0.0,31.48333333333333,0.0,-0.1000000000000014,0.0,Tiruchirappalli,27.3,0.0
2024-05-27 21:00:00,29.2,62,0.0,993.8,18.4,32.6,276,276,21,27,5,0,148,29.4,0.0,29.9,0.0,31.8,0.0,35.7,0.0,28.9,0.0,29.933333333333337,0.0,31.90833333333333,0.0,31.495833333333334,0.0,-0.1999999999999993,0.0,Tiruchirappalli,27.0,0.0
2024-05-27 22:00:00,28.8,65,0.0,994.0,17.3,30.7,275,274,22,27,5,0,148,29.2,0.0,29.5,0.0,31.1,0.0,35.9,0.0,28.4,0.0,29.55,0.0,31.316666666666663,0.0,31.512500000000003,0.0,-0.3999999999999986,0.0,Tiruchirappalli,26.9,0.0
2024-05-27 23:00:00,28.5,68,0.0,994.3,16.7,29.4,277,277,23,27,5,0,148,28.8,0.0,29.4,0.0,30.5,0.0,35.6,0.0,28.3,0.0,29.216666666666665,0.0,30.725,0.0,31.52083333333333,0.0,-0.3000000000000007,0.0,Tiruchirappalli,26.9,0.0
2024-05-28 00:00:00,28.1,72,0.0,994.8,15.3,27.3,278,279,0,28,5,1,149,28.5,0.0,29.2,0.0,29.9,0.0,34.5,0.0,28.2,0.0,28.916666666666668,0.0,30.191666666666663,0.0,31.516666666666666,0.0,-0.3999999999999986,0.0,Tiruchirappalli,27.1,0.0
2024-05-28 01:00:00,28.7,70,0.0,995.1,15.9,27.5,276,275,1,28,5,1,149,28.1,0.0,28.8,0.0,29.5,0.0,33.1,0.0,28.5,0.0,28.78333333333333,0.0,29.825000000000003,0.0,31.525,0.0,0.5999999999999979,0.0,Tiruchirappalli,27.6,0.0
2024-05-28 02:00:00,29.6,71,0.0,995.8,15.9,23.9,275,274,2,28,5,1,149,28.7,0.0,28.5,0.0,29.4,0.0,32.4,0.0,29.1,0.0,28.816666666666663,0.0,29.59166666666667,0.0,31.54583333333333,0.0,0.9000000000000021,0.0,Tiruchirappalli,29.1,0.0
2024-05-28 03:00:00,31.0,67,0.0,996.2,17.0,24.2,274,274,3,28,5,1,149,29.6,0.0,28.1,0.0,29.2,0.0,31.8,0.0,30.4,0.0,29.116666666666664,0.0,29.524999999999995,0.0,31.570833333333336,0.0,1.3999999999999986,0.0,Tiruchirappalli,30.5,0.0
2024-05-28 04:00:00,32.7,60,0.0,996.3,19.6,27.6,277,276,4,28,5,1,149,31.0,0.0,28.7,0.0,28.8,0.0,31.1,0.0,30.9,0.0,29.76666666666667,0.0,29.65833333333333,0.0,31.64583333333333,0.0,1.7000000000000028,0.0,Tiruchirappalli,31.8,0.1
2024-05-28 05:00:00,34.1,53,0.0,995.9,19.6,27.3,282,283,5,28,5,1,149,32.7,0.0,29.6,0.0,28.5,0.0,30.5,0.0,31.7,0.0,30.700000000000003,0.0,29.95833333333333,0.0,31.745833333333334,0.0,1.3999999999999986,0.0,Tiruchirappalli,32.3,0.2
2024-05-28 06:00:00,35.1,49,0.0,995.0,19.4,26.7,280,280,6,28,5,1,149,34.1,0.0,31.0,0.0,28.1,0.0,29.9,0.0,33.1,0.0,31.86666666666667,0.0,30.391666666666666,0.0,31.829166666666666,0.0,1.0,0.0,Tiruchirappalli,32.7,0.1
2024-05-28 07:00:00,36.0,48,0.0,994.3,20.7,28.3,277,277,7,28,5,1,149,35.1,0.0,32.7,0.0,28.7,0.0,29.5,0.0,33.9,0.0,33.083333333333336,0.0,30.933333333333334,0.0,31.916666666666668,0.0,0.8999999999999986,0.0,Tiruchirappalli,33.8,0.0
2024-05-28 08:00:00,36.7,47,0.0,993.3,21.2,29.5,270,270,8,28,5,1,149,36.0,0.0,34.1,0.0,29.6,0.0,29.4,0.0,34.8,0.0,34.26666666666667,0.0,31.541666666666668,0.0,31.995833333333337,0.0,0.7000000000000028,0.0,Tiruchirappalli,31.6,1.3
2024-05-28 09:00:00,37.0,44,0.0,992.6,22.8,31.8,264,264,9,28,5,1,149,36.7,0.0,35.1,0.0,31.0,0.0,29.2,0.0,35.7,0.0,35.26666666666667,0.0,32.19166666666667,0.0,32.050000000000004,0.0,0.2999999999999971,0.0,Tiruchirappalli,30.6,2.4
2024-05-28 10:00:00,36.7,43,0.0,992.4,23.5,33.5,272,274,10,28,5,1,149,37.0,0.0,36.0,0.0,32.7,0.0,28.8,0.0,35.9,0.0,35.93333333333334,0.0,32.85,0.0,32.083333333333336,0.0,-0.2999999999999971,0.0,Tiruchirappalli,29.3,3.3
2024-05-28 11:00:00,35.4,48,0.2,992.7,20.2,29.9,269,269,11,28,5,1,149,36.7,0.0,36.7,0.0,34.1,0.0,28.5,0.0,35.6,0.0,36.15,0.2,33.425000000000004,0.2,32.075,0.2,-1.3000000000000045,0.2,Tiruchirappalli,30.2,0.0
2024-05-28 12:00:00,34.3,51,0.0,993.0,17.1,27.6,277,277,12,28,5,1,149,35.4,0.2,37.0,0.0,35.1,0.0,28.1,0.0,34.5,0.0,36.016666666666666,0.2,33.94166666666667,0.2,32.06666666666667,0.2,-1.1000000000000014,-0.2,Tiruchirappalli,29.2,0.0
2024-05-28 13:00:00,32.6,53,0.0,994.2,20.6,34.7,276,274,13,28,5,1,149,34.3,0.0,36.7,0.0,36.0,0.0,28.7,0.0,33.1,0.0,35.45,0.2,34.266666666666666,0.2,32.045833333333334,0.2,-1.6999999999999955,0.0,Tiruchirappalli,28.9,0.0
2024-05-28 14:00:00,31.1,58,0.0,994.9,18.0,31.0,272,271,14,28,5,1,149,32.6,0.0,35.4,0.2,36.7,0.0,29.6,0.0,32.4,0.0,34.51666666666667,0.2,34.39166666666667,0.2,31.991666666666664,0.2,-1.5,0.0,Tiruchirappalli,28.5,0.0
2024-05-28 15:00:00,30.2,62,0.0,995.5,15.6,28.0,278,277,15,28,5,1,149,31.1,0.0,34.3,0.0,37.0,0.0,31.0,0.0,31.8,0.0,33.38333333333333,0.2,34.325,0.2,31.925,0.2,-0.9000000000000021,0.0,Tiruchirappalli,28.3,0.0
2024-05-28 16:00:00,29.5,65,0.0,995.6,14.4,26.7,274,271,16,28,5,1,149,30.2,0.0,32.6,0.0,36.7,0.0,32.7,0.0,31.1,0.0,32.18333333333333,0.2,34.05833333333333,0.2,31.85833333333333,0.2,-0.6999999999999993,0.0,Tiruchirappalli,28.4,0.0
2024-05-28 17:00:00,28.9,67,0.0,995.4,14.8,27.1,275,273,17,28,5,1,149,29.5,0.0,31.1,0.0,35.4,0.2,34.1,0.0,30.5,0.0,31.1,0.0,33.625,0.2,31.791666666666668,0.2,-0.6000000000000014,0.0,Tiruchirappalli,27.8,0.0
2024-05-28 18:00:00,28.5,68,0.0,995.2,16.3,28.9,276,275,18,28,5,1,149,28.9,0.0,30.2,0.0,34.3,0.0,35.1,0.0,29.9,0.0,30.133333333333336,0.0,33.075,0.2,31.73333333333333,0.2,-0.3999999999999986,0.0,Tiruchirappalli,27.6,0.0
2024-05-28 19:00:00,28.2,69,0.0,994.7,17.0,30.1,276,276,19,28,5,1,149,28.5,0.0,29.5,0.0,32.6,0.0,36.0,0.0,29.5,0.0,29.399999999999995,0.0,32.425000000000004,0.2,31.67916666666667,0.2,-0.3000000000000007,0.0,Tiruchirappalli,27.2,0.0
2024-05-28 20:00:00,28.0,69,0.0,994.3,17.4,31.2,277,277,20,28,5,1,149,28.2,0.0,28.9,0.0,31.1,0.0,36.7,0.0,29.4,0.0,28.88333333333333,0.0,31.700000000000003,0.2,31.620833333333334,0.2,-0.1999999999999993,0.0,Tiruchirappalli,27.1,0.0
2024-05-28 21:00:00,27.8,70,0.0,994.1,18.5,32.7,278,277,21,28,5,1,149,28.0,0.0,28.5,0.0,30.2,0.0,37.0,0.0,29.2,0.0,28.48333333333333,0.0,30.933333333333334,0.2,31.5625,0.2,-0.1999999999999993,0.0,Tiruchirappalli,27.2,0.0
2024-05-28 22:00:00,27.7,72,0.0,994.0,18.1,31.6,277,277,22,28,5,1,149,27.8,0.0,28.2,0.0,29.5,0.0,36.7,0.0,28.8,0.0,28.183333333333334,0.0,30.183333333333337,0.2,31.516666666666666,0.2,-0.1000000000000014,0.0,Tiruchirappalli,27.0,0.0
2024-05-28 23:00:00,27.4,74,0.0,994.3,16.6,29.3,276,275,23,28,5,1,149,27.7,0.0,28.0,0.0,28.9,0.0,35.4,0.2,28.5,0.0,27.933333333333334,0.0,29.516666666666666,0.0,31.47083333333333,0.2,-0.3000000000000007,0.0,Tiruchirappalli,27.0,0.0
2024-05-29 00:00:00,27.2,76,0.0,994.8,15.5,27.8,274,271,0,29,5,2,150,27.4,0.0,27.8,0.0,28.5,0.0,34.3,0.0,28.1,0.0,27.716666666666665,0.0,28.925,0.0,31.433333333333337,0.2,-0.1999999999999993,0.0,Tiruchirappalli,27.0,0.0
2024-05-29 01:00:00,27.9,72,0.0,994.7,17.3,30.0,275,275,1,29,5,2,150,27.2,0.0,27.7,0.0,28.2,0.0,32.6,0.0,28.7,0.0,27.666666666666668,0.0,28.53333333333333,0.0,31.4,0.2,0.6999999999999993,0.0,Tiruchirappalli,27.2,0.1
2024-05-29 02:00:00,29.1,70,0.0,995.5,16.3,24.6,276,275,2,29,5,2,150,27.9,0.0,27.4,0.0,28.0,0.0,31.1,0.0,29.6,0.0,27.85,0.0,28.366666666666664,0.0,31.379166666666663,0.2,1.2000000000000028,0.0,Tiruchirappalli,27.9,0.0
2024-05-29 03:00:00,31.1,64,0.0,996.0,17.9,25.6,281,280,3,29,5,2,150,29.1,0.0,27.2,0.0,27.8,0.0,30.2,0.0,31.0,0.0,28.4,0.0,28.441666666666663,0.0,31.38333333333333,0.2,2.0,0.0,Tiruchirappalli,28.5,0.1
2024-05-29 04:00:00,32.6,60,0.0,995.9,19.4,27.0,279,280,4,29,5,2,150,31.1,0.0,27.9,0.0,27.7,0.0,29.5,0.0,32.7,0.0,29.21666666666667,0.0,28.7,0.0,31.379166666666663,0.2,1.5,0.0,Tiruchirappalli,30.6,0.0
2024-05-29 05:00:00,34.1,54,0.0,995.4,19.7,27.0,279,279,5,29,5,2,150,32.6,0.0,29.1,0.0,27.4,0.0,28.9,0.0,34.1,0.0,30.33333333333333,0.0,29.133333333333336,0.0,31.379166666666663,0.2,1.5,0.0,Tiruchirappalli,32.6,0.0
2024-05-29 06:00:00,35.3,51,0.0,994.7,18.5,25.1,278,278,6,29,5,2,150,34.1,0.0,31.1,0.0,27.2,0.0,28.5,0.0,35.1,0.0,31.683333333333337,0.0,29.700000000000003,0.0,31.3875,0.2,1.1999999999999955,0.0,Tiruchirappalli,33.4,0.0
2024-05-29 07:00:00,36.2,49,0.0,994.3,16.3,21.7,276,276,7,29,5,2,150,35.3,0.0,32.6,0.0,27.9,0.0,28.2,0.0,36.0,0.0,33.06666666666667,0.0,30.366666666666664,0.0,31.39583333333333,0.2,0.9000000000000057,0.0,Tiruchirappalli,32.2,3.8
2024-05-29 08:00:00,36.9,46,0.0,993.6,15.2,20.2,275,275,8,29,5,2,150,36.2,0.0,34.1,0.0,29.1,0.0,28.0,0.0,36.7,0.0,34.36666666666667,0.0,31.10833333333333,0.0,31.404166666666665,0.2,0.6999999999999957,0.0,Tiruchirappalli,30.3,10.4
2024-05-29 09:00:00,37.2,45,0.0,992.6,14.5,19.2,276,277,9,29,5,2,150,36.9,0.0,35.3,0.0,31.1,0.0,27.8,0.0,37.0,0.0,35.38333333333333,0.0,31.89166666666667,0.0,31.4125,0.2,0.3000000000000042,0.0,Tiruchirappalli,27.5,5.7
2024-05-29 10:00:00,36.9,45,0.0,991.8,15.5,20.9,270,270,10,29,5,2,150,37.2,0.0,36.2,0.0,32.6,0.0,27.7,0.0,36.7,0.0,36.1,0.0,32.65833333333333,0.0,31.42083333333333,0.2,-0.3000000000000042,0.0,Tiruchirappalli,27.4,1.3
2024-05-29 11:00:00,36.2,45,0.0,992.0,17.7,25.0,258,257,11,29,5,2,150,36.9,0.0,36.9,0.0,34.1,0.0,27.4,0.0,35.4,0.2,36.45,0.0,33.391666666666666,0.0,31.45416666666667,0.0,-0.6999999999999957,0.0,Tiruchirappalli,27.2,0.4
2024-05-29 12:00:00,34.9,49,0.0,992.4,18.8,29.6,267,267,12,29,5,2,150,36.2,0.0,37.2,0.0,35.3,0.0,27.2,0.0,34.3,0.0,36.38333333333333,0.0,34.03333333333334,0.0,31.479166666666668,0.0,-1.3000000000000045,0.0,Tiruchirappalli,26.8,0.2
2024-05-29 13:00:00,32.8,59,0.2,993.4,11.8,22.1,208,207,13,29,5,2,150,34.9,0.0,36.9,0.0,36.2,0.0,27.9,0.0,32.6,0.0,35.81666666666667,0.2,34.44166666666666,0.2,31.4875,0.2,-2.1000000000000014,0.2,Tiruchirappalli,29.1,0.0
2024-05-29 14:00:00,32.1,61,0.1,994.1,12.2,23.0,260,256,14,29,5,2,150,32.8,0.2,36.2,0.0,36.9,0.0,29.1,0.0,31.1,0.0,35.016666666666666,0.3,34.69166666666667,0.3,31.52916666666667,0.3,-0.6999999999999957,-0.1,Tiruchirappalli,28.3,0.0
2024-05-29 15:00:00,31.4,64,0.0,994.6,15.9,28.1,274,273,15,29,5,2,150,32.1,0.1,34.9,0.0,37.2,0.0,31.1,0.0,30.2,0.0,34.05,0.3,34.71666666666667,0.3,31.579166666666666,0.3,-0.7000000000000028,-0.1,Tiruchirappalli,27.7,0.0
2024-05-29 16:00:00,30.3,68,0.0,995.1,15.9,27.7,268,266,16,29,5,2,150,31.4,0.0,32.8,0.2,36.9,0.0,32.6,0.0,29.5,0.0,32.95,0.3,34.525,0.3,31.6125,0.3,-1.099999999999998,0.0,Tiruchirappalli,27.5,0.0
2024-05-29 17:00:00,29.6,69,0.0,995.3,15.9,27.7,270,267,17,29,5,2,150,30.3,0.0,32.1,0.1,36.2,0.0,34.1,0.0,28.9,0.0,31.85,0.3,34.15,0.3,31.641666666666666,0.3,-0.6999999999999993,0.0,Tiruchirappalli,27.1,0.0
2024-05-29 18:00:00,29.1,71,0.0,995.0,15.1,27.0,272,271,18,29,5,2,150,29.6,0.0,31.4,0.0,34.9,0.0,35.3,0.0,28.5,0.0,30.88333333333333,0.3,33.63333333333333,0.3,31.666666666666668,0.3,-0.5,0.0,Tiruchirappalli,26.8,0.0
2024-05-29 19:00:00,28.7,73,0.0,994.4,15.2,27.5,276,275,19,29,5,2,150,29.1,0.0,30.3,0.0,32.8,0.2,36.2,0.0,28.2,0.0,30.2,0.1,33.00833333333333,0.3,31.6875,0.3,-0.4000000000000021,0.0,Tiruchirappalli,26.7,0.0
2024-05-29 20:00:00,28.4,74,0.0,993.6,15.3,28.2,280,279,20,29,5,2,150,28.7,0.0,29.6,0.0,32.1,0.1,36.9,0.0,28.0,0.0,29.58333333333333,0.0,32.300000000000004,0.3,31.704166666666666,0.3,-0.3000000000000007,0.0,Tiruchirappalli,26.4,0.0
2024-05-29 21:00:00,28.1,76,0.0,993.5,15.7,28.2,280,279,21,29,5,2,150,28.4,0.0,29.1,0.0,31.4,0.0,37.2,0.0,27.8,0.0,29.03333333333333,0.0,31.541666666666668,0.3,31.71666666666667,0.3,-0.2999999999999971,0.0,Tiruchirappalli,26.3,0.0
2024-05-29 22:00:00,27.8,78,0.0,993.7,16.1,28.6,281,280,22,29,5,2,150,28.1,0.0,28.7,0.0,30.3,0.0,36.9,0.0,27.7,0.0,28.616666666666664,0.0,30.78333333333333,0.3,31.72083333333333,0.3,-0.3000000000000007,0.0,Tiruchirappalli,26.0,0.0
2024-05-29 23:00:00,27.5,81,0.0,994.1,15.7,28.1,279,279,23,29,5,2,150,27.8,0.0,28.4,0.0,29.6,0.0,36.2,0.0,27.4,0.0,28.266666666666666,0.0,30.058333333333337,0.3,31.725,0.3,-0.3000000000000007,0.0,Tiruchirappalli,25.8,0.0
2024-05-30 00:00:00,27.4,81,0.0,994.8,16.9,29.7,280,281,0,30,5,3,151,27.5,0.0,28.1,0.0,29.1,0.0,34.9,0.0,27.2,0.0,27.98333333333333,0.0,29.433333333333334,0.3,31.73333333333333,0.3,-0.1000000000000014,0.0,Tiruchirappalli,25.8,0.0
2024-05-30 01:00:00,28.4,81,0.0,994.7,13.8,23.8,267,264,1,30,5,3,151,27.4,0.0,27.8,0.0,28.7,0.0,32.8,0.2,27.9,0.0,27.933333333333334,0.0,29.066666666666663,0.1,31.754166666666663,0.3,1.0,0.0,Tiruchirappalli,27.9,0.0
2024-05-30 02:00:00,29.8,76,0.0,995.7,12.4,17.7,264,262,2,30,5,3,151,28.4,0.0,27.5,0.0,28.4,0.0,32.1,0.1,29.1,0.0,28.166666666666668,0.0,28.875,0.0,31.78333333333333,0.3,1.400000000000002,0.0,Tiruchirappalli,29.0,0.0
2024-05-30 03:00:00,31.8,68,0.0,996.2,13.8,19.1,266,264,3,30,5,3,151,29.8,0.0,27.4,0.0,28.1,0.0,31.4,0.0,31.1,0.0,28.78333333333333,0.0,28.90833333333333,0.0,31.8125,0.3,2.0,0.0,Tiruchirappalli,30.5,0.1
2024-05-30 04:00:00,33.6,60,0.0,996.5,16.6,22.7,270,270,4,30,5,3,151,31.8,0.0,28.4,0.0,27.8,0.0,30.3,0.0,32.6,0.0,29.75,0.0,29.183333333333337,0.0,31.854166666666668,0.3,1.8000000000000007,0.0,Tiruchirappalli,31.2,0.3
2024-05-30 05:00:00,35.1,54,0.0,996.2,17.0,22.8,276,276,5,30,5,3,151,33.6,0.0,29.8,0.0,27.5,0.0,29.6,0.0,34.1,0.0,31.016666666666666,0.0,29.641666666666666,0.0,31.89583333333333,0.3,1.5,0.0,Tiruchirappalli,32.4,0.2
2024-05-30 06:00:00,36.4,48,0.0,995.3,16.1,21.6,281,280,6,30,5,3,151,35.1,0.0,31.8,0.0,27.4,0.0,29.1,0.0,35.3,0.0,32.516666666666666,0.0,30.25,0.0,31.941666666666663,0.3,1.2999999999999972,0.0,Tiruchirappalli,32.9,0.0
2024-05-30 07:00:00,37.3,44,0.0,994.4,15.4,20.2,281,281,7,30,5,3,151,36.4,0.0,33.6,0.0,28.4,0.0,28.7,0.0,36.2,0.0,34.0,0.0,30.966666666666665,0.0,31.9875,0.3,0.8999999999999986,0.0,Tiruchirappalli,33.6,0.0
2024-05-30 08:00:00,37.9,42,0.0,993.3,14.8,19.6,284,284,8,30,5,3,151,37.3,0.0,35.1,0.0,29.8,0.0,28.4,0.0,36.9,0.0,35.35,0.0,31.758333333333336,0.0,32.02916666666667,0.3,0.6000000000000014,0.0,Tiruchirappalli,33.9,0.0
2024-05-30 09:00:00,38.3,40,0.0,992.5,14.5,19.3,284,284,9,30,5,3,151,37.9,0.0,36.4,0.0,31.8,0.0,28.1,0.0,37.2,0.0,36.43333333333333,0.0,32.60833333333333,0.0,32.075,0.3,0.3999999999999986,0.0,Tiruchirappalli,34.2,0.0
2024-05-30 10:00:00,38.1,40,0.0,992.1,14.2,19.0,285,286,10,30,5,3,151,38.3,0.0,37.3,0.0,33.6,0.0,27.8,0.0,36.9,0.0,37.18333333333333,0.0,33.46666666666666,0.0,32.125,0.3,-0.1999999999999957,0.0,Tiruchirappalli,28.7,12.3
2024-05-30 11:00:00,36.4,44,0.0,992.4,17.2,23.9,281,281,11,30,5,3,151,38.1,0.0,37.9,0.0,35.1,0.0,27.5,0.0,36.2,0.0,37.4,0.0,34.20833333333333,0.0,32.13333333333333,0.3,-1.7000000000000028,0.0,Tiruchirappalli,27.9,2.7
2024-05-30 12:00:00,35.7,46,0.0,992.8,12.3,19.5,267,265,12,30,5,3,151,36.4,0.0,38.3,0.0,36.4,0.0,27.4,0.0,34.9,0.0,37.28333333333333,0.0,34.9,0.0,32.166666666666664,0.3,-0.6999999999999957,0.0,Tiruchirappalli,28.1,0.0
2024-05-30 13:00:00,34.7,50,0.0,993.1,14.4,25.5,283,283,13,30,5,3,151,35.7,0.0,38.1,0.0,37.3,0.0,28.4,0.0,32.8,0.2,36.85,0.0,35.425000000000004,0.0,32.24583333333333,0.1,-1.0,0.0,Tiruchirappalli,30.0,0.0
2024-05-30 14:00:00,33.6,53,0.0,994.1,16.2,28.5,266,266,14,30,5,3,151,34.7,0.0,36.4,0.0,37.9,0.0,29.8,0.0,32.1,0.1,36.13333333333333,0.0,35.74166666666667,0.0,32.30833333333333,0.0,-1.1000000000000014,0.0,Tiruchirappalli,29.2,0.0
2024-05-30 15:00:00,32.7,59,0.0,995.4,18.4,31.7,271,269,15,30,5,3,151,33.6,0.0,35.7,0.0,38.3,0.0,31.8,0.0,31.4,0.0,35.2,0.0,35.81666666666667,0.0,32.362500000000004,0.0,-0.8999999999999986,0.0,Tiruchirappalli,28.8,0.0
2024-05-30 16:00:00,31.2,63,0.0,996.4,23.7,38.4,280,279,16,30,5,3,151,32.7,0.0,34.7,0.0,38.1,0.0,33.6,0.0,30.3,0.0,34.050000000000004,0.0,35.61666666666667,0.0,32.4,0.0,-1.5000000000000036,0.0,Tiruchirappalli,28.8,0.0
2024-05-30 17:00:00,29.8,69,0.0,996.5,20.2,33.1,282,281,17,30,5,3,151,31.2,0.0,33.6,0.0,36.4,0.0,35.1,0.0,29.6,0.0,32.95,0.0,35.175000000000004,0.0,32.40833333333334,0.0,-1.3999999999999986,0.0,Tiruchirappalli,28.4,0.0
2024-05-30 18:00:00,29.1,73,0.0,996.2,19.4,32.3,281,280,18,30,5,3,151,29.8,0.0,32.7,0.0,35.7,0.0,36.4,0.0,29.1,0.0,31.850000000000005,0.0,34.56666666666667,0.0,32.40833333333334,0.0,-0.6999999999999993,0.0,Tiruchirappalli,28.0,0.0
2024-05-30 19:00:00,28.8,75,0.0,995.7,17.5,30.0,280,279,19,30,5,3,151,29.1,0.0,31.2,0.0,34.7,0.0,37.3,0.0,28.7,0.0,30.866666666666664,0.0,33.858333333333334,0.0,32.4125,0.0,-0.3000000000000007,0.0,Tiruchirappalli,27.5,0.0
2024-05-30 20:00:00,28.7,74,0.0,994.7,17.1,29.5,279,277,20,30,5,3,151,28.8,0.0,29.8,0.0,33.6,0.0,37.9,0.0,28.4,0.0,30.05,0.0,33.09166666666666,0.0,32.425000000000004,0.0,-0.1000000000000014,0.0,Tiruchirappalli,27.2,0.8
2024-05-30 21:00:00,28.3,75,0.0,994.1,16.4,28.6,281,279,21,30,5,3,151,28.7,0.0,29.1,0.0,32.7,0.0,38.3,0.0,28.1,0.0,29.316666666666663,0.0,32.25833333333333,0.0,32.43333333333333,0.0,-0.3999999999999986,0.0,Tiruchirappalli,26.8,0.4
2024-05-30 22:00:00,28.1,76,0.0,993.9,16.0,29.0,281,279,22,30,5,3,151,28.3,0.0,28.8,0.0,31.2,0.0,38.1,0.0,27.8,0.0,28.8,0.0,31.425,0.0,32.44583333333333,0.0,-0.1999999999999993,0.0,Tiruchirappalli,26.6,0.0
2024-05-30 23:00:00,28.0,76,0.0,994.2,16.3,29.2,280,278,23,30,5,3,151,28.1,0.0,28.7,0.0,29.8,0.0,36.4,0.0,27.5,0.0,28.5,0.0,30.725000000000005,0.0,32.46666666666667,0.0,-0.1000000000000014,0.0,Tiruchirappalli,26.3,0.0
2024-05-31 00:00:00,28.0,76,0.0,994.5,17.4,31.0,279,276,0,31,5,4,152,28.0,0.0,28.3,0.0,29.1,0.0,35.7,0.0,27.4,0.0,28.316666666666663,0.0,30.08333333333333,0.0,32.49166666666667,0.0,0.0,0.0,Tiruchirappalli,26.0,0.0
2024-05-31 01:00:00,29.2,76,0.0,995.1,19.6,32.4,278,277,1,31,5,4,152,28.0,0.0,28.1,0.0,28.8,0.0,34.7,0.0,28.4,0.0,28.383333333333336,0.0,29.625,0.0,32.525,0.0,1.1999999999999993,0.0,Tiruchirappalli,26.8,3.3
2024-05-31 02:00:00,30.3,74,0.0,995.9,16.8,25.6,281,279,2,31,5,4,152,29.2,0.0,28.0,0.0,28.7,0.0,33.6,0.0,29.8,0.0,28.65,0.0,29.35,0.0,32.545833333333334,0.0,1.1000000000000014,0.0,Tiruchirappalli,26.0,6.3
2024-05-31 03:00:00,32.2,66,0.0,996.4,17.2,24.9,281,280,3,31,5,4,152,30.3,0.0,28.0,0.0,28.3,0.0,32.7,0.0,31.8,0.0,29.3,0.0,29.308333333333334,0.0,32.5625,0.0,1.900000000000002,0.0,Tiruchirappalli,27.1,0.5
2024-05-31 04:00:00,33.5,60,0.0,996.2,15.5,21.7,277,275,4,31,5,4,152,32.2,0.0,29.2,0.0,28.1,0.0,31.2,0.0,33.6,0.0,30.2,0.0,29.5,0.0,32.55833333333334,0.0,1.2999999999999972,0.0,Tiruchirappalli,29.1,0.1
2024-05-31 05:00:00,35.6,53,0.0,995.7,13.8,18.6,285,285,5,31,5,4,152,33.5,0.0,30.3,0.0,28.0,0.0,29.8,0.0,35.1,0.0,31.466666666666665,0.0,29.98333333333333,0.0,32.579166666666666,0.0,2.1000000000000014,0.0,Tiruchirappalli,31.2,0.0
2024-05-31 06:00:00,36.9,49,0.0,995.4,12.3,16.4,285,285,6,31,5,4,152,35.6,0.0,32.2,0.0,28.0,0.0,29.1,0.0,36.4,0.0,32.95,0.0,30.633333333333336,0.0,32.6,0.0,1.2999999999999972,0.0,Tiruchirappalli,32.5,0.2
2024-05-31 07:00:00,37.9,45,0.0,994.8,11.4,14.7,281,281,7,31,5,4,152,36.9,0.0,33.5,0.0,29.2,0.0,28.8,0.0,37.3,0.0,34.4,0.0,31.391666666666666,0.0,32.625,0.0,1.0,0.0,Tiruchirappalli,33.0,0.2
2024-05-31 08:00:00,38.4,43,0.0,993.6,11.7,15.0,287,288,8,31,5,4,152,37.9,0.0,35.6,0.0,30.3,0.0,28.7,0.0,37.9,0.0,35.75,0.0,32.2,0.0,32.645833333333336,0.0,0.5,0.0,Tiruchirappalli,32.8,0.2
2024-05-31 09:00:00,37.3,46,0.0,993.0,15.5,20.3,290,288,9,31,5,4,152,38.4,0.0,36.9,0.0,32.2,0.0,28.3,0.0,38.3,0.0,36.6,0.0,32.95,0.0,32.604166666666664,0.0,-1.1000000000000014,0.0,Tiruchirappalli,27.3,9.5
2024-05-31 10:00:00,29.7,81,19.6,994.6,7.1,11.0,281,285,10,31,5,4,152,37.3,0.0,37.9,0.0,33.5,0.0,28.1,0.0,38.1,0.0,35.96666666666666,19.6,33.083333333333336,19.6,32.25416666666667,19.6,-7.599999999999998,19.6,Tiruchirappalli,27.9,1.0
2024-05-31 11:00:00,29.7,83,0.5,993.8,2.1,3.7,331,329,11,31,5,4,152,29.7,19.6,38.4,0.0,35.6,0.0,28.0,0.0,36.4,0.0,34.983333333333334,20.1,33.225,20.1,31.975,20.1,0.0,-19.1,Tiruchirappalli,28.7,0.3
2024-05-31 12:00:00,29.5,86,0.5,994.0,5.1,12.2,317,315,12,31,5,4,152,29.7,0.5,37.3,0.0,36.9,0.0,28.0,0.0,35.7,0.0,33.75,20.6,33.35,20.6,31.716666666666665,20.6,-0.1999999999999993,0.0,Tiruchirappalli,27.2,6.0
2024-05-31 13:00:00,30.5,71,0.0,993.3,7.7,17.4,243,233,13,31,5,4,152,29.5,0.5,29.7,19.6,37.9,0.0,29.2,0.0,34.7,0.0,32.516666666666666,20.6,33.458333333333336,20.6,31.541666666666668,20.6,1.0,-0.5,Tiruchirappalli,28.1,2.7
2024-05-31 14:00:00,28.8,77,1.3,995.0,20.1,32.0,244,241,14,31,5,4,152,30.5,0.0,29.7,0.5,38.4,0.0,30.3,0.0,33.6,0.0,30.91666666666666,21.9,33.333333333333336,21.9,31.34166666666667,21.9,-1.6999999999999993,1.3,Tiruchirappalli,26.2,3.0
2024-05-31 15:00:00,27.7,86,0.6,994.7,7.6,14.1,186,149,15,31,5,4,152,28.8,1.3,29.5,0.5,37.3,0.0,32.2,0.0,32.7,0.0,29.316666666666663,22.5,32.958333333333336,22.5,31.13333333333333,22.5,-1.1000000000000014,-0.7000000000000001,Tiruchirappalli,25.7,0.1
2024-05-31 16:00:00,27.6,90,4.2,995.9,1.8,7.0,235,323,16,31,5,4,152,27.7,0.6,30.5,0.0,29.7,19.6,33.5,0.0,31.2,0.0,28.96666666666667,7.1000000000000005,32.46666666666667,26.700000000000003,30.98333333333333,26.700000000000003,-0.0999999999999978,3.6,Tiruchirappalli,25.8,0.2
2024-05-31 17:00:00,27.1,90,3.2,997.5,22.9,39.6,262,263,17,31,5,4,152,27.6,4.2,28.8,1.3,29.7,0.5,35.6,0.0,29.8,0.0,28.53333333333333,9.8,31.75833333333333,29.9,30.870833333333334,29.9,-0.5,-1.0,Tiruchirappalli,25.9,0.2
2024-05-31 18:00:00,25.4,97,21.0,998.1,12.3,22.7,228,220,18,31,5,4,152,27.1,3.2,27.7,0.6,29.5,0.5,36.9,0.0,29.1,0.0,27.85,30.3,30.8,50.900000000000006,30.716666666666665,50.900000000000006,-1.7000000000000028,17.8,Tiruchirappalli,25.2,9.8
2024-05-31 19:00:00,25.8,95,0.1,996.5,3.9,10.9,278,248,19,31,5,4,152,25.4,21.0,27.6,4.2,30.5,0.0,37.9,0.0,28.8,0.0,27.066666666666663,30.4,29.791666666666668,51.0,30.59166666666667,51.0,0.4000000000000021,-20.9,Tiruchirappalli,25.2,0.4
2024-05-31 20:00:00,26.0,93,0.0,995.3,10.6,19.9,264,252,20,31,5,4,152,25.8,0.1,27.1,3.2,28.8,1.3,38.4,0.0,28.7,0.0,26.600000000000005,29.1,28.75833333333333,51.0,30.479166666666668,51.0,0.1999999999999993,-0.1,Tiruchirappalli,25.3,0.8
2024-05-31 21:00:00,26.4,90,0.0,995.0,13.1,24.6,265,262,21,31,5,4,152,26.0,0.0,25.4,21.0,27.7,0.6,37.3,0.0,28.3,0.0,26.38333333333333,28.500000000000004,27.85,51.0,30.4,51.0,0.3999999999999986,0.0,Tiruchirappalli,25.4,0.4
2024-05-31 22:00:00,26.5,91,0.0,994.6,10.7,20.3,247,230,22,31,5,4,152,26.4,0.0,25.8,0.1,27.6,4.2,29.7,19.6,28.1,0.0,26.2,24.3,27.58333333333333,31.4,30.33333333333333,51.0,0.1000000000000014,0.0,Tiruchirappalli,25.4,0.2
2024-05-31 23:00:00,26.7,92,0.0,994.8,13.7,25.9,268,265,23,31,5,4,152,26.5,0.0,26.0,0.0,27.1,3.2,29.7,0.5,28.0,0.0,26.133333333333336,21.1,27.33333333333333,30.9,30.279166666666665,51.0,0.1999999999999993,0.0,Tiruchirappalli,25.4,0.0
2024-06-01 00:00:00,26.8,92,0.0,994.9,14.1,25.8,278,274,0,1,6,5,153,26.7,0.0,26.4,0.0,25.4,21.0,29.5,0.5,28.0,0.0,26.366666666666664,0.1,27.10833333333333,30.4,30.229166666666668,51.0,0.1000000000000014,0.0,Tiruchirappalli,25.4,0.0
2024-06-01 01:00:00,28.3,82,0.0,995.1,11.4,19.4,260,259,1,1,6,5,153,26.8,0.0,26.5,0.0,25.8,0.1,30.5,0.0,29.2,0.0,26.78333333333333,0.0,26.925,30.4,30.191666666666663,51.0,1.5,0.0,Tiruchirappalli,26.2,0.2
2024-06-01 02:00:00,29.3,79,0.0,996.6,7.7,12.6,257,242,2,1,6,5,153,28.3,0.0,26.7,0.0,26.0,0.0,28.8,1.3,30.3,0.0,27.33333333333333,0.0,26.966666666666665,29.1,30.15,51.0,1.0,0.0,Tiruchirappalli,25.6,4.6
2024-06-01 03:00:00,30.2,75,0.0,997.2,7.2,9.2,201,198,3,1,6,5,153,29.3,0.0,26.8,0.0,26.4,0.0,27.7,0.6,32.2,0.0,27.96666666666667,0.0,27.175,28.500000000000004,30.066666666666663,51.0,0.8999999999999986,0.0,Tiruchirappalli,26.2,0.0
2024-06-01 04:00:00,30.8,73,0.0,997.6,6.6,9.2,222,221,4,1,6,5,153,30.2,0.0,28.3,0.0,26.5,0.0,27.6,4.2,33.5,0.0,28.683333333333337,0.0,27.441666666666663,24.3,29.954166666666666,51.0,0.6000000000000014,0.0,Tiruchirappalli,28.6,1.9
2024-06-01 05:00:00,32.8,66,0.0,996.9,9.0,11.9,241,241,5,1,6,5,153,30.8,0.0,29.3,0.0,26.7,0.0,27.1,3.2,35.6,0.0,29.7,0.0,27.916666666666668,21.1,29.8375,51.0,1.9999999999999964,0.0,Tiruchirappalli,29.0,0.3
2024-06-01 06:00:00,34.2,61,0.0,996.7,6.4,8.4,223,223,6,1,6,5,153,32.8,0.0,30.2,0.0,26.8,0.0,25.4,21.0,36.9,0.0,30.933333333333337,0.0,28.65,0.1,29.725000000000005,51.0,1.4000000000000057,0.0,Tiruchirappalli,30.4,0.4
2024-06-01 07:00:00,34.5,58,0.0,995.8,10.8,14.0,198,195,7,1,6,5,153,34.2,0.0,30.8,0.0,28.3,0.0,25.8,0.1,37.9,0.0,31.96666666666667,0.0,29.375,0.0,29.58333333333333,51.0,0.2999999999999971,0.0,Tiruchirappalli,31.1,0.2
2024-06-01 08:00:00,35.7,54,0.0,994.6,10.2,13.4,200,198,8,1,6,5,153,34.5,0.0,32.8,0.0,29.3,0.0,26.0,0.0,38.4,0.0,33.03333333333333,0.0,30.183333333333337,0.0,29.47083333333333,51.0,1.2000000000000028,0.0,Tiruchirappalli,31.6,0.1
2024-06-01 09:00:00,36.2,51,0.0,993.3,10.5,13.7,207,202,9,1,6,5,153,35.7,0.0,34.2,0.0,30.2,0.0,26.4,0.0,37.3,0.0,34.03333333333333,0.0,31.0,0.0,29.425,51.0,0.5,0.0,Tiruchirappalli,32.4,0.1
2024-06-01 10:00:00,30.2,77,5.0,994.9,20.6,30.7,234,234,10,1,6,5,153,36.2,0.0,34.5,0.0,30.8,0.0,26.5,0.0,29.7,19.6,33.93333333333333,5.0,31.308333333333334,5.0,29.44583333333333,36.4,-6.000000000000004,5.0,Tiruchirappalli,30.8,2.4
2024-06-01 11:00:00,28.6,86,5.1,994.2,4.3,9.7,202,185,11,1,6,5,153,30.2,5.0,35.7,0.0,32.8,0.0,26.7,0.0,29.7,0.5,33.233333333333334,10.1,31.46666666666667,10.1,29.4,41.0,-1.599999999999998,0.0999999999999996,Tiruchirappalli,26.5,5.2
2024-06-01 12:00:00,29.1,81,1.0,995.6,6.4,9.8,234,243,12,1,6,5,153,28.6,5.1,36.2,0.0,34.2,0.0,26.8,0.0,29.5,0.5,32.38333333333333,11.1,31.65833333333333,11.1,29.383333333333336,41.5,0.5,-4.1,Tiruchirappalli,26.1,0.4
2024-06-01 13:00:00,32.5,59,0.0,995.1,12.2,24.7,251,246,13,1,6,5,153,29.1,1.0,30.2,5.0,34.5,0.0,28.3,0.0,30.5,0.0,32.050000000000004,11.1,32.00833333333333,11.1,29.46666666666667,41.5,3.3999999999999986,-1.0,Tiruchirappalli,27.5,1.1
2024-06-01 14:00:00,27.1,89,10.1,997.8,17.2,28.4,160,147,14,1,6,5,153,32.5,0.0,28.6,5.1,35.7,0.0,29.3,0.0,28.8,1.3,30.61666666666667,21.2,31.825000000000003,21.2,29.39583333333333,50.3,-5.399999999999999,10.1,Tiruchirappalli,26.6,2.4
2024-06-01 15:00:00,26.7,93,0.8,997.2,11.2,24.5,274,266,15,1,6,5,153,27.1,10.1,29.1,1.0,36.2,0.0,30.2,0.0,27.7,0.6,29.03333333333333,22.0,31.53333333333333,22.0,29.35416666666667,50.5,-0.4000000000000021,-9.3,Tiruchirappalli,25.5,5.8
2024-06-01 16:00:00,27.1,89,0.5,996.5,21.2,37.8,286,288,16,1,6,5,153,26.7,0.8,32.5,0.0,30.2,5.0,30.8,0.0,27.6,4.2,28.516666666666666,17.5,31.225000000000005,22.5,29.33333333333333,46.8,0.4000000000000021,-0.3,Tiruchirappalli,25.8,0.8
2024-06-01 17:00:00,27.3,88,0.1,997.5,9.2,19.8,273,259,17,1,6,5,153,27.1,0.5,27.1,10.1,28.6,5.1,32.8,0.0,27.1,3.2,28.3,12.5,30.76666666666667,22.6,29.34166666666667,43.7,0.1999999999999993,-0.4,Tiruchirappalli,25.6,1.0
2024-06-01 18:00:00,27.1,89,0.0,997.3,12.0,23.0,287,291,18,1,6,5,153,27.3,0.1,26.7,0.8,29.1,1.0,34.2,0.0,25.4,21.0,27.96666666666667,11.5,30.175,22.6,29.412500000000005,22.7,-0.1999999999999993,-0.1,Tiruchirappalli,25.5,0.6
2024-06-01 19:00:00,27.2,87,0.0,996.5,14.5,27.0,280,277,19,1,6,5,153,27.1,0.0,27.1,0.5,32.5,0.0,34.5,0.0,25.8,0.1,27.08333333333334,11.5,29.566666666666663,22.6,29.47083333333333,22.6,0.0999999999999978,0.0,Tiruchirappalli,25.4,0.2
2024-06-01 20:00:00,27.3,86,0.0,996.2,14.2,26.6,283,279,20,1,6,5,153,27.2,0.0,27.3,0.1,27.1,10.1,35.7,0.0,26.0,0.0,27.116666666666664,1.4,28.86666666666667,22.6,29.525,22.6,0.1000000000000014,0.0,Tiruchirappalli,25.4,0.1
2024-06-01 21:00:00,27.0,87,0.0,995.3,12.3,24.0,278,273,21,1,6,5,153,27.3,0.0,27.1,0.0,26.7,0.8,36.2,0.0,26.4,0.0,27.166666666666668,0.6,28.1,22.6,29.55,22.6,-0.3000000000000007,0.0,Tiruchirappalli,25.2,0.0
2024-06-01 22:00:00,26.9,87,0.0,995.4,10.1,21.0,276,274,22,1,6,5,153,27.0,0.0,27.2,0.0,27.1,0.5,30.2,5.0,26.5,0.0,27.133333333333336,0.1,27.825,17.599999999999998,29.566666666666663,22.6,-0.1000000000000014,0.0,Tiruchirappalli,25.0,0.1
2024-06-01 23:00:00,26.9,86,0.0,995.9,10.4,21.3,274,270,23,1,6,5,153,26.9,0.0,27.3,0.0,27.3,0.1,28.6,5.1,26.7,0.0,27.066666666666663,0.0,27.683333333333334,12.5,29.575000000000003,22.6,0.0,0.0,Tiruchirappalli,24.9,0.1
2024-06-02 00:00:00,27.1,84,0.0,996.5,9.7,20.5,273,270,0,2,6,6,154,26.9,0.0,27.0,0.0,27.1,0.0,29.1,1.0,26.8,0.0,27.066666666666663,0.0,27.51666666666667,11.5,29.5875,22.6,0.2000000000000028,0.0,Tiruchirappalli,24.9,0.1
2024-06-02 01:00:00,27.6,91,0.0,996.6,6.8,11.2,182,162,1,2,6,6,154,27.1,0.0,26.9,0.0,27.2,0.0,32.5,0.0,28.3,0.0,27.13333333333333,0.0,27.10833333333333,11.5,29.558333333333337,22.6,0.5,0.0,Tiruchirappalli,25.4,0.7
2024-06-02 02:00:00,29.1,82,0.0,997.5,3.5,6.1,208,204,2,2,6,6,154,27.6,0.0,26.9,0.0,27.3,0.0,27.1,10.1,29.3,0.0,27.433333333333337,0.0,27.275,1.4,29.55,22.6,1.5,0.0,Tiruchirappalli,25.6,0.6
2024-06-02 03:00:00,30.5,74,0.0,998.0,4.5,5.7,252,256,3,2,6,6,154,29.1,0.0,27.1,0.0,27.0,0.0,26.7,0.8,30.2,0.0,28.01666666666667,0.0,27.59166666666667,0.6,29.5625,22.6,1.3999999999999986,0.0,Tiruchirappalli,26.5,0.1
2024-06-02 04:00:00,31.8,69,0.1,998.8,8.1,10.4,290,291,4,2,6,6,154,30.5,0.0,27.6,0.0,26.9,0.0,27.1,0.5,30.8,0.0,28.83333333333333,0.1,27.98333333333333,0.2,29.604166666666668,22.7,1.3000000000000007,0.1,Tiruchirappalli,27.9,0.1
2024-06-02 05:00:00,32.3,66,0.2,998.2,9.0,11.7,304,307,5,2,6,6,154,31.8,0.1,29.1,0.0,26.9,0.0,27.3,0.1,32.8,0.0,29.73333333333333,0.3,28.399999999999995,0.3,29.58333333333333,22.9,0.4999999999999964,0.1,Tiruchirappalli,29.1,0.0
2024-06-02 06:00:00,32.7,65,0.1,997.5,6.2,8.4,320,324,6,2,6,6,154,32.3,0.2,30.5,0.0,27.1,0.0,27.1,0.0,34.2,0.0,30.666666666666668,0.4,28.866666666666664,0.4,29.52083333333333,23.0,0.4000000000000057,-0.1,Tiruchirappalli,30.2,0.1
2024-06-02 07:00:00,33.8,60,0.0,996.6,4.0,4.6,72,63,7,2,6,6,154,32.7,0.1,31.8,0.1,27.6,0.0,27.2,0.0,34.5,0.0,31.7,0.4,29.416666666666668,0.4,29.491666666666664,23.0,1.0999999999999943,-0.1,Tiruchirappalli,31.5,0.3
2024-06-02 08:00:00,31.6,68,1.3,995.2,2.4,2.5,262,243,8,2,6,6,154,33.8,0.0,32.3,0.2,29.1,0.0,27.3,0.0,35.7,0.0,32.11666666666667,1.7000000000000002,29.775,1.7000000000000002,29.320833333333336,24.3,-2.199999999999996,1.3,Tiruchirappalli,31.9,0.3
2024-06-02 09:00:00,30.6,72,2.4,996.2,1.3,1.5,76,56,9,2,6,6,154,31.6,1.3,32.7,0.1,30.5,0.0,27.0,0.0,36.2,0.0,32.13333333333333,4.1,30.075,4.1,29.0875,26.7,-1.0,1.1,Tiruchirappalli,31.7,0.3
2024-06-02 10:00:00,29.3,78,3.3,996.1,11.2,15.3,229,230,10,2,6,6,154,30.6,2.4,33.8,0.0,31.8,0.1,26.9,0.0,30.2,5.0,31.71666666666667,7.299999999999999,30.275,7.399999999999999,29.05,25.0,-1.3000000000000007,0.8999999999999999,Tiruchirappalli,28.7,8.0
2024-06-02 11:00:00,30.2,72,0.0,996.5,5.6,7.2,207,207,11,2,6,6,154,29.3,3.3,31.6,1.3,32.3,0.2,26.9,0.0,28.6,5.1,31.366666666666664,7.1,30.55,7.399999999999999,29.11666666666667,19.9,0.8999999999999986,-3.3,Tiruchirappalli,28.0,1.0
2024-06-02 12:00:00,29.2,76,0.0,997.2,5.2,7.2,186,192,12,2,6,6,154,30.2,0.0,30.6,2.4,32.7,0.1,27.1,0.0,29.1,1.0,30.78333333333333,7.0,30.725,7.399999999999999,29.120833333333334,18.9,-1.0,0.0,Tiruchirappalli,27.6,0.0
2024-06-02 13:00:00,28.9,75,0.0,995.8,8.1,16.6,181,167,13,2,6,6,154,29.2,0.0,29.3,3.3,33.8,0.0,27.6,0.0,32.5,0.0,29.966666666666665,7.0,30.83333333333333,7.399999999999999,28.97083333333333,18.9,-0.3000000000000007,0.0,Tiruchirappalli,28.9,0.0
2024-06-02 14:00:00,28.5,77,0.0,997.1,6.7,13.6,169,144,14,2,6,6,154,28.9,0.0,30.2,0.0,31.6,1.3,29.1,0.0,27.1,10.1,29.45,5.699999999999999,30.78333333333333,7.399999999999999,29.02916666666667,8.8,-0.3999999999999986,0.0,Tiruchirappalli,28.1,0.0
2024-06-02 15:00:00,28.3,79,0.0,998.1,4.5,13.1,201,194,15,2,6,6,154,28.5,0.0,29.2,0.0,30.6,2.4,30.5,0.0,26.7,0.8,29.066666666666663,3.2999999999999994,30.6,7.399999999999999,29.09583333333333,7.999999999999999,-0.1999999999999993,0.0,Tiruchirappalli,27.4,0.2
2024-06-02 16:00:00,28.4,78,0.0,998.6,13.6,25.5,216,220,16,2,6,6,154,28.3,0.0,28.9,0.0,29.3,3.3,31.8,0.1,27.1,0.5,28.916666666666668,0.0,30.316666666666663,7.3,29.15,7.5,0.0999999999999978,0.0,Tiruchirappalli,27.1,0.1
2024-06-02 17:00:00,27.8,77,0.0,998.7,3.7,10.0,232,259,17,2,6,6,154,28.4,0.0,28.5,0.0,30.2,0.0,32.3,0.2,27.3,0.1,28.516666666666666,0.0,29.941666666666663,7.1,29.17083333333333,7.399999999999999,-0.5999999999999979,0.0,Tiruchirappalli,26.5,0.0
2024-06-02 18:00:00,27.6,78,0.0,998.3,3.3,9.3,208,193,18,2,6,6,154,27.8,0.0,28.3,0.0,29.2,0.0,32.7,0.1,27.1,0.0,28.25,0.0,29.51666666666667,6.999999999999999,29.191666666666663,7.399999999999999,-0.1999999999999993,0.0,Tiruchirappalli,26.0,0.0
2024-06-02 19:00:00,27.2,81,0.0,997.9,3.1,8.9,220,216,19,2,6,6,154,27.6,0.0,28.4,0.0,28.9,0.0,33.8,0.0,27.2,0.0,27.96666666666667,0.0,28.96666666666667,6.999999999999999,29.191666666666663,7.399999999999999,-0.4000000000000021,0.0,Tiruchirappalli,25.8,0.0
2024-06-02 20:00:00,27.1,82,0.0,996.6,4.1,10.2,247,225,20,2,6,6,154,27.2,0.0,27.8,0.0,28.5,0.0,31.6,1.3,27.3,0.0,27.73333333333333,0.0,28.59166666666667,5.699999999999999,29.183333333333334,7.399999999999999,-0.0999999999999978,0.0,Tiruchirappalli,25.7,0.0
2024-06-02 21:00:00,27.2,82,0.0,996.1,5.6,14.1,255,230,21,2,6,6,154,27.1,0.0,27.6,0.0,28.3,0.0,30.6,2.4,27.0,0.0,27.55,0.0,28.308333333333334,3.2999999999999994,29.191666666666663,7.399999999999999,0.0999999999999978,0.0,Tiruchirappalli,25.6,0.0
2024-06-02 22:00:00,27.0,84,0.0,996.2,4.1,12.8,248,218,22,2,6,6,154,27.2,0.0,27.2,0.0,28.4,0.0,29.3,3.3,26.9,0.0,27.316666666666663,0.0,28.11666666666667,0.0,29.19583333333333,7.399999999999999,-0.1999999999999993,0.0,Tiruchirappalli,25.6,0.0
2024-06-02 23:00:00,27.0,83,0.0,996.9,5.0,13.5,241,210,23,2,6,6,154,27.0,0.0,27.1,0.0,27.8,0.0,30.2,0.0,26.9,0.0,27.183333333333334,0.0,27.850000000000005,0.0,29.2,7.399999999999999,0.0,0.0,Tiruchirappalli,25.5,0.0
2024-06-03 00:00:00,27.0,82,0.0,997.2,7.6,17.5,251,245,0,3,6,0,155,27.0,0.0,27.2,0.0,27.6,0.0,29.2,0.0,27.1,0.0,27.08333333333333,0.0,27.666666666666668,0.0,29.19583333333333,7.399999999999999,0.0,0.0,Tiruchirappalli,25.4,0.0
2024-06-03 01:00:00,27.2,89,0.1,998.2,11.9,21.1,245,241,1,3,6,0,155,27.0,0.0,27.0,0.0,27.2,0.0,28.9,0.0,27.6,0.0,27.08333333333333,0.0999999999999995,27.525,0.0999999999999995,29.179166666666664,7.499999999999999,0.1999999999999993,0.1,Tiruchirappalli,25.2,0.0
2024-06-03 02:00:00,27.9,86,0.0,998.5,11.4,23.5,249,252,2,3,6,0,155,27.2,0.1,27.0,0.0,27.1,0.0,28.5,0.0,29.1,0.0,27.21666666666667,0.0999999999999995,27.475,0.0999999999999995,29.129166666666663,7.499999999999999,0.6999999999999993,-0.1,Tiruchirappalli,26.4,0.0
2024-06-03 03:00:00,28.5,81,0.1,998.4,9.6,14.1,255,257,3,3,6,0,155,27.9,0.0,27.0,0.0,27.2,0.0,28.3,0.0,30.5,0.0,27.433333333333337,0.1999999999999995,27.491666666666664,0.1999999999999995,29.04583333333333,7.6,0.6000000000000014,0.1,Tiruchirappalli,27.9,0.0
2024-06-03 04:00:00,30.6,72,0.0,998.5,5.9,8.5,258,259,4,3,6,0,155,28.5,0.1,27.2,0.1,27.0,0.0,28.4,0.0,31.8,0.1,28.03333333333333,0.1999999999999995,27.675,0.1999999999999995,28.995833333333334,7.5,2.1000000000000014,-0.1,Tiruchirappalli,29.7,0.0
2024-06-03 05:00:00,32.6,62,0.0,998.1,10.4,14.1,267,268,5,3,6,0,155,30.6,0.0,27.9,0.0,27.0,0.0,27.8,0.0,32.3,0.2,28.96666666666667,0.1999999999999995,28.075,0.1999999999999995,29.008333333333336,7.3,2.0,0.0,Tiruchirappalli,31.0,0.0
2024-06-03 06:00:00,33.4,58,0.0,997.9,10.1,13.3,272,272,6,3,6,0,155,32.6,0.0,28.5,0.1,27.0,0.0,27.6,0.0,32.7,0.1,30.03333333333333,0.1999999999999995,28.558333333333334,0.1999999999999995,29.0375,7.2,0.7999999999999972,0.0,Tiruchirappalli,32.0,0.0
2024-06-03 07:00:00,32.2,65,3.8,997.5,8.6,11.2,291,292,7,3,6,0,155,33.4,0.0,30.6,0.0,27.2,0.1,27.2,0.0,33.8,0.0,30.866666666666664,3.9,28.975,4.0,28.97083333333333,11.0,-1.1999999999999955,3.8,Tiruchirappalli,32.6,0.1
2024-06-03 08:00:00,30.3,73,10.4,997.4,8.7,11.7,18,24,8,3,6,0,155,32.2,3.8,32.6,0.0,27.9,0.0,27.1,0.0,31.6,1.3,31.26666666666667,14.3,29.24166666666667,14.4,28.916666666666668,20.1,-1.900000000000002,6.6000000000000005,Tiruchirappalli,32.9,0.0
2024-06-03 09:00:00,27.5,89,5.7,997.2,11.5,17.3,45,46,9,3,6,0,155,30.3,10.4,33.4,0.0,28.5,0.1,27.2,0.0,30.6,2.4,31.100000000000005,19.9,29.266666666666666,20.1,28.7875,23.4,-2.8000000000000007,-4.7,Tiruchirappalli,30.9,1.2
2024-06-03 10:00:00,27.4,87,1.3,997.2,8.6,13.2,29,22,10,3,6,0,155,27.5,5.7,32.2,3.8,30.6,0.0,27.0,0.0,29.3,3.3,30.566666666666663,21.2,29.3,21.4,28.70833333333333,21.4,-0.1000000000000014,-4.4,Tiruchirappalli,29.7,0.7
2024-06-03 11:00:00,27.2,91,0.4,996.8,6.9,9.0,182,186,11,3,6,0,155,27.4,1.3,30.3,10.4,32.6,0.0,27.0,0.0,30.2,0.0,29.666666666666668,21.6,29.316666666666663,21.8,28.58333333333333,21.8,-0.1999999999999993,-0.9,Tiruchirappalli,28.2,2.1
2024-06-03 12:00:00,26.8,92,0.2,996.8,6.3,8.7,204,211,12,3,6,0,155,27.2,0.4,27.5,5.7,33.4,0.0,27.0,0.0,29.2,0.0,28.566666666666663,21.8,29.3,22.0,28.48333333333333,22.0,-0.3999999999999986,-0.2,Tiruchirappalli,28.1,0.0
2024-06-03 13:00:00,29.1,81,0.0,997.0,4.0,9.1,171,175,13,3,6,0,155,26.8,0.2,27.4,1.3,32.2,3.8,27.2,0.1,28.9,0.0,28.05,18.0,29.45833333333333,21.9,28.491666666666664,22.0,2.3000000000000007,-0.2,Tiruchirappalli,28.8,0.0
2024-06-03 14:00:00,28.3,85,0.0,997.9,4.4,8.7,150,145,14,3,6,0,155,29.1,0.0,27.2,0.4,30.3,10.4,27.9,0.0,28.5,0.0,27.71666666666667,7.599999999999999,29.49166666666667,21.9,28.48333333333333,22.0,-0.8000000000000007,0.0,Tiruchirappalli,27.0,1.4
2024-06-03 15:00:00,27.7,88,0.0,998.7,3.6,8.7,150,143,15,3,6,0,155,28.3,0.0,26.8,0.2,27.5,5.7,28.5,0.1,28.3,0.0,27.75,1.8999999999999984,29.425,21.8,28.45833333333333,22.0,-0.6000000000000014,0.0,Tiruchirappalli,26.6,0.0
2024-06-03 16:00:00,27.5,89,0.0,999.1,4.5,9.4,162,166,16,3,6,0,155,27.7,0.0,29.1,0.0,27.4,1.3,30.6,0.0,28.4,0.0,27.766666666666666,0.5999999999999983,29.166666666666668,21.8,28.42083333333333,22.0,-0.1999999999999993,0.0,Tiruchirappalli,26.2,0.0
2024-06-03 17:00:00,27.1,91,0.0,999.3,3.8,10.0,201,221,17,3,6,0,155,27.5,0.0,28.3,0.0,27.2,0.4,32.6,0.0,27.8,0.0,27.75,0.1999999999999982,28.70833333333333,21.8,28.391666666666666,22.0,-0.3999999999999986,0.0,Tiruchirappalli,25.9,0.0
2024-06-03 18:00:00,26.8,92,0.0,998.9,4.4,11.4,193,189,18,3,6,0,155,27.1,0.0,27.7,0.0,26.8,0.2,33.4,0.0,27.6,0.0,27.75,0.0,28.15833333333333,21.8,28.35833333333333,22.0,-0.3000000000000007,0.0,Tiruchirappalli,25.6,0.1
2024-06-03 19:00:00,26.7,92,0.0,998.4,5.5,13.6,191,191,19,3,6,0,155,26.8,0.0,27.5,0.0,29.1,0.0,32.2,3.8,27.2,0.0,27.35,0.0,27.700000000000003,18.0,28.3375,22.0,-0.1000000000000014,0.0,Tiruchirappalli,25.3,0.0
2024-06-03 20:00:00,26.4,93,0.0,997.8,4.8,12.8,191,193,20,3,6,0,155,26.7,0.0,27.1,0.0,28.3,0.0,30.3,10.4,27.1,0.0,27.03333333333333,0.0,27.375,7.6,28.308333333333334,22.0,-0.3000000000000007,0.0,Tiruchirappalli,25.0,0.0
2024-06-03 21:00:00,26.3,92,0.0,997.5,4.8,13.2,202,207,21,3,6,0,155,26.4,0.0,26.8,0.0,27.7,0.0,27.5,5.7,27.2,0.0,26.8,0.0,27.275,1.9,28.27083333333333,22.0,-0.0999999999999978,0.0,Tiruchirappalli,24.3,0.0
2024-06-03 22:00:00,26.0,93,0.0,997.5,4.1,12.0,213,225,22,3,6,0,155,26.3,0.0,26.7,0.0,27.5,0.0,27.4,1.3,27.0,0.0,26.55,0.0,27.15833333333333,0.6000000000000001,28.229166666666668,22.0,-0.3000000000000007,0.0,Tiruchirappalli,24.5,0.0
2024-06-03 23:00:00,25.8,93,0.0,997.8,4.1,11.8,218,225,23,3,6,0,155,26.0,0.0,26.4,0.0,27.1,0.0,27.2,0.4,27.0,0.0,26.33333333333333,0.0,27.04166666666667,0.2,28.17916666666667,22.0,-0.1999999999999993,0.0,Tiruchirappalli,24.6,0.0
2024-06-04 00:00:00,25.8,92,0.0,998.1,4.5,11.5,238,241,0,4,6,1,156,25.8,0.0,26.3,0.0,26.8,0.0,26.8,0.2,27.0,0.0,26.166666666666668,0.0,26.95833333333333,0.0,28.129166666666663,22.0,0.0,0.0,Tiruchirappalli,24.7,0.0
2024-06-04 01:00:00,27.9,91,0.0,998.5,5.7,11.3,217,215,1,4,6,1,156,25.8,0.0,26.0,0.0,26.7,0.0,29.1,0.0,27.2,0.1,26.366666666666664,0.0,26.85833333333333,0.0,28.15833333333333,21.9,2.099999999999998,0.0,Tiruchirappalli,25.7,0.0
2024-06-04 02:00:00,29.0,87,0.0,998.9,5.1,8.9,230,225,2,4,6,1,156,27.9,0.0,25.8,0.0,26.4,0.0,28.3,0.0,27.9,0.0,26.8,0.0,26.916666666666668,0.0,28.204166666666666,21.9,1.1000000000000014,0.0,Tiruchirappalli,26.8,0.0
2024-06-04 03:00:00,30.5,77,0.1,999.7,4.4,6.0,237,235,3,4,6,1,156,29.0,0.0,25.8,0.0,26.3,0.0,27.7,0.0,28.5,0.1,27.5,0.0999999999999982,27.15,0.1,28.2875,21.9,1.5,0.1,Tiruchirappalli,27.4,0.0
2024-06-04 04:00:00,31.2,74,0.3,1000.2,3.7,4.9,253,259,4,4,6,1,156,30.5,0.1,27.9,0.0,26.0,0.0,27.5,0.0,30.6,0.0,28.366666666666664,0.3999999999999982,27.45833333333333,0.4,28.3125,22.200000000000003,0.6999999999999993,0.1999999999999999,Tiruchirappalli,28.8,0.0
2024-06-04 05:00:00,32.4,69,0.2,999.8,2.2,3.3,257,261,5,4,6,1,156,31.2,0.3,29.0,0.0,25.8,0.0,27.1,0.0,32.6,0.0,29.46666666666667,0.5999999999999982,27.899999999999995,0.6,28.304166666666664,22.4,1.1999999999999993,-0.0999999999999999,Tiruchirappalli,30.2,0.0
2024-06-04 06:00:00,32.9,66,0.0,999.1,3.4,4.4,215,212,6,4,6,1,156,32.4,0.2,30.5,0.1,25.8,0.0,26.8,0.0,33.4,0.0,30.649999999999995,0.5999999999999982,28.40833333333333,0.6,28.28333333333333,22.4,0.5,-0.2,Tiruchirappalli,31.8,0.0
2024-06-04 07:00:00,33.6,62,0.0,998.4,4.3,5.6,225,222,7,4,6,1,156,32.9,0.0,31.2,0.3,27.9,0.0,26.7,0.0,32.2,3.8,31.600000000000005,0.5999999999999982,28.98333333333333,0.6,28.341666666666665,18.6,0.7000000000000028,0.0,Tiruchirappalli,32.7,0.0
2024-06-04 08:00:00,33.9,60,0.0,997.6,8.4,10.7,213,211,8,4,6,1,156,33.6,0.0,32.4,0.2,29.0,0.0,26.4,0.0,30.3,10.4,32.416666666666664,0.5999999999999982,29.60833333333333,0.6,28.491666666666664,8.200000000000001,0.2999999999999971,0.0,Tiruchirappalli,33.5,0.0
2024-06-04 09:00:00,34.2,58,0.0,996.1,6.6,8.2,209,209,9,4,6,1,156,33.9,0.0,32.9,0.0,30.5,0.1,26.3,0.0,27.5,5.7,33.03333333333334,0.4999999999999982,30.266666666666666,0.6,28.77083333333333,2.5,0.3000000000000042,0.0,Tiruchirappalli,33.7,0.0
2024-06-04 10:00:00,28.7,83,12.3,996.9,4.5,7.7,221,209,10,4,6,1,156,34.2,0.0,33.6,0.0,31.2,0.3,26.0,0.0,27.4,1.3,32.61666666666667,12.499999999999998,30.491666666666664,12.9,28.825000000000003,13.5,-5.500000000000004,12.3,Tiruchirappalli,33.7,0.0
2024-06-04 11:00:00,27.9,87,2.7,996.9,8.4,12.0,129,115,11,4,6,1,156,28.7,12.3,33.9,0.0,32.4,0.2,25.8,0.0,27.2,0.4,31.86666666666667,15.0,30.66666666666666,15.6,28.854166666666668,15.8,-0.8000000000000007,-9.6,Tiruchirappalli,32.1,0.2
2024-06-04 12:00:00,28.1,86,0.0,996.8,8.1,15.6,154,148,12,4,6,1,156,27.9,2.7,34.2,0.0,32.9,0.0,25.8,0.0,26.8,0.2,31.066666666666663,15.0,30.85833333333333,15.6,28.90833333333333,15.6,0.2000000000000028,-2.7,Tiruchirappalli,31.7,0.0
2024-06-04 13:00:00,30.0,74,0.0,996.8,8.3,16.6,180,178,13,4,6,1,156,28.1,0.0,28.7,12.3,33.6,0.0,27.9,0.0,29.1,0.0,30.46666666666667,15.0,31.03333333333333,15.6,28.945833333333336,15.6,1.8999999999999984,0.0,Tiruchirappalli,30.7,0.0
2024-06-04 14:00:00,29.2,76,0.0,997.6,10.6,20.4,166,162,14,4,6,1,156,30.0,0.0,27.9,2.7,33.9,0.0,29.0,0.0,28.3,0.0,29.683333333333337,15.0,31.05,15.6,28.98333333333333,15.6,-0.8000000000000007,0.0,Tiruchirappalli,29.3,0.0
2024-06-04 15:00:00,28.8,77,0.0,998.4,10.4,21.3,176,178,15,4,6,1,156,29.2,0.0,28.1,0.0,34.2,0.0,30.5,0.1,27.7,0.0,28.78333333333333,15.0,30.90833333333333,15.5,29.02916666666667,15.6,-0.3999999999999986,0.0,Tiruchirappalli,29.4,0.0
2024-06-04 16:00:00,28.8,76,0.0,998.8,10.0,20.7,188,193,16,4,6,1,156,28.8,0.0,30.0,0.0,28.7,12.3,31.2,0.3,27.5,0.0,28.8,2.6999999999999984,30.70833333333333,15.2,29.08333333333333,15.6,0.0,0.0,Tiruchirappalli,29.1,0.0
2024-06-04 17:00:00,28.4,79,0.0,999.4,8.4,18.2,194,190,17,4,6,1,156,28.8,0.0,29.2,0.0,27.9,2.7,32.4,0.2,27.1,0.0,28.883333333333336,0.0,30.375,15.0,29.1375,15.6,-0.4000000000000021,0.0,Tiruchirappalli,28.6,0.0
2024-06-04 18:00:00,28.0,82,0.0,999.7,5.7,14.5,207,215,18,4,6,1,156,28.4,0.0,28.8,0.0,28.1,0.0,32.9,0.0,26.8,0.0,28.866666666666664,0.0,29.966666666666665,15.0,29.1875,15.6,-0.3999999999999986,0.0,Tiruchirappalli,27.7,0.0
2024-06-04 19:00:00,27.5,84,0.0,999.4,5.2,13.4,211,214,19,4,6,1,156,28.0,0.0,28.8,0.0,30.0,0.0,33.6,0.0,26.7,0.0,28.45,0.0,29.45833333333333,15.0,29.22083333333333,15.6,-0.5,0.0,Tiruchirappalli,27.0,0.0
2024-06-04 20:00:00,27.2,84,0.8,998.8,5.2,12.4,206,205,20,4,6,1,156,27.5,0.0,28.4,0.0,29.2,0.0,33.9,0.0,26.4,0.0,28.11666666666667,0.7999999999999983,28.899999999999995,15.8,29.254166666666663,16.400000000000002,-0.3000000000000007,0.8,Tiruchirappalli,26.5,0.0
2024-06-04 21:00:00,26.8,88,0.4,998.1,7.1,14.4,202,195,21,4,6,1,156,27.2,0.8,28.0,0.0,28.8,0.0,34.2,0.0,26.3,0.0,27.78333333333333,1.1999999999999984,28.28333333333333,16.2,29.275,16.8,-0.3999999999999986,-0.4,Tiruchirappalli,26.1,0.0
2024-06-04 22:00:00,26.6,89,0.0,998.1,7.6,14.1,195,180,22,4,6,1,156,26.8,0.4,27.5,0.0,28.8,0.0,28.7,12.3,26.0,0.0,27.416666666666668,1.1999999999999984,28.10833333333333,3.9,29.3,16.8,-0.1999999999999993,-0.4,Tiruchirappalli,25.8,0.0
2024-06-04 23:00:00,26.3,89,0.0,998.7,8.3,15.9,184,178,23,4,6,1,156,26.6,0.0,27.2,0.8,28.4,0.0,27.9,2.7,25.8,0.0,27.066666666666663,1.1999999999999984,27.975000000000005,1.2000000000000002,29.32083333333333,16.8,-0.3000000000000007,0.0,Tiruchirappalli,25.5,0.0
2024-06-05 00:00:00,26.0,90,0.0,998.9,8.1,15.6,218,212,0,5,6,2,157,26.3,0.0,26.8,0.4,28.0,0.0,28.1,0.0,25.8,0.0,26.73333333333333,1.1999999999999984,27.8,1.2000000000000002,29.329166666666666,16.8,-0.3000000000000007,0.0,Tiruchirappalli,25.3,0.0
2024-06-05 01:00:00,26.8,90,3.3,999.7,6.0,11.4,193,197,1,5,6,2,157,26.0,0.0,26.6,0.0,27.5,0.0,30.0,0.0,27.9,0.0,26.616666666666664,4.499999999999998,27.53333333333333,4.5,29.28333333333333,20.1,0.8000000000000007,3.3,Tiruchirappalli,26.5,0.0
2024-06-05 02:00:00,26.0,95,6.3,999.8,7.9,12.5,224,210,2,5,6,2,157,26.8,3.3,26.3,0.0,27.2,0.8,29.2,0.0,29.0,0.0,26.416666666666668,9.999999999999998,27.26666666666667,10.8,29.15833333333333,26.4,-0.8000000000000007,3.0,Tiruchirappalli,27.8,0.0
2024-06-05 03:00:00,27.1,89,0.5,1000.1,8.0,11.4,215,216,3,5,6,2,157,26.0,6.3,26.0,0.0,26.8,0.4,28.8,0.0,30.5,0.1,26.466666666666665,10.099999999999998,27.125,11.3,29.01666666666667,26.8,1.1000000000000014,-5.8,Tiruchirappalli,29.4,0.0
2024-06-05 04:00:00,29.1,80,0.1,1000.6,6.4,8.3,252,254,4,5,6,2,157,27.1,0.5,26.8,3.3,26.6,0.0,28.8,0.0,31.2,0.3,26.883333333333336,10.199999999999998,27.15,11.4,28.929166666666664,26.6,2.0,-0.4,Tiruchirappalli,31.3,0.0
2024-06-05 05:00:00,31.2,70,0.0,1000.4,5.6,7.4,223,220,5,5,6,2,157,29.1,0.1,26.0,6.3,26.3,0.0,28.4,0.0,32.4,0.2,27.700000000000003,10.199999999999998,27.383333333333336,11.4,28.879166666666663,26.4,2.099999999999998,-0.1,Tiruchirappalli,32.7,0.0
2024-06-05 06:00:00,32.5,66,0.2,999.4,5.9,7.4,219,218,6,5,6,2,157,31.2,0.0,27.1,0.5,26.0,0.0,28.0,0.0,32.9,0.0,28.78333333333333,10.4,27.758333333333336,11.6,28.8625,26.6,1.3000000000000007,0.2,Tiruchirappalli,33.7,0.0
2024-06-05 07:00:00,33.0,65,0.2,998.9,7.1,9.2,225,225,7,5,6,2,157,32.5,0.2,29.1,0.1,26.8,3.3,27.5,0.0,33.6,0.0,29.816666666666663,7.299999999999998,28.21666666666667,11.8,28.8375,26.8,0.5,0.0,Tiruchirappalli,34.3,0.0
2024-06-05 08:00:00,32.8,63,0.2,997.4,7.2,9.3,193,186,8,5,6,2,157,33.0,0.2,31.2,0.0,26.0,6.3,27.2,0.8,33.9,0.0,30.95,1.1999999999999982,28.683333333333337,11.2,28.791666666666668,27.0,-0.2000000000000028,0.0,Tiruchirappalli,35.2,0.0
2024-06-05 09:00:00,27.3,89,9.5,997.8,12.7,19.5,164,165,9,5,6,2,157,32.8,0.2,32.5,0.2,27.1,0.5,26.8,0.4,34.2,0.0,30.98333333333333,10.199999999999998,28.725000000000005,20.3,28.504166666666663,36.5,-5.4999999999999964,9.3,Tiruchirappalli,34.4,0.1
2024-06-05 10:00:00,27.9,89,1.0,997.9,1.9,6.0,197,202,10,5,6,2,157,27.3,9.5,33.0,0.2,29.1,0.1,26.6,0.0,28.7,12.3,30.78333333333333,11.099999999999998,28.83333333333333,21.3,28.47083333333333,25.200000000000003,0.5999999999999979,-8.5,Tiruchirappalli,33.7,0.1
2024-06-05 11:00:00,28.7,86,0.3,997.5,4.0,4.9,234,243,11,5,6,2,157,27.9,1.0,32.8,0.2,31.2,0.0,26.3,0.0,27.9,2.7,30.366666666666664,11.4,29.03333333333333,21.6,28.504166666666663,22.8,0.8000000000000007,-0.7,Tiruchirappalli,33.5,0.0
2024-06-05 12:00:00,27.2,89,6.0,997.8,0.8,2.0,225,207,12,5,6,2,157,28.7,0.3,27.3,9.5,32.5,0.2,26.0,0.0,28.1,0.0,29.48333333333333,17.199999999999996,29.13333333333333,27.6,28.466666666666665,28.8,-1.5,5.7,Tiruchirappalli,32.5,0.0
2024-06-05 13:00:00,28.1,83,2.7,997.8,10.5,17.0,216,211,13,5,6,2,157,27.2,6.0,27.9,1.0,33.0,0.2,26.8,3.3,30.0,0.0,28.666666666666668,19.7,29.241666666666664,27.0,28.3875,31.5,0.9000000000000021,-3.3,Tiruchirappalli,31.3,0.0
2024-06-05 14:00:00,26.2,92,3.0,999.2,15.5,26.7,184,183,14,5,6,2,157,28.1,2.7,28.7,0.3,32.8,0.2,26.0,6.3,29.2,0.0,27.566666666666663,22.5,29.25833333333333,23.7,28.262500000000003,34.5,-1.900000000000002,0.2999999999999998,Tiruchirappalli,30.5,0.0
2024-06-05 15:00:00,25.7,92,0.1,999.6,9.5,17.7,204,209,15,5,6,2,157,26.2,3.0,27.2,6.0,27.3,9.5,27.1,0.5,28.8,0.0,27.3,13.099999999999998,29.141666666666666,23.3,28.13333333333333,34.6,-0.5,-2.9,Tiruchirappalli,29.8,0.0
2024-06-05 16:00:00,25.8,92,0.2,1000.3,9.5,19.0,207,209,16,5,6,2,157,25.7,0.1,28.1,2.7,27.9,1.0,29.1,0.1,28.8,0.0,26.95,12.3,28.866666666666664,23.4,28.008333333333336,34.8,0.1000000000000014,0.1,Tiruchirappalli,29.3,0.0
2024-06-05 17:00:00,25.9,94,0.2,1000.3,9.3,18.9,194,196,17,5,6,2,157,25.8,0.2,26.2,3.0,28.7,0.3,31.2,0.0,28.4,0.0,26.48333333333333,12.199999999999998,28.425,23.6,27.90416666666667,35.0,0.0999999999999978,0.0,Tiruchirappalli,28.7,0.0
2024-06-05 18:00:00,25.2,98,9.8,1001.2,8.4,13.4,284,313,18,5,6,2,157,25.9,0.2,25.7,0.1,27.2,6.0,32.5,0.2,28.0,0.0,26.149999999999995,16.0,27.816666666666663,33.2,27.7875,44.8,-0.6999999999999993,9.6,Tiruchirappalli,28.4,0.0
2024-06-05 19:00:00,25.2,98,0.4,1000.1,7.8,12.0,159,146,19,5,6,2,157,25.2,9.8,25.8,0.2,28.1,2.7,33.0,0.2,27.5,0.0,25.666666666666668,13.7,27.166666666666668,33.400000000000006,27.691666666666663,45.2,0.0,-9.4,Tiruchirappalli,28.1,0.0
2024-06-05 20:00:00,25.3,98,0.8,999.2,5.4,11.9,178,176,20,5,6,2,157,25.2,0.4,25.9,0.2,26.2,3.0,32.8,0.2,27.2,0.8,25.516666666666666,11.499999999999998,26.541666666666668,34.0,27.6125,45.2,0.1000000000000014,0.4,Tiruchirappalli,27.6,0.0
2024-06-05 21:00:00,25.4,98,0.4,999.2,3.2,8.8,199,207,21,5,6,2,157,25.3,0.8,25.2,9.8,25.7,0.1,27.3,9.5,26.8,0.4,25.46666666666667,11.8,26.38333333333333,24.9,27.55416666666667,45.2,0.0999999999999978,-0.4,Tiruchirappalli,27.1,0.0
2024-06-05 22:00:00,25.4,98,0.2,999.0,4.8,11.8,207,207,22,5,6,2,157,25.4,0.4,25.2,0.4,25.8,0.2,27.9,1.0,26.6,0.0,25.399999999999995,11.8,26.175,24.1,27.504166666666663,45.400000000000006,0.0,-0.2,Tiruchirappalli,26.8,0.0
2024-06-05 23:00:00,25.4,97,0.0,998.9,5.9,13.7,198,191,23,5,6,2,157,25.4,0.2,25.3,0.8,25.9,0.2,28.7,0.3,26.3,0.0,25.316666666666663,11.6,25.9,23.8,27.46666666666667,45.400000000000006,0.0,-0.2,Tiruchirappalli,26.8,0.0
2024-06-06 00:00:00,25.4,96,0.0,999.6,6.6,14.6,196,189,0,6,6,3,158,25.4,0.0,25.4,0.4,25.2,9.8,27.2,6.0,26.0,0.0,25.35,1.7999999999999985,25.75,17.8,27.441666666666663,45.400000000000006,0.0,0.0,Tiruchirappalli,26.7,0.0
2024-06-06 01:00:00,26.2,95,0.2,999.5,7.7,14.7,205,191,1,6,6,3,158,25.4,0.0,25.4,0.2,25.2,0.4,28.1,2.7,26.8,3.3,25.516666666666666,1.5999999999999983,25.591666666666665,15.3,27.416666666666668,42.3,0.8000000000000007,0.2,Tiruchirappalli,27.1,0.0
2024-06-06 02:00:00,25.6,97,4.6,1000.6,9.7,16.2,148,138,2,6,6,3,158,26.2,0.2,25.4,0.0,25.3,0.8,26.2,3.0,26.0,6.3,25.566666666666663,5.399999999999998,25.541666666666668,16.9,27.399999999999995,40.6,-0.5999999999999979,4.4,Tiruchirappalli,28.0,0.0
2024-06-06 03:00:00,26.2,92,0.0,1001.2,8.2,14.0,209,209,3,6,6,3,158,25.6,4.6,25.4,0.0,25.4,0.4,25.7,0.1,27.1,0.5,25.7,4.999999999999997,25.58333333333333,16.799999999999997,27.3625,40.1,0.5999999999999979,-4.6,Tiruchirappalli,29.2,0.0
2024-06-06 04:00:00,28.6,82,1.9,1000.7,9.1,12.0,189,189,4,6,6,3,158,26.2,0.0,26.2,0.2,25.4,0.2,25.8,0.2,29.1,0.1,26.23333333333333,6.6999999999999975,25.816666666666663,18.5,27.34166666666667,41.9,2.400000000000002,1.9,Tiruchirappalli,30.7,0.0
2024-06-06 05:00:00,29.0,81,0.3,1000.9,8.7,11.5,219,218,5,6,6,3,158,28.6,1.9,25.6,4.6,25.4,0.0,25.9,0.2,31.2,0.0,26.83333333333333,6.999999999999998,26.075,18.6,27.25,42.2,0.3999999999999986,-1.6,Tiruchirappalli,32.3,0.0
2024-06-06 06:00:00,30.4,75,0.4,1000.7,6.3,8.6,195,193,6,6,6,3,158,29.0,0.3,26.2,0.0,25.4,0.0,25.2,9.8,32.5,0.2,27.666666666666668,7.399999999999998,26.50833333333333,9.2,27.1625,42.4,1.3999999999999986,0.1,Tiruchirappalli,33.1,0.0
2024-06-06 07:00:00,31.1,72,0.2,999.9,6.5,8.3,198,199,7,6,6,3,158,30.4,0.4,28.6,1.9,26.2,0.2,25.2,0.4,33.0,0.2,28.48333333333333,7.399999999999998,27.0,9.0,27.08333333333333,42.4,0.7000000000000028,-0.2,Tiruchirappalli,32.9,0.0
2024-06-06 08:00:00,31.6,69,0.1,998.8,7.3,9.8,216,213,8,6,6,3,158,31.1,0.2,29.0,0.3,25.6,4.6,25.3,0.8,32.8,0.2,29.48333333333333,2.899999999999998,27.524999999999995,8.3,27.03333333333333,42.3,0.5,-0.1,Tiruchirappalli,34.8,0.0
2024-06-06 09:00:00,32.4,64,0.1,997.8,6.4,8.2,221,218,9,6,6,3,158,31.6,0.1,30.4,0.4,26.2,0.0,25.4,0.4,27.3,9.5,30.51666666666667,2.9999999999999982,28.10833333333333,8.0,27.245833333333334,32.9,0.7999999999999972,0.0,Tiruchirappalli,35.5,0.0
2024-06-06 10:00:00,30.8,67,2.4,997.8,15.6,21.9,234,230,10,6,6,3,158,32.4,0.1,31.1,0.2,28.6,1.9,25.4,0.2,27.9,1.0,30.88333333333333,3.4999999999999982,28.558333333333337,10.2,27.366666666666664,34.3,-1.599999999999998,2.3,Tiruchirappalli,34.0,0.0
2024-06-06 11:00:00,26.5,91,5.2,998.3,5.5,9.8,242,238,11,6,6,3,158,30.8,2.4,31.6,0.1,29.0,0.3,25.4,0.0,28.7,0.3,30.466666666666665,8.399999999999999,28.65,15.4,27.274999999999995,39.2,-4.300000000000001,2.8000000000000003,Tiruchirappalli,32.8,0.0
2024-06-06 12:00:00,26.1,96,0.4,998.4,7.0,12.6,204,192,12,6,6,3,158,26.5,5.2,32.4,0.1,30.4,0.4,25.4,0.0,27.2,6.0,29.75,8.399999999999999,28.70833333333333,15.8,27.229166666666668,33.6,-0.3999999999999986,-4.8,Tiruchirappalli,32.1,0.0
2024-06-06 13:00:00,27.5,90,1.1,998.3,1.1,4.7,176,180,13,6,6,3,158,26.1,0.4,30.8,2.4,31.1,0.2,26.2,0.2,28.1,2.7,29.149999999999995,9.3,28.816666666666663,16.7,27.204166666666666,32.0,1.3999999999999986,0.7000000000000001,Tiruchirappalli,31.9,0.0
2024-06-06 14:00:00,26.6,93,2.4,998.9,1.8,4.3,175,127,14,6,6,3,158,27.5,1.1,26.5,5.2,31.6,0.1,25.6,4.6,26.2,3.0,28.316666666666663,11.599999999999998,28.9,14.500000000000002,27.22083333333333,31.4,-0.8999999999999986,1.2999999999999998,Tiruchirappalli,30.9,0.0
2024-06-06 15:00:00,25.5,99,5.8,1000.8,4.9,9.4,252,253,15,6,6,3,158,26.6,2.4,26.1,0.4,32.4,0.1,26.2,0.0,25.7,0.1,27.166666666666668,17.299999999999997,28.84166666666667,20.3,27.2125,37.1,-1.1000000000000014,3.4,Tiruchirappalli,30.1,0.0
2024-06-06 16:00:00,25.8,96,0.8,1001.0,1.9,7.4,227,292,16,6,6,3,158,25.5,5.8,27.5,1.1,30.8,2.4,28.6,1.9,25.8,0.2,26.33333333333333,15.7,28.60833333333333,19.2,27.212499999999995,37.7,0.3000000000000007,-5.0,Tiruchirappalli,29.6,0.0
2024-06-06 17:00:00,25.6,97,1.0,1001.1,4.0,10.2,190,175,17,6,6,3,158,25.8,0.8,26.6,2.4,26.5,5.2,29.0,0.3,25.9,0.2,26.183333333333337,11.499999999999998,28.325,19.9,27.2,38.5,-0.1999999999999993,0.1999999999999999,Tiruchirappalli,29.2,0.0
2024-06-06 18:00:00,25.5,97,0.6,1000.6,3.6,8.5,168,135,18,6,6,3,158,25.6,1.0,25.5,5.8,26.1,0.4,30.4,0.4,25.2,9.8,26.08333333333333,11.699999999999998,27.916666666666668,20.1,27.2125,29.3,-0.1000000000000014,-0.4,Tiruchirappalli,28.8,0.0
2024-06-06 19:00:00,25.4,97,0.2,999.9,4.4,11.2,184,171,19,6,6,3,158,25.5,0.6,25.8,0.8,27.5,1.1,31.1,0.2,25.2,0.4,25.73333333333333,10.799999999999995,27.441666666666663,20.1,27.22083333333333,29.1,-0.1000000000000014,-0.3999999999999999,Tiruchirappalli,28.2,0.0
2024-06-06 20:00:00,25.4,96,0.1,998.8,6.8,13.5,205,205,20,6,6,3,158,25.4,0.2,25.6,1.0,26.6,2.4,31.6,0.1,25.3,0.8,25.53333333333333,8.499999999999996,26.925,20.1,27.225000000000005,28.4,0.0,-0.1,Tiruchirappalli,27.7,0.0
2024-06-06 21:00:00,25.2,96,0.0,998.1,6.6,14.0,224,225,21,6,6,3,158,25.4,0.1,25.5,0.6,25.5,5.8,32.4,0.1,25.4,0.4,25.48333333333333,2.6999999999999984,26.325,20.0,27.216666666666665,28.0,-0.1999999999999993,-0.1,Tiruchirappalli,27.3,0.0
2024-06-06 22:00:00,25.0,97,0.1,998.0,5.6,12.4,216,207,22,6,6,3,158,25.2,0.0,25.4,0.2,25.8,0.8,30.8,2.4,25.4,0.2,25.35,1.9999999999999984,25.841666666666665,17.7,27.2,27.9,-0.1999999999999993,0.1,Tiruchirappalli,27.3,0.0
2024-06-06 23:00:00,24.9,98,0.1,997.8,4.8,11.6,210,207,23,6,6,3,158,25.0,0.1,25.4,0.1,25.6,1.0,26.5,5.2,25.4,0.0,25.23333333333333,1.0999999999999983,25.70833333333333,12.6,27.179166666666664,28.0,-0.1000000000000014,0.0,Tiruchirappalli,27.0,0.0
2024-06-07 00:00:00,24.9,98,0.1,998.0,5.0,11.2,213,201,0,7,6,4,159,24.9,0.1,25.2,0.0,25.5,0.6,26.1,0.4,25.4,0.0,25.13333333333333,0.5999999999999983,25.60833333333333,12.3,27.15833333333333,28.1,0.0,0.0,Tiruchirappalli,27.0,0.0
2024-06-07 01:00:00,25.4,97,0.7,998.9,4.7,10.7,194,189,1,7,6,4,159,24.9,0.1,25.0,0.1,25.4,0.2,27.5,1.1,26.2,0.2,25.13333333333333,1.0999999999999983,25.433333333333334,11.9,27.125,28.6,0.5,0.6,Tiruchirappalli,27.7,0.0
2024-06-07 02:00:00,25.6,97,0.6,999.4,4.7,10.5,188,180,2,7,6,4,159,25.4,0.7,24.9,0.1,25.4,0.1,26.6,2.4,25.6,4.6,25.166666666666668,1.5999999999999983,25.35,10.1,27.125,24.6,0.2000000000000028,-0.0999999999999999,Tiruchirappalli,28.4,0.0
2024-06-07 03:00:00,26.5,90,0.1,1000.0,7.5,10.9,197,197,3,7,6,4,159,25.6,0.6,24.9,0.1,25.2,0.0,25.5,5.8,26.2,0.0,25.38333333333333,1.6999999999999984,25.433333333333334,4.4,27.1375,24.7,0.8999999999999986,-0.5,Tiruchirappalli,29.5,0.0
2024-06-07 04:00:00,27.9,83,0.1,1000.7,10.0,13.4,204,206,4,7,6,4,159,26.5,0.1,25.4,0.7,25.0,0.1,25.8,0.8,28.6,1.9,25.866666666666664,1.6999999999999982,25.60833333333333,3.7,27.10833333333333,22.9,1.3999999999999986,0.0,Tiruchirappalli,30.8,0.0
2024-06-07 05:00:00,29.1,76,0.0,1000.3,7.9,10.5,221,223,5,7,6,4,159,27.9,0.1,25.6,0.6,24.9,0.1,25.6,1.0,29.0,0.3,26.566666666666663,1.5999999999999983,25.9,2.7,27.1125,22.6,1.2000000000000028,-0.1,Tiruchirappalli,32.0,0.1
2024-06-07 06:00:00,30.2,70,0.1,999.7,10.2,13.2,227,228,6,7,6,4,159,29.1,0.0,26.5,0.1,24.9,0.1,25.5,0.6,30.4,0.4,27.450000000000003,1.5999999999999983,26.291666666666668,2.2,27.104166666666668,22.3,1.099999999999998,0.1,Tiruchirappalli,31.7,0.0
2024-06-07 07:00:00,31.5,65,0.3,998.4,10.9,14.5,224,224,7,7,6,4,159,30.2,0.1,27.9,0.1,25.4,0.7,25.4,0.2,31.1,0.2,28.46666666666667,1.1999999999999984,26.8,2.3,27.120833333333334,22.4,1.3000000000000007,0.1999999999999999,Tiruchirappalli,33.0,0.0
2024-06-07 08:00:00,31.9,64,0.3,997.1,10.0,13.0,219,218,8,7,6,4,159,31.5,0.3,29.1,0.0,25.6,0.6,25.4,0.1,31.6,0.1,29.51666666666667,0.8999999999999984,27.34166666666667,2.5,27.13333333333333,22.6,0.3999999999999986,0.0,Tiruchirappalli,34.0,0.0
2024-06-07 09:00:00,31.7,67,0.3,996.1,10.4,13.5,226,224,9,7,6,4,159,31.9,0.3,30.2,0.1,26.5,0.1,25.2,0.0,32.4,0.1,30.383333333333336,1.0999999999999983,27.883333333333336,2.8,27.104166666666668,22.8,-0.1999999999999993,0.0,Tiruchirappalli,34.7,0.0
2024-06-07 10:00:00,28.7,80,8.0,996.1,16.7,24.0,213,213,10,7,6,4,159,31.7,0.3,31.5,0.3,27.9,0.1,25.0,0.1,30.8,2.4,30.516666666666666,8.999999999999998,28.191666666666663,10.7,27.016666666666666,28.4,-3.0,7.7,Tiruchirappalli,34.0,0.1
2024-06-07 11:00:00,28.0,86,1.0,996.2,8.0,13.7,175,172,11,7,6,4,159,28.7,8.0,31.9,0.3,29.1,0.0,24.9,0.1,26.5,5.2,30.33333333333333,9.999999999999998,28.45,11.6,27.079166666666666,24.2,-0.6999999999999993,-7.0,Tiruchirappalli,33.0,0.0
2024-06-07 12:00:00,27.6,84,0.0,996.2,13.4,23.4,178,174,12,7,6,4,159,28.0,1.0,31.7,0.3,30.2,0.1,24.9,0.1,26.1,0.4,29.899999999999995,9.9,28.675,11.5,27.141666666666666,23.8,-0.3999999999999986,-1.0,Tiruchirappalli,31.7,0.0
2024-06-07 13:00:00,28.9,77,0.0,996.0,5.8,14.2,189,187,13,7,6,4,159,27.6,0.0,28.7,8.0,31.5,0.3,25.4,0.7,27.5,1.1,29.466666666666665,9.599999999999998,28.96666666666667,10.8,27.2,22.7,1.2999999999999972,0.0,Tiruchirappalli,31.1,0.0
2024-06-07 14:00:00,28.1,78,0.0,997.5,6.2,14.7,208,201,14,7,6,4,159,28.9,0.0,28.0,1.0,31.9,0.3,25.6,0.6,26.6,2.4,28.83333333333333,9.3,29.175,10.2,27.2625,20.3,-0.7999999999999972,0.0,Tiruchirappalli,30.4,0.0
2024-06-07 15:00:00,27.4,83,0.2,998.5,4.0,10.1,197,175,15,7,6,4,159,28.1,0.0,27.6,0.0,31.7,0.3,26.5,0.1,25.5,5.8,28.116666666666664,9.199999999999998,29.25,10.3,27.341666666666665,14.7,-0.7000000000000028,0.2,Tiruchirappalli,29.7,0.0
2024-06-07 16:00:00,27.1,84,0.1,999.4,5.6,12.3,220,225,16,7,6,4,159,27.4,0.2,28.9,0.0,28.7,8.0,27.9,0.1,25.8,0.8,27.850000000000005,1.2999999999999985,29.183333333333337,10.3,27.39583333333333,14.0,-0.2999999999999971,-0.1,Tiruchirappalli,28.9,0.0
2024-06-07 17:00:00,26.5,88,0.0,999.3,4.6,12.3,195,198,17,7,6,4,159,27.1,0.1,28.1,0.0,28.0,1.0,29.1,0.0,25.6,1.0,27.600000000000005,0.2999999999999982,28.96666666666667,10.3,27.433333333333334,13.0,-0.6000000000000014,-0.1,Tiruchirappalli,28.3,0.0
2024-06-07 18:00:00,26.0,92,0.0,999.4,4.8,13.2,191,193,18,7,6,4,159,26.5,0.0,27.4,0.2,27.6,0.0,30.2,0.1,25.5,0.6,27.33333333333333,0.2999999999999982,28.616666666666664,10.2,27.454166666666666,12.4,-0.5,0.0,Tiruchirappalli,27.8,0.0
2024-06-07 19:00:00,25.8,93,0.0,999.0,4.2,12.9,203,211,19,7,6,4,159,26.0,0.0,27.1,0.1,28.9,0.0,31.5,0.3,25.4,0.2,26.816666666666663,0.2999999999999982,28.141666666666666,9.9,27.47083333333333,12.2,-0.1999999999999993,0.0,Tiruchirappalli,27.4,0.0
2024-06-07 20:00:00,25.7,93,0.0,998.1,4.3,12.1,192,185,20,7,6,4,159,25.8,0.0,26.5,0.0,28.1,0.0,31.9,0.3,25.4,0.1,26.416666666666668,0.2999999999999982,27.625,9.6,27.48333333333333,12.1,-0.1000000000000014,0.0,Tiruchirappalli,27.2,0.0
2024-06-07 21:00:00,25.6,92,0.0,997.9,5.6,14.1,193,195,21,7,6,4,159,25.7,0.0,26.0,0.0,27.4,0.2,31.7,0.3,25.2,0.0,26.11666666666667,0.0999999999999982,27.116666666666664,9.3,27.5,12.1,-0.0999999999999978,0.0,Tiruchirappalli,27.2,0.0
2024-06-07 22:00:00,25.6,91,0.0,997.6,8.5,18.1,193,192,22,7,6,4,159,25.6,0.0,25.8,0.0,27.1,0.1,28.7,8.0,25.0,0.1,25.86666666666667,0.0,26.85833333333333,1.300000000000001,27.525,12.0,0.0,0.0,Tiruchirappalli,27.0,0.0
2024-06-07 23:00:00,25.5,90,0.0,997.6,9.4,18.7,208,212,23,7,6,4,159,25.6,0.0,25.7,0.0,26.5,0.0,28.0,1.0,24.9,0.1,25.7,0.0,26.65,0.3000000000000009,27.55,11.9,-0.1000000000000014,0.0,Tiruchirappalli,27.0,0.0
2024-06-08 00:00:00,25.4,90,0.0,998.0,9.4,18.4,211,212,0,8,6,5,160,25.5,0.0,25.6,0.0,26.0,0.0,27.6,0.0,24.9,0.1,25.6,0.0,26.46666666666667,0.3000000000000009,27.570833333333336,11.8,-0.1000000000000014,0.0,Tiruchirappalli,26.9,0.0
2024-06-08 01:00:00,25.2,97,0.0,998.5,3.3,5.9,256,257,1,8,6,5,160,25.4,0.0,25.6,0.0,25.8,0.0,28.9,0.0,25.4,0.7,25.5,0.0,26.15833333333333,0.3000000000000009,27.5625,11.1,-0.1999999999999993,0.0,Tiruchirappalli,27.1,0.0
2024-06-08 02:00:00,26.4,89,0.0,998.9,6.0,7.7,242,245,2,8,6,5,160,25.2,0.0,25.5,0.0,25.7,0.0,28.1,0.0,25.6,0.6,25.616666666666664,0.0,26.016666666666666,0.3000000000000009,27.59583333333333,10.5,1.1999999999999993,0.0,Tiruchirappalli,28.2,0.0
2024-06-08 03:00:00,27.9,81,0.0,999.5,7.2,9.7,243,243,3,8,6,5,160,26.4,0.0,25.4,0.0,25.6,0.0,27.4,0.2,26.5,0.1,26.0,0.0,26.058333333333334,0.1000000000000009,27.65416666666667,10.4,1.5,0.0,Tiruchirappalli,29.5,0.0
2024-06-08 04:00:00,29.7,72,0.0,999.7,7.6,10.2,225,225,4,8,6,5,160,27.9,0.0,25.2,0.0,25.6,0.0,27.1,0.1,27.9,0.1,26.683333333333326,0.0,26.275,0.0,27.729166666666668,10.3,1.8000000000000007,0.0,Tiruchirappalli,31.0,0.0
2024-06-08 05:00:00,31.0,67,0.0,999.7,8.6,11.0,212,213,5,8,6,5,160,29.7,0.0,26.4,0.0,25.5,0.0,26.5,0.0,29.1,0.0,27.599999999999994,0.0,26.649999999999995,0.0,27.808333333333337,10.3,1.3000000000000007,0.0,Tiruchirappalli,32.5,0.0
2024-06-08 06:00:00,32.0,63,0.0,998.8,10.5,13.6,217,218,6,8,6,5,160,31.0,0.0,27.9,0.0,25.4,0.0,26.0,0.0,30.2,0.1,28.7,0.0,27.149999999999995,0.0,27.883333333333336,10.2,1.0,0.0,Tiruchirappalli,33.7,0.0
2024-06-08 07:00:00,32.6,62,0.1,998.0,12.2,16.0,226,225,7,8,6,5,160,32.0,0.0,29.7,0.0,25.2,0.0,25.8,0.0,31.5,0.3,29.933333333333334,0.0999999999999982,27.71666666666667,0.1000000000000009,27.929166666666664,10.0,0.6000000000000014,0.1,Tiruchirappalli,34.3,0.0
2024-06-08 08:00:00,32.9,59,0.0,996.7,13.6,17.6,221,220,8,8,6,5,160,32.6,0.1,31.0,0.0,26.4,0.0,25.7,0.0,31.9,0.3,31.01666666666667,0.0999999999999982,28.316666666666663,0.1000000000000009,27.97083333333333,9.7,0.2999999999999971,-0.1,Tiruchirappalli,34.8,0.0
2024-06-08 09:00:00,30.9,70,1.2,995.8,8.7,12.9,210,210,9,8,6,5,160,32.9,0.0,32.0,0.0,27.9,0.0,25.6,0.0,31.7,0.3,31.516666666666666,1.2999999999999985,28.758333333333336,1.300000000000001,27.9375,10.6,-2.0,1.2,Tiruchirappalli,35.0,0.0
2024-06-08 10:00:00,29.7,74,0.7,996.3,9.7,14.0,180,180,10,8,6,5,160,30.9,1.2,32.6,0.1,29.7,0.0,25.6,0.0,28.7,8.0,31.516666666666666,1.9999999999999984,29.1,2.000000000000001,27.979166666666668,3.3,-1.1999999999999993,-0.5,Tiruchirappalli,35.2,0.0
2024-06-08 11:00:00,28.2,81,2.1,995.8,4.5,6.4,232,241,11,8,6,5,160,29.7,0.7,32.9,0.0,31.0,0.0,25.5,0.0,28.0,1.0,31.05,4.099999999999998,29.325,4.100000000000001,27.9875,4.4,-1.5,1.4,Tiruchirappalli,34.5,0.0
2024-06-08 12:00:00,28.1,84,0.0,996.3,5.9,10.6,215,223,12,8,6,5,160,28.2,2.1,30.9,1.2,32.0,0.0,25.4,0.0,27.6,0.0,30.4,4.099999999999998,29.55,4.100000000000001,28.008333333333336,4.4,-0.0999999999999978,-2.1,Tiruchirappalli,33.1,0.0
2024-06-08 13:00:00,28.8,76,0.0,996.7,11.6,21.1,203,206,13,8,6,5,160,28.1,0.0,29.7,0.7,32.6,0.1,25.2,0.0,28.9,0.0,29.766666666666666,3.9999999999999982,29.85,4.100000000000001,28.004166666666663,4.4,0.6999999999999993,0.0,Tiruchirappalli,31.5,0.0
2024-06-08 14:00:00,27.0,84,1.4,998.2,11.4,19.9,212,215,14,8,6,5,160,28.8,0.0,28.2,2.1,32.9,0.0,26.4,0.0,28.1,0.0,28.78333333333333,5.399999999999999,29.899999999999995,5.500000000000001,27.95833333333333,5.800000000000001,-1.8000000000000007,1.4,Tiruchirappalli,30.5,0.0
2024-06-08 15:00:00,26.6,87,0.0,998.5,10.0,19.1,216,221,15,8,6,5,160,27.0,1.4,28.1,0.0,30.9,1.2,27.9,0.0,27.4,0.2,28.066666666666663,4.1999999999999975,29.791666666666668,5.500000000000001,27.925,5.6,-0.3999999999999986,-1.4,Tiruchirappalli,30.4,0.0
2024-06-08 16:00:00,26.2,88,0.0,998.9,9.7,19.3,213,211,16,8,6,5,160,26.6,0.0,28.8,0.0,29.7,0.7,29.7,0.0,27.1,0.1,27.48333333333333,3.4999999999999982,29.5,5.500000000000001,27.887500000000003,5.5,-0.4000000000000021,0.0,Tiruchirappalli,29.7,0.0
2024-06-08 17:00:00,25.9,90,0.0,999.5,6.8,14.7,216,205,17,8,6,5,160,26.2,0.0,27.0,1.4,28.2,2.1,31.0,0.0,26.5,0.0,27.1,1.399999999999998,29.075000000000003,5.500000000000001,27.8625,5.5,-0.3000000000000007,0.0,Tiruchirappalli,29.3,0.0
2024-06-08 18:00:00,25.6,91,0.1,999.3,5.4,12.5,219,222,18,8,6,5,160,25.9,0.0,26.6,0.0,28.1,0.0,32.0,0.0,26.0,0.0,26.683333333333337,1.4999999999999982,28.541666666666668,5.6000000000000005,27.84583333333333,5.6000000000000005,-0.2999999999999971,0.1,Tiruchirappalli,28.6,0.0
2024-06-08 19:00:00,25.3,94,0.0,999.1,6.4,14.8,247,243,19,8,6,5,160,25.6,0.1,26.2,0.0,28.8,0.0,32.6,0.1,25.8,0.0,26.1,1.4999999999999982,27.933333333333334,5.500000000000001,27.825,5.6000000000000005,-0.3000000000000007,-0.1,Tiruchirappalli,27.8,0.0
2024-06-08 20:00:00,25.0,95,0.0,997.9,3.9,10.0,255,248,20,8,6,5,160,25.3,0.0,25.9,0.0,27.0,1.4,32.9,0.0,25.7,0.0,25.766666666666666,0.0999999999999982,27.275,5.500000000000001,27.79583333333333,5.6000000000000005,-0.3000000000000007,0.0,Tiruchirappalli,27.5,0.0
2024-06-08 21:00:00,24.3,97,0.0,996.8,4.3,5.1,231,180,21,8,6,5,160,25.0,0.0,25.6,0.1,26.6,0.0,30.9,1.2,25.6,0.0,25.383333333333336,0.0999999999999982,26.725,4.300000000000001,27.741666666666664,5.6000000000000005,-0.6999999999999993,0.0,Tiruchirappalli,27.2,0.0
2024-06-08 22:00:00,24.5,96,0.0,996.5,5.5,12.0,201,191,22,8,6,5,160,24.3,0.0,25.3,0.0,26.2,0.0,29.7,0.7,25.6,0.0,25.1,0.0999999999999982,26.291666666666668,3.600000000000001,27.69583333333333,5.6000000000000005,0.1999999999999993,0.0,Tiruchirappalli,26.9,0.0
2024-06-08 23:00:00,24.6,95,0.0,996.7,6.2,13.5,214,216,23,8,6,5,160,24.5,0.0,25.0,0.0,25.9,0.0,28.2,2.1,25.5,0.0,24.883333333333336,0.0999999999999982,25.991666666666664,1.5000000000000009,27.65833333333333,5.6000000000000005,0.1000000000000014,0.0,Tiruchirappalli,26.7,0.0
2024-06-09 00:00:00,24.7,95,0.0,997.1,4.4,11.0,218,215,0,9,6,6,161,24.6,0.0,24.3,0.0,25.6,0.1,28.1,0.0,25.4,0.0,24.73333333333333,0.0,25.70833333333333,1.5000000000000009,27.629166666666663,5.6000000000000005,0.0999999999999978,0.0,Tiruchirappalli,26.6,0.0
2024-06-09 01:00:00,25.7,95,0.0,997.7,5.1,11.9,215,231,1,9,6,6,161,24.7,0.0,24.5,0.0,25.3,0.0,28.8,0.0,25.2,0.0,24.8,0.0,25.450000000000003,1.5000000000000009,27.649999999999995,5.6000000000000005,1.0,0.0,Tiruchirappalli,27.3,0.0
2024-06-09 02:00:00,26.8,87,0.0,998.8,6.1,9.4,223,225,2,9,6,6,161,25.7,0.0,24.6,0.0,25.0,0.0,27.0,1.4,26.4,0.0,25.1,0.0,25.433333333333337,0.1000000000000009,27.666666666666668,5.6000000000000005,1.1000000000000014,0.0,Tiruchirappalli,28.1,0.0
2024-06-09 03:00:00,27.4,84,0.0,999.6,3.6,5.1,225,225,3,9,6,6,161,26.8,0.0,24.7,0.0,24.3,0.0,26.6,0.0,27.9,0.0,25.616666666666664,0.0,25.5,0.1000000000000009,27.64583333333333,5.6000000000000005,0.5999999999999979,0.0,Tiruchirappalli,29.7,0.0
2024-06-09 04:00:00,28.8,77,0.0,1000.2,5.0,6.8,245,249,4,9,6,6,161,27.4,0.0,25.7,0.0,24.5,0.0,26.2,0.0,29.7,0.0,26.33333333333333,0.0,25.71666666666667,0.1000000000000009,27.60833333333333,5.6000000000000005,1.400000000000002,0.0,Tiruchirappalli,31.4,0.0
2024-06-09 05:00:00,30.2,69,0.0,999.9,6.5,8.2,247,251,5,9,6,6,161,28.8,0.0,26.8,0.0,24.6,0.0,25.9,0.0,31.0,0.0,27.266666666666666,0.0,26.075,0.1000000000000009,27.575,5.6000000000000005,1.3999999999999986,0.0,Tiruchirappalli,33.1,0.0
2024-06-09 06:00:00,31.8,63,0.0,999.0,7.7,9.7,255,259,6,9,6,6,161,30.2,0.0,27.4,0.0,24.7,0.0,25.6,0.1,32.0,0.0,28.450000000000003,0.0,26.59166666666667,0.0,27.566666666666663,5.6000000000000005,1.6000000000000014,0.0,Tiruchirappalli,34.2,0.0
2024-06-09 07:00:00,32.7,59,0.0,998.2,6.8,8.8,235,238,7,9,6,6,161,31.8,0.0,28.8,0.0,25.7,0.0,25.3,0.0,32.6,0.1,29.616666666666664,0.0,27.20833333333333,0.0,27.570833333333336,5.5,0.9000000000000021,0.0,Tiruchirappalli,35.3,0.0
2024-06-09 08:00:00,33.5,56,0.0,997.0,8.5,11.1,216,216,8,9,6,6,161,32.7,0.0,30.2,0.0,26.8,0.0,25.0,0.0,32.9,0.0,30.73333333333333,0.0,27.916666666666668,0.0,27.59583333333333,5.5,0.7999999999999972,0.0,Tiruchirappalli,35.8,0.0
2024-06-09 09:00:00,33.7,56,0.0,996.2,10.0,13.1,217,218,9,9,6,6,161,33.5,0.0,31.8,0.0,27.4,0.0,24.3,0.0,30.9,1.2,31.78333333333333,0.0,28.7,0.0,27.7125,4.300000000000001,0.2000000000000028,0.0,Tiruchirappalli,36.1,0.0
2024-06-09 10:00:00,33.7,54,0.0,995.3,11.2,14.3,214,213,10,9,6,6,161,33.7,0.0,32.7,0.0,28.8,0.0,24.5,0.0,29.7,0.7,32.6,0.0,29.46666666666667,0.0,27.879166666666663,3.6000000000000005,0.0,0.0,Tiruchirappalli,36.1,0.0
2024-06-09 11:00:00,32.1,62,0.2,995.2,12.5,17.4,214,213,11,9,6,6,161,33.7,0.0,33.5,0.0,30.2,0.0,24.6,0.0,28.2,2.1,32.916666666666664,0.1999999999999982,30.091666666666665,0.2000000000000009,28.041666666666668,1.7,-1.6000000000000014,0.2,Tiruchirappalli,35.7,0.0
2024-06-09 12:00:00,31.7,66,0.0,995.5,7.2,12.3,218,217,12,9,6,6,161,32.1,0.2,33.7,0.0,31.8,0.0,24.7,0.0,28.1,0.0,32.9,0.1999999999999982,30.675,0.2000000000000009,28.191666666666663,1.7,-0.4000000000000021,-0.2,Tiruchirappalli,34.6,0.0
2024-06-09 13:00:00,30.7,69,0.0,995.9,5.5,12.9,203,191,13,9,6,6,161,31.7,0.0,33.7,0.0,32.7,0.0,25.7,0.0,28.8,0.0,32.56666666666667,0.1999999999999982,31.09166666666667,0.2000000000000009,28.27083333333333,1.7,-1.0,0.0,Tiruchirappalli,31.8,0.0
2024-06-09 14:00:00,29.3,74,0.0,996.5,5.8,13.5,241,240,14,9,6,6,161,30.7,0.0,32.1,0.2,33.5,0.0,26.8,0.0,27.0,1.4,31.86666666666667,0.1999999999999982,31.3,0.2000000000000009,28.36666666666667,0.3,-1.3999999999999986,0.0,Tiruchirappalli,31.0,0.0
2024-06-09 15:00:00,29.4,65,0.0,997.4,9.0,20.5,285,286,15,9,6,6,161,29.3,0.0,31.7,0.0,33.7,0.0,27.4,0.0,26.6,0.0,31.15,0.1999999999999982,31.46666666666667,0.2000000000000009,28.48333333333333,0.3,0.0999999999999978,0.0,Tiruchirappalli,30.2,0.0
2024-06-09 16:00:00,29.1,62,0.0,998.1,10.9,24.0,279,278,16,9,6,6,161,29.4,0.0,30.7,0.0,33.7,0.0,28.8,0.0,26.2,0.0,30.383333333333336,0.1999999999999982,31.491666666666664,0.2000000000000009,28.604166666666668,0.3,-0.2999999999999971,0.0,Tiruchirappalli,29.2,0.0
2024-06-09 17:00:00,28.6,64,0.0,998.5,11.2,23.8,290,291,17,9,6,6,161,29.1,0.0,29.3,0.0,32.1,0.2,30.2,0.0,25.9,0.0,29.8,0.0,31.35833333333333,0.2000000000000009,28.71666666666667,0.3,-0.5,0.0,Tiruchirappalli,28.3,0.0
2024-06-09 18:00:00,27.7,69,0.0,998.5,9.8,21.3,294,298,18,9,6,6,161,28.6,0.0,29.4,0.0,31.7,0.0,31.8,0.0,25.6,0.1,29.133333333333336,0.0,31.016666666666666,0.2000000000000009,28.804166666666664,0.2,-0.9000000000000021,0.0,Tiruchirappalli,27.8,0.0
2024-06-09 19:00:00,27.0,73,0.0,998.2,9.1,19.7,278,277,19,9,6,6,161,27.7,0.0,29.1,0.0,30.7,0.0,32.7,0.0,25.3,0.0,28.51666666666667,0.0,30.541666666666668,0.2000000000000009,28.875,0.2,-0.6999999999999993,0.0,Tiruchirappalli,27.4,0.0
2024-06-09 20:00:00,26.5,75,0.0,997.8,6.2,15.7,261,249,20,9,6,6,161,27.0,0.0,28.6,0.0,29.3,0.0,33.5,0.0,25.0,0.0,28.05,0.0,29.95833333333333,0.2000000000000009,28.9375,0.2,-0.5,0.0,Tiruchirappalli,27.1,0.0
2024-06-09 21:00:00,26.1,77,0.0,997.1,6.8,15.6,244,238,21,9,6,6,161,26.5,0.0,27.7,0.0,29.4,0.0,33.7,0.0,24.3,0.0,27.5,0.0,29.325000000000003,0.2000000000000009,29.012500000000003,0.2,-0.3999999999999986,0.0,Tiruchirappalli,26.7,0.0
2024-06-09 22:00:00,25.8,79,0.0,997.0,6.4,15.5,228,218,22,9,6,6,161,26.1,0.0,27.0,0.0,29.1,0.0,33.7,0.0,24.5,0.0,26.95,0.0,28.666666666666668,0.2000000000000009,29.066666666666663,0.2,-0.3000000000000007,0.0,Tiruchirappalli,26.5,0.0
2024-06-09 23:00:00,25.5,82,0.0,997.3,5.9,14.4,238,223,23,9,6,6,161,25.8,0.0,26.5,0.0,28.6,0.0,32.1,0.2,24.6,0.0,26.433333333333334,0.0,28.11666666666667,0.0,29.104166666666668,0.2,-0.3000000000000007,0.0,Tiruchirappalli,26.8,0.0
2024-06-10 00:00:00,25.3,83,0.0,997.5,6.4,14.3,245,227,0,10,6,0,162,25.5,0.0,26.1,0.0,27.7,0.0,31.7,0.0,24.7,0.0,26.03333333333333,0.0,27.58333333333333,0.0,29.129166666666663,0.2,-0.1999999999999993,0.0,Tiruchirappalli,26.7,0.0
2024-06-10 01:00:00,26.5,78,0.0,998.1,7.7,14.3,252,233,1,10,6,0,162,25.3,0.0,25.8,0.0,27.0,0.0,30.7,0.0,25.7,0.0,25.95,0.0,27.23333333333333,0.0,29.162500000000005,0.2,1.1999999999999993,0.0,Tiruchirappalli,27.4,0.0
2024-06-10 02:00:00,27.8,74,0.0,998.7,7.4,10.6,235,231,2,10,6,0,162,26.5,0.0,25.5,0.0,26.5,0.0,29.3,0.0,26.8,0.0,26.166666666666668,0.0,27.10833333333333,0.0,29.204166666666666,0.2,1.3000000000000007,0.0,Tiruchirappalli,28.5,0.0
2024-06-10 03:00:00,29.4,68,0.0,999.1,7.6,10.0,249,245,3,10,6,0,162,27.8,0.0,25.3,0.0,26.1,0.0,29.4,0.0,27.4,0.0,26.716666666666665,0.0,27.10833333333333,0.0,29.2875,0.2,1.599999999999998,0.0,Tiruchirappalli,30.2,0.0
2024-06-10 04:00:00,31.3,62,0.0,999.0,12.5,16.9,259,258,4,10,6,0,162,29.4,0.0,26.5,0.0,25.8,0.0,29.1,0.0,28.8,0.0,27.633333333333336,0.0,27.291666666666668,0.0,29.39166666666667,0.2,1.900000000000002,0.0,Tiruchirappalli,32.0,0.0
2024-06-10 05:00:00,32.7,57,0.0,998.6,16.1,21.6,252,250,5,10,6,0,162,31.3,0.0,27.8,0.0,25.5,0.0,28.6,0.0,30.2,0.0,28.83333333333333,0.0,27.633333333333336,0.0,29.495833333333334,0.2,1.400000000000002,0.0,Tiruchirappalli,33.7,0.0
2024-06-10 06:00:00,33.7,52,0.0,998.2,19.4,26.2,252,252,6,10,6,0,162,32.7,0.0,29.4,0.0,25.3,0.0,27.7,0.0,31.8,0.0,30.23333333333333,0.0,28.133333333333336,0.0,29.575000000000003,0.2,1.0,0.0,Tiruchirappalli,34.7,0.0
2024-06-10 07:00:00,34.3,51,0.0,997.5,18.3,25.4,252,250,7,10,6,0,162,33.7,0.0,31.3,0.0,26.5,0.0,27.0,0.0,32.7,0.0,31.53333333333333,0.0,28.74166666666667,0.0,29.641666666666666,0.2,0.5999999999999943,0.0,Tiruchirappalli,35.8,0.0
2024-06-10 08:00:00,35.2,49,0.0,996.4,15.6,21.4,250,247,8,10,6,0,162,34.3,0.0,32.7,0.0,27.8,0.0,26.5,0.0,33.5,0.0,32.766666666666666,0.0,29.46666666666667,0.0,29.7125,0.2,0.9000000000000057,0.0,Tiruchirappalli,36.4,0.0
2024-06-10 09:00:00,34.4,49,0.1,995.7,17.9,23.8,260,260,9,10,6,0,162,35.2,0.0,33.7,0.0,29.4,0.0,26.1,0.0,33.7,0.0,33.6,0.0999999999999982,30.15833333333333,0.1000000000000009,29.741666666666664,0.3,-0.8000000000000043,0.1,Tiruchirappalli,36.8,0.0
2024-06-10 10:00:00,33.7,50,0.1,995.4,21.3,30.2,258,258,10,10,6,0,162,34.4,0.1,34.3,0.0,31.3,0.0,25.8,0.0,33.7,0.0,34.0,0.1999999999999982,30.816666666666663,0.2000000000000009,29.74166666666667,0.4,-0.6999999999999957,0.0,Tiruchirappalli,36.8,0.0
2024-06-10 11:00:00,33.5,52,0.0,995.4,16.1,23.7,256,254,11,10,6,0,162,33.7,0.1,35.2,0.0,32.7,0.0,25.5,0.0,32.1,0.2,34.13333333333333,0.1999999999999982,31.48333333333333,0.2000000000000009,29.8,0.2,-0.2000000000000028,-0.1,Tiruchirappalli,36.3,0.0
2024-06-10 12:00:00,32.5,57,0.0,995.7,12.0,20.2,251,249,12,10,6,0,162,33.5,0.0,34.4,0.1,33.7,0.0,25.3,0.0,31.7,0.0,33.93333333333333,0.1999999999999982,32.083333333333336,0.2000000000000009,29.83333333333333,0.2,-1.0,0.0,Tiruchirappalli,35.3,0.0
2024-06-10 13:00:00,31.3,57,0.0,997.2,12.2,23.4,270,270,13,10,6,0,162,32.5,0.0,33.7,0.1,34.3,0.0,26.5,0.0,30.7,0.0,33.43333333333334,0.1999999999999982,32.48333333333333,0.2000000000000009,29.85833333333333,0.2,-1.1999999999999993,0.0,Tiruchirappalli,33.2,0.0
2024-06-10 14:00:00,30.5,59,0.0,998.2,10.1,22.0,275,276,14,10,6,0,162,31.3,0.0,33.5,0.0,35.2,0.0,27.8,0.0,29.3,0.0,32.65,0.1999999999999982,32.708333333333336,0.2000000000000009,29.90833333333333,0.2,-0.8000000000000007,0.0,Tiruchirappalli,32.2,0.0
2024-06-10 15:00:00,29.8,61,0.0,999.0,13.9,26.4,284,287,15,10,6,0,162,30.5,0.0,32.5,0.0,34.4,0.1,29.4,0.0,29.4,0.0,31.883333333333336,0.0999999999999982,32.74166666666667,0.2000000000000009,29.925,0.2,-0.6999999999999993,0.0,Tiruchirappalli,31.0,0.0
2024-06-10 16:00:00,29.3,63,0.0,999.4,15.5,27.8,280,283,16,10,6,0,162,29.8,0.0,31.3,0.0,33.7,0.1,31.3,0.0,29.1,0.0,31.15,0.0,32.575,0.2000000000000009,29.933333333333334,0.2,-0.5,0.0,Tiruchirappalli,29.4,0.0
2024-06-10 17:00:00,28.7,65,0.0,999.6,17.5,30.7,280,284,17,10,6,0,162,29.3,0.0,30.5,0.0,33.5,0.0,32.7,0.0,28.6,0.0,30.350000000000005,0.0,32.24166666666667,0.2000000000000009,29.9375,0.2,-0.6000000000000014,0.0,Tiruchirappalli,28.8,0.0
2024-06-10 18:00:00,28.4,65,0.0,999.5,17.1,30.1,277,278,18,10,6,0,162,28.7,0.0,29.8,0.0,32.5,0.0,33.7,0.0,27.7,0.0,29.666666666666668,0.0,31.8,0.2000000000000009,29.96666666666667,0.2,-0.3000000000000007,0.0,Tiruchirappalli,28.8,0.0
2024-06-10 19:00:00,28.1,67,0.0,998.8,14.8,27.0,273,271,19,10,6,0,162,28.4,0.0,29.3,0.0,31.3,0.0,34.3,0.0,27.0,0.0,29.133333333333336,0.0,31.28333333333333,0.2000000000000009,30.012500000000003,0.2,-0.2999999999999971,0.0,Tiruchirappalli,28.8,0.0
2024-06-10 20:00:00,27.6,69,0.0,998.1,11.9,22.7,272,268,20,10,6,0,162,28.1,0.0,28.7,0.0,30.5,0.0,35.2,0.0,26.5,0.0,28.65,0.0,30.65,0.2000000000000009,30.058333333333334,0.2,-0.5,0.0,Tiruchirappalli,28.2,0.0
2024-06-10 21:00:00,27.1,72,0.0,997.7,9.8,20.5,270,262,21,10,6,0,162,27.6,0.0,28.4,0.0,29.8,0.0,34.4,0.1,26.1,0.0,28.200000000000003,0.0,30.041666666666668,0.1000000000000009,30.1,0.2,-0.5,0.0,Tiruchirappalli,27.7,0.0
2024-06-10 22:00:00,26.8,73,0.0,997.5,10.5,21.2,270,264,22,10,6,0,162,27.1,0.0,28.1,0.0,29.3,0.0,33.7,0.1,25.8,0.0,27.78333333333333,0.0,29.466666666666665,0.0,30.14166666666667,0.2,-0.3000000000000007,0.0,Tiruchirappalli,27.4,0.0
2024-06-10 23:00:00,26.8,74,0.0,997.6,12.2,23.4,273,270,23,10,6,0,162,26.8,0.0,27.6,0.0,28.7,0.0,33.5,0.0,25.5,0.0,27.466666666666665,0.0,28.90833333333333,0.0,30.195833333333336,0.2,0.0,0.0,Tiruchirappalli,27.1,0.0
2024-06-11 00:00:00,26.7,74,0.0,997.7,11.2,22.3,269,266,0,11,6,1,163,26.8,0.0,27.1,0.0,28.4,0.0,32.5,0.0,25.3,0.0,27.183333333333337,0.0,28.425,0.0,30.254166666666663,0.2,-0.1000000000000014,0.0,Tiruchirappalli,26.8,0.0
2024-06-11 01:00:00,27.1,74,0.0,997.7,15.9,27.2,277,275,1,11,6,1,163,26.7,0.0,26.8,0.0,28.1,0.0,31.3,0.0,26.5,0.0,27.016666666666666,0.0,28.075000000000003,0.0,30.279166666666665,0.2,0.4000000000000021,0.0,Tiruchirappalli,27.7,0.0
2024-06-11 02:00:00,28.0,72,0.0,998.7,13.7,20.9,271,268,2,11,6,1,163,27.1,0.0,26.8,0.0,27.6,0.0,30.5,0.0,27.8,0.0,27.08333333333333,0.0,27.86666666666667,0.0,30.2875,0.2,0.8999999999999986,0.0,Tiruchirappalli,29.0,0.0
2024-06-11 03:00:00,29.2,69,0.0,999.2,15.2,21.6,266,266,3,11,6,1,163,28.0,0.0,26.7,0.0,27.1,0.0,29.8,0.0,29.4,0.0,27.433333333333334,0.0,27.816666666666663,0.0,30.27916666666667,0.2,1.1999999999999993,0.0,Tiruchirappalli,30.5,0.0
2024-06-11 04:00:00,30.7,64,0.0,999.4,15.7,21.9,261,261,4,11,6,1,163,29.2,0.0,27.1,0.0,26.8,0.0,29.3,0.0,31.3,0.0,28.08333333333333,0.0,27.933333333333334,0.0,30.254166666666663,0.2,1.5,0.0,Tiruchirappalli,32.3,0.0
2024-06-11 05:00:00,32.3,57,0.0,999.0,19.2,26.8,263,264,5,11,6,1,163,30.7,0.0,28.0,0.0,26.8,0.0,28.7,0.0,32.7,0.0,29.0,0.0,28.23333333333333,0.0,30.2375,0.2,1.599999999999998,0.0,Tiruchirappalli,33.7,0.0
2024-06-11 06:00:00,33.1,54,0.0,998.4,19.2,26.8,263,264,6,11,6,1,163,32.3,0.0,29.2,0.0,26.7,0.0,28.4,0.0,33.7,0.0,30.066666666666663,0.0,28.625,0.0,30.2125,0.2,0.8000000000000043,0.0,Tiruchirappalli,34.7,0.0
2024-06-11 07:00:00,32.9,54,0.0,997.4,18.1,25.6,273,275,7,11,6,1,163,33.1,0.0,30.7,0.0,27.1,0.0,28.1,0.0,34.3,0.0,31.03333333333333,0.0,29.025,0.0,30.15416666666667,0.2,-0.2000000000000028,0.0,Tiruchirappalli,36.0,0.0
2024-06-11 08:00:00,34.8,49,0.0,996.4,18.4,25.6,273,273,8,11,6,1,163,32.9,0.0,32.3,0.0,28.0,0.0,27.6,0.0,35.2,0.0,32.166666666666664,0.0,29.625,0.0,30.1375,0.2,1.8999999999999984,0.0,Tiruchirappalli,36.9,0.0
2024-06-11 09:00:00,35.5,46,0.0,995.4,21.1,29.3,276,278,9,11,6,1,163,34.8,0.0,33.1,0.0,29.2,0.0,27.1,0.0,34.4,0.1,33.21666666666667,0.0,30.325,0.0,30.183333333333334,0.1,0.7000000000000028,0.0,Tiruchirappalli,37.7,0.0
2024-06-11 10:00:00,34.0,48,0.0,995.4,18.4,27.5,248,242,10,11,6,1,163,35.5,0.0,32.9,0.0,30.7,0.0,26.8,0.0,33.7,0.1,33.76666666666666,0.0,30.925,0.0,30.19583333333333,0.0,-1.5,0.0,Tiruchirappalli,30.7,2.3
2024-06-11 11:00:00,32.8,54,0.0,995.4,13.5,20.2,231,222,11,11,6,1,163,34.0,0.0,34.8,0.0,32.3,0.0,26.8,0.0,33.5,0.0,33.85,0.0,31.425,0.0,30.166666666666668,0.0,-1.2000000000000028,0.0,Tiruchirappalli,30.9,0.0
2024-06-11 12:00:00,32.1,59,0.0,995.7,14.0,22.4,217,215,12,11,6,1,163,32.8,0.0,35.5,0.0,33.1,0.0,26.7,0.0,32.5,0.0,33.68333333333333,0.0,31.875,0.0,30.15,0.0,-0.6999999999999957,0.0,Tiruchirappalli,31.6,0.0
2024-06-11 13:00:00,31.9,54,0.0,996.8,12.8,23.6,262,259,13,11,6,1,163,32.1,0.0,34.0,0.0,32.9,0.0,27.1,0.0,31.3,0.0,33.516666666666666,0.0,32.275,0.0,30.175,0.0,-0.2000000000000028,0.0,Tiruchirappalli,32.8,0.0
2024-06-11 14:00:00,30.9,57,0.0,997.6,15.0,27.2,263,259,14,11,6,1,163,31.9,0.0,32.8,0.0,34.8,0.0,28.0,0.0,30.5,0.0,32.86666666666667,0.0,32.516666666666666,0.0,30.191666666666663,0.0,-1.0,0.0,Tiruchirappalli,31.3,0.0
2024-06-11 15:00:00,30.1,60,0.0,998.5,15.2,27.1,266,265,15,11,6,1,163,30.9,0.0,32.1,0.0,35.5,0.0,29.2,0.0,29.8,0.0,31.966666666666665,0.0,32.59166666666667,0.0,30.204166666666666,0.0,-0.7999999999999972,0.0,Tiruchirappalli,29.8,0.0
2024-06-11 16:00:00,29.6,62,0.0,999.1,15.2,27.1,265,265,16,11,6,1,163,30.1,0.0,31.9,0.0,34.0,0.0,30.7,0.0,29.3,0.0,31.23333333333333,0.0,32.5,0.0,30.21666666666667,0.0,-0.5,0.0,Tiruchirappalli,29.4,0.0
2024-06-11 17:00:00,29.2,63,0.0,999.6,16.6,29.6,273,274,17,11,6,1,163,29.6,0.0,30.9,0.0,32.8,0.0,32.3,0.0,28.7,0.0,30.633333333333336,0.0,32.24166666666667,0.0,30.2375,0.0,-0.4000000000000021,0.0,Tiruchirappalli,28.9,0.0
2024-06-11 18:00:00,28.8,65,0.0,999.4,16.3,29.3,275,275,18,11,6,1,163,29.2,0.0,30.1,0.0,32.1,0.0,33.1,0.0,28.4,0.0,30.08333333333333,0.0,31.88333333333333,0.0,30.254166666666663,0.0,-0.3999999999999986,0.0,Tiruchirappalli,28.1,0.0
2024-06-11 19:00:00,28.2,68,0.0,998.6,13.7,25.2,273,273,19,11,6,1,163,28.8,0.0,29.6,0.0,31.9,0.0,32.9,0.0,28.1,0.0,29.46666666666667,0.0,31.491666666666664,0.0,30.25833333333333,0.0,-0.6000000000000014,0.0,Tiruchirappalli,27.8,0.0
2024-06-11 20:00:00,27.7,70,0.0,998.1,10.2,20.9,268,262,20,11,6,1,163,28.2,0.0,29.2,0.0,30.9,0.0,34.8,0.0,27.6,0.0,28.933333333333334,0.0,30.899999999999995,0.0,30.262500000000003,0.0,-0.5,0.0,Tiruchirappalli,27.1,0.0
2024-06-11 21:00:00,27.3,72,0.0,998.0,9.8,20.5,269,262,21,11,6,1,163,27.7,0.0,28.8,0.0,30.1,0.0,35.5,0.0,27.1,0.0,28.46666666666667,0.0,30.216666666666665,0.0,30.27083333333333,0.0,-0.3999999999999986,0.0,Tiruchirappalli,26.7,0.0
2024-06-11 22:00:00,27.3,72,0.0,998.2,11.5,22.7,271,266,22,11,6,1,163,27.3,0.0,28.2,0.0,29.6,0.0,34.0,0.0,26.8,0.0,28.08333333333333,0.0,29.65833333333333,0.0,30.291666666666668,0.0,0.0,0.0,Tiruchirappalli,26.7,0.0
2024-06-11 23:00:00,27.0,73,0.0,998.2,11.2,22.4,275,270,23,11,6,1,163,27.3,0.0,27.7,0.0,29.2,0.0,32.8,0.0,26.8,0.0,27.716666666666665,0.0,29.175,0.0,30.3,0.0,-0.3000000000000007,0.0,Tiruchirappalli,26.7,0.0
2024-06-12 00:00:00,27.0,73,0.0,998.5,12.6,24.6,276,273,0,12,6,2,164,27.0,0.0,27.3,0.0,28.8,0.0,32.1,0.0,26.7,0.0,27.416666666666668,0.0,28.75,0.0,30.3125,0.0,0.0,0.0,Tiruchirappalli,26.7,0.0
2024-06-12 01:00:00,27.7,70,0.0,999.7,13.7,23.8,273,275,1,12,6,2,164,27.0,0.0,27.3,0.0,28.2,0.0,31.9,0.0,27.1,0.0,27.33333333333333,0.0,28.4,0.0,30.3375,0.0,0.6999999999999993,0.0,Tiruchirappalli,27.3,0.0
2024-06-12 02:00:00,28.4,69,0.0,1000.5,13.0,19.8,270,270,2,12,6,2,164,27.7,0.0,27.0,0.0,27.7,0.0,30.9,0.0,28.0,0.0,27.45,0.0,28.191666666666663,0.0,30.354166666666668,0.0,0.6999999999999993,0.0,Tiruchirappalli,28.7,0.0
2024-06-12 03:00:00,29.5,67,0.0,1001.2,12.6,17.7,266,267,3,12,6,2,164,28.4,0.0,27.0,0.0,27.3,0.0,30.1,0.0,29.2,0.0,27.816666666666663,0.0,28.14166666666667,0.0,30.366666666666664,0.0,1.1000000000000014,0.0,Tiruchirappalli,30.4,0.0
2024-06-12 04:00:00,30.8,63,0.0,1001.4,12.4,17.2,260,260,4,12,6,2,164,29.5,0.0,27.7,0.0,27.3,0.0,29.6,0.0,30.7,0.0,28.4,0.0,28.241666666666664,0.0,30.370833333333334,0.0,1.3000000000000007,0.0,Tiruchirappalli,32.4,0.0
2024-06-12 05:00:00,32.0,58,0.1,1001.3,17.7,23.8,267,268,5,12,6,2,164,30.8,0.0,28.4,0.0,27.0,0.0,29.2,0.0,32.3,0.0,29.23333333333333,0.0999999999999982,28.475000000000005,0.1000000000000009,30.35833333333333,0.1,1.1999999999999993,0.1,Tiruchirappalli,34.3,0.0
2024-06-12 06:00:00,31.7,59,0.0,1000.5,15.2,21.0,265,266,6,12,6,2,164,32.0,0.1,29.5,0.0,27.0,0.0,28.8,0.0,33.1,0.0,30.016666666666666,0.0999999999999982,28.71666666666667,0.1000000000000009,30.3,0.1,-0.3000000000000007,-0.1,Tiruchirappalli,35.7,0.0
2024-06-12 07:00:00,33.0,54,0.0,999.5,14.1,19.3,256,255,7,12,6,2,164,31.7,0.0,30.8,0.0,27.7,0.0,28.2,0.0,32.9,0.0,30.899999999999995,0.0999999999999982,29.11666666666667,0.1000000000000009,30.304166666666664,0.1,1.3000000000000007,0.0,Tiruchirappalli,36.3,0.0
2024-06-12 08:00:00,34.0,52,0.0,998.6,14.6,20.0,256,254,8,12,6,2,164,33.0,0.0,32.0,0.1,28.4,0.0,27.7,0.0,34.8,0.0,31.83333333333333,0.0999999999999982,29.64166666666667,0.1000000000000009,30.27083333333333,0.1,1.0,0.0,Tiruchirappalli,36.2,0.0
2024-06-12 09:00:00,34.7,46,0.0,997.8,20.9,28.8,261,259,9,12,6,2,164,34.0,0.0,31.7,0.0,29.5,0.0,27.3,0.0,35.5,0.0,32.7,0.0999999999999982,30.258333333333336,0.1000000000000009,30.2375,0.1,0.7000000000000028,0.0,Tiruchirappalli,36.5,0.0
2024-06-12 10:00:00,34.0,45,0.1,997.3,21.7,31.4,274,276,10,12,6,2,164,34.7,0.0,33.0,0.0,30.8,0.0,27.3,0.0,34.0,0.0,33.233333333333334,0.1999999999999982,30.816666666666663,0.2000000000000009,30.2375,0.2,-0.7000000000000028,0.1,Tiruchirappalli,35.7,0.0
2024-06-12 11:00:00,33.0,50,0.0,997.4,14.9,22.5,258,255,11,12,6,2,164,34.0,0.1,34.0,0.0,32.0,0.1,27.0,0.0,32.8,0.0,33.4,0.0999999999999982,31.316666666666663,0.2000000000000009,30.245833333333334,0.2,-1.0,-0.1,Tiruchirappalli,29.3,1.8
2024-06-12 12:00:00,31.7,58,0.0,997.6,10.9,17.2,244,236,12,12,6,2,164,33.0,0.0,34.7,0.0,31.7,0.0,27.0,0.0,32.1,0.0,33.4,0.0999999999999982,31.70833333333333,0.2000000000000009,30.229166666666668,0.2,-1.3000000000000007,0.0,Tiruchirappalli,30.5,0.0
2024-06-12 13:00:00,31.1,58,0.0,998.3,11.2,22.0,273,270,13,12,6,2,164,31.7,0.0,34.0,0.1,33.0,0.0,27.7,0.0,31.9,0.0,33.083333333333336,0.0999999999999982,31.99166666666667,0.2000000000000009,30.19583333333333,0.2,-0.5999999999999979,0.0,Tiruchirappalli,32.4,0.0
2024-06-12 14:00:00,30.4,57,0.0,999.0,17.3,29.9,267,265,14,12,6,2,164,31.1,0.0,33.0,0.0,34.0,0.0,28.4,0.0,30.9,0.0,32.48333333333333,0.0999999999999982,32.15833333333333,0.2000000000000009,30.175,0.2,-0.7000000000000028,0.0,Tiruchirappalli,31.3,0.0
2024-06-12 15:00:00,29.7,61,0.0,999.7,15.7,27.9,263,259,15,12,6,2,164,30.4,0.0,31.7,0.0,34.7,0.0,29.5,0.0,30.1,0.0,31.65,0.0999999999999982,32.175,0.2000000000000009,30.15833333333333,0.2,-0.6999999999999993,0.0,Tiruchirappalli,30.5,0.0
2024-06-12 16:00:00,28.9,65,0.0,1000.3,15.5,27.8,274,271,16,12,6,2,164,29.7,0.0,31.1,0.0,34.0,0.1,30.8,0.0,29.6,0.0,30.8,0.0,32.016666666666666,0.2000000000000009,30.129166666666663,0.2,-0.8000000000000007,0.0,Tiruchirappalli,29.8,0.0
2024-06-12 17:00:00,28.3,68,0.0,1000.1,16.2,28.5,274,273,17,12,6,2,164,28.9,0.0,30.4,0.0,33.0,0.0,32.0,0.1,29.2,0.0,30.016666666666666,0.0,31.70833333333334,0.1000000000000009,30.09166666666667,0.2,-0.5999999999999979,0.0,Tiruchirappalli,29.5,0.0
2024-06-12 18:00:00,27.8,71,0.0,999.7,13.4,24.1,268,265,18,12,6,2,164,28.3,0.0,29.7,0.0,31.7,0.0,31.7,0.0,28.8,0.0,29.36666666666667,0.0,31.38333333333333,0.1000000000000009,30.05,0.2,-0.5,0.0,Tiruchirappalli,28.7,0.0
2024-06-12 19:00:00,27.4,73,0.0,999.4,11.5,21.7,275,272,19,12,6,2,164,27.8,0.0,28.9,0.0,31.1,0.0,33.0,0.0,28.2,0.0,28.75,0.0,30.916666666666668,0.1000000000000009,30.016666666666666,0.2,-0.4000000000000021,0.0,Tiruchirappalli,28.1,0.0
2024-06-12 20:00:00,27.2,73,0.0,999.2,13.4,25.1,277,276,20,12,6,2,164,27.4,0.0,28.3,0.0,30.4,0.0,34.0,0.0,27.7,0.0,28.21666666666667,0.0,30.35,0.1000000000000009,29.995833333333334,0.2,-0.1999999999999993,0.0,Tiruchirappalli,27.8,0.0
2024-06-12 21:00:00,27.2,73,0.0,999.0,14.8,26.4,275,273,21,12,6,2,164,27.2,0.0,27.8,0.0,29.7,0.0,34.7,0.0,27.3,0.0,27.8,0.0,29.725,0.1000000000000009,29.99166666666667,0.2,0.0,0.0,Tiruchirappalli,27.9,0.0
2024-06-12 22:00:00,27.0,73,0.0,998.7,15.9,27.9,277,275,22,12,6,2,164,27.2,0.0,27.4,0.0,28.9,0.0,34.0,0.1,27.3,0.0,27.48333333333333,0.0,29.141666666666666,0.0,29.979166666666668,0.2,-0.1999999999999993,0.0,Tiruchirappalli,27.7,0.0
2024-06-12 23:00:00,27.0,73,0.0,998.8,16.2,28.9,275,274,23,12,6,2,164,27.0,0.0,27.2,0.0,28.3,0.0,33.0,0.0,27.0,0.0,27.266666666666666,0.0,28.641666666666666,0.0,29.979166666666668,0.2,0.0,0.0,Tiruchirappalli,27.4,0.0
2024-06-13 00:00:00,26.9,73,0.0,999.1,14.8,26.7,274,273,0,13,6,3,165,27.0,0.0,27.2,0.0,27.8,0.0,31.7,0.0,27.0,0.0,27.116666666666664,0.0,28.241666666666664,0.0,29.975,0.2,-0.1000000000000014,0.0,Tiruchirappalli,27.2,0.0
2024-06-13 01:00:00,27.1,73,0.0,1000.0,15.4,27.0,279,281,1,13,6,3,165,26.9,0.0,27.0,0.0,27.4,0.0,31.1,0.0,27.7,0.0,27.066666666666663,0.0,27.90833333333333,0.0,29.950000000000003,0.2,0.2000000000000028,0.0,Tiruchirappalli,27.6,0.0
2024-06-13 02:00:00,28.2,69,0.0,1000.6,15.8,24.1,271,271,2,13,6,3,165,27.1,0.0,27.0,0.0,27.2,0.0,30.4,0.0,28.4,0.0,27.23333333333333,0.0,27.725,0.0,29.941666666666663,0.2,1.099999999999998,0.0,Tiruchirappalli,28.8,0.0
2024-06-13 03:00:00,29.5,65,0.0,1001.0,16.0,22.6,262,262,3,13,6,3,165,28.2,0.0,26.9,0.0,27.2,0.0,29.7,0.0,29.5,0.0,27.61666666666667,0.0,27.70833333333333,0.0,29.941666666666663,0.2,1.3000000000000007,0.0,Tiruchirappalli,30.4,0.0
2024-06-13 04:00:00,31.0,59,0.0,1001.1,15.7,21.5,261,261,4,13,6,3,165,29.5,0.0,27.1,0.0,27.0,0.0,28.9,0.0,30.8,0.0,28.28333333333333,0.0,27.88333333333333,0.0,29.95,0.2,1.5,0.0,Tiruchirappalli,31.9,0.0
2024-06-13 05:00:00,32.5,54,0.0,1000.7,14.3,19.5,258,258,5,13,6,3,165,31.0,0.0,28.2,0.0,27.0,0.0,28.3,0.0,32.0,0.1,29.2,0.0,28.23333333333333,0.0,29.97083333333333,0.1,1.5,0.0,Tiruchirappalli,32.7,0.1
2024-06-13 06:00:00,33.7,50,0.0,999.9,15.7,21.6,259,259,6,13,6,3,165,32.5,0.0,29.5,0.0,26.9,0.0,27.8,0.0,31.7,0.0,30.33333333333333,0.0,28.725000000000005,0.0,30.05416666666667,0.1,1.2000000000000028,0.0,Tiruchirappalli,33.2,0.1
2024-06-13 07:00:00,34.3,48,0.0,999.0,16.6,22.8,258,257,7,13,6,3,165,33.7,0.0,31.0,0.0,27.1,0.0,27.4,0.0,33.0,0.0,31.53333333333333,0.0,29.3,0.0,30.10833333333333,0.1,0.5999999999999943,0.0,Tiruchirappalli,33.7,0.1
2024-06-13 08:00:00,34.8,46,0.0,998.0,16.3,22.2,262,262,8,13,6,3,165,34.3,0.0,32.5,0.0,28.2,0.0,27.2,0.0,34.0,0.0,32.63333333333333,0.0,29.933333333333334,0.0,30.14166666666667,0.1,0.5,0.0,Tiruchirappalli,35.0,0.0
2024-06-13 09:00:00,35.0,44,0.0,996.9,15.5,21.3,264,266,9,13,6,3,165,34.8,0.0,33.7,0.0,29.5,0.0,27.2,0.0,34.7,0.0,33.55,0.0,30.58333333333333,0.0,30.15416666666667,0.1,0.2000000000000028,0.0,Tiruchirappalli,34.5,0.3
2024-06-13 10:00:00,35.2,43,0.0,996.1,14.5,20.3,263,263,10,13,6,3,165,35.0,0.0,34.3,0.0,31.0,0.0,27.0,0.0,34.0,0.1,34.25,0.0,31.266666666666666,0.0,30.204166666666666,0.0,0.2000000000000028,0.0,Tiruchirappalli,32.8,0.1
2024-06-13 11:00:00,34.5,45,0.0,995.6,14.4,22.0,274,274,11,13,6,3,165,35.2,0.0,34.8,0.0,32.5,0.0,27.0,0.0,33.0,0.0,34.583333333333336,0.0,31.891666666666666,0.0,30.266666666666666,0.0,-0.7000000000000028,0.0,Tiruchirappalli,32.1,0.0
2024-06-13 12:00:00,33.1,50,0.0,996.5,13.7,23.5,274,275,12,13,6,3,165,34.5,0.0,35.0,0.0,33.7,0.0,26.9,0.0,31.7,0.0,34.483333333333334,0.0,32.40833333333333,0.0,30.325,0.0,-1.3999999999999986,0.0,Tiruchirappalli,31.7,0.0
2024-06-13 13:00:00,31.5,54,0.0,997.5,9.7,19.1,272,272,13,13,6,3,165,33.1,0.0,35.2,0.0,34.3,0.0,27.1,0.0,31.1,0.0,34.01666666666667,0.0,32.775,0.0,30.34166666666667,0.0,-1.6000000000000014,0.0,Tiruchirappalli,30.0,0.5
2024-06-13 14:00:00,30.5,57,0.0,998.1,7.4,18.4,259,256,14,13,6,3,165,31.5,0.0,34.5,0.0,34.8,0.0,28.2,0.0,30.4,0.0,33.300000000000004,0.0,32.96666666666667,0.0,30.34583333333333,0.0,-1.0,0.0,Tiruchirappalli,28.3,0.6
2024-06-13 15:00:00,30.4,58,0.0,998.8,11.9,23.4,267,267,15,13,6,3,165,30.5,0.0,33.1,0.0,35.0,0.0,29.5,0.0,29.7,0.0,32.53333333333333,0.0,33.041666666666664,0.0,30.375,0.0,-0.1000000000000014,0.0,Tiruchirappalli,27.4,0.7
2024-06-13 16:00:00,29.7,62,0.0,998.9,14.1,25.7,265,267,16,13,6,3,165,30.4,0.0,31.5,0.0,35.2,0.0,31.0,0.0,28.9,0.0,31.61666666666667,0.0,32.93333333333333,0.0,30.40833333333333,0.0,-0.6999999999999993,0.0,Tiruchirappalli,27.1,0.0
2024-06-13 17:00:00,29.3,64,0.0,998.8,16.4,29.7,277,279,17,13,6,3,165,29.7,0.0,30.5,0.0,34.5,0.0,32.5,0.0,28.3,0.0,30.75,0.0,32.666666666666664,0.0,30.45,0.0,-0.3999999999999986,0.0,Tiruchirappalli,26.5,0.8
2024-06-13 18:00:00,28.6,67,0.0,998.9,11.5,22.3,273,268,18,13,6,3,165,29.3,0.0,30.4,0.0,33.1,0.0,33.7,0.0,27.8,0.0,30.0,0.0,32.24166666666667,0.0,30.48333333333333,0.0,-0.6999999999999993,0.0,Tiruchirappalli,26.2,0.4
2024-06-13 19:00:00,27.8,70,0.0,998.6,8.1,16.9,254,238,19,13,6,3,165,28.6,0.0,29.7,0.0,31.5,0.0,34.3,0.0,27.4,0.0,29.38333333333333,0.0,31.700000000000003,0.0,30.5,0.0,-0.8000000000000007,0.0,Tiruchirappalli,26.3,0.1
2024-06-13 20:00:00,27.5,72,0.0,997.9,9.7,19.7,249,243,20,13,6,3,165,27.8,0.0,29.3,0.0,30.5,0.0,34.8,0.0,27.2,0.0,28.88333333333333,0.0,31.09166666666667,0.0,30.5125,0.0,-0.3000000000000007,0.0,Tiruchirappalli,25.9,0.1
2024-06-13 21:00:00,27.2,72,0.0,997.6,10.1,20.1,260,253,21,13,6,3,165,27.5,0.0,28.6,0.0,30.4,0.0,35.0,0.0,27.2,0.0,28.35,0.0,30.441666666666663,0.0,30.5125,0.0,-0.3000000000000007,0.0,Tiruchirappalli,25.9,0.0
2024-06-13 22:00:00,26.9,74,0.0,997.5,9.7,19.4,270,266,22,13,6,3,165,27.2,0.0,27.8,0.0,29.7,0.0,35.2,0.0,27.0,0.0,27.883333333333336,0.0,29.75,0.0,30.50833333333333,0.0,-0.3000000000000007,0.0,Tiruchirappalli,26.0,0.0
2024-06-13 23:00:00,26.7,75,0.0,997.6,11.2,21.6,274,272,23,13,6,3,165,26.9,0.0,27.5,0.0,29.3,0.0,34.5,0.0,27.0,0.0,27.45,0.0,29.1,0.0,30.495833333333334,0.0,-0.1999999999999993,0.0,Tiruchirappalli,25.9,0.0
2024-06-14 00:00:00,26.6,76,0.0,997.9,12.6,23.8,274,272,0,14,6,4,166,26.7,0.0,27.2,0.0,28.6,0.0,33.1,0.0,26.9,0.0,27.116666666666664,0.0,28.558333333333334,0.0,30.48333333333333,0.0,-0.0999999999999978,0.0,Tiruchirappalli,26.0,0.0
2024-06-14 01:00:00,27.3,72,0.0,998.3,14.8,25.2,273,271,1,14,6,4,166,26.6,0.0,26.9,0.0,27.8,0.0,31.5,0.0,27.1,0.0,27.03333333333333,0.0,28.20833333333333,0.0,30.491666666666664,0.0,0.6999999999999993,0.0,Tiruchirappalli,27.1,0.0
2024-06-14 02:00:00,28.1,71,0.0,999.0,14.4,22.0,272,271,2,14,6,4,166,27.3,0.0,26.7,0.0,27.5,0.0,30.5,0.0,28.2,0.0,27.133333333333336,0.0,28.008333333333336,0.0,30.4875,0.0,0.8000000000000007,0.0,Tiruchirappalli,28.4,0.0
2024-06-14 03:00:00,29.7,66,0.0,999.3,16.2,23.0,269,269,3,14,6,4,166,28.1,0.0,26.6,0.0,27.2,0.0,30.4,0.0,29.5,0.0,27.55,0.0,27.950000000000003,0.0,30.495833333333334,0.0,1.599999999999998,0.0,Tiruchirappalli,29.8,0.0
2024-06-14 04:00:00,31.4,59,0.0,999.2,15.1,20.9,268,269,4,14,6,4,166,29.7,0.0,27.3,0.0,26.9,0.0,29.7,0.0,31.0,0.0,28.3,0.0,28.09166666666667,0.0,30.512500000000003,0.0,1.6999999999999993,0.0,Tiruchirappalli,31.7,0.0
2024-06-14 05:00:00,33.1,53,0.0,998.7,13.7,18.4,273,275,5,14,6,4,166,31.4,0.0,28.1,0.0,26.7,0.0,29.3,0.0,32.5,0.0,29.366666666666664,0.0,28.40833333333333,0.0,30.5375,0.0,1.7000000000000028,0.0,Tiruchirappalli,33.4,0.0
2024-06-14 06:00:00,34.2,49,0.0,998.1,11.3,14.9,277,279,6,14,6,4,166,33.1,0.0,29.7,0.0,26.6,0.0,28.6,0.0,33.7,0.0,30.633333333333336,0.0,28.875,0.0,30.558333333333334,0.0,1.1000000000000014,0.0,Tiruchirappalli,34.7,0.0
2024-06-14 07:00:00,35.3,45,0.0,997.2,11.3,14.6,279,279,7,14,6,4,166,34.2,0.0,31.4,0.0,27.3,0.0,27.8,0.0,34.3,0.0,31.96666666666667,0.0,29.5,0.0,30.6,0.0,1.0999999999999943,0.0,Tiruchirappalli,35.7,0.0
2024-06-14 08:00:00,35.8,43,0.0,996.1,13.4,17.8,277,278,8,14,6,4,166,35.3,0.0,33.1,0.0,28.1,0.0,27.5,0.0,34.8,0.0,33.25,0.0,30.191666666666663,0.0,30.641666666666666,0.0,0.5,0.0,Tiruchirappalli,36.3,0.0
2024-06-14 09:00:00,36.1,41,0.0,995.3,15.2,20.6,275,275,9,14,6,4,166,35.8,0.0,34.2,0.0,29.7,0.0,27.2,0.0,35.0,0.0,34.31666666666667,0.0,30.933333333333334,0.0,30.687500000000004,0.0,0.3000000000000042,0.0,Tiruchirappalli,36.6,0.0
2024-06-14 10:00:00,36.1,39,0.0,994.4,14.4,20.2,273,273,10,14,6,4,166,36.1,0.0,35.3,0.0,31.4,0.0,26.9,0.0,35.2,0.0,35.1,0.0,31.700000000000003,0.0,30.725,0.0,0.0,0.0,Tiruchirappalli,33.6,0.1
2024-06-14 11:00:00,35.7,39,0.0,993.9,12.9,18.7,281,283,11,14,6,4,166,36.1,0.0,35.8,0.0,33.1,0.0,26.7,0.0,34.5,0.0,35.53333333333333,0.0,32.45,0.0,30.775,0.0,-0.3999999999999986,0.0,Tiruchirappalli,27.1,5.8
2024-06-14 12:00:00,34.6,43,0.0,994.2,11.4,20.9,281,283,12,14,6,4,166,35.7,0.0,36.1,0.0,34.2,0.0,26.6,0.0,33.1,0.0,35.6,0.0,33.11666666666667,0.0,30.8375,0.0,-1.1000000000000014,0.0,Tiruchirappalli,27.6,0.2
2024-06-14 13:00:00,31.8,53,0.0,995.7,6.5,16.2,269,264,13,14,6,4,166,34.6,0.0,36.1,0.0,35.3,0.0,27.3,0.0,31.5,0.0,35.01666666666667,0.0,33.49166666666667,0.0,30.85,0.0,-2.8000000000000007,0.0,Tiruchirappalli,28.9,2.1
2024-06-14 14:00:00,31.0,53,0.0,996.5,9.0,19.7,261,247,14,14,6,4,166,31.8,0.0,35.7,0.0,35.8,0.0,28.1,0.0,30.5,0.0,34.21666666666667,0.0,33.73333333333333,0.0,30.870833333333334,0.0,-0.8000000000000007,0.0,Tiruchirappalli,28.5,0.3
2024-06-14 15:00:00,30.2,56,0.0,997.5,7.8,18.2,256,236,15,14,6,4,166,31.0,0.0,34.6,0.0,36.1,0.0,29.7,0.0,30.4,0.0,33.233333333333334,0.0,33.775,0.0,30.8625,0.0,-0.8000000000000007,0.0,Tiruchirappalli,27.7,0.0
2024-06-14 16:00:00,29.2,62,0.0,998.4,6.2,13.7,207,190,16,14,6,4,166,30.2,0.0,31.8,0.0,36.1,0.0,31.4,0.0,29.7,0.0,32.083333333333336,0.0,33.59166666666667,0.0,30.841666666666665,0.0,-1.0,0.0,Tiruchirappalli,27.5,0.0
2024-06-14 17:00:00,28.3,75,0.0,999.1,9.5,18.4,176,171,17,14,6,4,166,29.2,0.0,31.0,0.0,35.7,0.0,33.1,0.0,29.3,0.0,30.85,0.0,33.19166666666667,0.0,30.8,0.0,-0.8999999999999986,0.0,Tiruchirappalli,26.9,0.0
2024-06-14 18:00:00,27.8,80,0.0,998.8,6.3,13.9,190,193,18,14,6,4,166,28.3,0.0,30.2,0.0,34.6,0.0,34.2,0.0,28.6,0.0,29.71666666666667,0.0,32.65833333333333,0.0,30.766666666666666,0.0,-0.5,0.0,Tiruchirappalli,26.4,0.0
2024-06-14 19:00:00,27.4,82,0.0,998.0,6.3,13.7,210,211,19,14,6,4,166,27.8,0.0,29.2,0.0,31.8,0.0,35.3,0.0,27.8,0.0,28.98333333333333,0.0,32.0,0.0,30.75,0.0,-0.4000000000000021,0.0,Tiruchirappalli,26.5,0.0
2024-06-14 20:00:00,27.1,83,0.0,997.7,6.4,14.1,218,218,20,14,6,4,166,27.4,0.0,28.3,0.0,31.0,0.0,35.8,0.0,27.5,0.0,28.33333333333333,0.0,31.275,0.0,30.73333333333333,0.0,-0.2999999999999971,0.0,Tiruchirappalli,26.7,0.0
2024-06-14 21:00:00,26.7,85,0.0,997.4,4.9,12.8,238,234,21,14,6,4,166,27.1,0.0,27.8,0.0,30.2,0.0,36.1,0.0,27.2,0.0,27.75,0.0,30.49166666666667,0.0,30.7125,0.0,-0.4000000000000021,0.0,Tiruchirappalli,27.0,0.0
2024-06-14 22:00:00,26.5,84,0.0,997.2,6.2,15.9,275,277,22,14,6,4,166,26.7,0.0,27.4,0.0,29.2,0.0,36.1,0.0,26.9,0.0,27.3,0.0,29.691666666666663,0.0,30.695833333333336,0.0,-0.1999999999999993,0.0,Tiruchirappalli,26.6,0.0
2024-06-14 23:00:00,26.8,72,0.0,997.2,11.4,23.5,281,283,23,14,6,4,166,26.5,0.0,27.1,0.0,28.3,0.0,35.7,0.0,26.7,0.0,27.05,0.0,28.95,0.0,30.7,0.0,0.3000000000000007,0.0,Tiruchirappalli,26.4,0.0
2024-06-15 00:00:00,26.7,71,0.0,997.3,13.4,25.3,276,276,0,15,6,5,167,26.8,0.0,26.7,0.0,27.8,0.0,34.6,0.0,26.6,0.0,26.866666666666664,0.0,28.291666666666668,0.0,30.704166666666666,0.0,-0.1000000000000014,0.0,Tiruchirappalli,26.3,0.0
2024-06-15 01:00:00,27.4,71,0.0,997.6,14.2,24.5,267,263,1,15,6,5,167,26.7,0.0,26.5,0.0,27.4,0.0,31.8,0.0,27.3,0.0,26.866666666666664,0.0,27.925,0.0,30.70833333333333,0.0,0.6999999999999993,0.0,Tiruchirappalli,27.4,0.0
2024-06-15 02:00:00,28.5,69,0.0,998.2,15.9,23.4,269,267,2,15,6,5,167,27.4,0.0,26.8,0.0,27.1,0.0,31.0,0.0,28.1,0.0,27.1,0.0,27.71666666666667,0.0,30.725,0.0,1.1000000000000014,0.0,Tiruchirappalli,28.7,0.0
2024-06-15 03:00:00,30.2,63,0.0,998.1,18.0,25.6,272,271,3,15,6,5,167,28.5,0.0,26.7,0.0,26.7,0.0,30.2,0.0,29.7,0.0,27.683333333333334,0.0,27.716666666666665,0.0,30.745833333333337,0.0,1.6999999999999993,0.0,Tiruchirappalli,29.9,0.0
2024-06-15 04:00:00,32.0,55,0.0,998.0,19.5,27.1,274,274,4,15,6,5,167,30.2,0.0,27.4,0.0,26.5,0.0,29.2,0.0,31.4,0.0,28.600000000000005,0.0,27.95,0.0,30.77083333333333,0.0,1.8000000000000007,0.0,Tiruchirappalli,31.3,0.0
2024-06-15 05:00:00,33.7,48,0.0,997.8,19.7,26.9,278,278,5,15,6,5,167,32.0,0.0,28.5,0.0,26.8,0.0,28.3,0.0,33.1,0.0,29.75,0.0,28.399999999999995,0.0,30.79583333333333,0.0,1.7000000000000028,0.0,Tiruchirappalli,32.6,0.0
2024-06-15 06:00:00,34.7,43,0.0,997.2,20.2,27.8,275,275,6,15,6,5,167,33.7,0.0,30.2,0.0,26.7,0.0,27.8,0.0,34.2,0.0,31.08333333333333,0.0,28.975000000000005,0.0,30.816666666666663,0.0,1.0,0.0,Tiruchirappalli,33.9,0.0
2024-06-15 07:00:00,35.8,39,0.0,996.3,17.3,23.8,272,272,7,15,6,5,167,34.7,0.0,32.0,0.0,27.4,0.0,27.4,0.0,35.3,0.0,32.483333333333334,0.0,29.675,0.0,30.8375,0.0,1.0999999999999943,0.0,Tiruchirappalli,34.6,0.0
2024-06-15 08:00:00,36.4,35,0.0,995.7,17.3,23.4,273,274,8,15,6,5,167,35.8,0.0,33.7,0.0,28.5,0.0,27.1,0.0,35.8,0.0,33.800000000000004,0.0,30.450000000000003,0.0,30.8625,0.0,0.6000000000000014,0.0,Tiruchirappalli,32.1,2.3
2024-06-15 09:00:00,36.8,33,0.0,994.7,15.2,20.6,274,275,9,15,6,5,167,36.4,0.0,34.7,0.0,30.2,0.0,26.7,0.0,36.1,0.0,34.9,0.0,31.291666666666668,0.0,30.891666666666666,0.0,0.3999999999999986,0.0,Tiruchirappalli,33.0,0.0
2024-06-15 10:00:00,36.8,32,0.0,994.1,13.4,18.1,276,278,10,15,6,5,167,36.8,0.0,35.8,0.0,32.0,0.0,26.5,0.0,36.1,0.0,35.7,0.0,32.15,0.0,30.92083333333333,0.0,0.0,0.0,Tiruchirappalli,33.4,0.0
2024-06-15 11:00:00,36.3,33,0.0,993.6,12.8,18.9,279,281,11,15,6,5,167,36.8,0.0,36.4,0.0,33.7,0.0,26.8,0.0,35.7,0.0,36.13333333333333,0.0,32.94166666666667,0.0,30.945833333333336,0.0,-0.5,0.0,Tiruchirappalli,33.5,0.0
2024-06-15 12:00:00,35.3,35,0.0,993.7,9.7,18.8,258,255,12,15,6,5,167,36.3,0.0,36.8,0.0,34.7,0.0,26.7,0.0,34.6,0.0,36.23333333333333,0.0,33.65833333333333,0.0,30.975,0.0,-1.0,0.0,Tiruchirappalli,32.4,0.0
2024-06-15 13:00:00,33.2,43,0.0,995.3,10.1,21.6,281,274,13,15,6,5,167,35.3,0.0,36.8,0.0,35.8,0.0,27.4,0.0,31.8,0.0,35.8,0.0,34.141666666666666,0.0,31.03333333333333,0.0,-2.0999999999999943,0.0,Tiruchirappalli,31.3,0.0
2024-06-15 14:00:00,32.2,44,0.0,996.0,14.8,28.3,282,276,14,15,6,5,167,33.2,0.0,36.3,0.0,36.4,0.0,28.5,0.0,31.0,0.0,35.1,0.0,34.45,0.0,31.08333333333333,0.0,-1.0,0.0,Tiruchirappalli,29.7,0.0
2024-06-15 15:00:00,31.0,49,0.0,996.9,7.6,19.7,278,262,15,15,6,5,167,32.2,0.0,35.3,0.0,36.8,0.0,30.2,0.0,30.2,0.0,34.13333333333333,0.0,34.516666666666666,0.0,31.116666666666664,0.0,-1.2000000000000028,0.0,Tiruchirappalli,29.1,0.0
2024-06-15 16:00:00,29.4,56,0.0,997.5,5.1,13.4,250,219,16,15,6,5,167,31.0,0.0,33.2,0.0,36.8,0.0,32.0,0.0,29.2,0.0,32.9,0.0,34.300000000000004,0.0,31.125,0.0,-1.6000000000000014,0.0,Tiruchirappalli,29.1,0.0
2024-06-15 17:00:00,28.8,61,0.0,998.2,5.8,14.2,240,210,17,15,6,5,167,29.4,0.0,32.2,0.0,36.3,0.0,33.7,0.0,28.3,0.0,31.65,0.0,33.891666666666666,0.0,31.14583333333333,0.0,-0.5999999999999979,0.0,Tiruchirappalli,29.1,0.0
2024-06-15 18:00:00,28.8,58,0.0,998.2,8.2,18.1,263,255,18,15,6,5,167,28.8,0.0,31.0,0.0,35.3,0.0,34.7,0.0,27.8,0.0,30.566666666666663,0.0,33.4,0.0,31.1875,0.0,0.0,0.0,Tiruchirappalli,28.7,0.0
2024-06-15 19:00:00,28.8,56,0.0,997.4,10.4,20.2,273,270,19,15,6,5,167,28.8,0.0,29.4,0.0,33.2,0.0,35.8,0.0,27.4,0.0,29.83333333333333,0.0,32.81666666666667,0.0,31.245833333333337,0.0,0.0,0.0,Tiruchirappalli,28.5,0.0
2024-06-15 20:00:00,28.2,58,0.0,997.3,9.3,19.1,267,257,20,15,6,5,167,28.8,0.0,28.8,0.0,32.2,0.0,36.4,0.0,27.1,0.0,29.166666666666668,0.0,32.13333333333333,0.0,31.291666666666668,0.0,-0.6000000000000014,0.0,Tiruchirappalli,28.2,0.0
2024-06-15 21:00:00,27.7,61,0.0,996.7,9.8,20.5,271,262,21,15,6,5,167,28.2,0.0,28.8,0.0,31.0,0.0,36.8,0.0,26.7,0.0,28.616666666666664,0.0,31.375,0.0,31.33333333333333,0.0,-0.5,0.0,Tiruchirappalli,27.9,0.0
2024-06-15 22:00:00,27.4,62,0.0,996.8,9.5,20.2,271,261,22,15,6,5,167,27.7,0.0,28.8,0.0,29.4,0.0,36.8,0.0,26.5,0.0,28.28333333333333,0.0,30.59166666666667,0.0,31.370833333333334,0.0,-0.3000000000000007,0.0,Tiruchirappalli,27.4,0.0
2024-06-15 23:00:00,27.1,64,0.0,997.2,10.2,21.2,270,262,23,15,6,5,167,27.4,0.0,28.2,0.0,28.8,0.0,36.3,0.0,26.8,0.0,28.0,0.0,29.825000000000003,0.0,31.383333333333336,0.0,-0.2999999999999971,0.0,Tiruchirappalli,26.9,0.0
2024-06-16 00:00:00,26.8,66,0.0,998.0,10.5,21.6,270,262,0,16,6,6,168,27.1,0.0,27.7,0.0,28.8,0.0,35.3,0.0,26.7,0.0,27.666666666666668,0.0,29.116666666666664,0.0,31.3875,0.0,-0.3000000000000007,0.0,Tiruchirappalli,26.5,0.0
2024-06-16 01:00:00,27.7,66,0.0,998.2,11.9,21.6,273,267,1,16,6,6,168,26.8,0.0,27.4,0.0,28.8,0.0,33.2,0.0,27.4,0.0,27.48333333333333,0.0,28.65833333333333,0.0,31.4,0.0,0.8999999999999986,0.0,Tiruchirappalli,26.8,0.0
2024-06-16 02:00:00,29.0,63,0.0,998.6,11.6,17.2,280,277,2,16,6,6,168,27.7,0.0,27.1,0.0,28.2,0.0,32.2,0.0,28.5,0.0,27.616666666666664,0.0,28.39166666666667,0.0,31.42083333333333,0.0,1.3000000000000007,0.0,Tiruchirappalli,28.1,0.0
2024-06-16 03:00:00,30.5,59,0.0,998.6,12.1,16.6,288,287,3,16,6,6,168,29.0,0.0,26.8,0.0,27.7,0.0,31.0,0.0,30.2,0.0,28.08333333333333,0.0,28.350000000000005,0.0,31.433333333333334,0.0,1.5,0.0,Tiruchirappalli,29.8,0.0
2024-06-16 04:00:00,32.3,53,0.0,998.4,12.1,16.2,282,280,4,16,6,6,168,30.5,0.0,27.7,0.0,27.4,0.0,29.4,0.0,32.0,0.0,28.899999999999995,0.0,28.591666666666665,0.0,31.44583333333333,0.0,1.7999999999999972,0.0,Tiruchirappalli,31.9,0.0
2024-06-16 05:00:00,33.7,47,0.0,998.2,9.7,13.0,272,272,5,16,6,6,168,32.3,0.0,29.0,0.0,27.1,0.0,28.8,0.0,33.7,0.0,30.0,0.0,29.0,0.0,31.445833333333336,0.0,1.4000000000000057,0.0,Tiruchirappalli,33.7,0.0
2024-06-16 06:00:00,34.7,45,0.0,997.3,9.1,12.0,277,277,6,16,6,6,168,33.7,0.0,30.5,0.0,26.8,0.0,28.8,0.0,34.7,0.0,31.316666666666663,0.0,29.49166666666667,0.0,31.44583333333333,0.0,1.0,0.0,Tiruchirappalli,35.2,0.0
2024-06-16 07:00:00,36.0,41,0.0,996.2,9.2,12.0,279,281,7,16,6,6,168,34.7,0.0,32.3,0.0,27.7,0.0,28.8,0.0,35.8,0.0,32.7,0.0,30.09166666666667,0.0,31.454166666666666,0.0,1.2999999999999972,0.0,Tiruchirappalli,36.4,0.0
2024-06-16 08:00:00,36.9,41,0.0,995.6,10.1,13.6,282,287,8,16,6,6,168,36.0,0.0,33.7,0.0,29.0,0.0,28.2,0.0,36.4,0.0,34.016666666666666,0.0,30.816666666666663,0.0,31.475000000000005,0.0,0.8999999999999986,0.0,Tiruchirappalli,37.0,0.0
2024-06-16 09:00:00,37.7,38,0.0,994.5,11.4,15.3,279,283,9,16,6,6,168,36.9,0.0,34.7,0.0,30.5,0.0,27.7,0.0,36.8,0.0,35.21666666666667,0.0,31.649999999999995,0.0,31.5125,0.0,0.8000000000000043,0.0,Tiruchirappalli,34.8,0.0
2024-06-16 10:00:00,30.7,68,2.3,994.8,11.5,17.9,285,274,10,16,6,6,168,37.7,0.0,36.0,0.0,32.3,0.0,27.4,0.0,36.8,0.0,34.95,2.299999999999998,31.925,2.3000000000000007,31.258333333333336,2.3,-7.000000000000004,2.3,Tiruchirappalli,32.1,0.6
2024-06-16 11:00:00,30.9,62,0.0,994.3,7.4,12.4,234,231,11,16,6,6,168,30.7,2.3,36.9,0.0,33.7,0.0,27.1,0.0,36.3,0.0,34.483333333333334,2.299999999999998,32.24166666666667,2.3000000000000007,31.03333333333333,2.3,0.1999999999999993,-2.3,Tiruchirappalli,33.4,0.1
2024-06-16 12:00:00,31.6,61,0.0,994.6,6.5,9.5,189,180,12,16,6,6,168,30.9,0.0,37.7,0.0,34.7,0.0,26.8,0.0,35.3,0.0,33.96666666666666,2.299999999999998,32.64166666666667,2.3000000000000007,30.879166666666663,2.3,0.7000000000000028,0.0,Tiruchirappalli,32.8,0.0
2024-06-16 13:00:00,32.8,49,0.0,995.5,7.2,14.6,237,217,13,16,6,6,168,31.6,0.0,30.7,2.3,36.0,0.0,27.7,0.0,33.2,0.0,33.43333333333334,2.299999999999998,33.06666666666666,2.3000000000000007,30.8625,2.3,1.1999999999999955,0.0,Tiruchirappalli,31.3,0.0
2024-06-16 14:00:00,31.3,55,0.0,996.6,5.1,12.7,245,231,14,16,6,6,168,32.8,0.0,30.9,0.0,36.9,0.0,29.0,0.0,32.2,0.0,32.5,2.299999999999998,33.25833333333333,2.3000000000000007,30.825000000000003,2.3,-1.4999999999999964,0.0,Tiruchirappalli,30.1,0.0
2024-06-16 15:00:00,29.8,65,0.0,997.6,5.5,8.8,199,191,15,16,6,6,168,31.3,0.0,31.6,0.0,37.7,0.0,30.5,0.0,31.0,0.0,31.183333333333334,2.299999999999998,33.2,2.3000000000000007,30.775,2.3,-1.5,0.0,Tiruchirappalli,29.3,0.0
2024-06-16 16:00:00,29.4,67,0.0,998.2,4.5,9.7,176,166,16,16,6,6,168,29.8,0.0,32.8,0.0,30.7,2.3,32.3,0.0,29.4,0.0,30.96666666666667,0.0,32.958333333333336,2.3000000000000007,30.775,2.3,-0.4000000000000021,0.0,Tiruchirappalli,29.1,0.0
2024-06-16 17:00:00,28.9,70,0.0,998.5,4.0,9.0,182,170,17,16,6,6,168,29.4,0.0,31.3,0.0,30.9,0.0,33.7,0.0,28.8,0.0,30.63333333333333,0.0,32.55833333333333,2.3000000000000007,30.779166666666665,2.3,-0.5,0.0,Tiruchirappalli,28.8,0.0
2024-06-16 18:00:00,28.1,75,0.0,998.4,4.0,7.6,199,185,18,16,6,6,168,28.9,0.0,29.8,0.0,31.6,0.0,34.7,0.0,28.8,0.0,30.05,0.0,32.00833333333333,2.3000000000000007,30.75,2.3,-0.7999999999999972,0.0,Tiruchirappalli,28.4,0.0
2024-06-16 19:00:00,27.8,77,0.0,997.9,3.3,5.4,250,221,19,16,6,6,168,28.1,0.0,29.4,0.0,32.8,0.0,36.0,0.0,28.8,0.0,29.216666666666665,0.0,31.325,2.3000000000000007,30.70833333333333,2.3,-0.3000000000000007,0.0,Tiruchirappalli,28.0,0.0
2024-06-16 20:00:00,27.1,81,0.0,997.4,5.2,8.7,294,282,20,16,6,6,168,27.8,0.0,28.9,0.0,31.3,0.0,36.9,0.0,28.2,0.0,28.516666666666666,0.0,30.508333333333336,2.3000000000000007,30.6625,2.3,-0.6999999999999993,0.0,Tiruchirappalli,27.5,0.0
2024-06-16 21:00:00,26.7,78,0.0,996.9,4.5,13.0,294,299,21,16,6,6,168,27.1,0.0,28.1,0.0,29.8,0.0,37.7,0.0,27.7,0.0,28.0,0.0,29.59166666666667,2.3000000000000007,30.620833333333334,2.3,-0.4000000000000021,0.0,Tiruchirappalli,27.1,0.0
2024-06-16 22:00:00,26.7,74,0.0,996.8,5.4,15.3,279,274,22,16,6,6,168,26.7,0.0,27.8,0.0,29.4,0.0,30.7,2.3,27.4,0.0,27.55,0.0,29.25833333333333,0.0,30.59166666666667,2.3,0.0,0.0,Tiruchirappalli,26.8,0.0
2024-06-16 23:00:00,26.7,73,0.0,997.2,7.3,18.0,268,259,23,16,6,6,168,26.7,0.0,27.1,0.0,28.9,0.0,30.9,0.0,27.1,0.0,27.183333333333337,0.0,28.90833333333333,0.0,30.575,2.3,0.0,0.0,Tiruchirappalli,26.6,0.0
2024-06-17 00:00:00,26.7,73,0.0,997.5,9.1,19.8,270,261,0,17,6,0,169,26.7,0.0,26.7,0.0,28.1,0.0,31.6,0.0,26.8,0.0,26.95,0.0,28.5,0.0,30.570833333333336,2.3,0.0,0.0,Tiruchirappalli,26.7,0.0
2024-06-17 01:00:00,27.3,72,0.0,997.7,7.7,14.2,254,242,1,17,6,0,169,26.7,0.0,26.7,0.0,27.8,0.0,32.8,0.0,27.7,0.0,26.866666666666664,0.0,28.041666666666668,0.0,30.554166666666664,2.3,0.6000000000000014,0.0,Tiruchirappalli,27.2,0.0
2024-06-17 02:00:00,28.7,67,0.0,998.7,8.6,12.5,258,255,2,17,6,0,169,27.3,0.0,26.7,0.0,27.1,0.0,31.3,0.0,29.0,0.0,27.133333333333336,0.0,27.825,0.0,30.541666666666668,2.3,1.3999999999999986,0.0,Tiruchirappalli,28.5,0.0
2024-06-17 03:00:00,30.4,62,0.0,999.1,9.7,13.3,273,272,3,17,6,0,169,28.7,0.0,26.7,0.0,26.7,0.0,29.8,0.0,30.5,0.0,27.75,0.0,27.875,0.0,30.5375,2.3,1.6999999999999993,0.0,Tiruchirappalli,30.2,0.0
2024-06-17 04:00:00,32.4,54,0.0,999.0,12.7,17.4,276,277,4,17,6,0,169,30.4,0.0,27.3,0.0,26.7,0.0,29.4,0.0,32.3,0.0,28.7,0.0,28.125,0.0,30.541666666666668,2.3,2.0,0.0,Tiruchirappalli,32.1,0.0
2024-06-17 05:00:00,34.3,46,0.0,998.6,13.7,18.4,270,272,5,17,6,0,169,32.4,0.0,28.7,0.0,26.7,0.0,28.9,0.0,33.7,0.0,29.96666666666667,0.0,28.575,0.0,30.566666666666663,2.3,1.8999999999999984,0.0,Tiruchirappalli,34.2,0.0
2024-06-17 06:00:00,35.7,42,0.0,997.6,8.7,11.5,221,222,6,17,6,0,169,34.3,0.0,30.4,0.0,26.7,0.0,28.1,0.0,34.7,0.0,31.46666666666667,0.0,29.20833333333333,0.0,30.60833333333333,2.3,1.4000000000000057,0.0,Tiruchirappalli,35.7,0.0
2024-06-17 07:00:00,36.3,41,0.0,997.0,10.5,13.4,185,184,7,17,6,0,169,35.7,0.0,32.4,0.0,27.3,0.0,27.8,0.0,36.0,0.0,32.96666666666666,0.0,29.916666666666668,0.0,30.620833333333337,2.3,0.5999999999999943,0.0,Tiruchirappalli,36.7,0.0
2024-06-17 08:00:00,36.2,43,0.0,996.2,11.5,14.4,179,178,8,17,6,0,169,36.3,0.0,34.3,0.0,28.7,0.0,27.1,0.0,36.9,0.0,34.21666666666667,0.0,30.675,0.0,30.591666666666665,2.3,-0.0999999999999943,0.0,Tiruchirappalli,37.3,0.0
2024-06-17 09:00:00,36.5,44,0.0,995.4,12.0,15.2,194,196,9,17,6,0,169,36.2,0.0,35.7,0.0,30.4,0.0,26.7,0.0,37.7,0.0,35.23333333333333,0.0,31.491666666666664,0.0,30.541666666666668,2.3,0.2999999999999971,0.0,Tiruchirappalli,37.6,0.0
2024-06-17 10:00:00,35.7,45,0.0,995.3,7.3,9.6,200,200,10,17,6,0,169,36.5,0.0,36.3,0.0,32.4,0.0,26.7,0.0,30.7,2.3,35.78333333333334,0.0,32.24166666666667,0.0,30.75,0.0,-0.7999999999999972,0.0,Tiruchirappalli,37.0,0.0
2024-06-17 11:00:00,29.3,72,1.8,995.8,10.8,17.2,280,285,11,17,6,0,169,35.7,0.0,36.2,0.0,34.3,0.0,26.7,0.0,30.9,0.0,34.95,1.7999999999999985,32.458333333333336,1.800000000000001,30.683333333333334,1.8,-6.400000000000002,1.8,Tiruchirappalli,36.1,0.0
2024-06-17 12:00:00,30.5,64,0.0,995.7,4.7,7.2,276,279,12,17,6,0,169,29.3,1.8,36.5,0.0,35.7,0.0,26.7,0.0,31.6,0.0,34.083333333333336,1.7999999999999985,32.775,1.800000000000001,30.6375,1.8,1.1999999999999993,-1.8,Tiruchirappalli,34.0,0.2
2024-06-17 13:00:00,32.4,54,0.0,995.8,3.0,3.6,84,76,13,17,6,0,169,30.5,0.0,35.7,0.0,36.3,0.0,27.3,0.0,32.8,0.0,33.43333333333334,1.7999999999999985,33.2,1.800000000000001,30.620833333333334,1.8,1.8999999999999984,0.0,Tiruchirappalli,32.8,0.0
2024-06-17 14:00:00,31.3,58,0.0,996.3,4.3,7.2,90,85,14,17,6,0,169,32.4,0.0,29.3,1.8,36.2,0.0,28.7,0.0,31.3,0.0,32.61666666666667,1.7999999999999985,33.41666666666667,1.800000000000001,30.620833333333334,1.8,-1.099999999999998,0.0,Tiruchirappalli,31.3,0.0
2024-06-17 15:00:00,30.5,66,0.0,997.5,15.1,26.5,137,140,15,17,6,0,169,31.3,0.0,30.5,0.0,36.5,0.0,30.4,0.0,29.8,0.0,31.616666666666664,1.7999999999999985,33.425000000000004,1.800000000000001,30.65,1.8,-0.8000000000000007,0.0,Tiruchirappalli,28.5,0.0
2024-06-17 16:00:00,29.8,72,0.0,998.1,13.0,23.2,174,178,16,17,6,0,169,30.5,0.0,32.4,0.0,35.7,0.0,32.4,0.0,29.4,0.0,30.633333333333336,1.7999999999999985,33.208333333333336,1.800000000000001,30.666666666666668,1.8,-0.6999999999999993,0.0,Tiruchirappalli,28.3,0.0
2024-06-17 17:00:00,29.5,73,0.0,998.3,9.2,17.6,203,206,17,17,6,0,169,29.8,0.0,31.3,0.0,29.3,1.8,34.3,0.0,28.9,0.0,30.666666666666668,0.0,32.80833333333333,1.800000000000001,30.691666666666663,1.8,-0.3000000000000007,0.0,Tiruchirappalli,28.1,0.1
2024-06-17 18:00:00,28.7,77,0.0,998.4,4.2,9.4,238,239,18,17,6,0,169,29.5,0.0,30.5,0.0,30.5,0.0,35.7,0.0,28.1,0.0,30.366666666666664,0.0,32.225,1.800000000000001,30.71666666666667,1.8,-0.8000000000000007,0.0,Tiruchirappalli,28.4,0.0
2024-06-17 19:00:00,28.1,79,0.0,998.1,4.8,8.7,263,243,19,17,6,0,169,28.7,0.0,29.8,0.0,32.4,0.0,36.3,0.0,27.8,0.0,29.65,0.0,31.541666666666668,1.800000000000001,30.729166666666668,1.8,-0.5999999999999979,0.0,Tiruchirappalli,28.2,0.0
2024-06-17 20:00:00,27.8,78,0.0,997.7,5.0,10.7,284,270,20,17,6,0,169,28.1,0.0,29.5,0.0,31.3,0.0,36.2,0.0,27.1,0.0,29.066666666666663,0.0,30.84166666666667,1.800000000000001,30.758333333333336,1.8,-0.3000000000000007,0.0,Tiruchirappalli,27.8,0.0
2024-06-17 21:00:00,27.9,72,0.0,997.2,8.3,18.0,290,288,21,17,6,0,169,27.8,0.0,28.7,0.0,30.5,0.0,36.5,0.0,26.7,0.0,28.633333333333336,0.0,30.125,1.800000000000001,30.808333333333334,1.8,0.0999999999999978,0.0,Tiruchirappalli,27.8,0.0
2024-06-17 22:00:00,27.7,72,0.0,997.2,10.7,21.0,282,282,22,17,6,0,169,27.9,0.0,28.1,0.0,29.8,0.0,35.7,0.0,26.7,0.0,28.28333333333333,0.0,29.45833333333333,1.800000000000001,30.85,1.8,-0.1999999999999993,0.0,Tiruchirappalli,27.4,0.0
2024-06-17 23:00:00,27.4,73,0.0,997.5,10.1,20.2,274,270,23,17,6,0,169,27.7,0.0,27.8,0.0,29.5,0.0,29.3,1.8,26.7,0.0,27.933333333333334,0.0,29.3,0.0,30.879166666666663,1.8,-0.3000000000000007,0.0,Tiruchirappalli,27.5,0.0
2024-06-18 00:00:00,27.2,74,0.0,997.8,9.7,19.2,264,255,0,18,6,1,170,27.4,0.0,27.9,0.0,28.7,0.0,30.5,0.0,26.7,0.0,27.683333333333334,0.0,29.025,0.0,30.9,1.8,-0.1999999999999993,0.0,Tiruchirappalli,27.6,0.0
2024-06-18 01:00:00,27.6,74,0.0,998.0,7.3,14.4,269,259,1,18,6,1,170,27.2,0.0,27.7,0.0,28.1,0.0,32.4,0.0,27.3,0.0,27.600000000000005,0.0,28.625,0.0,30.9125,1.8,0.4000000000000021,0.0,Tiruchirappalli,27.6,0.0
2024-06-18 02:00:00,28.8,70,0.0,998.7,6.8,10.1,268,267,2,18,6,1,170,27.6,0.0,27.4,0.0,27.8,0.0,31.3,0.0,28.7,0.0,27.766666666666666,0.0,28.416666666666668,0.0,30.916666666666668,1.8,1.1999999999999993,0.0,Tiruchirappalli,28.0,0.0
2024-06-18 03:00:00,30.4,64,0.0,999.3,10.5,14.4,267,266,3,18,6,1,170,28.8,0.0,27.2,0.0,27.9,0.0,30.5,0.0,30.4,0.0,28.183333333333334,0.0,28.40833333333333,0.0,30.916666666666668,1.8,1.599999999999998,0.0,Tiruchirappalli,29.7,0.0
2024-06-18 04:00:00,31.9,58,0.0,999.3,14.1,18.8,265,266,4,18,6,1,170,30.4,0.0,27.6,0.0,27.7,0.0,29.8,0.0,32.4,0.0,28.883333333333336,0.0,28.58333333333333,0.0,30.89583333333333,1.8,1.5,0.0,Tiruchirappalli,31.8,0.0
2024-06-18 05:00:00,32.7,55,0.1,998.9,13.3,17.7,268,268,5,18,6,1,170,31.9,0.0,28.8,0.0,27.4,0.0,29.5,0.0,34.3,0.0,29.766666666666666,0.0999999999999982,28.850000000000005,0.1000000000000009,30.82916666666667,1.9,0.8000000000000043,0.1,Tiruchirappalli,33.6,0.0
2024-06-18 06:00:00,33.2,54,0.1,998.2,10.8,14.4,267,268,6,18,6,1,170,32.7,0.1,30.4,0.0,27.2,0.0,28.7,0.0,35.7,0.0,30.76666666666667,0.1999999999999982,29.225,0.2000000000000009,30.725,2.0,0.5,0.0,Tiruchirappalli,35.1,0.0
2024-06-18 07:00:00,33.7,53,0.1,997.4,8.4,11.0,259,263,7,18,6,1,170,33.2,0.1,31.9,0.0,27.6,0.0,28.1,0.0,36.3,0.0,31.78333333333333,0.2999999999999982,29.691666666666663,0.3000000000000009,30.616666666666664,2.1,0.5,0.0,Tiruchirappalli,36.2,0.0
2024-06-18 08:00:00,35.0,49,0.0,996.2,5.5,7.1,240,238,8,18,6,1,170,33.7,0.1,32.7,0.1,28.8,0.0,27.8,0.0,36.2,0.0,32.81666666666667,0.2999999999999982,30.291666666666668,0.3000000000000009,30.566666666666663,2.1,1.2999999999999972,-0.1,Tiruchirappalli,37.4,0.0
2024-06-18 09:00:00,34.5,49,0.3,995.3,12.0,15.2,277,277,9,18,6,1,170,35.0,0.0,33.2,0.1,30.4,0.0,27.9,0.0,36.5,0.0,33.5,0.5999999999999982,30.84166666666667,0.6000000000000009,30.48333333333333,2.4,-0.5,0.3,Tiruchirappalli,32.5,0.4
2024-06-18 10:00:00,32.8,55,0.1,995.1,13.3,18.1,235,229,10,18,6,1,170,34.5,0.3,33.7,0.1,31.9,0.0,27.7,0.0,35.7,0.0,33.65,0.6999999999999982,31.266666666666666,0.7000000000000008,30.3625,2.5,-1.7000000000000028,-0.1999999999999999,Tiruchirappalli,34.8,0.0
2024-06-18 11:00:00,32.1,59,0.0,995.1,10.3,13.8,231,234,11,18,6,1,170,32.8,0.1,35.0,0.0,32.7,0.1,27.4,0.0,29.3,1.8,33.550000000000004,0.5999999999999982,31.65833333333333,0.7000000000000008,30.479166666666668,0.7,-0.6999999999999957,-0.1,Tiruchirappalli,34.5,0.1
2024-06-18 12:00:00,31.7,59,0.0,995.6,8.8,12.6,217,215,12,18,6,1,170,32.1,0.0,34.5,0.3,33.2,0.1,27.2,0.0,30.5,0.0,33.300000000000004,0.4999999999999982,32.03333333333334,0.7000000000000008,30.52916666666667,0.7,-0.4000000000000021,0.0,Tiruchirappalli,33.4,0.0
2024-06-18 13:00:00,30.0,71,0.5,996.1,6.1,10.4,226,242,13,18,6,1,170,31.7,0.0,32.8,0.1,33.7,0.1,27.6,0.0,32.4,0.0,32.68333333333333,0.8999999999999982,32.233333333333334,1.2000000000000008,30.42916666666667,1.2,-1.6999999999999993,0.5,Tiruchirappalli,31.0,0.0
2024-06-18 14:00:00,28.3,83,0.6,996.9,5.5,10.4,226,247,14,18,6,1,170,30.0,0.5,32.1,0.0,35.0,0.0,28.8,0.0,31.3,0.0,31.566666666666663,1.4999999999999982,32.19166666666666,1.8000000000000007,30.304166666666664,1.7999999999999998,-1.6999999999999993,0.0999999999999999,Tiruchirappalli,30.1,0.0
2024-06-18 15:00:00,27.4,88,0.7,998.5,9.3,16.4,213,208,15,18,6,1,170,28.3,0.6,31.7,0.0,34.5,0.3,30.4,0.0,30.5,0.0,30.383333333333336,1.899999999999998,31.941666666666663,2.500000000000001,30.175,2.5,-0.9000000000000021,0.0999999999999999,Tiruchirappalli,28.1,0.2
2024-06-18 16:00:00,27.1,86,0.0,998.5,8.7,16.0,226,218,16,18,6,1,170,27.4,0.7,30.0,0.5,32.8,0.1,31.9,0.0,29.8,0.0,29.433333333333334,1.799999999999998,31.541666666666668,2.500000000000001,30.0625,2.5,-0.2999999999999971,-0.7,Tiruchirappalli,27.2,0.9
2024-06-18 17:00:00,26.5,86,0.8,999.1,8.2,16.7,245,241,17,18,6,1,170,27.1,0.0,28.3,0.6,32.1,0.0,32.7,0.1,29.5,0.0,28.5,2.599999999999998,31.024999999999995,3.2000000000000006,29.9375,3.3,-0.6000000000000014,0.8,Tiruchirappalli,26.9,1.0
2024-06-18 18:00:00,26.2,89,0.4,998.7,7.4,14.8,270,256,18,18,6,1,170,26.5,0.8,27.4,0.7,31.7,0.0,33.2,0.1,28.7,0.0,27.58333333333333,2.9999999999999982,30.441666666666663,3.500000000000001,29.83333333333333,3.7,-0.3000000000000007,-0.4,Tiruchirappalli,26.8,0.0
2024-06-18 19:00:00,26.3,89,0.1,997.7,3.8,9.4,266,221,19,18,6,1,170,26.2,0.4,27.1,0.0,30.0,0.5,33.7,0.1,28.1,0.0,26.96666666666667,2.5999999999999983,29.825,3.500000000000001,29.75833333333333,3.8,0.1000000000000014,-0.3,Tiruchirappalli,26.3,0.0
2024-06-18 20:00:00,25.9,92,0.1,997.4,3.3,8.8,261,229,20,18,6,1,170,26.3,0.1,26.5,0.8,28.3,0.6,35.0,0.0,27.8,0.0,26.566666666666663,2.0999999999999983,29.066666666666663,3.600000000000001,29.679166666666664,3.9,-0.4000000000000021,0.0,Tiruchirappalli,26.4,0.0
2024-06-18 21:00:00,25.9,93,0.0,997.2,4.6,12.3,267,252,21,18,6,1,170,25.9,0.1,26.2,0.4,27.4,0.7,34.5,0.3,27.9,0.0,26.316666666666663,1.3999999999999984,28.35,3.3000000000000007,29.59583333333333,3.9,0.0,-0.1,Tiruchirappalli,26.3,0.2
2024-06-18 22:00:00,26.0,87,0.0,996.5,9.7,19.8,273,270,22,18,6,1,170,25.9,0.0,26.3,0.1,27.1,0.0,32.8,0.1,27.7,0.0,26.13333333333333,1.3999999999999984,27.78333333333333,3.2000000000000006,29.525,3.9,0.1000000000000014,0.0,Tiruchirappalli,26.1,0.1
2024-06-18 23:00:00,25.9,82,0.0,996.4,9.7,19.8,273,268,23,18,6,1,170,26.0,0.0,25.9,0.1,26.5,0.8,32.1,0.0,27.4,0.0,26.03333333333333,0.5999999999999983,27.26666666666667,3.2000000000000006,29.4625,3.9,-0.1000000000000014,0.0,Tiruchirappalli,26.1,0.0
2024-06-19 00:00:00,26.0,80,0.0,996.7,12.8,23.9,265,260,0,19,6,2,171,25.9,0.0,25.9,0.0,26.2,0.4,31.7,0.0,27.2,0.0,26.0,0.1999999999999982,26.791666666666668,3.2000000000000006,29.4125,3.9,0.1000000000000014,0.0,Tiruchirappalli,26.4,0.0
2024-06-19 01:00:00,27.1,73,0.0,996.9,11.5,19.4,255,250,1,19,6,2,171,26.0,0.0,26.0,0.0,26.3,0.1,30.0,0.5,27.6,0.0,26.13333333333333,0.0999999999999982,26.55,2.700000000000001,29.39166666666667,3.9,1.1000000000000014,0.0,Tiruchirappalli,27.7,0.0
2024-06-19 02:00:00,28.4,68,0.0,997.7,10.4,15.0,253,250,2,19,6,2,171,27.1,0.0,25.9,0.0,25.9,0.1,28.3,0.6,28.8,0.0,26.55,0.0,26.558333333333337,2.100000000000001,29.375,3.9,1.2999999999999972,0.0,Tiruchirappalli,28.5,0.0
2024-06-19 03:00:00,29.8,63,0.0,997.9,11.5,15.4,249,250,3,19,6,2,171,28.4,0.0,26.0,0.0,25.9,0.0,27.4,0.7,30.4,0.0,27.200000000000003,0.0,26.75833333333333,1.4000000000000008,29.35,3.9,1.400000000000002,0.0,Tiruchirappalli,29.2,0.0
2024-06-19 04:00:00,31.7,56,0.0,998.0,13.4,18.1,247,246,4,19,6,2,171,29.8,0.0,27.1,0.0,26.0,0.0,27.1,0.0,31.9,0.0,28.15,0.0,27.14166666666667,1.4000000000000008,29.34166666666667,3.9,1.8999999999999984,0.0,Tiruchirappalli,31.0,0.0
2024-06-19 05:00:00,33.4,50,0.0,997.7,15.0,20.1,249,249,5,19,6,2,171,31.7,0.0,28.4,0.0,25.9,0.0,26.5,0.8,32.7,0.1,29.4,0.0,27.71666666666667,0.600000000000001,29.370833333333334,3.8,1.6999999999999993,0.0,Tiruchirappalli,32.9,0.0
2024-06-19 06:00:00,34.7,46,0.0,997.0,13.8,18.3,250,250,6,19,6,2,171,33.4,0.0,29.8,0.0,26.0,0.0,26.2,0.4,33.2,0.1,30.85,0.0,28.425,0.2000000000000009,29.433333333333337,3.7,1.3000000000000045,0.0,Tiruchirappalli,34.5,0.0
2024-06-19 07:00:00,35.7,45,0.0,995.9,11.8,15.5,234,232,7,19,6,2,171,34.7,0.0,31.7,0.0,27.1,0.0,26.3,0.1,33.7,0.1,32.28333333333334,0.0,29.20833333333333,0.1000000000000009,29.516666666666666,3.6,1.0,0.0,Tiruchirappalli,34.9,0.0
2024-06-19 08:00:00,36.3,43,0.0,994.9,12.2,16.0,226,223,8,19,6,2,171,35.7,0.0,33.4,0.0,28.4,0.0,25.9,0.1,35.0,0.0,33.6,0.0,30.075,0.0,29.570833333333336,3.6,0.5999999999999943,0.0,Tiruchirappalli,34.6,0.0
2024-06-19 09:00:00,36.6,41,0.0,993.8,12.0,15.8,227,224,9,19,6,2,171,36.3,0.0,34.7,0.0,29.8,0.0,25.9,0.0,34.5,0.3,34.73333333333333,0.0,30.96666666666667,0.0,29.65833333333333,3.3,0.3000000000000042,0.0,Tiruchirappalli,35.1,0.0
2024-06-19 10:00:00,33.6,49,0.1,993.4,19.8,27.4,272,272,10,19,6,2,171,36.6,0.0,35.7,0.0,31.7,0.0,26.0,0.0,32.8,0.1,35.050000000000004,0.0999999999999982,31.6,0.1000000000000009,29.691666666666663,3.3,-3.0,0.1,Tiruchirappalli,33.7,0.0
2024-06-19 11:00:00,27.1,85,5.8,994.3,15.9,27.3,201,185,11,19,6,2,171,33.6,0.1,36.3,0.0,33.4,0.0,25.9,0.0,32.1,0.0,34.0,5.899999999999998,31.7,5.9,29.48333333333333,9.1,-6.5,5.7,Tiruchirappalli,34.3,0.0
2024-06-19 12:00:00,27.6,86,0.2,994.4,8.3,18.0,192,162,12,19,6,2,171,27.1,5.8,36.6,0.0,34.7,0.0,26.0,0.0,31.7,0.0,32.81666666666667,6.099999999999998,31.83333333333333,6.1000000000000005,29.3125,9.3,0.5,-5.6,Tiruchirappalli,32.6,0.0
2024-06-19 13:00:00,28.9,73,2.1,995.5,6.6,11.9,151,139,13,19,6,2,171,27.6,0.2,33.6,0.1,35.7,0.0,27.1,0.0,30.0,0.5,31.683333333333334,8.199999999999998,31.98333333333333,8.200000000000001,29.266666666666666,10.9,1.2999999999999972,1.9,Tiruchirappalli,30.2,0.0
2024-06-19 14:00:00,28.5,79,0.3,995.7,4.0,10.5,158,117,14,19,6,2,171,28.9,2.1,27.1,5.8,36.3,0.0,28.4,0.0,28.3,0.6,30.383333333333336,8.499999999999998,31.991666666666664,8.5,29.275,10.6,-0.3999999999999986,-1.8,Tiruchirappalli,28.8,0.0
2024-06-19 15:00:00,27.7,85,0.0,997.0,4.7,8.9,201,238,15,19,6,2,171,28.5,0.3,27.6,0.2,36.6,0.0,29.8,0.0,27.4,0.7,28.899999999999995,8.499999999999998,31.816666666666663,8.5,29.287500000000005,9.9,-0.8000000000000007,-0.3,Tiruchirappalli,28.6,0.0
2024-06-19 16:00:00,27.5,86,0.0,997.9,8.4,14.8,296,290,16,19,6,2,171,27.7,0.0,28.9,2.1,33.6,0.1,31.7,0.0,27.1,0.0,27.88333333333333,8.399999999999999,31.46666666666667,8.5,29.30416666666667,9.9,-0.1999999999999993,0.0,Tiruchirappalli,28.5,0.0
2024-06-19 17:00:00,26.9,85,0.0,997.8,9.2,16.9,304,301,17,19,6,2,171,27.5,0.0,28.5,0.3,27.1,5.8,33.4,0.0,26.5,0.8,27.85,2.5999999999999983,30.925,8.5,29.320833333333336,9.1,-0.6000000000000014,0.0,Tiruchirappalli,27.7,0.4
2024-06-19 18:00:00,26.4,83,0.0,997.4,7.1,15.3,289,285,18,19,6,2,171,26.9,0.0,27.7,0.0,27.6,0.2,34.7,0.0,26.2,0.4,27.65,2.399999999999998,30.23333333333333,8.5,29.329166666666666,8.7,-0.5,0.0,Tiruchirappalli,27.4,0.1
2024-06-19 19:00:00,26.5,80,0.0,996.8,6.8,16.0,278,267,19,19,6,2,171,26.4,0.0,27.5,0.0,28.9,2.1,35.7,0.0,26.3,0.1,27.25,0.2999999999999982,29.46666666666667,8.5,29.3375,8.6,0.1000000000000014,0.0,Tiruchirappalli,27.2,0.0
2024-06-19 20:00:00,26.7,79,0.0,996.7,8.6,18.5,278,272,20,19,6,2,171,26.5,0.0,26.9,0.0,28.5,0.3,36.3,0.0,25.9,0.1,26.95,0.0,28.666666666666668,8.5,29.370833333333337,8.5,0.1999999999999993,0.0,Tiruchirappalli,27.1,0.0
2024-06-19 21:00:00,27.0,77,0.0,996.3,10.4,19.8,273,268,21,19,6,2,171,26.7,0.0,26.4,0.0,27.7,0.0,36.6,0.0,25.9,0.0,26.83333333333333,0.0,27.866666666666664,8.5,29.416666666666668,8.5,0.3000000000000007,0.0,Tiruchirappalli,27.1,0.0
2024-06-19 22:00:00,26.6,76,0.0,995.9,11.2,22.1,277,276,22,19,6,2,171,27.0,0.0,26.5,0.0,27.5,0.0,33.6,0.1,26.0,0.0,26.683333333333337,0.0,27.28333333333333,8.4,29.441666666666663,8.5,-0.3999999999999986,0.0,Tiruchirappalli,27.0,0.0
2024-06-19 23:00:00,26.4,76,0.0,996.1,12.0,22.5,283,286,23,19,6,2,171,26.6,0.0,26.7,0.0,26.9,0.0,27.1,5.8,25.9,0.0,26.6,0.0,27.225,2.600000000000001,29.4625,8.5,-0.2000000000000028,0.0,Tiruchirappalli,26.9,0.0
2024-06-20 00:00:00,26.3,76,0.0,996.6,10.9,21.1,278,278,0,20,6,3,172,26.4,0.0,27.0,0.0,26.4,0.0,27.6,0.2,26.0,0.0,26.58333333333333,0.0,27.116666666666664,2.400000000000001,29.475,8.5,-0.0999999999999978,0.0,Tiruchirappalli,26.8,0.0
2024-06-20 01:00:00,27.4,71,0.0,997.2,11.4,19.7,262,259,1,20,6,3,172,26.3,0.0,26.6,0.0,26.5,0.0,28.9,2.1,27.1,0.0,26.73333333333333,0.0,26.991666666666664,0.3000000000000009,29.4875,8.5,1.099999999999998,0.0,Tiruchirappalli,26.5,0.2
2024-06-20 02:00:00,28.7,67,0.0,997.7,10.9,15.4,254,253,2,20,6,3,172,27.4,0.0,26.4,0.0,26.7,0.0,28.5,0.3,28.4,0.0,27.066666666666663,0.0,27.008333333333336,0.0,29.5,8.5,1.3000000000000007,0.0,Tiruchirappalli,27.0,0.0
2024-06-20 03:00:00,29.9,63,0.0,998.3,5.8,7.9,240,240,3,20,6,3,172,28.7,0.0,26.3,0.0,27.0,0.0,27.7,0.0,29.8,0.0,27.55,0.0,27.191666666666663,0.0,29.504166666666663,8.5,1.1999999999999993,0.0,Tiruchirappalli,28.0,0.0
2024-06-20 04:00:00,31.3,59,0.0,998.6,5.1,6.6,221,219,4,20,6,3,172,29.9,0.0,27.4,0.0,26.6,0.0,27.5,0.0,31.7,0.0,28.33333333333333,0.0,27.508333333333336,0.0,29.4875,8.5,1.400000000000002,0.0,Tiruchirappalli,30.3,0.0
2024-06-20 05:00:00,32.6,54,0.0,998.3,3.8,5.1,231,229,5,20,6,3,172,31.3,0.0,28.7,0.0,26.4,0.0,26.9,0.0,33.4,0.0,29.366666666666664,0.0,27.98333333333333,0.0,29.454166666666666,8.5,1.3000000000000007,0.0,Tiruchirappalli,32.6,0.0
2024-06-20 06:00:00,33.9,51,0.0,997.7,5.6,7.2,233,230,6,20,6,3,172,32.6,0.0,29.9,0.0,26.3,0.0,26.4,0.0,34.7,0.0,30.63333333333333,0.0,28.60833333333333,0.0,29.42083333333333,8.5,1.2999999999999972,0.0,Tiruchirappalli,34.5,0.0
2024-06-20 07:00:00,34.6,49,0.0,997.0,7.7,10.1,235,233,7,20,6,3,172,33.9,0.0,31.3,0.0,27.4,0.0,26.5,0.0,35.7,0.0,31.83333333333333,0.0,29.28333333333333,0.0,29.375,8.5,0.7000000000000028,0.0,Tiruchirappalli,35.1,0.0
2024-06-20 08:00:00,32.1,61,2.3,996.7,14.6,19.6,283,286,8,20,6,3,172,34.6,0.0,32.6,0.0,28.7,0.0,26.7,0.0,36.3,0.0,32.4,2.299999999999998,29.73333333333333,2.3000000000000007,29.2,10.8,-2.5,2.3,Tiruchirappalli,34.1,0.3
2024-06-20 09:00:00,33.0,54,0.0,995.5,10.9,14.7,292,297,9,20,6,3,172,32.1,2.3,33.9,0.0,29.9,0.0,27.0,0.0,36.6,0.0,32.916666666666664,2.299999999999998,30.23333333333333,2.3000000000000007,29.05,10.8,0.8999999999999986,-2.3,Tiruchirappalli,35.5,0.0
2024-06-20 10:00:00,33.4,51,0.0,994.5,12.2,16.9,270,270,10,20,6,3,172,33.0,0.0,34.6,0.0,31.3,0.0,26.6,0.0,33.6,0.1,33.26666666666667,2.299999999999998,30.8,2.3000000000000007,29.041666666666668,10.7,0.3999999999999986,0.0,Tiruchirappalli,34.1,0.1
2024-06-20 11:00:00,33.5,47,0.0,994.4,15.5,22.0,268,267,11,20,6,3,172,33.4,0.0,32.1,2.3,32.6,0.0,26.4,0.0,27.1,5.8,33.416666666666664,2.299999999999998,31.391666666666666,2.3000000000000007,29.308333333333334,4.9,0.1000000000000014,0.0,Tiruchirappalli,33.3,0.1
2024-06-20 12:00:00,32.4,48,0.0,995.0,21.7,33.0,286,289,12,20,6,3,172,33.5,0.0,33.0,0.0,33.9,0.0,26.3,0.0,27.6,0.2,33.166666666666664,2.299999999999998,31.9,2.3000000000000007,29.50833333333333,4.699999999999999,-1.1000000000000014,0.0,Tiruchirappalli,32.4,0.0
2024-06-20 13:00:00,31.3,52,0.0,995.2,14.9,24.3,285,285,13,20,6,3,172,32.4,0.0,33.4,0.0,34.6,0.0,27.4,0.0,28.9,2.1,32.61666666666667,2.299999999999998,32.225,2.3000000000000007,29.60833333333333,2.6,-1.099999999999998,0.0,Tiruchirappalli,30.3,0.0
2024-06-20 14:00:00,29.7,61,0.0,995.8,10.2,18.2,279,280,14,20,6,3,172,31.3,0.0,33.5,0.0,32.1,2.3,28.7,0.0,28.5,0.3,32.21666666666666,0.0,32.30833333333334,2.3000000000000007,29.65833333333333,2.3,-1.6000000000000014,0.0,Tiruchirappalli,30.0,0.0
2024-06-20 15:00:00,29.1,63,0.0,996.5,9.9,19.2,276,280,15,20,6,3,172,29.7,0.0,32.4,0.0,33.0,0.0,29.9,0.0,27.7,0.0,31.566666666666663,0.0,32.24166666666667,2.3000000000000007,29.716666666666665,2.3,-0.5999999999999979,0.0,Tiruchirappalli,29.1,0.0
2024-06-20 16:00:00,29.1,62,0.0,997.0,13.9,25.3,281,287,16,20,6,3,172,29.1,0.0,31.3,0.0,33.4,0.0,31.3,0.0,27.5,0.0,30.850000000000005,0.0,32.05833333333333,2.3000000000000007,29.78333333333333,2.3,0.0,0.0,Tiruchirappalli,28.3,0.0
2024-06-20 17:00:00,29.1,62,0.0,997.4,13.0,24.2,275,276,17,20,6,3,172,29.1,0.0,29.7,0.0,33.5,0.0,32.6,0.0,26.9,0.0,30.11666666666667,0.0,31.76666666666667,2.3000000000000007,29.875,2.3,0.0,0.0,Tiruchirappalli,27.2,0.0
2024-06-20 18:00:00,28.7,63,0.0,997.8,13.7,24.5,274,275,18,20,6,3,172,29.1,0.0,29.1,0.0,32.4,0.0,33.9,0.0,26.4,0.0,29.5,0.0,31.33333333333333,2.3000000000000007,29.97083333333333,2.3,-0.4000000000000021,0.0,Tiruchirappalli,27.7,0.0
2024-06-20 19:00:00,28.5,65,0.0,997.4,14.4,24.9,273,271,19,20,6,3,172,28.7,0.0,29.1,0.0,31.3,0.0,34.6,0.0,26.5,0.0,29.03333333333333,0.0,30.825000000000003,2.3000000000000007,30.054166666666664,2.3,-0.1999999999999993,0.0,Tiruchirappalli,28.0,0.0
2024-06-20 20:00:00,28.2,66,0.0,997.1,12.6,22.4,274,273,20,20,6,3,172,28.5,0.0,29.1,0.0,29.7,0.0,32.1,2.3,26.7,0.0,28.78333333333333,0.0,30.5,0.0,30.116666666666664,2.3,-0.3000000000000007,0.0,Tiruchirappalli,28.1,0.0
2024-06-20 21:00:00,27.9,67,0.0,996.7,12.2,22.4,275,272,21,20,6,3,172,28.2,0.0,28.7,0.0,29.1,0.0,33.0,0.0,27.0,0.0,28.58333333333333,0.0,30.075,0.0,30.154166666666665,2.3,-0.3000000000000007,0.0,Tiruchirappalli,27.9,0.0
2024-06-20 22:00:00,27.4,69,0.0,996.3,11.2,21.3,275,274,22,20,6,3,172,27.9,0.0,28.5,0.0,29.1,0.0,33.4,0.0,26.6,0.0,28.3,0.0,29.575000000000003,0.0,30.1875,2.3,-0.5,0.0,Tiruchirappalli,27.4,0.0
2024-06-20 23:00:00,26.9,71,0.0,996.4,10.4,20.6,275,272,23,20,6,3,172,27.4,0.0,28.2,0.0,29.1,0.0,33.5,0.0,26.4,0.0,27.933333333333334,0.0,29.025,0.0,30.20833333333333,2.3,-0.5,0.0,Tiruchirappalli,27.3,0.0
2024-06-21 00:00:00,26.5,73,0.0,996.8,9.4,19.8,273,270,0,21,6,4,173,26.9,0.0,27.9,0.0,28.7,0.0,32.4,0.0,26.3,0.0,27.566666666666663,0.0,28.53333333333333,0.0,30.21666666666667,2.3,-0.3999999999999986,0.0,Tiruchirappalli,27.4,0.0
2024-06-21 01:00:00,26.8,71,0.0,997.0,13.7,23.9,282,284,1,21,6,4,173,26.5,0.0,27.4,0.0,28.5,0.0,31.3,0.0,27.4,0.0,27.28333333333333,0.0,28.15833333333333,0.0,30.191666666666663,2.3,0.3000000000000007,0.0,Tiruchirappalli,26.1,0.0
2024-06-21 02:00:00,28.1,68,0.0,998.0,13.0,18.8,274,273,2,21,6,4,173,26.8,0.0,26.9,0.0,28.2,0.0,29.7,0.0,28.7,0.0,27.266666666666666,0.0,28.024999999999995,0.0,30.166666666666668,2.3,1.3000000000000007,0.0,Tiruchirappalli,26.7,0.0
2024-06-21 03:00:00,29.8,62,0.0,998.0,11.6,15.5,266,265,3,21,6,4,173,28.1,0.0,26.5,0.0,27.9,0.0,29.1,0.0,29.9,0.0,27.58333333333333,0.0,28.08333333333333,0.0,30.1625,2.3,1.6999999999999993,0.0,Tiruchirappalli,27.3,0.1
2024-06-21 04:00:00,31.9,54,0.0,997.8,14.8,19.8,270,270,4,21,6,4,173,29.8,0.0,26.8,0.0,27.4,0.0,29.1,0.0,31.3,0.0,28.33333333333333,0.0,28.316666666666663,0.0,30.1875,2.3,2.099999999999998,0.0,Tiruchirappalli,27.9,0.4
2024-06-21 05:00:00,33.7,46,0.0,997.7,16.9,22.7,270,271,5,21,6,4,173,31.9,0.0,28.1,0.0,26.9,0.0,29.1,0.0,32.6,0.0,29.46666666666667,0.0,28.700000000000003,0.0,30.23333333333333,2.3,1.8000000000000045,0.0,Tiruchirappalli,27.2,0.7
2024-06-21 06:00:00,35.2,43,0.0,996.9,18.0,24.1,267,269,6,21,6,4,173,33.7,0.0,29.8,0.0,26.5,0.0,28.7,0.0,33.9,0.0,30.916666666666668,0.0,29.241666666666664,0.0,30.287500000000005,2.3,1.5,0.0,Tiruchirappalli,26.6,0.8
2024-06-21 07:00:00,36.4,40,0.0,996.0,18.4,24.5,267,269,7,21,6,4,173,35.2,0.0,31.9,0.0,26.8,0.0,28.5,0.0,34.6,0.0,32.516666666666666,0.0,29.899999999999995,0.0,30.3625,2.3,1.1999999999999955,0.0,Tiruchirappalli,26.7,1.0
2024-06-21 08:00:00,37.0,37,0.0,995.0,20.4,27.6,262,262,8,21,6,4,173,36.4,0.0,33.7,0.0,28.1,0.0,28.2,0.0,32.1,2.3,34.0,0.0,30.633333333333336,0.0,30.566666666666663,0.0,0.6000000000000014,0.0,Tiruchirappalli,27.8,0.2
2024-06-21 09:00:00,34.8,43,0.0,994.6,24.9,34.9,272,272,9,21,6,4,173,37.0,0.0,35.2,0.0,29.8,0.0,27.9,0.0,33.0,0.0,34.833333333333336,0.0,31.20833333333333,0.0,30.641666666666666,0.0,-2.200000000000003,0.0,Tiruchirappalli,28.3,0.0
2024-06-21 10:00:00,32.1,54,0.6,994.3,23.5,34.0,257,255,10,21,6,4,173,34.8,0.0,36.4,0.0,31.9,0.0,27.4,0.0,33.4,0.0,34.86666666666667,0.5999999999999982,31.6,0.6000000000000009,30.5875,0.6,-2.699999999999996,0.6,Tiruchirappalli,28.8,0.0
2024-06-21 11:00:00,33.4,46,0.1,994.2,22.7,32.8,261,260,11,21,6,4,173,32.1,0.6,37.0,0.0,33.7,0.0,26.9,0.0,33.5,0.0,34.81666666666666,0.6999999999999982,32.141666666666666,0.7000000000000008,30.58333333333333,0.7,1.2999999999999972,-0.5,Tiruchirappalli,28.4,0.3
2024-06-21 12:00:00,32.8,47,0.0,994.3,20.2,30.6,271,271,12,21,6,4,173,33.4,0.1,34.8,0.0,35.2,0.0,26.5,0.0,32.4,0.0,34.416666666666664,0.6999999999999982,32.666666666666664,0.7000000000000008,30.600000000000005,0.7,-0.6000000000000014,-0.1,Tiruchirappalli,28.0,0.1
2024-06-21 13:00:00,31.3,52,0.0,994.7,19.4,31.0,271,270,13,21,6,4,173,32.8,0.0,32.1,0.6,36.4,0.0,26.8,0.0,31.3,0.0,33.56666666666667,0.6999999999999982,33.041666666666664,0.7000000000000008,30.6,0.7,-1.4999999999999964,0.0,Tiruchirappalli,27.0,0.1
2024-06-21 14:00:00,30.1,57,0.0,995.4,18.8,31.0,274,273,14,21,6,4,173,31.3,0.0,33.4,0.1,37.0,0.0,28.1,0.0,29.7,0.0,32.416666666666664,0.6999999999999982,33.208333333333336,0.7000000000000008,30.61666666666667,0.7,-1.1999999999999993,0.0,Tiruchirappalli,26.6,0.2
2024-06-21 15:00:00,29.3,60,0.0,996.2,17.0,28.7,277,276,15,21,6,4,173,30.1,0.0,32.8,0.0,34.8,0.0,29.8,0.0,29.1,0.0,31.5,0.6999999999999982,33.166666666666664,0.7000000000000008,30.625,0.7,-0.8000000000000007,0.0,Tiruchirappalli,26.3,0.1
2024-06-21 16:00:00,29.1,61,0.0,996.8,14.8,25.6,281,283,16,21,6,4,173,29.3,0.0,31.3,0.0,32.1,0.6,31.9,0.0,29.1,0.0,31.0,0.0999999999999982,32.93333333333333,0.7000000000000008,30.625,0.7,-0.1999999999999993,0.0,Tiruchirappalli,26.2,0.0
2024-06-21 17:00:00,28.8,62,0.0,997.2,13.5,23.7,284,286,17,21,6,4,173,29.1,0.0,30.1,0.0,33.4,0.1,33.7,0.0,29.1,0.0,30.23333333333333,0.0,32.525,0.7000000000000008,30.6125,0.7,-0.3000000000000007,0.0,Tiruchirappalli,25.9,0.0
2024-06-21 18:00:00,28.4,64,0.0,996.8,13.7,23.9,282,284,18,21,6,4,173,28.8,0.0,29.3,0.0,32.8,0.0,35.2,0.0,28.7,0.0,29.5,0.0,31.95833333333333,0.7000000000000008,30.600000000000005,0.7,-0.4000000000000021,0.0,Tiruchirappalli,25.8,0.0
2024-06-21 19:00:00,28.0,66,0.0,996.1,14.5,25.1,278,277,19,21,6,4,173,28.4,0.0,29.1,0.0,31.3,0.0,36.4,0.0,28.5,0.0,28.95,0.0,31.258333333333336,0.7000000000000008,30.57916666666667,0.7,-0.3999999999999986,0.0,Tiruchirappalli,26.1,0.0
2024-06-21 20:00:00,27.5,69,0.0,995.3,14.1,24.9,272,273,20,21,6,4,173,28.0,0.0,28.8,0.0,30.1,0.0,37.0,0.0,28.2,0.0,28.516666666666666,0.0,30.46666666666667,0.7000000000000008,30.55,0.7,-0.5,0.0,Tiruchirappalli,25.9,0.0
2024-06-21 21:00:00,27.1,71,0.0,994.7,14.1,25.2,273,273,21,21,6,4,173,27.5,0.0,28.4,0.0,29.3,0.0,34.8,0.0,27.9,0.0,28.15,0.0,29.825000000000003,0.7000000000000008,30.516666666666666,0.7,-0.3999999999999986,0.0,Tiruchirappalli,26.0,0.0
2024-06-21 22:00:00,26.8,73,0.0,994.2,13.7,24.5,273,273,22,21,6,4,173,27.1,0.0,28.0,0.0,29.1,0.0,32.1,0.6,27.4,0.0,27.766666666666666,0.0,29.383333333333336,0.1000000000000009,30.49166666666667,0.7,-0.3000000000000007,0.0,Tiruchirappalli,25.6,0.0
2024-06-21 23:00:00,26.6,74,0.0,994.2,12.6,23.1,272,272,23,21,6,4,173,26.8,0.0,27.5,0.0,28.8,0.0,33.4,0.1,26.9,0.0,27.4,0.0,28.816666666666663,0.0,30.47916666666667,0.7,-0.1999999999999993,0.0,Tiruchirappalli,25.3,0.0
2024-06-22 00:00:00,26.7,74,0.0,994.9,11.9,22.3,267,267,0,22,6,5,174,26.6,0.0,27.1,0.0,28.4,0.0,32.8,0.0,26.5,0.0,27.11666666666667,0.0,28.308333333333334,0.0,30.4875,0.7,0.0999999999999978,0.0,Tiruchirappalli,25.8,0.0
2024-06-22 01:00:00,27.2,73,0.0,995.5,11.3,19.5,282,279,1,22,6,5,174,26.7,0.0,26.8,0.0,28.0,0.0,31.3,0.0,26.8,0.0,26.98333333333333,0.0,27.96666666666667,0.0,30.504166666666663,0.7,0.5,0.0,Tiruchirappalli,26.6,0.0
2024-06-22 02:00:00,28.5,69,0.0,996.1,11.7,16.8,280,279,2,22,6,5,174,27.2,0.0,26.6,0.0,27.5,0.0,30.1,0.0,28.1,0.0,27.15,0.0,27.83333333333333,0.0,30.52083333333333,0.7,1.3000000000000007,0.0,Tiruchirappalli,27.8,0.0
2024-06-22 03:00:00,30.2,63,0.0,996.1,14.6,20.1,280,280,3,22,6,5,174,28.5,0.0,26.7,0.0,27.1,0.0,29.3,0.0,29.8,0.0,27.666666666666668,0.0,27.90833333333333,0.0,30.5375,0.7,1.6999999999999993,0.0,Tiruchirappalli,29.3,0.0
2024-06-22 04:00:00,32.1,55,0.0,996.2,16.7,22.4,276,276,4,22,6,5,174,30.2,0.0,27.2,0.0,26.8,0.0,29.1,0.0,31.9,0.0,28.55,0.0,28.15833333333333,0.0,30.54583333333333,0.7,1.900000000000002,0.0,Tiruchirappalli,31.1,0.0
2024-06-22 05:00:00,34.2,46,0.0,995.6,17.7,24.2,267,266,5,22,6,5,174,32.1,0.0,28.5,0.0,26.6,0.0,28.8,0.0,33.7,0.0,29.816666666666663,0.0,28.60833333333333,0.0,30.566666666666663,0.7,2.1000000000000014,0.0,Tiruchirappalli,31.8,0.0
2024-06-22 06:00:00,35.7,41,0.0,994.7,16.7,22.6,262,263,6,22,6,5,174,34.2,0.0,30.2,0.0,26.7,0.0,28.4,0.0,35.2,0.0,31.316666666666663,0.0,29.21666666666667,0.0,30.587499999999995,0.7,1.5,0.0,Tiruchirappalli,30.8,0.0
2024-06-22 07:00:00,36.7,38,0.0,993.9,17.1,22.6,261,262,7,22,6,5,174,35.7,0.0,32.1,0.0,27.2,0.0,28.0,0.0,36.4,0.0,32.9,0.0,29.941666666666663,0.0,30.6,0.7,1.0,0.0,Tiruchirappalli,31.9,0.0
2024-06-22 08:00:00,37.3,35,0.0,992.5,15.9,21.0,265,266,8,22,6,5,174,36.7,0.0,34.2,0.0,28.5,0.0,27.5,0.0,37.0,0.0,34.36666666666667,0.0,30.758333333333336,0.0,30.6125,0.7,0.5999999999999943,0.0,Tiruchirappalli,31.7,0.0
2024-06-22 09:00:00,37.6,34,0.0,991.8,16.2,21.6,270,270,9,22,6,5,174,37.3,0.0,35.7,0.0,30.2,0.0,27.1,0.0,34.8,0.0,35.6,0.0,31.63333333333333,0.0,30.729166666666668,0.7,0.3000000000000042,0.0,Tiruchirappalli,32.9,0.0
2024-06-22 10:00:00,37.0,35,0.0,991.1,16.6,22.7,269,270,10,22,6,5,174,37.6,0.0,36.7,0.0,32.1,0.0,26.8,0.0,32.1,0.6,36.41666666666666,0.0,32.48333333333333,0.0,30.933333333333334,0.1,-0.6000000000000014,0.0,Tiruchirappalli,33.6,0.0
2024-06-22 11:00:00,36.1,36,0.0,991.1,19.5,27.1,266,267,11,22,6,5,174,37.0,0.0,37.3,0.0,34.2,0.0,26.6,0.0,33.4,0.1,36.73333333333333,0.0,33.275,0.0,31.04583333333333,0.0,-0.8999999999999986,0.0,Tiruchirappalli,31.7,0.0
2024-06-22 12:00:00,34.0,44,0.2,992.1,21.0,32.5,260,258,12,22,6,5,174,36.1,0.0,37.6,0.0,35.7,0.0,26.7,0.0,32.8,0.0,36.45,0.1999999999999982,33.88333333333333,0.2000000000000009,31.09583333333333,0.2,-2.1000000000000014,0.2,Tiruchirappalli,31.3,0.0
2024-06-22 13:00:00,32.8,46,0.0,993.1,13.0,21.6,206,199,13,22,6,5,174,34.0,0.2,37.0,0.0,36.7,0.0,27.2,0.0,31.3,0.0,35.800000000000004,0.1999999999999982,34.35,0.2000000000000009,31.15833333333333,0.2,-1.2000000000000028,-0.2,Tiruchirappalli,29.0,0.0
2024-06-22 14:00:00,31.3,50,0.0,994.1,17.0,26.9,198,193,14,22,6,5,174,32.8,0.0,36.1,0.0,37.3,0.0,28.5,0.0,30.1,0.0,34.8,0.1999999999999982,34.583333333333336,0.2000000000000009,31.20833333333333,0.2,-1.4999999999999964,0.0,Tiruchirappalli,28.3,0.0
2024-06-22 15:00:00,28.5,68,0.0,995.2,16.2,27.0,196,197,15,22,6,5,174,31.3,0.0,34.0,0.2,37.6,0.0,30.2,0.0,29.3,0.0,33.28333333333333,0.1999999999999982,34.44166666666667,0.2000000000000009,31.175,0.2,-2.8000000000000007,0.0,Tiruchirappalli,27.4,0.1
2024-06-22 16:00:00,28.3,70,0.0,995.9,8.7,19.7,220,225,16,22,6,5,174,28.5,0.0,32.8,0.0,37.0,0.0,32.1,0.0,29.1,0.0,31.83333333333333,0.1999999999999982,34.125,0.2000000000000009,31.141666666666666,0.2,-0.1999999999999993,0.0,Tiruchirappalli,27.2,0.0
2024-06-22 17:00:00,28.1,71,0.1,996.0,8.3,16.8,261,265,17,22,6,5,174,28.3,0.0,31.3,0.0,36.1,0.0,34.2,0.0,28.8,0.0,30.5,0.2999999999999982,33.61666666666667,0.3000000000000009,31.1125,0.3,-0.1999999999999993,0.1,Tiruchirappalli,27.1,0.0
2024-06-22 18:00:00,28.4,68,0.0,996.0,10.1,18.0,268,266,18,22,6,5,174,28.1,0.1,28.5,0.0,34.0,0.2,35.7,0.0,28.4,0.0,29.566666666666663,0.0999999999999982,33.00833333333333,0.3000000000000009,31.1125,0.3,0.2999999999999971,-0.1,Tiruchirappalli,27.0,0.0
2024-06-22 19:00:00,28.2,67,0.0,995.1,10.4,18.7,269,268,19,22,6,5,174,28.4,0.0,28.3,0.0,32.8,0.0,36.7,0.0,28.0,0.0,28.8,0.0999999999999982,32.300000000000004,0.3000000000000009,31.120833333333334,0.3,-0.1999999999999993,0.0,Tiruchirappalli,26.7,0.0
2024-06-22 20:00:00,27.8,70,0.0,994.7,12.3,22.5,277,275,20,22,6,5,174,28.2,0.0,28.1,0.1,31.3,0.0,37.3,0.0,27.5,0.0,28.21666666666667,0.0999999999999982,31.50833333333333,0.3000000000000009,31.13333333333333,0.3,-0.3999999999999986,0.0,Tiruchirappalli,26.6,0.0
2024-06-22 21:00:00,27.8,68,0.0,994.3,13.4,23.8,285,284,21,22,6,5,174,27.8,0.0,28.4,0.0,28.5,0.0,37.6,0.0,27.1,0.0,28.1,0.0999999999999982,30.691666666666663,0.3000000000000009,31.162500000000005,0.3,0.0,0.0,Tiruchirappalli,26.5,0.0
2024-06-22 22:00:00,27.4,69,0.0,993.8,11.3,20.8,280,279,22,22,6,5,174,27.8,0.0,28.2,0.0,28.3,0.0,37.0,0.0,26.8,0.0,27.95,0.0999999999999982,29.89166666666667,0.3000000000000009,31.1875,0.3,-0.4000000000000021,0.0,Tiruchirappalli,26.2,0.0
2024-06-22 23:00:00,27.5,69,0.0,993.8,12.2,22.0,270,270,23,22,6,5,174,27.4,0.0,27.8,0.0,28.1,0.1,36.1,0.0,26.6,0.0,27.85,0.0,29.175,0.3000000000000009,31.225,0.3,0.1000000000000014,0.0,Tiruchirappalli,25.8,0.0
2024-06-23 00:00:00,27.6,69,0.0,993.9,15.5,26.7,273,273,0,23,6,6,175,27.5,0.0,27.8,0.0,28.4,0.0,34.0,0.2,26.7,0.0,27.716666666666665,0.0,28.641666666666666,0.1000000000000009,31.262500000000003,0.3,0.1000000000000014,0.0,Tiruchirappalli,25.5,0.0
2024-06-23 01:00:00,27.6,67,0.0,994.5,20.9,33.5,272,273,1,23,6,6,175,27.6,0.0,27.4,0.0,28.2,0.0,32.8,0.0,27.2,0.0,27.61666666666667,0.0,28.20833333333333,0.1000000000000009,31.279166666666665,0.3,0.0,0.0,Tiruchirappalli,26.3,0.0
2024-06-23 02:00:00,28.0,67,0.0,995.1,20.2,30.1,282,281,2,23,6,6,175,27.6,0.0,27.5,0.0,27.8,0.0,31.3,0.0,28.5,0.0,27.65,0.0,27.933333333333334,0.1000000000000009,31.25833333333333,0.3,0.3999999999999986,0.0,Tiruchirappalli,27.6,0.0
2024-06-23 03:00:00,29.7,59,0.0,995.2,16.9,24.0,283,282,3,23,6,6,175,28.0,0.0,27.6,0.0,27.8,0.0,28.5,0.0,30.2,0.0,27.96666666666667,0.0,28.03333333333333,0.1000000000000009,31.2375,0.3,1.6999999999999993,0.0,Tiruchirappalli,29.4,0.0
2024-06-23 04:00:00,31.8,50,0.0,995.3,18.4,25.7,281,281,4,23,6,6,175,29.7,0.0,27.6,0.0,27.4,0.0,28.3,0.0,32.1,0.0,28.700000000000003,0.0,28.325000000000003,0.1000000000000009,31.225,0.3,2.1000000000000014,0.0,Tiruchirappalli,31.1,0.0
2024-06-23 05:00:00,33.6,44,0.0,995.0,20.9,28.6,284,285,5,23,6,6,175,31.8,0.0,28.0,0.0,27.5,0.0,28.1,0.1,34.2,0.0,29.71666666666667,0.0,28.78333333333333,0.0,31.2,0.3,1.8000000000000007,0.0,Tiruchirappalli,32.7,0.0
2024-06-23 06:00:00,35.1,39,0.0,994.6,22.7,31.0,273,274,6,23,6,6,175,33.6,0.0,29.7,0.0,27.6,0.0,28.4,0.0,35.7,0.0,30.96666666666667,0.0,29.34166666666667,0.0,31.175,0.3,1.5,0.0,Tiruchirappalli,34.9,0.0
2024-06-23 07:00:00,36.2,39,0.0,993.9,22.8,31.0,273,275,7,23,6,6,175,35.1,0.0,31.8,0.0,27.6,0.0,28.2,0.0,36.7,0.0,32.4,0.0,30.00833333333333,0.0,31.15416666666667,0.3,1.1000000000000014,0.0,Tiruchirappalli,35.7,0.0
2024-06-23 08:00:00,37.4,36,0.0,992.6,24.1,32.8,270,271,8,23,6,6,175,36.2,0.0,33.6,0.0,28.0,0.0,27.8,0.0,37.3,0.0,33.96666666666667,0.0,30.808333333333337,0.0,31.15833333333333,0.3,1.1999999999999955,0.0,Tiruchirappalli,36.6,0.0
2024-06-23 09:00:00,32.5,54,0.4,992.6,22.3,32.0,287,288,9,23,6,6,175,37.4,0.0,35.1,0.0,29.7,0.0,27.8,0.0,37.6,0.0,34.43333333333334,0.3999999999999982,31.200000000000003,0.4000000000000009,30.945833333333336,0.7000000000000001,-4.899999999999999,0.4,Tiruchirappalli,36.5,0.0
2024-06-23 10:00:00,34.8,44,0.0,991.7,17.7,24.3,258,257,10,23,6,6,175,32.5,0.4,36.2,0.0,31.8,0.0,27.4,0.0,37.0,0.0,34.93333333333333,0.3999999999999982,31.816666666666663,0.4000000000000009,30.854166666666668,0.7000000000000001,2.299999999999997,-0.4,Tiruchirappalli,36.7,0.0
2024-06-23 11:00:00,34.5,43,0.1,991.4,20.7,29.1,258,257,11,23,6,6,175,34.8,0.0,37.4,0.0,33.6,0.0,27.5,0.0,36.1,0.0,35.083333333333336,0.4999999999999982,32.4,0.5000000000000009,30.7875,0.8,-0.2999999999999971,0.1,Tiruchirappalli,35.6,0.0
2024-06-23 12:00:00,33.4,46,0.0,991.7,22.7,33.5,272,274,12,23,6,6,175,34.5,0.1,32.5,0.4,35.1,0.0,27.6,0.0,34.0,0.2,34.800000000000004,0.4999999999999982,32.88333333333333,0.5000000000000009,30.7625,0.6000000000000001,-1.1000000000000014,-0.1,Tiruchirappalli,34.9,0.0
2024-06-23 13:00:00,31.0,56,0.0,992.8,14.1,22.5,276,276,13,23,6,6,175,33.4,0.0,34.8,0.0,36.2,0.0,27.6,0.0,32.8,0.0,33.93333333333333,0.4999999999999982,33.166666666666664,0.5000000000000009,30.6875,0.6000000000000001,-2.3999999999999986,0.0,Tiruchirappalli,32.7,0.0
2024-06-23 14:00:00,30.1,61,0.0,993.7,18.0,28.8,283,282,14,23,6,6,175,31.0,0.0,34.5,0.1,37.4,0.0,28.0,0.0,31.3,0.0,32.71666666666666,0.4999999999999982,33.34166666666667,0.5000000000000009,30.6375,0.6000000000000001,-0.8999999999999986,0.0,Tiruchirappalli,31.2,0.0
2024-06-23 15:00:00,28.1,69,0.2,994.7,15.8,27.1,274,271,15,23,6,6,175,30.1,0.0,33.4,0.0,32.5,0.4,29.7,0.0,28.5,0.0,31.98333333333333,0.2999999999999982,33.208333333333336,0.700000000000001,30.620833333333334,0.8000000000000002,-2.0,0.2,Tiruchirappalli,30.3,0.0
2024-06-23 16:00:00,27.2,78,0.9,995.5,13.3,22.7,270,267,16,23,6,6,175,28.1,0.2,31.0,0.0,34.8,0.0,31.8,0.0,28.3,0.0,30.71666666666667,1.1999999999999984,32.825,1.600000000000001,30.575000000000003,1.7000000000000002,-0.9000000000000021,0.7,Tiruchirappalli,29.4,0.0
2024-06-23 17:00:00,26.9,80,1.0,995.5,10.9,20.3,277,278,17,23,6,6,175,27.2,0.9,30.1,0.0,34.5,0.1,33.6,0.0,28.1,0.1,29.45,2.0999999999999983,32.266666666666666,2.600000000000001,30.525,2.6,-0.3000000000000007,0.0999999999999999,Tiruchirappalli,28.5,0.0
2024-06-23 18:00:00,26.8,77,0.0,995.6,15.7,27.8,287,286,18,23,6,6,175,26.9,1.0,28.1,0.2,33.4,0.0,35.1,0.0,28.4,0.0,28.35,2.0999999999999983,31.575,2.600000000000001,30.45833333333333,2.6,-0.0999999999999978,-1.0,Tiruchirappalli,27.9,0.0
2024-06-23 19:00:00,26.3,79,0.0,995.3,13.8,24.6,275,276,19,23,6,6,175,26.8,0.0,27.2,0.9,31.0,0.0,36.2,0.0,28.2,0.0,27.566666666666663,2.0999999999999983,30.75,2.600000000000001,30.379166666666663,2.6,-0.5,0.0,Tiruchirappalli,27.5,0.0
2024-06-23 20:00:00,26.4,79,0.0,994.8,11.9,21.6,273,273,20,23,6,6,175,26.3,0.0,26.9,1.0,30.1,0.0,37.4,0.0,27.8,0.0,26.95,2.0999999999999983,29.83333333333333,2.600000000000001,30.320833333333336,2.6,0.0999999999999978,0.0,Tiruchirappalli,27.0,0.0
2024-06-23 21:00:00,26.3,81,0.2,994.8,11.9,21.3,273,273,21,23,6,6,175,26.4,0.0,26.8,0.0,28.1,0.2,32.5,0.4,27.8,0.0,26.65,2.0999999999999983,29.316666666666663,2.400000000000001,30.25833333333333,2.8000000000000003,-0.0999999999999978,0.2,Tiruchirappalli,26.5,0.0
2024-06-23 22:00:00,26.1,81,0.1,994.2,11.2,20.9,273,274,22,23,6,6,175,26.3,0.2,26.3,0.0,27.2,0.9,34.8,0.0,27.4,0.0,26.466666666666665,1.2999999999999985,28.59166666666667,2.500000000000001,30.204166666666666,2.9000000000000004,-0.1999999999999993,-0.1,Tiruchirappalli,26.2,0.0
2024-06-23 23:00:00,26.1,79,0.0,994.4,12.6,23.8,267,265,23,23,6,6,175,26.1,0.1,26.4,0.0,26.9,1.0,34.5,0.1,27.5,0.0,26.33333333333333,0.2999999999999984,27.89166666666667,2.400000000000001,30.14583333333333,2.9000000000000004,0.0,-0.1,Tiruchirappalli,25.9,0.0
2024-06-24 00:00:00,26.4,77,0.0,994.7,15.0,26.1,263,260,0,24,6,0,176,26.1,0.0,26.3,0.2,26.8,0.0,33.4,0.0,27.6,0.0,26.266666666666666,0.2999999999999984,27.308333333333334,2.400000000000001,30.09583333333333,2.9000000000000004,0.2999999999999971,0.0,Tiruchirappalli,25.7,0.0
2024-06-24 01:00:00,27.7,68,0.0,994.9,11.2,18.8,273,266,1,24,6,0,176,26.4,0.0,26.1,0.1,26.3,0.0,31.0,0.0,27.6,0.0,26.5,0.2999999999999984,27.03333333333333,2.400000000000001,30.100000000000005,2.9000000000000004,1.3000000000000007,0.0,Tiruchirappalli,26.8,0.0
2024-06-24 02:00:00,28.5,66,0.0,995.2,11.2,15.8,269,268,2,24,6,0,176,27.7,0.0,26.1,0.0,26.4,0.0,30.1,0.0,28.0,0.0,26.850000000000005,0.2999999999999984,26.899999999999995,2.400000000000001,30.120833333333337,2.9000000000000004,0.8000000000000007,0.0,Tiruchirappalli,28.4,0.0
2024-06-24 03:00:00,29.2,63,0.0,995.2,13.7,19.1,266,265,3,24,6,0,176,28.5,0.0,26.4,0.0,26.3,0.2,28.1,0.2,29.7,0.0,27.33333333333333,0.0999999999999983,26.991666666666664,2.2000000000000006,30.1,2.9000000000000004,0.6999999999999993,0.0,Tiruchirappalli,30.2,0.0
2024-06-24 04:00:00,31.0,56,0.0,995.2,15.3,20.8,261,262,4,24,6,0,176,29.2,0.0,27.7,0.0,26.1,0.1,27.2,0.9,31.8,0.0,28.15,0.0,27.308333333333337,1.300000000000001,30.066666666666663,2.9000000000000004,1.8000000000000007,0.0,Tiruchirappalli,31.6,0.0
2024-06-24 05:00:00,32.9,51,0.0,994.7,19.6,26.4,265,264,5,24,6,0,176,31.0,0.0,28.5,0.0,26.1,0.0,26.9,1.0,33.6,0.0,29.28333333333333,0.0,27.808333333333334,0.3000000000000009,30.0375,2.9000000000000004,1.8999999999999984,0.0,Tiruchirappalli,33.9,0.0
2024-06-24 06:00:00,34.5,46,0.0,994.4,21.8,29.5,262,261,6,24,6,0,176,32.9,0.0,29.2,0.0,26.4,0.0,26.8,0.0,35.1,0.0,30.633333333333336,0.0,28.45,0.3000000000000009,30.0125,2.9000000000000004,1.6000000000000014,0.0,Tiruchirappalli,35.3,0.0
2024-06-24 07:00:00,34.9,44,0.0,993.8,24.1,33.5,269,269,7,24,6,0,176,34.5,0.0,31.0,0.0,27.7,0.0,26.3,0.0,36.2,0.0,31.83333333333333,0.0,29.166666666666668,0.3000000000000009,29.95833333333333,2.9000000000000004,0.3999999999999986,0.0,Tiruchirappalli,36.5,0.0
2024-06-24 08:00:00,34.6,45,0.0,993.2,23.5,32.5,265,264,8,24,6,0,176,34.9,0.0,32.9,0.0,28.5,0.0,26.4,0.0,37.4,0.0,32.85,0.0,29.85,0.3000000000000009,29.841666666666665,2.9000000000000004,-0.2999999999999971,0.0,Tiruchirappalli,37.4,0.0
2024-06-24 09:00:00,35.1,44,0.0,992.4,19.2,26.8,259,257,9,24,6,0,176,34.6,0.0,34.5,0.0,29.2,0.0,26.3,0.2,32.5,0.4,33.833333333333336,0.0,30.58333333333333,0.1000000000000009,29.95,2.5,0.5,0.0,Tiruchirappalli,37.5,0.0
2024-06-24 10:00:00,33.7,48,0.0,992.2,21.7,31.1,264,263,10,24,6,0,176,35.1,0.0,34.9,0.0,31.0,0.0,26.1,0.1,34.8,0.0,34.28333333333333,0.0,31.21666666666667,0.0,29.90416666666667,2.5,-1.3999999999999986,0.0,Tiruchirappalli,37.4,0.0
2024-06-24 11:00:00,34.3,47,0.0,991.5,21.0,29.3,265,264,11,24,6,0,176,33.7,0.0,34.6,0.0,32.9,0.0,26.1,0.0,34.5,0.1,34.516666666666666,0.0,31.899999999999995,0.0,29.89583333333333,2.4000000000000004,0.5999999999999943,0.0,Tiruchirappalli,33.8,0.3
2024-06-24 12:00:00,32.6,51,0.0,992.3,24.2,35.7,272,273,12,24,6,0,176,34.3,0.0,35.1,0.0,34.5,0.0,26.4,0.0,33.4,0.0,34.2,0.0,32.416666666666664,0.0,29.8625,2.4000000000000004,-1.6999999999999955,0.0,Tiruchirappalli,33.7,0.0
2024-06-24 13:00:00,30.2,58,0.0,993.7,18.0,27.4,253,250,13,24,6,0,176,32.6,0.0,33.7,0.0,34.9,0.0,27.7,0.0,31.0,0.0,33.41666666666667,0.0,32.625,0.0,29.82916666666667,2.4000000000000004,-2.400000000000002,0.0,Tiruchirappalli,33.4,0.0
2024-06-24 14:00:00,28.8,65,0.0,994.0,14.7,23.4,256,253,14,24,6,0,176,30.2,0.0,34.3,0.0,34.6,0.0,28.5,0.0,30.1,0.0,32.45,0.0,32.65,0.0,29.775,2.4000000000000004,-1.3999999999999986,0.0,Tiruchirappalli,32.3,0.0
2024-06-24 15:00:00,28.6,67,0.0,994.4,16.2,27.1,266,266,15,24,6,0,176,28.8,0.0,32.6,0.0,35.1,0.0,29.2,0.0,28.1,0.2,31.366666666666664,0.0,32.6,0.0,29.79583333333333,2.2,-0.1999999999999993,0.0,Tiruchirappalli,31.0,0.0
2024-06-24 16:00:00,28.5,65,0.0,995.1,18.3,30.3,280,280,16,24,6,0,176,28.6,0.0,30.2,0.0,33.7,0.0,31.0,0.0,27.2,0.9,30.5,0.0,32.39166666666667,0.0,29.85,1.3,-0.1000000000000014,0.0,Tiruchirappalli,29.9,0.0
2024-06-24 17:00:00,27.7,70,0.4,995.6,16.2,27.8,267,266,17,24,6,0,176,28.5,0.0,28.8,0.0,34.3,0.0,32.9,0.0,26.9,1.0,29.4,0.3999999999999983,31.95833333333333,0.4000000000000009,29.88333333333333,0.7000000000000002,-0.8000000000000007,0.4,Tiruchirappalli,29.0,0.0
2024-06-24 18:00:00,27.4,71,0.1,995.3,14.8,25.2,267,267,18,24,6,0,176,27.7,0.4,28.6,0.0,32.6,0.0,34.5,0.0,26.8,0.0,28.53333333333333,0.4999999999999983,31.366666666666664,0.5000000000000009,29.90833333333333,0.8000000000000002,-0.3000000000000007,-0.3,Tiruchirappalli,28.5,0.0
2024-06-24 19:00:00,27.2,72,0.0,994.7,13.0,22.7,266,265,19,24,6,0,176,27.4,0.1,28.5,0.0,30.2,0.0,34.9,0.0,26.3,0.0,28.03333333333333,0.4999999999999983,30.725000000000005,0.5000000000000009,29.94583333333333,0.8000000000000002,-0.1999999999999993,-0.1,Tiruchirappalli,27.9,0.0
2024-06-24 20:00:00,27.1,72,0.0,994.2,10.1,18.7,270,268,20,24,6,0,176,27.2,0.0,27.7,0.4,28.8,0.0,34.6,0.0,26.4,0.0,27.75,0.4999999999999983,30.1,0.5000000000000009,29.975,0.8000000000000002,-0.0999999999999978,0.0,Tiruchirappalli,27.4,0.0
2024-06-24 21:00:00,27.1,72,0.0,993.8,11.3,19.8,268,263,21,24,6,0,176,27.1,0.0,27.4,0.1,28.6,0.0,35.1,0.0,26.3,0.2,27.5,0.4999999999999983,29.433333333333337,0.5000000000000009,30.008333333333336,0.6000000000000001,0.0,0.0,Tiruchirappalli,27.1,0.0
2024-06-24 22:00:00,27.0,72,0.0,993.4,10.3,18.4,264,258,22,24,6,0,176,27.1,0.0,27.2,0.0,28.5,0.0,33.7,0.0,26.1,0.1,27.25,0.4999999999999983,28.875,0.5000000000000009,30.04583333333333,0.5000000000000001,-0.1000000000000014,0.0,Tiruchirappalli,27.0,0.0
2024-06-24 23:00:00,26.9,73,0.0,993.9,8.4,15.7,259,250,23,24,6,0,176,27.0,0.0,27.1,0.0,27.7,0.4,34.3,0.0,26.1,0.0,27.116666666666664,0.0999999999999983,28.258333333333336,0.5000000000000009,30.079166666666666,0.5000000000000001,-0.1000000000000014,0.0,Tiruchirappalli,27.0,0.0
2024-06-25 00:00:00,26.8,73,0.0,994.4,8.6,14.9,250,237,0,25,6,1,177,26.9,0.0,27.1,0.0,27.4,0.1,32.6,0.0,26.4,0.0,27.016666666666666,0.0,27.775,0.5000000000000009,30.09583333333333,0.5000000000000001,-0.0999999999999978,0.0,Tiruchirappalli,26.7,0.0
2024-06-25 01:00:00,26.5,75,0.2,995.1,15.1,24.9,272,269,1,25,6,1,177,26.8,0.0,27.0,0.0,27.2,0.0,30.2,0.0,27.7,0.0,26.9,0.1999999999999983,27.46666666666667,0.700000000000001,30.04583333333333,0.7000000000000002,-0.3000000000000007,0.2,Tiruchirappalli,27.7,0.0
2024-06-25 02:00:00,27.0,72,0.0,995.4,10.9,16.6,266,262,2,25,6,1,177,26.5,0.2,26.9,0.0,27.1,0.0,28.8,0.0,28.5,0.0,26.883333333333336,0.1999999999999983,27.316666666666663,0.700000000000001,29.98333333333333,0.7000000000000002,0.5,-0.2,Tiruchirappalli,28.9,0.0
2024-06-25 03:00:00,28.0,68,0.0,995.4,11.7,15.8,258,259,3,25,6,1,177,27.0,0.0,26.8,0.0,27.1,0.0,28.6,0.0,29.2,0.0,27.03333333333333,0.1999999999999983,27.266666666666666,0.700000000000001,29.933333333333334,0.7000000000000002,1.0,0.0,Tiruchirappalli,30.0,0.0
2024-06-25 04:00:00,30.3,59,0.0,995.4,13.7,18.1,249,252,4,25,6,1,177,28.0,0.0,26.5,0.2,27.0,0.0,28.5,0.0,31.0,0.0,27.58333333333333,0.1999999999999983,27.416666666666668,0.700000000000001,29.90416666666667,0.7000000000000002,2.3000000000000007,0.0,Tiruchirappalli,31.9,0.0
2024-06-25 05:00:00,32.6,52,0.0,995.2,8.9,11.6,248,249,5,25,6,1,177,30.3,0.0,27.0,0.0,26.9,0.0,27.7,0.4,32.9,0.0,28.53333333333333,0.1999999999999983,27.825,0.3000000000000009,29.89166666666667,0.7000000000000002,2.3000000000000007,0.0,Tiruchirappalli,33.5,0.0
2024-06-25 06:00:00,34.5,47,0.0,994.8,13.3,17.1,252,251,6,25,6,1,177,32.6,0.0,28.0,0.0,26.8,0.0,27.4,0.1,34.5,0.0,29.816666666666663,0.1999999999999983,28.416666666666668,0.2000000000000009,29.89166666666667,0.7000000000000002,1.8999999999999984,0.0,Tiruchirappalli,35.1,0.0
2024-06-25 07:00:00,35.1,45,0.0,994.2,17.3,23.1,259,258,7,25,6,1,177,34.5,0.0,30.3,0.0,26.5,0.2,27.2,0.0,34.9,0.0,31.25,0.0,29.075,0.2000000000000009,29.899999999999995,0.7000000000000002,0.6000000000000014,0.0,Tiruchirappalli,36.0,0.0
2024-06-25 08:00:00,34.1,47,0.3,993.7,22.7,30.8,247,247,8,25,6,1,177,35.1,0.0,32.6,0.0,27.0,0.0,27.1,0.0,34.6,0.0,32.43333333333333,0.2999999999999983,29.65833333333333,0.5000000000000009,29.879166666666663,1.0,-1.0,0.3,Tiruchirappalli,36.4,0.0
2024-06-25 09:00:00,35.5,43,0.0,992.8,24.4,33.9,258,256,9,25,6,1,177,34.1,0.3,34.5,0.0,28.0,0.0,27.1,0.0,35.1,0.0,33.68333333333333,0.2999999999999983,30.35833333333333,0.5000000000000009,29.89583333333333,1.0,1.3999999999999986,-0.3,Tiruchirappalli,36.0,0.0
2024-06-25 10:00:00,34.1,48,0.1,992.1,22.5,31.5,259,258,10,25,6,1,177,35.5,0.0,35.1,0.0,30.3,0.0,27.0,0.0,33.7,0.0,34.31666666666667,0.3999999999999983,30.95,0.6000000000000009,29.9125,1.1,-1.3999999999999986,0.1,Tiruchirappalli,33.1,0.6
2024-06-25 11:00:00,33.3,50,0.1,992.2,20.6,29.6,265,264,11,25,6,1,177,34.1,0.1,34.1,0.3,32.6,0.0,26.9,0.0,34.3,0.0,34.43333333333333,0.4999999999999983,31.48333333333333,0.7000000000000008,29.870833333333337,1.2000000000000002,-0.8000000000000043,0.0,Tiruchirappalli,28.0,12.6
2024-06-25 12:00:00,32.4,52,0.0,992.7,21.6,32.0,270,271,12,25,6,1,177,33.3,0.1,35.5,0.0,34.5,0.0,26.8,0.0,32.6,0.0,34.083333333333336,0.4999999999999983,31.95,0.7000000000000008,29.8625,1.2000000000000002,-0.8999999999999986,-0.1,Tiruchirappalli,27.1,4.9
2024-06-25 13:00:00,30.3,61,0.0,993.2,20.2,32.8,269,268,13,25,6,1,177,32.4,0.0,34.1,0.1,35.1,0.0,26.5,0.2,30.2,0.0,33.28333333333333,0.4999999999999983,32.266666666666666,0.5000000000000009,29.866666666666664,1.2000000000000002,-2.099999999999998,0.0,Tiruchirappalli,27.2,0.3
2024-06-25 14:00:00,30.0,62,0.0,993.9,16.2,27.7,272,270,14,25,6,1,177,30.3,0.0,33.3,0.1,34.1,0.3,27.0,0.0,28.8,0.0,32.6,0.1999999999999983,32.516666666666666,0.5000000000000009,29.916666666666668,1.2000000000000002,-0.3000000000000007,0.0,Tiruchirappalli,26.9,0.0
2024-06-25 15:00:00,29.1,66,0.0,994.9,24.5,38.6,279,280,15,25,6,1,177,30.0,0.0,32.4,0.0,35.5,0.0,28.0,0.0,28.6,0.0,31.53333333333333,0.1999999999999983,32.608333333333334,0.5000000000000009,29.9375,1.2000000000000002,-0.8999999999999986,0.0,Tiruchirappalli,27.2,0.0
2024-06-25 16:00:00,28.3,69,0.0,995.4,22.5,35.9,263,264,16,25,6,1,177,29.1,0.0,30.3,0.0,34.1,0.1,30.3,0.0,28.5,0.0,30.566666666666663,0.0999999999999983,32.44166666666667,0.5000000000000009,29.929166666666664,1.2000000000000002,-0.8000000000000007,0.0,Tiruchirappalli,27.0,0.0
2024-06-25 17:00:00,27.2,75,0.0,995.1,20.5,33.1,269,267,17,25,6,1,177,28.3,0.0,30.0,0.0,33.3,0.1,32.6,0.0,27.7,0.4,29.55,0.0,31.99166666666667,0.5000000000000009,29.90833333333333,0.8,-1.1000000000000014,0.0,Tiruchirappalli,26.8,0.0
2024-06-25 18:00:00,27.7,71,0.0,995.0,17.6,30.4,275,271,18,25,6,1,177,27.2,0.0,29.1,0.0,32.4,0.0,34.5,0.0,27.4,0.1,28.766666666666666,0.0,31.425,0.5000000000000009,29.92083333333333,0.7000000000000002,0.5,0.0,Tiruchirappalli,26.6,0.0
2024-06-25 19:00:00,28.0,68,0.0,995.0,16.2,27.9,284,283,19,25,6,1,177,27.7,0.0,28.3,0.0,30.3,0.0,35.1,0.0,27.2,0.0,28.383333333333336,0.0,30.83333333333333,0.5000000000000009,29.95416666666667,0.7000000000000002,0.3000000000000007,0.0,Tiruchirappalli,26.4,0.0
2024-06-25 20:00:00,28.1,68,0.0,994.9,17.5,29.2,280,279,20,25,6,1,177,28.0,0.0,27.2,0.0,30.0,0.0,34.1,0.3,27.1,0.0,28.066666666666663,0.0,30.33333333333333,0.2000000000000009,29.995833333333334,0.7000000000000002,0.1000000000000014,0.0,Tiruchirappalli,26.1,0.0
2024-06-25 21:00:00,27.9,69,0.0,994.3,16.2,26.7,273,270,21,25,6,1,177,28.1,0.0,27.7,0.0,29.1,0.0,35.5,0.0,27.1,0.0,27.866666666666664,0.0,29.7,0.2000000000000009,30.02916666666667,0.7000000000000002,-0.2000000000000028,0.0,Tiruchirappalli,26.0,0.0
2024-06-25 22:00:00,27.4,72,0.0,993.8,11.3,19.1,259,253,22,25,6,1,177,27.9,0.0,28.0,0.0,28.3,0.0,34.1,0.1,27.0,0.0,27.71666666666667,0.0,29.141666666666666,0.1000000000000009,30.04583333333333,0.7000000000000002,-0.5,0.0,Tiruchirappalli,25.9,0.0
2024-06-25 23:00:00,27.3,71,0.0,993.5,8.0,15.5,266,260,23,25,6,1,177,27.4,0.0,28.1,0.0,27.2,0.0,33.3,0.1,26.9,0.0,27.73333333333333,0.0,28.641666666666666,0.0,30.0625,0.7000000000000002,-0.0999999999999978,0.0,Tiruchirappalli,25.9,0.0
2024-06-26 00:00:00,27.4,69,0.0,993.7,11.4,20.5,269,259,0,26,6,2,178,27.3,0.0,27.9,0.0,27.7,0.0,32.4,0.0,26.8,0.0,27.683333333333334,0.0,28.225000000000005,0.0,30.0875,0.7000000000000002,0.0999999999999978,0.0,Tiruchirappalli,26.1,0.0
2024-06-26 01:00:00,26.1,77,0.0,994.5,15.8,26.3,272,269,1,26,6,2,178,27.4,0.0,27.4,0.0,28.0,0.0,30.3,0.0,26.5,0.2,27.366666666666664,0.0,27.875,0.0,30.070833333333336,0.5,-1.2999999999999972,0.0,Tiruchirappalli,26.4,0.0
2024-06-26 02:00:00,26.7,74,0.0,995.1,12.0,20.2,266,263,2,26,6,2,178,26.1,0.0,27.3,0.0,28.1,0.0,30.0,0.0,27.0,0.0,27.133333333333336,0.0,27.6,0.0,30.058333333333337,0.5,0.5999999999999979,0.0,Tiruchirappalli,28.0,0.0
2024-06-26 03:00:00,27.3,72,0.1,995.4,11.4,16.8,260,259,3,26,6,2,178,26.7,0.0,27.4,0.0,27.9,0.0,29.1,0.0,28.0,0.0,27.03333333333333,0.0999999999999983,27.45,0.1000000000000009,30.02916666666667,0.6000000000000001,0.6000000000000014,0.1,Tiruchirappalli,29.6,0.0
2024-06-26 04:00:00,27.9,73,0.4,995.2,12.3,17.8,263,263,4,26,6,2,178,27.3,0.1,26.1,0.0,27.4,0.0,28.3,0.0,30.3,0.0,27.116666666666664,0.4999999999999983,27.416666666666668,0.5000000000000009,29.929166666666664,1.0,0.5999999999999979,0.3,Tiruchirappalli,30.9,0.0
2024-06-26 05:00:00,27.2,82,0.7,995.3,9.0,13.4,264,265,5,26,6,2,178,27.9,0.4,26.7,0.0,27.3,0.0,27.2,0.0,32.6,0.0,27.100000000000005,1.1999999999999984,27.416666666666668,1.2000000000000008,29.704166666666666,1.7000000000000002,-0.6999999999999993,0.2999999999999999,Tiruchirappalli,32.6,0.0
2024-06-26 06:00:00,26.6,92,0.8,995.0,8.7,12.6,270,275,6,26,6,2,178,27.2,0.7,27.3,0.1,27.4,0.0,27.7,0.0,34.5,0.0,26.96666666666667,1.9999999999999984,27.325,2.000000000000001,29.375,2.5,-0.5999999999999979,0.1,Tiruchirappalli,32.8,0.0
2024-06-26 07:00:00,26.7,90,1.0,994.6,6.9,10.4,272,276,7,26,6,2,178,26.6,0.8,27.9,0.4,26.1,0.0,28.0,0.0,35.1,0.0,27.066666666666663,2.9999999999999982,27.21666666666667,3.000000000000001,29.025,3.5,0.0999999999999978,0.1999999999999999,Tiruchirappalli,33.6,0.1
2024-06-26 08:00:00,27.8,82,0.2,994.4,7.8,10.6,246,248,8,26,6,2,178,26.7,1.0,27.2,0.7,26.7,0.0,28.1,0.0,34.1,0.3,27.25,3.1999999999999984,27.191666666666663,3.200000000000001,28.762500000000003,3.4000000000000004,1.1000000000000014,-0.8,Tiruchirappalli,32.3,0.1
2024-06-26 09:00:00,28.3,79,0.0,993.9,8.9,11.6,196,194,9,26,6,2,178,27.8,0.2,26.6,0.8,27.3,0.1,27.9,0.0,35.5,0.0,27.416666666666668,3.0999999999999983,27.225,3.200000000000001,28.4625,3.4000000000000004,0.5,-0.2,Tiruchirappalli,33.3,0.0
2024-06-26 10:00:00,28.8,75,0.0,993.7,8.0,10.4,200,198,10,26,6,2,178,28.3,0.0,26.7,1.0,27.9,0.4,27.4,0.0,34.1,0.1,27.566666666666663,2.6999999999999984,27.34166666666667,3.200000000000001,28.241666666666664,3.3000000000000003,0.5,0.0,Tiruchirappalli,31.8,0.8
2024-06-26 11:00:00,28.4,77,0.3,993.8,9.0,12.6,207,209,11,26,6,2,178,28.8,0.0,27.8,0.2,27.2,0.7,27.3,0.0,33.3,0.1,27.766666666666666,2.299999999999998,27.433333333333334,3.500000000000001,28.037500000000005,3.5,-0.4000000000000021,0.3,Tiruchirappalli,32.1,0.0
2024-06-26 12:00:00,28.0,79,0.1,993.8,6.6,9.2,191,189,12,26,6,2,178,28.4,0.3,28.3,0.0,26.6,0.8,27.4,0.0,32.4,0.0,28.0,1.5999999999999983,27.48333333333333,3.600000000000001,27.854166666666668,3.6,-0.3999999999999986,-0.1999999999999999,Tiruchirappalli,32.8,0.0
2024-06-26 13:00:00,27.0,87,0.1,994.9,3.1,9.0,241,234,13,26,6,2,178,28.0,0.1,28.8,0.0,26.7,1.0,26.1,0.0,30.3,0.0,28.05,0.6999999999999982,27.558333333333334,3.700000000000001,27.71666666666667,3.7,-1.0,0.0,Tiruchirappalli,31.2,0.0
2024-06-26 14:00:00,26.6,95,0.2,995.6,2.4,7.1,246,243,14,26,6,2,178,27.0,0.1,28.4,0.3,27.8,0.2,26.7,0.0,30.0,0.0,27.85,0.6999999999999982,27.55,3.900000000000001,27.575,3.9,-0.3999999999999986,0.1,Tiruchirappalli,30.1,0.0
2024-06-26 15:00:00,26.3,91,0.1,996.3,3.7,8.5,282,299,15,26,6,2,178,26.6,0.2,28.0,0.1,28.3,0.0,27.3,0.1,29.1,0.0,27.51666666666667,0.7999999999999983,27.46666666666667,3.900000000000001,27.45833333333333,4.0,-0.3000000000000007,-0.1,Tiruchirappalli,28.9,0.0
2024-06-26 16:00:00,26.2,89,0.0,996.5,5.1,12.3,275,274,16,26,6,2,178,26.3,0.1,27.0,0.1,28.8,0.0,27.9,0.4,28.3,0.0,27.08333333333333,0.7999999999999983,27.325,3.500000000000001,27.370833333333337,4.0,-0.1000000000000014,-0.1,Tiruchirappalli,28.1,0.0
2024-06-26 17:00:00,25.9,87,0.0,996.7,4.3,11.5,270,265,17,26,6,2,178,26.2,0.0,26.6,0.2,28.4,0.3,27.2,0.7,27.2,0.0,26.666666666666668,0.4999999999999982,27.216666666666665,2.8000000000000007,27.316666666666663,4.0,-0.3000000000000007,0.0,Tiruchirappalli,27.7,0.0
2024-06-26 18:00:00,25.8,86,0.0,996.5,4.7,11.9,273,270,18,26,6,2,178,25.9,0.0,26.3,0.1,28.0,0.1,26.6,0.8,27.7,0.0,26.3,0.3999999999999982,27.15,2.000000000000001,27.2375,4.0,-0.0999999999999978,0.0,Tiruchirappalli,27.6,0.0
2024-06-26 19:00:00,26.1,82,0.0,995.9,10.0,19.6,263,257,19,26,6,2,178,25.8,0.0,26.2,0.0,27.0,0.1,26.7,1.0,28.0,0.0,26.15,0.2999999999999982,27.1,1.0000000000000009,27.15833333333333,4.0,0.3000000000000007,0.0,Tiruchirappalli,27.3,0.0
2024-06-26 20:00:00,25.9,83,0.0,995.5,9.5,19.1,250,241,20,26,6,2,178,26.1,0.0,25.9,0.0,26.6,0.2,27.8,0.2,28.1,0.0,26.03333333333333,0.0999999999999982,26.941666666666663,0.8000000000000009,27.066666666666663,4.0,-0.2000000000000028,0.0,Tiruchirappalli,27.1,0.0
2024-06-26 21:00:00,26.0,82,0.0,994.8,7.2,15.8,249,233,21,26,6,2,178,25.9,0.0,25.8,0.0,26.3,0.1,28.3,0.0,27.9,0.0,25.98333333333333,0.0,26.75,0.8000000000000009,26.9875,4.0,0.1000000000000014,0.0,Tiruchirappalli,26.9,0.0
2024-06-26 22:00:00,25.6,85,0.0,994.9,4.0,11.4,252,243,22,26,6,2,178,26.0,0.0,26.1,0.0,26.2,0.0,28.8,0.0,27.4,0.0,25.883333333333336,0.0,26.48333333333333,0.8000000000000009,26.9125,4.0,-0.3999999999999986,0.0,Tiruchirappalli,26.7,0.0
2024-06-26 23:00:00,25.3,87,0.0,995.0,5.6,9.1,261,243,23,26,6,2,178,25.6,0.0,25.9,0.0,25.9,0.0,28.4,0.3,27.3,0.0,25.78333333333333,0.0,26.225000000000005,0.5000000000000009,26.829166666666666,4.0,-0.3000000000000007,0.0,Tiruchirappalli,26.5,0.0
2024-06-27 00:00:00,25.8,83,0.0,995.6,1.9,5.9,281,202,0,27,6,3,179,25.3,0.0,26.0,0.0,25.8,0.0,28.0,0.1,27.4,0.0,25.78333333333333,0.0,26.041666666666668,0.4000000000000009,26.762500000000003,4.0,0.5,0.0,Tiruchirappalli,26.7,0.0
2024-06-27 01:00:00,26.6,74,0.0,995.1,16.3,27.5,264,265,1,27,6,3,179,25.8,0.0,25.6,0.0,26.1,0.0,27.0,0.1,26.1,0.0,25.866666666666664,0.0,26.008333333333336,0.3000000000000009,26.78333333333333,4.0,0.8000000000000007,0.0,Tiruchirappalli,27.0,0.0
2024-06-27 02:00:00,27.8,69,0.0,996.1,11.2,17.6,271,270,2,27,6,3,179,26.6,0.0,25.3,0.0,25.9,0.0,26.6,0.2,26.7,0.0,26.183333333333337,0.0,26.10833333333333,0.1000000000000009,26.829166666666666,4.0,1.1999999999999993,0.0,Tiruchirappalli,28.1,0.0
2024-06-27 03:00:00,29.3,62,0.0,996.5,14.5,20.3,264,263,3,27,6,3,179,27.8,0.0,25.8,0.0,26.0,0.0,26.3,0.1,27.3,0.1,26.73333333333333,0.0,26.35833333333333,0.0,26.9125,3.9,1.5,0.0,Tiruchirappalli,29.4,0.0
2024-06-27 04:00:00,31.1,56,0.0,996.9,17.3,23.8,267,268,4,27,6,3,179,29.3,0.0,26.6,0.0,25.6,0.0,26.2,0.0,27.9,0.4,27.65,0.0,26.766666666666666,0.0,27.04583333333333,3.5,1.8000000000000007,0.0,Tiruchirappalli,30.8,0.0
2024-06-27 05:00:00,31.8,54,0.0,996.7,24.9,34.9,272,272,5,27,6,3,179,31.1,0.0,27.8,0.0,25.3,0.0,25.9,0.0,27.2,0.7,28.73333333333333,0.0,27.258333333333336,0.0,27.2375,2.8,0.6999999999999993,0.0,Tiruchirappalli,32.5,0.0
2024-06-27 06:00:00,30.8,60,0.0,996.6,20.5,29.2,267,269,6,27,6,3,179,31.8,0.0,29.3,0.0,25.8,0.0,25.8,0.0,26.6,0.8,29.566666666666663,0.0,27.675,0.0,27.4125,2.0,-1.0,0.0,Tiruchirappalli,33.6,0.0
2024-06-27 07:00:00,31.9,56,0.0,996.2,20.9,29.2,271,273,7,27,6,3,179,30.8,0.0,31.1,0.0,26.6,0.0,26.1,0.0,26.7,1.0,30.450000000000003,0.0,28.15833333333333,0.0,27.629166666666663,1.0,1.099999999999998,0.0,Tiruchirappalli,33.9,0.0
2024-06-27 08:00:00,31.7,56,0.0,996.0,22.0,31.8,275,275,8,27,6,3,179,31.9,0.0,31.8,0.0,27.8,0.0,25.9,0.0,27.8,0.2,31.1,0.0,28.64166666666667,0.0,27.791666666666668,0.8,-0.1999999999999993,0.0,Tiruchirappalli,33.7,0.0
2024-06-27 09:00:00,32.9,51,0.0,995.3,26.6,38.5,271,271,9,27,6,3,179,31.7,0.0,30.8,0.0,29.3,0.0,26.0,0.0,28.3,0.0,31.700000000000003,0.0,29.21666666666667,0.0,27.98333333333333,0.8,1.1999999999999993,0.0,Tiruchirappalli,34.2,0.0
2024-06-27 10:00:00,33.6,47,0.0,994.8,9.8,16.8,263,263,10,27,6,3,179,32.9,0.0,31.9,0.0,31.1,0.0,25.6,0.0,28.8,0.0,32.11666666666667,0.0,29.883333333333336,0.0,28.183333333333334,0.8,0.7000000000000028,0.0,Tiruchirappalli,34.2,0.0
2024-06-27 11:00:00,31.7,56,0.0,994.7,24.2,35.8,265,265,11,27,6,3,179,33.6,0.0,31.7,0.0,31.8,0.0,25.3,0.0,28.4,0.3,32.1,0.0,30.416666666666668,0.0,28.32083333333333,0.5,-1.900000000000002,0.0,Tiruchirappalli,34.2,0.0
2024-06-27 12:00:00,31.3,55,0.0,995.1,22.0,32.8,273,274,12,27,6,3,179,31.7,0.0,32.9,0.0,30.8,0.0,25.8,0.0,28.0,0.1,32.18333333333333,0.0,30.875,0.0,28.45833333333333,0.4,-0.3999999999999986,0.0,Tiruchirappalli,33.6,0.0
2024-06-27 13:00:00,29.0,64,0.0,996.1,21.3,34.6,274,274,13,27,6,3,179,31.3,0.0,33.6,0.0,31.9,0.0,26.6,0.0,27.0,0.1,31.7,0.0,31.075,0.0,28.541666666666668,0.3,-2.3000000000000007,0.0,Tiruchirappalli,32.1,0.0
2024-06-27 14:00:00,28.3,69,0.0,996.8,18.0,29.9,270,269,14,27,6,3,179,29.0,0.0,31.7,0.0,31.7,0.0,27.8,0.0,26.6,0.2,31.133333333333336,0.0,31.116666666666664,0.0,28.6125,0.1,-0.6999999999999993,0.0,Tiruchirappalli,31.3,0.0
2024-06-27 15:00:00,27.4,74,0.1,997.4,16.2,27.4,268,266,15,27,6,3,179,28.3,0.0,31.3,0.0,32.9,0.0,29.3,0.0,26.3,0.1,30.216666666666665,0.0999999999999982,30.95833333333333,0.1000000000000009,28.65833333333333,0.1,-0.9000000000000021,0.1,Tiruchirappalli,31.0,0.0
2024-06-27 16:00:00,27.2,75,0.0,998.1,14.8,25.7,275,273,16,27,6,3,179,27.4,0.1,29.0,0.0,33.6,0.0,31.1,0.0,26.2,0.0,29.15,0.0999999999999982,30.633333333333336,0.1000000000000009,28.7,0.1,-0.1999999999999993,-0.1,Tiruchirappalli,30.0,0.0
2024-06-27 17:00:00,27.1,75,0.0,998.5,13.6,24.4,283,282,17,27,6,3,179,27.2,0.0,28.3,0.0,31.7,0.0,31.8,0.0,25.9,0.0,28.383333333333336,0.0999999999999982,30.241666666666664,0.1000000000000009,28.75,0.1,-0.0999999999999978,0.0,Tiruchirappalli,29.4,0.0
2024-06-27 18:00:00,27.0,75,0.0,998.2,12.2,22.7,285,284,18,27,6,3,179,27.1,0.0,27.4,0.1,31.3,0.0,30.8,0.0,25.8,0.0,27.666666666666668,0.0999999999999982,29.925,0.1000000000000009,28.8,0.1,-0.1000000000000014,0.0,Tiruchirappalli,28.9,0.0
2024-06-27 19:00:00,26.7,75,0.0,997.7,10.5,20.6,286,286,19,27,6,3,179,27.0,0.0,27.2,0.0,29.0,0.0,31.9,0.0,26.1,0.0,27.28333333333333,0.0999999999999982,29.49166666666667,0.1000000000000009,28.825,0.1,-0.3000000000000007,0.0,Tiruchirappalli,28.6,0.0
2024-06-27 20:00:00,26.6,75,0.0,997.3,10.7,21.7,285,284,20,27,6,3,179,26.7,0.0,27.1,0.0,28.3,0.0,31.7,0.0,25.9,0.0,27.0,0.0999999999999982,29.066666666666663,0.1000000000000009,28.854166666666668,0.1,-0.0999999999999978,0.0,Tiruchirappalli,27.7,0.0
2024-06-27 21:00:00,26.5,75,0.0,996.8,12.5,23.5,288,288,21,27,6,3,179,26.6,0.0,27.0,0.0,27.4,0.1,32.9,0.0,26.0,0.0,26.850000000000005,0.0,28.53333333333333,0.1000000000000009,28.875,0.1,-0.1000000000000014,0.0,Tiruchirappalli,27.2,0.0
2024-06-27 22:00:00,26.2,77,0.0,996.9,12.1,22.0,281,282,22,27,6,3,179,26.5,0.0,26.7,0.0,27.2,0.0,33.6,0.0,25.6,0.0,26.683333333333334,0.0,27.916666666666668,0.1000000000000009,28.9,0.1,-0.3000000000000007,0.0,Tiruchirappalli,27.0,0.0
2024-06-27 23:00:00,25.8,78,0.0,997.2,10.8,20.6,275,272,23,27,6,3,179,26.2,0.0,26.6,0.0,27.1,0.0,31.7,0.0,25.3,0.0,26.46666666666667,0.0,27.425,0.1000000000000009,28.92083333333333,0.1,-0.3999999999999986,0.0,Tiruchirappalli,26.6,0.0
2024-06-28 00:00:00,25.5,80,0.0,997.4,8.8,18.0,267,258,0,28,6,4,180,25.8,0.0,26.5,0.0,27.0,0.0,31.3,0.0,25.8,0.0,26.21666666666667,0.0,26.941666666666663,0.1000000000000009,28.90833333333333,0.1,-0.3000000000000007,0.0,Tiruchirappalli,26.2,0.0
2024-06-28 01:00:00,26.3,76,0.0,998.3,8.6,15.5,274,268,1,28,6,4,180,25.5,0.0,26.2,0.0,26.7,0.0,29.0,0.0,26.6,0.0,26.15,0.0,26.716666666666665,0.1000000000000009,28.89583333333333,0.1,0.8000000000000007,0.0,Tiruchirappalli,27.2,0.0
2024-06-28 02:00:00,27.6,70,0.0,998.7,8.0,11.7,279,278,2,28,6,4,180,26.3,0.0,25.8,0.0,26.6,0.0,28.3,0.0,27.8,0.0,26.316666666666663,0.0,26.65833333333333,0.1000000000000009,28.8875,0.1,1.3000000000000007,0.0,Tiruchirappalli,28.7,0.0
2024-06-28 03:00:00,29.4,63,0.0,998.7,10.5,14.1,274,276,3,28,6,4,180,27.6,0.0,25.5,0.0,26.5,0.0,27.4,0.1,29.3,0.0,26.8,0.0,26.825,0.0,28.89166666666667,0.1,1.7999999999999972,0.0,Tiruchirappalli,30.7,0.0
2024-06-28 04:00:00,31.1,57,0.0,998.7,13.0,17.3,269,268,4,28,6,4,180,29.4,0.0,26.3,0.0,26.2,0.0,27.2,0.0,31.1,0.0,27.616666666666664,0.0,27.15,0.0,28.891666666666666,0.1,1.7000000000000028,0.0,Tiruchirappalli,32.6,0.0
2024-06-28 05:00:00,32.7,52,0.0,998.0,15.1,20.2,268,269,5,28,6,4,180,31.1,0.0,27.6,0.0,25.8,0.0,27.1,0.0,31.8,0.0,28.766666666666666,0.0,27.61666666666667,0.0,28.929166666666664,0.1,1.6000000000000014,0.0,Tiruchirappalli,34.1,0.0
2024-06-28 06:00:00,34.9,44,0.0,997.2,20.5,27.7,271,272,6,28,6,4,180,32.7,0.0,29.4,0.0,25.5,0.0,27.0,0.0,30.8,0.0,30.33333333333333,0.0,28.274999999999995,0.0,29.1,0.1,2.199999999999996,0.0,Tiruchirappalli,35.3,0.0
2024-06-28 07:00:00,35.7,41,0.0,996.2,20.2,27.4,272,273,7,28,6,4,180,34.9,0.0,31.1,0.0,26.3,0.0,26.7,0.0,31.9,0.0,31.9,0.0,29.025,0.0,29.258333333333336,0.1,0.8000000000000043,0.0,Tiruchirappalli,36.5,0.0
2024-06-28 08:00:00,36.6,39,0.0,995.4,20.2,27.4,268,267,8,28,6,4,180,35.7,0.0,32.7,0.0,27.6,0.0,26.6,0.0,31.7,0.0,33.400000000000006,0.0,29.85833333333333,0.0,29.4625,0.1,0.8999999999999986,0.0,Tiruchirappalli,37.2,0.0
2024-06-28 09:00:00,36.5,38,0.0,994.4,20.2,27.4,269,269,9,28,6,4,180,36.6,0.0,34.9,0.0,29.4,0.0,26.5,0.0,32.9,0.0,34.583333333333336,0.0,30.691666666666663,0.0,29.6125,0.1,-0.1000000000000014,0.0,Tiruchirappalli,37.5,0.0
2024-06-28 10:00:00,36.7,37,0.0,993.7,20.9,28.5,268,267,10,28,6,4,180,36.5,0.0,35.7,0.0,31.1,0.0,26.2,0.0,33.6,0.0,35.516666666666666,0.0,31.56666666666668,0.0,29.741666666666664,0.1,0.2000000000000028,0.0,Tiruchirappalli,37.6,0.0
2024-06-28 11:00:00,35.6,40,0.0,993.7,19.5,27.1,265,265,11,28,6,4,180,36.7,0.0,36.6,0.0,32.7,0.0,25.8,0.0,31.7,0.0,36.0,0.0,32.38333333333333,0.0,29.90416666666667,0.1,-1.1000000000000014,0.0,Tiruchirappalli,36.4,0.0
2024-06-28 12:00:00,34.9,41,0.0,993.6,18.4,26.7,268,268,12,28,6,4,180,35.6,0.0,36.5,0.0,34.9,0.0,25.5,0.0,31.3,0.0,36.0,0.0,33.166666666666664,0.0,30.054166666666664,0.1,-0.7000000000000028,0.0,Tiruchirappalli,34.3,0.2
2024-06-28 13:00:00,32.7,49,0.0,994.9,13.8,23.1,274,276,13,28,6,4,180,34.9,0.0,36.7,0.0,35.7,0.0,26.3,0.0,29.0,0.0,35.5,0.0,33.7,0.0,30.20833333333333,0.1,-2.199999999999996,0.0,Tiruchirappalli,33.1,0.0
2024-06-28 14:00:00,31.2,54,0.0,996.0,13.1,23.6,278,278,14,28,6,4,180,32.7,0.0,35.6,0.0,36.6,0.0,27.6,0.0,28.3,0.0,34.6,0.0,34.0,0.0,30.329166666666666,0.1,-1.5000000000000036,0.0,Tiruchirappalli,32.4,0.0
2024-06-28 15:00:00,30.3,58,0.0,996.5,16.1,27.6,285,286,15,28,6,4,180,31.2,0.0,34.9,0.0,36.5,0.0,29.4,0.0,27.4,0.1,33.56666666666667,0.0,34.075,0.0,30.450000000000003,0.0,-0.8999999999999986,0.0,Tiruchirappalli,31.3,0.0
2024-06-28 16:00:00,29.4,62,0.0,996.8,11.9,23.1,281,272,16,28,6,4,180,30.3,0.0,32.7,0.0,36.7,0.0,31.1,0.0,27.2,0.0,32.35,0.0,33.93333333333333,0.0,30.541666666666668,0.0,-0.9000000000000021,0.0,Tiruchirappalli,30.4,0.0
2024-06-28 17:00:00,28.5,66,0.0,997.4,7.1,14.2,254,225,17,28,6,4,180,29.4,0.0,31.2,0.0,35.6,0.0,32.7,0.0,27.1,0.0,31.166666666666668,0.0,33.583333333333336,0.0,30.6,0.0,-0.8999999999999986,0.0,Tiruchirappalli,26.0,6.1
2024-06-28 18:00:00,27.9,69,0.0,998.0,6.4,13.0,246,218,18,28,6,4,180,28.5,0.0,30.3,0.0,34.9,0.0,34.9,0.0,27.0,0.0,30.0,0.0,33.0,0.0,30.6375,0.0,-0.6000000000000014,0.0,Tiruchirappalli,26.1,0.2
2024-06-28 19:00:00,27.5,71,0.0,997.6,8.4,16.8,260,250,19,28,6,4,180,27.9,0.0,29.4,0.0,32.7,0.0,35.7,0.0,26.7,0.0,29.133333333333336,0.0,32.31666666666666,0.0,30.67083333333333,0.0,-0.3999999999999986,0.0,Tiruchirappalli,26.7,0.0
2024-06-28 20:00:00,27.0,73,0.0,997.3,9.6,18.5,262,257,20,28,6,4,180,27.5,0.0,28.5,0.0,31.2,0.0,36.6,0.0,26.6,0.0,28.433333333333334,0.0,31.51666666666667,0.0,30.6875,0.0,-0.5,0.0,Tiruchirappalli,27.0,0.0
2024-06-28 21:00:00,26.5,74,0.0,996.8,10.5,20.2,268,264,21,28,6,4,180,27.0,0.0,27.9,0.0,30.3,0.0,36.5,0.0,26.5,0.0,27.8,0.0,30.683333333333337,0.0,30.6875,0.0,-0.5,0.0,Tiruchirappalli,27.0,0.0
2024-06-28 22:00:00,26.2,76,0.0,996.8,11.2,21.3,273,274,22,28,6,4,180,26.5,0.0,27.5,0.0,29.4,0.0,36.7,0.0,26.2,0.0,27.266666666666666,0.0,29.808333333333334,0.0,30.6875,0.0,-0.3000000000000007,0.0,Tiruchirappalli,26.8,0.0
2024-06-28 23:00:00,25.9,77,0.0,997.1,10.9,20.7,277,276,23,28,6,4,180,26.2,0.0,27.0,0.0,28.5,0.0,35.6,0.0,25.8,0.0,26.83333333333333,0.0,29.0,0.0,30.691666666666663,0.0,-0.3000000000000007,0.0,Tiruchirappalli,26.6,0.0
2024-06-29 00:00:00,25.7,79,0.0,997.6,9.0,18.5,277,270,0,29,6,5,181,25.9,0.0,26.5,0.0,27.9,0.0,34.9,0.0,25.5,0.0,26.46666666666667,0.0,28.23333333333333,0.0,30.700000000000003,0.0,-0.1999999999999993,0.0,Tiruchirappalli,26.6,0.0
2024-06-29 01:00:00,26.8,72,0.0,998.0,12.3,21.1,278,277,1,29,6,5,181,25.7,0.0,26.2,0.0,27.5,0.0,32.7,0.0,26.3,0.0,26.35,0.0,27.741666666666664,0.0,30.72083333333333,0.0,1.1000000000000014,0.0,Tiruchirappalli,26.8,0.0
2024-06-29 02:00:00,28.4,66,0.0,998.6,14.0,20.2,273,271,2,29,6,5,181,26.8,0.0,25.9,0.0,27.0,0.0,31.2,0.0,27.6,0.0,26.58333333333333,0.0,27.50833333333333,0.0,30.754166666666663,0.0,1.599999999999998,0.0,Tiruchirappalli,27.4,0.0
2024-06-29 03:00:00,30.2,61,0.0,998.9,13.0,17.8,263,264,3,29,6,5,181,28.4,0.0,25.7,0.0,26.5,0.0,30.3,0.0,29.4,0.0,27.2,0.0,27.5,0.0,30.7875,0.0,1.8000000000000007,0.0,Tiruchirappalli,28.7,0.0
2024-06-29 04:00:00,31.6,57,0.0,998.9,10.9,14.6,261,262,4,29,6,5,181,30.2,0.0,26.8,0.0,26.2,0.0,29.4,0.0,31.1,0.0,28.100000000000005,0.0,27.683333333333334,0.0,30.808333333333337,0.0,1.400000000000002,0.0,Tiruchirappalli,30.7,0.0
2024-06-29 05:00:00,33.9,47,0.0,998.6,15.9,21.0,263,265,5,29,6,5,181,31.6,0.0,28.4,0.0,25.9,0.0,28.5,0.0,32.7,0.0,29.433333333333334,0.0,28.133333333333336,0.0,30.85833333333333,0.0,2.299999999999997,0.0,Tiruchirappalli,33.0,0.0
2024-06-29 06:00:00,35.3,45,0.0,997.7,13.7,18.0,271,273,6,29,6,5,181,33.9,0.0,30.2,0.0,25.7,0.0,27.9,0.0,34.9,0.0,31.03333333333333,0.0,28.75,0.0,30.875,0.0,1.3999999999999986,0.0,Tiruchirappalli,34.6,0.0
2024-06-29 07:00:00,36.5,42,0.0,997.1,11.3,14.9,262,263,7,29,6,5,181,35.3,0.0,31.6,0.0,26.8,0.0,27.5,0.0,35.7,0.0,32.65,0.0,29.5,0.0,30.90833333333333,0.0,1.2000000000000028,0.0,Tiruchirappalli,35.4,0.0
2024-06-29 08:00:00,37.4,39,0.0,996.1,12.0,15.6,263,263,8,29,6,5,181,36.5,0.0,33.9,0.0,28.4,0.0,27.0,0.0,36.6,0.0,34.15,0.0,30.36666666666667,0.0,30.941666666666663,0.0,0.8999999999999986,0.0,Tiruchirappalli,36.3,0.0
2024-06-29 09:00:00,37.5,38,0.0,995.4,13.0,17.3,270,272,9,29,6,5,181,37.4,0.0,35.3,0.0,30.2,0.0,26.5,0.0,36.5,0.0,35.36666666666667,0.0,31.28333333333333,0.0,30.98333333333333,0.0,0.1000000000000014,0.0,Tiruchirappalli,35.6,0.0
2024-06-29 10:00:00,37.4,38,0.0,994.7,12.8,16.8,255,254,10,29,6,5,181,37.5,0.0,36.5,0.0,31.6,0.0,26.2,0.0,36.7,0.0,36.33333333333333,0.0,32.21666666666666,0.0,31.012500000000003,0.0,-0.1000000000000014,0.0,Tiruchirappalli,34.3,0.0
2024-06-29 11:00:00,33.8,50,0.3,995.1,15.8,22.3,268,269,11,29,6,5,181,37.4,0.0,37.4,0.0,33.9,0.0,25.9,0.0,35.6,0.0,36.31666666666667,0.2999999999999982,32.875,0.3000000000000009,30.9375,0.3,-3.6000000000000014,0.3,Tiruchirappalli,34.4,0.0
2024-06-29 12:00:00,33.7,49,0.0,995.3,13.3,18.9,239,237,12,29,6,5,181,33.8,0.3,37.5,0.0,35.3,0.0,25.7,0.0,34.9,0.0,36.05,0.2999999999999982,33.541666666666664,0.3000000000000009,30.887500000000003,0.3,-0.0999999999999943,-0.3,Tiruchirappalli,33.1,0.0
2024-06-29 13:00:00,33.4,48,0.0,995.6,12.6,21.3,258,257,13,29,6,5,181,33.7,0.0,37.4,0.0,36.5,0.0,26.8,0.0,32.7,0.0,35.53333333333333,0.2999999999999982,34.09166666666667,0.3000000000000009,30.916666666666668,0.3,-0.3000000000000042,0.0,Tiruchirappalli,31.7,0.0
2024-06-29 14:00:00,32.3,53,0.0,996.5,12.2,22.0,260,256,14,29,6,5,181,33.4,0.0,33.8,0.3,37.4,0.0,28.4,0.0,31.2,0.0,34.68333333333334,0.2999999999999982,34.416666666666664,0.3000000000000009,30.9625,0.3,-1.1000000000000014,0.0,Tiruchirappalli,30.9,0.0
2024-06-29 15:00:00,31.0,57,0.0,997.8,4.8,10.9,224,207,15,29,6,5,181,32.3,0.0,33.7,0.0,37.5,0.0,30.2,0.0,30.3,0.0,33.6,0.2999999999999982,34.48333333333333,0.3000000000000009,30.991666666666664,0.3,-1.2999999999999972,0.0,Tiruchirappalli,30.7,0.0
2024-06-29 16:00:00,29.9,64,0.0,998.5,6.9,12.6,193,186,16,29,6,5,181,31.0,0.0,33.4,0.0,37.4,0.0,31.6,0.0,29.4,0.0,32.35,0.2999999999999982,34.34166666666667,0.3000000000000009,31.0125,0.3,-1.1000000000000014,0.0,Tiruchirappalli,29.7,0.0
2024-06-29 17:00:00,29.0,73,0.0,998.9,4.4,10.0,195,189,17,29,6,5,181,29.9,0.0,32.3,0.0,33.8,0.3,33.9,0.0,28.5,0.0,31.55,0.0,33.93333333333333,0.3000000000000009,31.03333333333333,0.3,-0.8999999999999986,0.0,Tiruchirappalli,28.7,0.0
2024-06-29 18:00:00,28.5,79,0.0,999.1,3.9,5.6,220,202,18,29,6,5,181,29.0,0.0,31.0,0.0,33.7,0.0,35.3,0.0,27.9,0.0,30.683333333333334,0.0,33.36666666666667,0.3000000000000009,31.058333333333334,0.3,-0.5,0.0,Tiruchirappalli,28.6,0.0
2024-06-29 19:00:00,27.9,80,0.0,998.7,4.1,6.5,289,315,19,29,6,5,181,28.5,0.0,29.9,0.0,33.4,0.0,36.5,0.0,27.5,0.0,29.766666666666666,0.0,32.65,0.3000000000000009,31.075,0.3,-0.6000000000000014,0.0,Tiruchirappalli,28.1,0.0
2024-06-29 20:00:00,27.4,77,0.0,998.1,4.4,10.3,282,279,20,29,6,5,181,27.9,0.0,29.0,0.0,32.3,0.0,37.4,0.0,27.0,0.0,28.950000000000003,0.0,31.816666666666663,0.3000000000000009,31.09166666666667,0.3,-0.5,0.0,Tiruchirappalli,27.6,0.0
2024-06-29 21:00:00,27.1,75,0.0,997.7,4.4,11.2,268,261,21,29,6,5,181,27.4,0.0,28.5,0.0,31.0,0.0,37.5,0.0,26.5,0.0,28.3,0.0,30.95,0.3000000000000009,31.116666666666664,0.3,-0.2999999999999971,0.0,Tiruchirappalli,27.2,0.0
2024-06-29 22:00:00,27.0,75,0.0,997.5,4.3,12.2,272,270,22,29,6,5,181,27.1,0.0,27.9,0.0,29.9,0.0,37.4,0.0,26.2,0.0,27.816666666666663,0.0,30.08333333333333,0.3000000000000009,31.149999999999995,0.3,-0.1000000000000014,0.0,Tiruchirappalli,26.7,0.0
2024-06-29 23:00:00,27.0,75,0.0,997.8,5.5,13.8,263,259,23,29,6,5,181,27.0,0.0,27.4,0.0,29.0,0.0,33.8,0.3,25.9,0.0,27.48333333333333,0.0,29.516666666666666,0.0,31.195833333333336,0.3,0.0,0.0,Tiruchirappalli,26.3,0.0
2024-06-30 00:00:00,26.7,76,0.0,998.0,6.9,15.2,266,264,0,30,6,6,182,27.0,0.0,27.1,0.0,28.5,0.0,33.7,0.0,25.7,0.0,27.183333333333334,0.0,28.933333333333334,0.0,31.2375,0.3,-0.3000000000000007,0.0,Tiruchirappalli,25.8,0.0
2024-06-30 01:00:00,27.7,72,0.0,998.2,8.0,14.8,264,265,1,30,6,6,182,26.7,0.0,27.0,0.0,27.9,0.0,33.4,0.0,26.8,0.0,27.15,0.0,28.45833333333333,0.0,31.275,0.3,1.0,0.0,Tiruchirappalli,27.4,0.0
2024-06-30 02:00:00,28.9,67,0.0,999.1,10.0,14.0,258,257,2,30,6,6,182,27.7,0.0,27.0,0.0,27.4,0.0,32.3,0.0,28.4,0.0,27.399999999999995,0.0,28.175,0.0,31.29583333333333,0.3,1.1999999999999993,0.0,Tiruchirappalli,28.7,0.0
2024-06-30 03:00:00,30.0,64,0.0,999.4,11.3,15.3,262,263,3,30,6,6,182,28.9,0.0,26.7,0.0,27.1,0.0,31.0,0.0,30.2,0.0,27.883333333333336,0.0,28.09166666666667,0.0,31.2875,0.3,1.1000000000000014,0.0,Tiruchirappalli,30.2,0.0
2024-06-30 04:00:00,31.9,57,0.0,999.8,13.7,18.7,269,268,4,30,6,6,182,30.0,0.0,27.7,0.0,27.0,0.0,29.9,0.0,31.6,0.0,28.7,0.0,28.25833333333333,0.0,31.3,0.3,1.8999999999999984,0.0,Tiruchirappalli,32.2,0.0
2024-06-30 05:00:00,33.5,51,0.0,999.4,15.8,21.2,269,269,5,30,6,6,182,31.9,0.0,28.9,0.0,27.0,0.0,29.0,0.0,33.9,0.0,29.78333333333333,0.0,28.63333333333333,0.0,31.28333333333333,0.3,1.6000000000000014,0.0,Tiruchirappalli,34.1,0.0
2024-06-30 06:00:00,35.1,46,0.0,998.5,13.7,18.0,267,267,6,30,6,6,182,33.5,0.0,30.0,0.0,26.7,0.0,28.5,0.0,35.3,0.0,31.183333333333337,0.0,29.183333333333334,0.0,31.275,0.3,1.6000000000000014,0.0,Tiruchirappalli,35.7,0.0
2024-06-30 07:00:00,36.0,44,0.0,997.7,10.9,14.1,264,264,7,30,6,6,182,35.1,0.0,31.9,0.0,27.7,0.0,27.9,0.0,36.5,0.0,32.56666666666666,0.0,29.85833333333333,0.0,31.254166666666663,0.3,0.8999999999999986,0.0,Tiruchirappalli,36.5,0.0
2024-06-30 08:00:00,36.4,43,0.0,997.0,11.6,15.4,254,254,8,30,6,6,182,36.0,0.0,33.5,0.0,28.9,0.0,27.4,0.0,37.4,0.0,33.81666666666667,0.0,30.60833333333333,0.0,31.2125,0.3,0.3999999999999986,0.0,Tiruchirappalli,37.6,0.0
2024-06-30 09:00:00,36.0,44,0.0,996.1,11.6,14.8,241,240,9,30,6,6,182,36.4,0.0,35.1,0.0,30.0,0.0,27.1,0.0,37.5,0.0,34.81666666666666,0.0,31.35,0.0,31.15,0.3,-0.3999999999999986,0.0,Tiruchirappalli,33.0,0.6
2024-06-30 10:00:00,33.1,53,0.6,995.6,11.7,14.7,205,198,10,30,6,6,182,36.0,0.0,36.0,0.0,31.9,0.0,27.0,0.0,37.4,0.0,35.01666666666667,0.5999999999999982,31.85833333333333,0.6000000000000009,30.97083333333333,0.8999999999999999,-2.8999999999999986,0.6,Tiruchirappalli,34.3,0.0
2024-06-30 11:00:00,28.0,82,12.6,996.6,8.5,12.8,190,192,11,30,6,6,182,33.1,0.6,36.4,0.0,33.5,0.0,27.0,0.0,33.8,0.3,34.1,13.199999999999998,31.941666666666663,13.2,30.729166666666668,13.2,-5.100000000000001,12.0,Tiruchirappalli,30.5,1.3
2024-06-30 12:00:00,27.1,90,4.9,996.6,8.6,17.3,168,147,12,30,6,6,182,28.0,12.6,36.0,0.0,35.1,0.0,26.7,0.0,33.7,0.0,32.766666666666666,18.1,31.975,18.1,30.454166666666666,18.1,-0.8999999999999986,-7.699999999999999,Tiruchirappalli,28.8,0.1
2024-06-30 13:00:00,27.2,83,0.3,997.5,15.7,24.4,172,169,13,30,6,6,182,27.1,4.9,33.1,0.6,36.0,0.0,27.7,0.0,33.4,0.0,31.3,18.4,31.933333333333337,18.4,30.19583333333333,18.4,0.0999999999999978,-4.6000000000000005,Tiruchirappalli,31.4,0.1
2024-06-30 14:00:00,26.9,88,0.0,998.4,8.7,17.3,184,185,14,30,6,6,182,27.2,0.3,28.0,12.6,36.4,0.0,28.9,0.0,32.3,0.0,29.71666666666667,18.4,31.766666666666666,18.4,29.97083333333333,18.4,-0.3000000000000007,-0.3,Tiruchirappalli,28.3,0.0
2024-06-30 15:00:00,27.2,85,0.0,998.9,7.2,14.6,189,174,15,30,6,6,182,26.9,0.0,27.1,4.9,36.0,0.0,30.0,0.0,31.0,0.0,28.25,18.4,31.53333333333333,18.4,29.8125,18.4,0.3000000000000007,0.0,Tiruchirappalli,28.2,0.0
2024-06-30 16:00:00,27.0,86,0.0,999.8,3.3,10.4,200,193,16,30,6,6,182,27.2,0.0,27.2,0.3,33.1,0.6,31.9,0.0,29.9,0.0,27.23333333333333,17.799999999999997,31.125,18.4,29.691666666666663,18.4,-0.1999999999999993,0.0,Tiruchirappalli,28.2,0.0
2024-06-30 17:00:00,26.8,87,0.0,1000.1,3.1,7.9,177,159,17,30,6,6,182,27.0,0.0,26.9,0.0,28.0,12.6,33.5,0.0,29.0,0.0,27.03333333333333,5.199999999999998,30.566666666666663,18.4,29.6,18.4,-0.1999999999999993,0.0,Tiruchirappalli,28.4,0.0
2024-06-30 18:00:00,26.6,89,0.0,1000.0,2.4,6.2,201,207,18,30,6,6,182,26.8,0.0,27.2,0.0,27.1,4.9,35.1,0.0,28.5,0.0,26.95,0.2999999999999982,29.85833333333333,18.4,29.52083333333333,18.4,-0.1999999999999993,0.0,Tiruchirappalli,28.3,0.0
2024-06-30 19:00:00,26.4,89,0.0,999.3,5.6,11.0,203,195,19,30,6,6,182,26.6,0.0,27.0,0.0,27.2,0.3,36.0,0.0,27.9,0.0,26.816666666666663,0.0,29.058333333333334,18.4,29.45833333333333,18.4,-0.2000000000000028,0.0,Tiruchirappalli,27.8,0.0
2024-06-30 20:00:00,26.1,90,0.0,998.7,3.3,9.0,196,186,20,30,6,6,182,26.4,0.0,26.8,0.0,26.9,0.0,36.4,0.0,27.4,0.0,26.683333333333334,0.0,28.200000000000003,18.4,29.404166666666665,18.4,-0.2999999999999971,0.0,Tiruchirappalli,27.7,0.0
2024-06-30 21:00:00,26.0,91,0.0,998.1,3.9,9.8,234,236,21,30,6,6,182,26.1,0.0,26.6,0.0,27.2,0.0,36.0,0.0,27.1,0.0,26.48333333333333,0.0,27.36666666666667,18.4,29.35833333333333,18.4,-0.1000000000000014,0.0,Tiruchirappalli,27.5,0.0
2024-06-30 22:00:00,25.9,92,0.0,997.7,4.1,11.0,247,225,22,30,6,6,182,26.0,0.0,26.4,0.0,27.0,0.0,33.1,0.6,27.0,0.0,26.3,0.0,26.766666666666666,17.8,29.3125,18.4,-0.1000000000000014,0.0,Tiruchirappalli,27.2,0.0
2024-06-30 23:00:00,25.9,90,0.0,997.8,5.4,14.1,266,250,23,30,6,6,182,25.9,0.0,26.1,0.0,26.8,0.0,28.0,12.6,27.0,0.0,26.15,0.0,26.591666666666665,5.200000000000002,29.26666666666667,18.4,0.0,0.0,Tiruchirappalli,27.1,0.0
2024-07-01 00:00:00,26.1,82,0.0,997.9,6.5,15.9,273,267,0,1,7,0,183,25.9,0.0,26.0,0.0,26.6,0.0,27.1,4.9,26.7,0.0,26.066666666666663,0.0,26.508333333333336,0.3000000000000017,29.241666666666664,18.4,0.2000000000000028,0.0,Tiruchirappalli,27.1,0.0
2024-07-01 01:00:00,26.4,89,0.0,998.9,4.6,11.0,259,225,1,1,7,0,183,26.1,0.0,25.9,0.0,26.4,0.0,27.2,0.3,27.7,0.0,26.066666666666663,0.0,26.441666666666663,0.0,29.1875,18.4,0.2999999999999971,0.0,Tiruchirappalli,27.7,0.0
2024-07-01 02:00:00,28.0,75,0.0,999.1,7.6,10.8,266,265,2,1,7,0,183,26.4,0.0,25.9,0.0,26.1,0.0,26.9,0.0,28.9,0.0,26.383333333333336,0.0,26.53333333333333,0.0,29.15,18.4,1.6000000000000014,0.0,Tiruchirappalli,28.0,0.0
2024-07-01 03:00:00,29.6,67,0.0,999.3,8.7,11.6,263,263,3,1,7,0,183,28.0,0.0,26.1,0.0,26.0,0.0,27.2,0.0,30.0,0.0,26.98333333333333,0.0,26.73333333333333,0.0,29.13333333333333,18.4,1.6000000000000014,0.0,Tiruchirappalli,28.4,0.0
2024-07-01 04:00:00,30.9,61,0.0,999.5,7.1,9.6,257,255,4,1,7,0,183,29.6,0.0,26.4,0.0,25.9,0.0,27.0,0.0,31.9,0.0,27.816666666666663,0.0,27.058333333333334,0.0,29.09166666666667,18.4,1.2999999999999972,0.0,Tiruchirappalli,29.3,0.0
2024-07-01 05:00:00,32.6,54,0.0,999.5,11.2,14.5,256,255,5,1,7,0,183,30.9,0.0,28.0,0.0,25.9,0.0,26.8,0.0,33.5,0.0,28.933333333333334,0.0,27.541666666666668,0.0,29.054166666666664,18.4,1.7000000000000028,0.0,Tiruchirappalli,31.8,0.0
2024-07-01 06:00:00,32.8,55,0.0,999.3,12.4,16.4,244,240,6,1,7,0,183,32.6,0.0,29.6,0.0,26.1,0.0,26.6,0.0,35.1,0.0,30.05,0.0,28.058333333333334,0.0,28.95833333333333,18.4,0.1999999999999957,0.0,Tiruchirappalli,31.4,0.0
2024-07-01 07:00:00,33.6,53,0.1,998.4,9.4,12.6,250,247,7,1,7,0,183,32.8,0.0,30.9,0.0,26.4,0.0,26.4,0.0,36.0,0.0,31.25,0.0999999999999982,28.65833333333333,0.1000000000000017,28.85833333333333,18.5,0.8000000000000043,0.1,Tiruchirappalli,31.9,0.0
2024-07-01 08:00:00,32.3,57,0.1,997.3,10.2,13.4,239,238,8,1,7,0,183,33.6,0.1,32.6,0.0,28.0,0.0,26.1,0.0,36.4,0.0,31.966666666666665,0.1999999999999982,29.175,0.2000000000000018,28.6875,18.6,-1.3000000000000045,0.0,Tiruchirappalli,31.9,0.0
2024-07-01 09:00:00,33.3,53,0.0,996.5,11.1,14.8,247,245,9,1,7,0,183,32.3,0.1,32.8,0.0,29.6,0.0,26.0,0.0,36.0,0.0,32.583333333333336,0.1999999999999982,29.78333333333333,0.2000000000000018,28.575,18.6,1.0,-0.1,Tiruchirappalli,32.1,0.0
2024-07-01 10:00:00,31.8,62,0.8,996.2,17.3,23.8,274,274,10,1,7,0,183,33.3,0.0,33.6,0.1,30.9,0.0,25.9,0.0,33.1,0.6,32.73333333333333,0.9999999999999982,30.275,1.0000000000000018,28.52083333333333,18.8,-1.4999999999999964,0.8,Tiruchirappalli,32.4,0.0
2024-07-01 11:00:00,32.1,59,0.0,995.6,13.3,18.8,267,268,11,1,7,0,183,31.8,0.8,32.3,0.1,32.6,0.0,25.9,0.0,28.0,12.6,32.65,0.9999999999999982,30.791666666666668,1.0000000000000018,28.691666666666663,6.2,0.3000000000000007,-0.8,Tiruchirappalli,32.3,0.0
2024-07-01 12:00:00,32.8,53,0.0,996.0,15.2,22.7,266,265,12,1,7,0,183,32.1,0.0,33.3,0.0,32.8,0.0,26.1,0.0,27.1,4.9,32.65,0.9999999999999982,31.35,1.0000000000000018,28.929166666666664,1.3,0.6999999999999957,0.0,Tiruchirappalli,31.4,0.0
2024-07-01 13:00:00,31.2,56,0.0,996.9,19.5,31.8,275,274,13,1,7,0,183,32.8,0.0,31.8,0.8,33.6,0.1,26.4,0.0,27.2,0.3,32.24999999999999,0.8999999999999982,31.75,1.0000000000000018,29.09583333333333,1.0,-1.599999999999998,0.0,Tiruchirappalli,30.6,0.0
2024-07-01 14:00:00,30.1,59,0.0,997.7,17.6,29.6,273,271,14,1,7,0,183,31.2,0.0,32.1,0.0,32.3,0.1,28.0,0.0,26.9,0.0,31.883333333333336,0.7999999999999983,31.925,1.0000000000000018,29.229166666666668,1.0,-1.099999999999998,0.0,Tiruchirappalli,30.2,0.0
2024-07-01 15:00:00,28.9,61,0.0,998.9,17.9,29.7,280,280,15,1,7,0,183,30.1,0.0,32.8,0.0,33.3,0.0,29.6,0.0,27.2,0.0,31.149999999999995,0.7999999999999983,31.866666666666664,1.0000000000000018,29.3,1.0,-1.2000000000000028,0.0,Tiruchirappalli,29.9,0.0
2024-07-01 16:00:00,28.1,65,0.0,999.3,13.7,24.2,274,273,16,1,7,0,183,28.9,0.0,31.2,0.0,31.8,0.8,30.9,0.0,27.0,0.0,30.53333333333333,0.0,31.633333333333336,1.0000000000000018,29.34583333333333,1.0,-0.7999999999999972,0.0,Tiruchirappalli,29.4,0.0
2024-07-01 17:00:00,27.7,67,0.0,999.0,13.0,23.8,273,273,17,1,7,0,183,28.1,0.0,30.1,0.0,32.1,0.0,32.6,0.0,26.8,0.0,29.8,0.0,31.225,1.0000000000000018,29.383333333333336,1.0,-0.4000000000000021,0.0,Tiruchirappalli,28.8,0.0
2024-07-01 18:00:00,27.6,67,0.0,999.1,15.6,27.2,277,277,18,1,7,0,183,27.7,0.0,28.9,0.0,32.8,0.0,32.8,0.0,26.6,0.0,28.933333333333334,0.0,30.791666666666668,1.0000000000000018,29.425,1.0,-0.0999999999999978,0.0,Tiruchirappalli,28.4,0.0
2024-07-01 19:00:00,27.3,68,0.0,998.4,14.0,25.2,273,271,19,1,7,0,183,27.6,0.0,28.1,0.0,31.2,0.0,33.6,0.1,26.4,0.0,28.28333333333333,0.0,30.266666666666666,0.9000000000000018,29.4625,1.0,-0.3000000000000007,0.0,Tiruchirappalli,27.9,0.0
2024-07-01 20:00:00,27.1,68,0.0,997.8,13.4,24.9,266,264,20,1,7,0,183,27.3,0.0,27.7,0.0,30.1,0.0,32.3,0.1,26.1,0.0,27.78333333333333,0.0,29.83333333333333,0.8000000000000018,29.504166666666663,1.0,-0.1999999999999993,0.0,Tiruchirappalli,27.5,0.0
2024-07-01 21:00:00,26.9,69,0.0,997.3,13.1,24.6,277,279,21,1,7,0,183,27.1,0.0,27.6,0.0,28.9,0.0,33.3,0.0,26.0,0.0,27.450000000000003,0.0,29.3,0.8000000000000018,29.541666666666668,1.0,-0.2000000000000028,0.0,Tiruchirappalli,27.3,0.0
2024-07-01 22:00:00,26.7,71,0.0,997.2,11.3,21.9,279,279,22,1,7,0,183,26.9,0.0,27.3,0.0,28.1,0.0,31.8,0.8,25.9,0.0,27.216666666666665,0.0,28.875,0.0,29.575000000000003,1.0,-0.1999999999999993,0.0,Tiruchirappalli,27.2,0.0
2024-07-01 23:00:00,26.5,73,0.0,997.1,10.8,21.4,277,274,23,1,7,0,183,26.7,0.0,27.1,0.0,27.7,0.0,32.1,0.0,25.9,0.0,27.016666666666666,0.0,28.40833333333333,0.0,29.6,1.0,-0.1999999999999993,0.0,Tiruchirappalli,27.1,0.0
2024-07-02 00:00:00,26.7,73,0.0,997.4,10.9,20.4,279,276,0,2,7,1,184,26.5,0.0,26.9,0.0,27.6,0.0,32.8,0.0,26.1,0.0,26.86666666666667,0.0,27.9,0.0,29.625,1.0,0.1999999999999993,0.0,Tiruchirappalli,26.9,0.0
2024-07-02 01:00:00,27.0,72,0.0,997.3,13.8,23.7,284,285,1,2,7,1,184,26.7,0.0,26.7,0.0,27.3,0.0,31.2,0.0,26.4,0.0,26.816666666666663,0.0,27.55,0.0,29.649999999999995,1.0,0.3000000000000007,0.0,Tiruchirappalli,27.5,0.0
2024-07-02 02:00:00,28.1,69,0.0,998.0,14.9,22.6,284,285,2,2,7,1,184,27.0,0.0,26.5,0.0,27.1,0.0,30.1,0.0,28.0,0.0,26.98333333333333,0.0,27.38333333333333,0.0,29.654166666666665,1.0,1.1000000000000014,0.0,Tiruchirappalli,28.7,0.0
2024-07-02 03:00:00,29.4,65,0.0,998.3,16.2,22.8,282,283,3,2,7,1,184,28.1,0.0,26.7,0.0,26.9,0.0,28.9,0.0,29.6,0.0,27.4,0.0,27.425,0.0,29.64583333333333,1.0,1.2999999999999972,0.0,Tiruchirappalli,30.2,0.0
2024-07-02 04:00:00,30.8,60,0.0,998.1,15.5,21.6,274,275,4,2,7,1,184,29.4,0.0,27.0,0.0,26.7,0.0,28.1,0.0,30.9,0.0,28.08333333333333,0.0,27.65,0.0,29.641666666666666,1.0,1.400000000000002,0.0,Tiruchirappalli,31.9,0.0
2024-07-02 05:00:00,32.5,53,0.0,998.0,19.1,26.3,268,268,5,2,7,1,184,30.8,0.0,28.1,0.0,26.5,0.0,27.7,0.0,32.6,0.0,29.08333333333333,0.0,28.05,0.0,29.6375,1.0,1.6999999999999993,0.0,Tiruchirappalli,34.0,0.0
2024-07-02 06:00:00,33.6,48,0.0,997.5,21.3,28.8,267,268,6,2,7,1,184,32.5,0.0,29.4,0.0,26.7,0.0,27.6,0.0,32.8,0.0,30.23333333333333,0.0,28.55,0.0,29.67083333333333,1.0,1.1000000000000014,0.0,Tiruchirappalli,35.6,0.0
2024-07-02 07:00:00,33.9,47,0.0,996.8,21.0,28.6,275,277,7,2,7,1,184,33.6,0.0,30.8,0.0,27.0,0.0,27.3,0.0,33.6,0.1,31.38333333333333,0.0,29.100000000000005,0.0,29.683333333333334,0.9,0.2999999999999971,0.0,Tiruchirappalli,36.8,0.0
2024-07-02 08:00:00,33.7,47,0.0,996.5,20.2,27.8,273,273,8,2,7,1,184,33.9,0.0,32.5,0.0,28.1,0.0,27.1,0.0,32.3,0.1,32.31666666666667,0.0,29.65,0.0,29.741666666666664,0.8,-0.1999999999999957,0.0,Tiruchirappalli,37.5,0.0
2024-07-02 09:00:00,34.2,45,0.0,995.5,17.6,24.5,272,271,9,2,7,1,184,33.7,0.0,33.6,0.0,29.4,0.0,26.9,0.0,33.3,0.0,33.11666666666667,0.0,30.258333333333336,0.0,29.77916666666667,0.8,0.5,0.0,Tiruchirappalli,37.4,0.0
2024-07-02 10:00:00,34.2,44,0.0,994.9,15.9,23.2,276,275,10,2,7,1,184,34.2,0.0,33.9,0.0,30.8,0.0,26.7,0.0,31.8,0.8,33.68333333333334,0.0,30.88333333333333,0.0,29.879166666666663,0.0,0.0,0.0,Tiruchirappalli,36.7,0.0
2024-07-02 11:00:00,34.2,45,0.0,994.5,16.0,23.3,283,284,11,2,7,1,184,34.2,0.0,33.7,0.0,32.5,0.0,26.5,0.0,32.1,0.0,33.96666666666667,0.0,31.525,0.0,29.966666666666665,0.0,0.0,0.0,Tiruchirappalli,36.2,0.0
2024-07-02 12:00:00,33.6,46,0.0,994.7,11.4,19.1,281,283,12,2,7,1,184,34.2,0.0,34.2,0.0,33.6,0.0,26.7,0.0,32.8,0.0,33.96666666666667,0.0,32.1,0.0,30.0,0.0,-0.6000000000000014,0.0,Tiruchirappalli,34.8,0.0
2024-07-02 13:00:00,32.1,52,0.0,995.3,10.5,18.9,278,276,13,2,7,1,184,33.6,0.0,34.2,0.0,33.9,0.0,27.0,0.0,31.2,0.0,33.66666666666667,0.0,32.525,0.0,30.0375,0.0,-1.5,0.0,Tiruchirappalli,32.6,0.0
2024-07-02 14:00:00,31.3,54,0.0,995.8,11.1,22.0,285,283,14,2,7,1,184,32.1,0.0,34.2,0.0,33.7,0.0,28.1,0.0,30.1,0.0,33.266666666666666,0.0,32.79166666666667,0.0,30.0875,0.0,-0.8000000000000007,0.0,Tiruchirappalli,31.2,0.0
2024-07-02 15:00:00,31.0,56,0.0,996.7,13.3,24.1,270,268,15,2,7,1,184,31.3,0.0,33.6,0.0,34.2,0.0,29.4,0.0,28.9,0.0,32.733333333333334,0.0,32.925000000000004,0.0,30.175,0.0,-0.3000000000000007,0.0,Tiruchirappalli,30.6,0.0
2024-07-02 16:00:00,30.0,62,0.0,997.5,15.5,26.0,265,265,16,2,7,1,184,31.0,0.0,32.1,0.0,34.2,0.0,30.8,0.0,28.1,0.0,32.03333333333333,0.0,32.858333333333334,0.0,30.254166666666663,0.0,-1.0,0.0,Tiruchirappalli,29.7,0.0
2024-07-02 17:00:00,29.4,63,0.0,998.0,16.2,27.7,270,269,17,2,7,1,184,30.0,0.0,31.3,0.0,34.2,0.0,32.5,0.0,27.7,0.0,31.23333333333333,0.0,32.6,0.0,30.325000000000003,0.0,-0.6000000000000014,0.0,Tiruchirappalli,29.1,0.0
2024-07-02 18:00:00,28.9,66,0.0,997.9,14.1,24.8,257,251,18,2,7,1,184,29.4,0.0,31.0,0.0,33.6,0.0,33.6,0.0,27.6,0.0,30.450000000000003,0.0,32.208333333333336,0.0,30.379166666666663,0.0,-0.5,0.0,Tiruchirappalli,28.8,0.0
2024-07-02 19:00:00,28.6,66,0.0,997.3,9.9,18.1,226,224,19,2,7,1,184,28.9,0.0,30.0,0.0,32.1,0.0,33.9,0.0,27.3,0.0,29.866666666666664,0.0,31.766666666666666,0.0,30.433333333333337,0.0,-0.2999999999999971,0.0,Tiruchirappalli,28.3,0.0
2024-07-02 20:00:00,27.7,71,0.0,996.6,4.7,12.4,234,238,20,2,7,1,184,28.6,0.0,29.4,0.0,31.3,0.0,33.7,0.0,27.1,0.0,29.26666666666667,0.0,31.266666666666666,0.0,30.45833333333333,0.0,-0.9000000000000021,0.0,Tiruchirappalli,27.9,0.0
2024-07-02 21:00:00,27.2,73,0.0,996.6,6.3,15.3,261,257,21,2,7,1,184,27.7,0.0,28.9,0.0,31.0,0.0,34.2,0.0,26.9,0.0,28.633333333333336,0.0,30.683333333333334,0.0,30.47083333333333,0.0,-0.5,0.0,Tiruchirappalli,27.5,0.0
2024-07-02 22:00:00,27.0,72,0.0,996.5,7.2,16.3,262,264,22,2,7,1,184,27.2,0.0,28.6,0.0,30.0,0.0,34.2,0.0,26.7,0.0,28.133333333333336,0.0,30.08333333333333,0.0,30.48333333333333,0.0,-0.1999999999999993,0.0,Tiruchirappalli,27.1,0.0
2024-07-02 23:00:00,26.6,75,0.0,996.7,7.6,17.0,274,275,23,2,7,1,184,27.0,0.0,27.7,0.0,29.4,0.0,34.2,0.0,26.5,0.0,27.666666666666668,0.0,29.45,0.0,30.4875,0.0,-0.3999999999999986,0.0,Tiruchirappalli,26.9,0.0
2024-07-03 00:00:00,26.2,79,0.0,997.0,8.9,18.9,284,284,0,3,7,2,185,26.6,0.0,27.2,0.0,28.9,0.0,33.6,0.0,26.7,0.0,27.21666666666667,0.0,28.83333333333333,0.0,30.46666666666667,0.0,-0.4000000000000021,0.0,Tiruchirappalli,26.8,0.0
2024-07-03 01:00:00,27.2,75,0.0,997.9,10.3,18.9,283,282,1,3,7,2,185,26.2,0.0,27.0,0.0,28.6,0.0,32.1,0.0,27.0,0.0,26.98333333333333,0.0,28.425,0.0,30.475000000000005,0.0,1.0,0.0,Tiruchirappalli,27.0,0.0
2024-07-03 02:00:00,28.7,71,0.0,998.4,11.6,17.3,291,292,2,3,7,2,185,27.2,0.0,26.6,0.0,27.7,0.0,31.3,0.0,28.1,0.0,27.149999999999995,0.0,28.20833333333333,0.0,30.5,0.0,1.5,0.0,Tiruchirappalli,27.8,0.0
2024-07-03 03:00:00,30.7,63,0.0,998.9,14.1,19.3,284,285,3,3,7,2,185,28.7,0.0,26.2,0.0,27.2,0.0,31.0,0.0,29.4,0.0,27.73333333333333,0.0,28.183333333333334,0.0,30.55416666666667,0.0,2.0,0.0,Tiruchirappalli,28.9,0.0
2024-07-03 04:00:00,32.6,56,0.0,998.7,15.3,20.7,278,279,4,3,7,2,185,30.7,0.0,27.2,0.0,27.0,0.0,30.0,0.0,30.8,0.0,28.666666666666668,0.0,28.399999999999995,0.0,30.629166666666663,0.0,1.900000000000002,0.0,Tiruchirappalli,28.1,0.0
2024-07-03 05:00:00,34.1,50,0.0,998.3,15.6,21.0,276,277,5,3,7,2,185,32.6,0.0,28.7,0.0,26.6,0.0,29.4,0.0,32.5,0.0,29.916666666666668,0.0,28.791666666666668,0.0,30.695833333333336,0.0,1.5,0.0,Tiruchirappalli,29.8,0.0
2024-07-03 06:00:00,35.3,47,0.0,997.3,15.2,20.3,276,277,6,3,7,2,185,34.1,0.0,30.7,0.0,26.2,0.0,28.9,0.0,33.6,0.0,31.433333333333337,0.0,29.325000000000003,0.0,30.766666666666666,0.0,1.1999999999999955,0.0,Tiruchirappalli,30.4,0.0
2024-07-03 07:00:00,36.5,43,0.0,996.4,16.2,21.6,271,271,7,3,7,2,185,35.3,0.0,32.6,0.0,27.2,0.0,28.6,0.0,33.9,0.0,32.983333333333334,0.0,29.98333333333333,0.0,30.875,0.0,1.2000000000000028,0.0,Tiruchirappalli,33.8,0.0
2024-07-03 08:00:00,37.2,40,0.0,995.2,17.6,24.1,268,269,8,3,7,2,185,36.5,0.0,34.1,0.0,28.7,0.0,27.7,0.0,33.7,0.0,34.4,0.0,30.775,0.0,31.02083333333334,0.0,0.7000000000000028,0.0,Tiruchirappalli,33.8,0.0
2024-07-03 09:00:00,37.5,38,0.0,994.1,19.2,26.0,264,265,9,3,7,2,185,37.2,0.0,35.3,0.0,30.7,0.0,27.2,0.0,34.2,0.0,35.53333333333333,0.0,31.633333333333336,0.0,31.15833333333333,0.0,0.2999999999999971,0.0,Tiruchirappalli,32.9,0.0
2024-07-03 10:00:00,37.6,37,0.0,993.5,18.9,25.9,256,257,10,3,7,2,185,37.5,0.0,36.5,0.0,32.6,0.0,27.0,0.0,34.2,0.0,36.36666666666667,0.0,32.51666666666667,0.0,31.3,0.0,0.1000000000000014,0.0,Tiruchirappalli,32.8,0.0
2024-07-03 11:00:00,36.4,39,0.0,993.7,18.4,25.6,235,231,11,3,7,2,185,37.6,0.0,37.2,0.0,34.1,0.0,26.6,0.0,34.2,0.0,36.75,0.0,33.333333333333336,0.0,31.39166666666667,0.0,-1.2000000000000028,0.0,Tiruchirappalli,31.9,0.0
2024-07-03 12:00:00,34.3,45,0.2,994.6,19.0,28.0,246,243,12,3,7,2,185,36.4,0.0,37.5,0.0,35.3,0.0,26.2,0.0,33.6,0.0,36.583333333333336,0.1999999999999982,34.00833333333333,0.2000000000000018,31.42083333333333,0.2,-2.1000000000000014,0.2,Tiruchirappalli,31.6,0.0
2024-07-03 13:00:00,33.1,48,0.0,995.3,17.9,28.8,257,255,13,3,7,2,185,34.3,0.2,37.6,0.0,36.5,0.0,27.2,0.0,32.1,0.0,36.016666666666666,0.1999999999999982,34.5,0.2000000000000018,31.4625,0.2,-1.1999999999999955,-0.2,Tiruchirappalli,30.8,0.0
2024-07-03 14:00:00,32.4,50,0.0,996.7,15.9,26.8,258,257,14,3,7,2,185,33.1,0.0,36.4,0.0,37.2,0.0,28.7,0.0,31.3,0.0,35.21666666666667,0.1999999999999982,34.80833333333333,0.2000000000000018,31.508333333333336,0.2,-0.7000000000000028,0.0,Tiruchirappalli,30.0,0.0
2024-07-03 15:00:00,31.3,54,0.0,997.9,15.3,25.4,263,261,15,3,7,2,185,32.4,0.0,34.3,0.2,37.5,0.0,30.7,0.0,31.0,0.0,34.18333333333333,0.1999999999999982,34.858333333333334,0.2000000000000018,31.52083333333333,0.2,-1.099999999999998,0.0,Tiruchirappalli,29.2,0.0
2024-07-03 16:00:00,30.4,58,0.0,998.7,11.5,20.2,269,270,16,3,7,2,185,31.3,0.0,33.1,0.0,37.6,0.0,32.6,0.0,30.0,0.0,32.983333333333334,0.1999999999999982,34.675000000000004,0.2000000000000018,31.537500000000005,0.2,-0.9000000000000021,0.0,Tiruchirappalli,29.0,0.0
2024-07-03 17:00:00,26.0,92,6.1,999.8,6.6,3.0,76,99,17,3,7,2,185,30.4,0.0,32.4,0.0,36.4,0.0,34.1,0.0,29.4,0.0,31.25,6.299999999999998,34.0,6.300000000000002,31.39583333333333,6.3,-4.399999999999999,6.1,Tiruchirappalli,28.7,0.0
2024-07-03 18:00:00,26.1,89,0.2,998.8,8.1,13.8,242,201,18,3,7,2,185,26.0,6.1,31.3,0.0,34.3,0.2,35.3,0.0,28.9,0.0,29.88333333333333,6.299999999999998,33.233333333333334,6.500000000000002,31.279166666666665,6.5,0.1000000000000014,-5.9,Tiruchirappalli,28.2,0.0
2024-07-03 19:00:00,26.7,83,0.0,998.3,7.6,17.3,268,251,19,3,7,2,185,26.1,0.2,30.4,0.0,33.1,0.0,36.5,0.0,28.6,0.0,28.816666666666663,6.299999999999998,32.416666666666664,6.500000000000002,31.2,6.5,0.5999999999999979,-0.2,Tiruchirappalli,27.8,0.0
2024-07-03 20:00:00,27.0,76,0.0,997.8,10.1,20.9,273,268,20,3,7,2,185,26.7,0.0,26.0,6.1,32.4,0.0,37.2,0.0,27.7,0.0,27.916666666666668,6.299999999999998,31.566666666666663,6.500000000000002,31.17083333333333,6.5,0.3000000000000007,0.0,Tiruchirappalli,27.3,0.0
2024-07-03 21:00:00,27.0,74,0.0,997.2,10.5,21.3,275,274,21,3,7,2,185,27.0,0.0,26.1,0.2,31.3,0.0,37.5,0.0,27.2,0.0,27.200000000000003,6.299999999999998,30.691666666666663,6.500000000000002,31.1625,6.5,0.0,0.0,Tiruchirappalli,27.1,0.0
2024-07-03 22:00:00,26.8,74,0.0,997.1,10.7,22.0,281,282,22,3,7,2,185,27.0,0.0,26.7,0.0,30.4,0.0,37.6,0.0,27.0,0.0,26.6,6.299999999999998,29.791666666666668,6.500000000000002,31.154166666666665,6.5,-0.1999999999999993,0.0,Tiruchirappalli,27.0,0.0
2024-07-03 23:00:00,26.6,75,0.0,997.2,10.8,21.8,283,285,23,3,7,2,185,26.8,0.0,27.0,0.0,26.0,6.1,36.4,0.0,26.6,0.0,26.700000000000003,0.1999999999999982,28.975,6.500000000000002,31.154166666666665,6.5,-0.1999999999999993,0.0,Tiruchirappalli,26.9,0.1
2024-07-04 00:00:00,26.6,75,0.0,997.7,12.1,24.1,279,282,0,4,7,3,186,26.6,0.0,27.0,0.0,26.1,0.2,34.3,0.2,26.2,0.0,26.78333333333333,0.0,28.33333333333333,6.300000000000002,31.17083333333333,6.5,0.0,0.0,Tiruchirappalli,26.8,0.0
2024-07-04 01:00:00,26.8,74,0.0,998.1,15.0,24.4,279,280,1,4,7,3,186,26.6,0.0,26.8,0.0,26.7,0.0,33.1,0.0,27.2,0.0,26.8,0.0,27.808333333333334,6.300000000000002,31.154166666666665,6.5,0.1999999999999993,0.0,Tiruchirappalli,26.7,0.0
2024-07-04 02:00:00,27.4,72,0.0,998.7,14.0,21.2,288,288,2,4,7,3,186,26.8,0.0,26.6,0.0,27.0,0.0,32.4,0.0,28.7,0.0,26.866666666666664,0.0,27.391666666666666,6.300000000000002,31.100000000000005,6.5,0.5999999999999979,0.0,Tiruchirappalli,27.7,0.0
2024-07-04 03:00:00,28.7,67,0.0,999.4,13.4,18.9,284,284,3,4,7,3,186,27.4,0.0,26.6,0.0,27.0,0.0,31.3,0.0,30.7,0.0,27.15,0.0,27.175,6.300000000000002,31.016666666666666,6.5,1.3000000000000007,0.0,Tiruchirappalli,29.2,0.0
2024-07-04 04:00:00,30.7,59,0.0,999.6,15.1,21.0,282,282,4,4,7,3,186,28.7,0.0,26.8,0.0,26.8,0.0,30.4,0.0,32.6,0.0,27.8,0.0,27.2,6.300000000000002,30.9375,6.5,2.0,0.0,Tiruchirappalli,31.1,0.0
2024-07-04 05:00:00,33.0,50,0.0,999.0,13.4,18.0,290,290,5,4,7,3,186,30.7,0.0,27.4,0.0,26.6,0.0,26.0,6.1,34.1,0.0,28.866666666666664,0.0,27.78333333333333,0.2000000000000018,30.891666666666666,6.5,2.3000000000000007,0.0,Tiruchirappalli,32.8,0.0
2024-07-04 06:00:00,34.6,45,0.0,998.4,10.1,13.2,296,297,6,4,7,3,186,33.0,0.0,28.7,0.0,26.6,0.0,26.1,0.2,35.3,0.0,30.2,0.0,28.491666666666664,0.0,30.8625,6.5,1.6000000000000014,0.0,Tiruchirappalli,34.9,0.0
2024-07-04 07:00:00,35.4,42,0.0,997.7,8.0,10.5,276,278,7,4,7,3,186,34.6,0.0,30.7,0.0,26.8,0.0,26.7,0.0,36.5,0.0,31.63333333333333,0.0,29.21666666666667,0.0,30.816666666666663,6.5,0.7999999999999972,0.0,Tiruchirappalli,36.1,0.0
2024-07-04 08:00:00,36.3,40,0.0,997.1,9.2,11.7,279,281,8,4,7,3,186,35.4,0.0,33.0,0.0,27.4,0.0,27.0,0.0,37.2,0.0,33.11666666666667,0.0,29.991666666666664,0.0,30.779166666666665,6.5,0.8999999999999986,0.0,Tiruchirappalli,37.1,0.0
2024-07-04 09:00:00,35.6,40,0.0,996.5,15.5,20.5,269,271,9,4,7,3,186,36.3,0.0,34.6,0.0,28.7,0.0,27.0,0.0,37.5,0.0,34.266666666666666,0.0,30.70833333333333,0.0,30.7,6.5,-0.6999999999999957,0.0,Tiruchirappalli,36.1,0.3
2024-07-04 10:00:00,34.3,44,0.0,996.4,13.3,17.8,256,257,10,4,7,3,186,35.6,0.0,35.4,0.0,30.7,0.0,26.8,0.0,37.6,0.0,34.86666666666667,0.0,31.33333333333333,0.0,30.5625,6.5,-1.3000000000000045,0.0,Tiruchirappalli,36.4,0.1
2024-07-04 11:00:00,34.4,41,0.0,996.6,16.2,22.1,251,249,11,4,7,3,186,34.3,0.0,36.3,0.0,33.0,0.0,26.6,0.0,36.4,0.0,35.1,0.0,31.98333333333333,0.0,30.479166666666668,6.5,0.1000000000000014,0.0,Tiruchirappalli,33.9,0.2
2024-07-04 12:00:00,33.1,47,0.0,997.2,8.7,12.5,258,253,12,4,7,3,186,34.4,0.0,35.6,0.0,34.6,0.0,26.6,0.0,34.3,0.2,34.85,0.0,32.525,0.0,30.429166666666664,6.3,-1.2999999999999972,0.0,Tiruchirappalli,33.9,0.0
2024-07-04 13:00:00,31.7,54,0.0,996.1,10.3,19.1,168,168,13,4,7,3,186,33.1,0.0,34.3,0.0,35.4,0.0,26.8,0.0,33.1,0.0,34.233333333333334,0.0,32.93333333333333,0.0,30.370833333333334,6.3,-1.400000000000002,0.0,Tiruchirappalli,33.1,0.0
2024-07-04 14:00:00,30.9,56,0.0,997.1,9.4,20.2,178,178,14,4,7,3,186,31.7,0.0,34.4,0.0,36.3,0.0,27.4,0.0,32.4,0.0,33.333333333333336,0.0,33.225,0.0,30.308333333333334,6.3,-0.8000000000000007,0.0,Tiruchirappalli,31.6,0.0
2024-07-04 15:00:00,30.7,61,0.0,998.3,9.4,18.4,176,176,15,4,7,3,186,30.9,0.0,33.1,0.0,35.6,0.0,28.7,0.0,31.3,0.0,32.516666666666666,0.0,33.391666666666666,0.0,30.28333333333333,6.3,-0.1999999999999993,0.0,Tiruchirappalli,30.5,0.0
2024-07-04 16:00:00,29.7,68,0.0,998.6,5.4,11.5,182,184,16,4,7,3,186,30.7,0.0,31.7,0.0,34.3,0.0,30.7,0.0,30.4,0.0,31.75,0.0,33.30833333333334,0.0,30.254166666666663,6.3,-1.0,0.0,Tiruchirappalli,29.8,0.0
2024-07-04 17:00:00,28.7,73,0.0,999.0,4.5,10.9,197,194,17,4,7,3,186,29.7,0.0,30.9,0.0,34.4,0.0,33.0,0.0,26.0,6.1,30.8,0.0,32.95,0.0,30.366666666666664,0.2,-1.0,0.0,Tiruchirappalli,29.3,0.0
2024-07-04 18:00:00,28.6,72,0.0,999.1,8.3,15.8,181,175,18,4,7,3,186,28.7,0.0,30.7,0.0,33.1,0.0,34.6,0.0,26.1,0.2,30.05,0.0,32.45,0.0,30.47083333333333,0.0,-0.0999999999999978,0.0,Tiruchirappalli,28.8,0.0
2024-07-04 19:00:00,28.1,73,0.0,998.7,9.9,18.4,192,190,19,4,7,3,186,28.6,0.0,29.7,0.0,31.7,0.0,35.4,0.0,26.7,0.0,29.45,0.0,31.84166666666667,0.0,30.52916666666667,0.0,-0.5,0.0,Tiruchirappalli,28.1,0.0
2024-07-04 20:00:00,27.6,76,0.0,998.1,6.6,14.5,207,202,20,4,7,3,186,28.1,0.0,28.7,0.0,30.9,0.0,36.3,0.0,27.0,0.0,28.9,0.0,31.11666666666667,0.0,30.554166666666664,0.0,-0.5,0.0,Tiruchirappalli,27.7,0.0
2024-07-04 21:00:00,27.2,79,0.0,997.5,5.4,11.9,215,200,21,4,7,3,186,27.6,0.0,28.6,0.0,30.7,0.0,35.6,0.0,27.0,0.0,28.316666666666663,0.0,30.416666666666668,0.0,30.5625,0.0,-0.4000000000000021,0.0,Tiruchirappalli,27.3,0.0
2024-07-04 22:00:00,26.7,82,0.0,997.2,4.5,10.1,207,194,22,4,7,3,186,27.2,0.0,28.1,0.0,29.7,0.0,34.3,0.0,26.8,0.0,27.816666666666663,0.0,29.78333333333333,0.0,30.558333333333337,0.0,-0.5,0.0,Tiruchirappalli,26.9,0.0
2024-07-04 23:00:00,26.3,84,0.0,997.2,4.0,9.8,216,207,23,4,7,3,186,26.7,0.0,27.6,0.0,28.7,0.0,34.4,0.0,26.6,0.0,27.416666666666668,0.0,29.10833333333333,0.0,30.54583333333333,0.0,-0.3999999999999986,0.0,Tiruchirappalli,26.7,0.0
2024-07-05 00:00:00,25.8,87,0.0,997.4,3.9,7.6,225,202,0,5,7,4,187,26.3,0.0,27.2,0.0,28.6,0.0,33.1,0.0,26.6,0.0,26.95,0.0,28.5,0.0,30.5125,0.0,-0.5,0.0,Tiruchirappalli,26.5,0.0
2024-07-05 01:00:00,27.4,74,0.0,997.4,7.1,13.0,256,240,1,5,7,4,187,25.8,0.0,26.7,0.0,28.1,0.0,31.7,0.0,26.8,0.0,26.83333333333333,0.0,28.141666666666666,0.0,30.537500000000005,0.0,1.599999999999998,0.0,Tiruchirappalli,26.8,0.0
2024-07-05 02:00:00,28.7,68,0.0,998.4,9.4,13.5,254,252,2,5,7,4,187,27.4,0.0,26.3,0.0,27.6,0.0,30.9,0.0,27.4,0.0,27.016666666666666,0.0,27.95833333333333,0.0,30.591666666666665,0.0,1.3000000000000007,0.0,Tiruchirappalli,27.8,0.0
2024-07-05 03:00:00,30.2,64,0.0,998.5,11.2,15.5,274,274,3,5,7,4,187,28.7,0.0,25.8,0.0,27.2,0.0,30.7,0.0,28.7,0.0,27.516666666666666,0.0,27.916666666666668,0.0,30.65416666666667,0.0,1.5,0.0,Tiruchirappalli,29.7,0.0
2024-07-05 04:00:00,32.2,56,0.0,998.1,11.7,15.3,278,279,4,5,7,4,187,30.2,0.0,27.4,0.0,26.7,0.0,29.7,0.0,30.7,0.0,28.433333333333334,0.0,28.125,0.0,30.716666666666665,0.0,2.000000000000004,0.0,Tiruchirappalli,32.0,0.0
2024-07-05 05:00:00,34.1,48,0.0,997.5,11.6,15.6,277,277,5,5,7,4,187,32.2,0.0,28.7,0.0,26.3,0.0,28.7,0.0,33.0,0.0,29.73333333333333,0.0,28.575,0.0,30.7625,0.0,1.8999999999999984,0.0,Tiruchirappalli,34.3,0.0
2024-07-05 06:00:00,35.7,44,0.0,997.0,13.0,17.3,272,273,6,5,7,4,187,34.1,0.0,30.2,0.0,25.8,0.0,28.6,0.0,34.6,0.0,31.383333333333336,0.0,29.166666666666668,0.0,30.808333333333334,0.0,1.6000000000000014,0.0,Tiruchirappalli,35.8,0.0
2024-07-05 07:00:00,36.5,42,0.0,996.4,14.8,19.5,273,274,7,5,7,4,187,35.7,0.0,32.2,0.0,27.4,0.0,28.1,0.0,35.4,0.0,32.9,0.0,29.866666666666664,0.0,30.854166666666668,0.0,0.7999999999999972,0.0,Tiruchirappalli,37.1,0.0
2024-07-05 08:00:00,37.6,38,0.0,995.0,17.1,22.1,276,277,8,5,7,4,187,36.5,0.0,34.1,0.0,28.7,0.0,27.6,0.0,36.3,0.0,34.38333333333333,0.0,30.7,0.0,30.90833333333333,0.0,1.1000000000000014,0.0,Tiruchirappalli,37.5,0.0
2024-07-05 09:00:00,33.0,53,0.6,994.7,14.5,20.2,235,228,9,5,7,4,187,37.6,0.0,35.7,0.0,30.2,0.0,27.2,0.0,35.6,0.0,34.85,0.5999999999999982,31.183333333333334,0.6000000000000018,30.8,0.6,-4.600000000000001,0.6,Tiruchirappalli,37.8,0.0
2024-07-05 10:00:00,34.3,47,0.0,994.4,17.1,23.2,251,248,10,5,7,4,187,33.0,0.6,36.5,0.0,32.2,0.0,26.7,0.0,34.3,0.0,35.2,0.5999999999999982,31.816666666666663,0.6000000000000018,30.8,0.6,1.2999999999999972,-0.6,Tiruchirappalli,38.2,0.0
2024-07-05 11:00:00,30.5,63,1.3,995.2,20.2,27.9,197,196,11,5,7,4,187,34.3,0.0,37.6,0.0,34.1,0.0,26.3,0.0,34.4,0.0,34.6,1.899999999999998,32.166666666666664,1.9000000000000017,30.6375,1.9,-3.799999999999997,1.3,Tiruchirappalli,37.8,0.0
2024-07-05 12:00:00,28.8,72,0.1,994.4,8.3,11.6,185,180,12,5,7,4,187,30.5,1.3,33.0,0.6,35.7,0.0,25.8,0.0,33.1,0.0,33.45,1.9999999999999984,32.416666666666664,2.0000000000000018,30.45833333333333,2.0,-1.6999999999999993,-1.2,Tiruchirappalli,36.8,0.0
2024-07-05 13:00:00,31.4,54,0.1,995.2,15.0,24.0,221,215,13,5,7,4,187,28.8,0.1,34.3,0.0,36.5,0.0,27.4,0.0,31.7,0.0,32.6,2.0999999999999983,32.75,2.100000000000002,30.445833333333336,2.1,2.599999999999998,0.0,Tiruchirappalli,34.4,0.0
2024-07-05 14:00:00,28.3,73,0.0,996.1,8.7,14.8,206,197,14,5,7,4,187,31.4,0.1,30.5,1.3,37.6,0.0,28.7,0.0,30.9,0.0,31.05,2.0999999999999983,32.71666666666667,2.100000000000002,30.3375,2.1,-3.099999999999998,-0.1,Tiruchirappalli,32.8,0.0
2024-07-05 15:00:00,28.2,72,0.0,997.0,10.5,19.5,236,218,15,5,7,4,187,28.3,0.0,28.8,0.1,33.0,0.6,30.2,0.0,30.7,0.0,30.25,1.4999999999999982,32.550000000000004,2.100000000000002,30.23333333333333,2.1,-0.1000000000000014,0.0,Tiruchirappalli,31.8,0.0
2024-07-05 16:00:00,28.2,69,0.0,997.0,8.6,17.9,251,237,16,5,7,4,187,28.2,0.0,31.4,0.1,34.3,0.0,32.2,0.0,29.7,0.0,29.23333333333333,1.4999999999999982,32.21666666666666,2.100000000000002,30.17083333333333,2.1,0.0,0.0,Tiruchirappalli,30.5,0.0
2024-07-05 17:00:00,28.4,62,0.0,997.2,9.7,19.8,268,255,17,5,7,4,187,28.2,0.0,28.3,0.0,30.5,1.3,34.1,0.0,28.7,0.0,28.88333333333333,0.1999999999999984,31.74166666666667,2.100000000000002,30.15833333333333,2.1,0.1999999999999993,0.0,Tiruchirappalli,29.8,0.0
2024-07-05 18:00:00,28.3,61,0.0,997.1,10.4,20.6,265,256,18,5,7,4,187,28.4,0.0,28.2,0.0,28.8,0.1,35.7,0.0,28.6,0.0,28.8,0.0999999999999984,31.125,2.100000000000002,30.14583333333333,2.1,-0.0999999999999978,0.0,Tiruchirappalli,29.2,0.0
2024-07-05 19:00:00,27.8,64,0.0,997.3,10.7,20.7,263,256,19,5,7,4,187,28.3,0.0,28.2,0.0,31.4,0.1,36.5,0.0,28.1,0.0,28.2,0.0,30.4,2.100000000000002,30.133333333333336,2.1,-0.5,0.0,Tiruchirappalli,28.7,0.0
2024-07-05 20:00:00,27.7,64,0.0,996.9,12.6,23.1,272,270,20,5,7,4,187,27.8,0.0,28.4,0.0,28.3,0.0,37.6,0.0,27.6,0.0,28.1,0.0,29.575,2.100000000000002,30.137500000000003,2.1,-0.1000000000000014,0.0,Tiruchirappalli,28.2,0.0
2024-07-05 21:00:00,27.5,65,0.0,996.2,13.4,24.6,275,275,21,5,7,4,187,27.7,0.0,28.3,0.0,28.2,0.0,33.0,0.6,27.2,0.0,27.98333333333333,0.0,29.116666666666664,1.5000000000000018,30.15,2.1,-0.1999999999999993,0.0,Tiruchirappalli,27.6,0.0
2024-07-05 22:00:00,27.2,67,0.0,995.2,14.8,26.6,283,283,22,5,7,4,187,27.5,0.0,27.8,0.0,28.2,0.0,34.3,0.0,26.7,0.0,27.816666666666663,0.0,28.525,1.5000000000000018,30.17083333333333,2.1,-0.3000000000000007,0.0,Tiruchirappalli,27.2,0.0
2024-07-05 23:00:00,27.1,68,0.0,995.4,14.0,24.9,275,271,23,5,7,4,187,27.2,0.0,27.7,0.0,28.4,0.0,30.5,1.3,26.3,0.0,27.600000000000005,0.0,28.241666666666664,0.200000000000002,30.204166666666666,2.1,-0.0999999999999978,0.0,Tiruchirappalli,27.1,0.0
2024-07-06 00:00:00,27.1,67,0.0,996.1,13.1,24.4,279,279,0,6,7,5,188,27.1,0.0,27.5,0.0,28.3,0.0,28.8,0.1,25.8,0.0,27.4,0.0,28.1,0.100000000000002,30.258333333333336,2.1,0.0,0.0,Tiruchirappalli,26.9,0.0
2024-07-06 01:00:00,27.7,62,0.0,997.3,11.9,20.2,272,272,1,6,7,5,188,27.1,0.0,27.2,0.0,27.8,0.0,31.4,0.1,27.4,0.0,27.383333333333336,0.0,27.791666666666668,0.0,30.27083333333333,2.1,0.5999999999999979,0.0,Tiruchirappalli,27.1,0.0
2024-07-06 02:00:00,28.0,62,0.0,998.0,13.9,19.9,290,291,2,6,7,5,188,27.7,0.0,27.1,0.0,27.7,0.0,28.3,0.0,28.7,0.0,27.433333333333334,0.0,27.766666666666666,0.0,30.24166666666667,2.1,0.3000000000000007,0.0,Tiruchirappalli,28.3,0.0
2024-07-06 03:00:00,28.4,62,0.0,998.0,13.7,20.4,291,293,3,6,7,5,188,28.0,0.0,27.1,0.0,27.5,0.0,28.2,0.0,30.2,0.0,27.58333333333333,0.0,27.78333333333333,0.0,30.166666666666668,2.1,0.3999999999999986,0.0,Tiruchirappalli,30.0,0.0
2024-07-06 04:00:00,29.3,58,0.0,997.8,15.0,21.4,287,287,4,6,7,5,188,28.4,0.0,27.7,0.0,27.2,0.0,28.2,0.0,32.2,0.0,27.933333333333337,0.0,27.875,0.0,30.04583333333333,2.1,0.9000000000000021,0.0,Tiruchirappalli,32.0,0.0
2024-07-06 05:00:00,31.8,49,0.0,997.6,18.1,25.1,277,277,5,6,7,5,188,29.3,0.0,28.0,0.0,27.1,0.0,28.4,0.0,34.1,0.0,28.716666666666665,0.0,28.15833333333333,0.0,29.950000000000003,2.1,2.5,0.0,Tiruchirappalli,33.8,0.0
2024-07-06 06:00:00,31.4,50,0.0,997.2,17.7,25.0,282,282,6,6,7,5,188,31.8,0.0,28.4,0.0,27.1,0.0,28.3,0.0,35.7,0.0,29.433333333333334,0.0,28.416666666666668,0.0,29.77083333333333,2.1,-0.4000000000000021,0.0,Tiruchirappalli,35.3,0.0
2024-07-06 07:00:00,31.9,47,0.0,996.7,20.3,28.6,275,276,7,6,7,5,188,31.4,0.0,29.3,0.0,27.7,0.0,27.8,0.0,36.5,0.0,30.133333333333336,0.0,28.758333333333336,0.0,29.579166666666666,2.1,0.5,0.0,Tiruchirappalli,36.8,0.0
2024-07-06 08:00:00,31.9,49,0.0,995.9,20.5,28.8,269,270,8,6,7,5,188,31.9,0.0,31.8,0.0,28.0,0.0,27.7,0.0,37.6,0.0,30.78333333333333,0.0,29.10833333333333,0.0,29.341666666666665,2.1,0.0,0.0,Tiruchirappalli,37.4,0.0
2024-07-06 09:00:00,32.1,49,0.0,995.0,17.7,25.2,272,272,9,6,7,5,188,31.9,0.0,31.4,0.0,28.4,0.0,27.5,0.0,33.0,0.6,31.399999999999995,0.0,29.49166666666667,0.0,29.304166666666664,1.5,0.2000000000000028,0.0,Tiruchirappalli,37.3,0.0
2024-07-06 10:00:00,32.4,47,0.0,994.6,19.1,27.4,270,270,10,6,7,5,188,32.1,0.0,31.9,0.0,29.3,0.0,27.2,0.0,34.3,0.0,31.91666666666666,0.0,29.925,0.0,29.225,1.5,0.2999999999999971,0.0,Tiruchirappalli,37.5,0.0
2024-07-06 11:00:00,32.3,48,0.0,994.6,18.1,26.8,265,263,11,6,7,5,188,32.4,0.0,31.9,0.0,31.8,0.0,27.1,0.0,30.5,1.3,32.0,0.0,30.35833333333333,0.0,29.3,0.2000000000000002,-0.1000000000000014,0.0,Tiruchirappalli,36.9,0.0
2024-07-06 12:00:00,31.4,51,0.0,994.9,16.1,24.4,262,260,12,6,7,5,188,32.3,0.0,32.1,0.0,31.4,0.0,27.1,0.0,28.8,0.1,32.0,0.0,30.716666666666665,0.0,29.40833333333333,0.1000000000000002,-0.8999999999999986,0.0,Tiruchirappalli,36.1,0.0
2024-07-06 13:00:00,30.6,53,0.0,994.8,12.7,21.7,265,262,13,6,7,5,188,31.4,0.0,32.4,0.0,31.9,0.0,27.7,0.0,31.4,0.1,31.78333333333333,0.0,30.95833333333333,0.0,29.375,0.0,-0.7999999999999972,0.0,Tiruchirappalli,34.6,0.0
2024-07-06 14:00:00,30.2,54,0.0,995.6,13.0,23.4,270,267,14,6,7,5,188,30.6,0.0,32.3,0.0,31.9,0.0,28.0,0.0,28.3,0.0,31.5,0.0,31.141666666666666,0.0,29.454166666666666,0.0,-0.4000000000000021,0.0,Tiruchirappalli,33.1,0.0
2024-07-06 15:00:00,29.9,55,0.0,996.5,12.3,22.7,269,267,15,6,7,5,188,30.2,0.0,31.4,0.0,32.1,0.0,28.4,0.0,28.2,0.0,31.13333333333333,0.0,31.266666666666666,0.0,29.524999999999995,0.0,-0.3000000000000007,0.0,Tiruchirappalli,32.3,0.0
2024-07-06 16:00:00,29.4,57,0.0,997.1,11.2,20.9,266,266,16,6,7,5,188,29.9,0.0,30.6,0.0,32.4,0.0,29.3,0.0,28.2,0.0,30.633333333333336,0.0,31.275,0.0,29.575,0.0,-0.5,0.0,Tiruchirappalli,31.6,0.0
2024-07-06 17:00:00,28.8,60,0.0,997.3,8.3,17.3,265,265,17,6,7,5,188,29.4,0.0,30.2,0.0,32.3,0.0,31.8,0.0,28.4,0.0,30.05,0.0,31.025,0.0,29.59166666666667,0.0,-0.5999999999999979,0.0,Tiruchirappalli,30.4,0.0
2024-07-06 18:00:00,28.4,62,0.0,997.2,8.0,16.4,279,278,18,6,7,5,188,28.8,0.0,29.9,0.0,31.4,0.0,31.4,0.0,28.3,0.0,29.55,0.0,30.775,0.0,29.59583333333333,0.0,-0.4000000000000021,0.0,Tiruchirappalli,29.8,0.0
2024-07-06 19:00:00,27.9,63,0.0,996.8,8.4,16.9,270,263,19,6,7,5,188,28.4,0.0,29.4,0.0,30.6,0.0,31.9,0.0,27.8,0.0,29.1,0.0,30.441666666666663,0.0,29.6,0.0,-0.5,0.0,Tiruchirappalli,29.5,0.0
2024-07-06 20:00:00,27.5,64,0.0,996.3,9.8,19.2,275,276,20,6,7,5,188,27.9,0.0,28.8,0.0,30.2,0.0,31.9,0.0,27.7,0.0,28.65,0.0,30.075,0.0,29.591666666666665,0.0,-0.3999999999999986,0.0,Tiruchirappalli,28.7,0.0
2024-07-06 21:00:00,27.3,66,0.0,995.9,11.3,21.5,279,277,21,6,7,5,188,27.5,0.0,28.4,0.0,29.9,0.0,32.1,0.0,27.5,0.0,28.216666666666665,0.0,29.675,0.0,29.58333333333333,0.0,-0.1999999999999993,0.0,Tiruchirappalli,28.0,0.0
2024-07-06 22:00:00,27.2,67,0.0,995.5,10.1,19.5,273,268,22,6,7,5,188,27.3,0.0,27.9,0.0,29.4,0.0,32.4,0.0,27.2,0.0,27.85,0.0,29.241666666666664,0.0,29.58333333333333,0.0,-0.1000000000000014,0.0,Tiruchirappalli,27.7,0.0
2024-07-06 23:00:00,27.1,68,0.0,995.5,9.7,18.8,277,274,23,6,7,5,188,27.2,0.0,27.5,0.0,28.8,0.0,32.3,0.0,27.1,0.0,27.566666666666663,0.0,28.808333333333334,0.0,29.58333333333333,0.0,-0.0999999999999978,0.0,Tiruchirappalli,27.7,0.0
2024-07-07 00:00:00,26.9,69,0.0,995.4,9.4,18.9,279,277,0,7,7,6,189,27.1,0.0,27.3,0.0,28.4,0.0,31.4,0.0,27.1,0.0,27.316666666666663,0.0,28.433333333333334,0.0,29.575,0.0,-0.2000000000000028,0.0,Tiruchirappalli,27.5,0.0
2024-07-07 01:00:00,27.5,66,0.0,997.0,12.4,21.1,279,278,1,7,7,6,189,26.9,0.0,27.2,0.0,27.9,0.0,30.6,0.0,27.7,0.0,27.25,0.0,28.175,0.0,29.566666666666663,0.0,0.6000000000000014,0.0,Tiruchirappalli,28.1,0.0
2024-07-07 02:00:00,28.7,62,0.0,997.3,13.4,19.6,276,275,2,7,7,6,189,27.5,0.0,27.1,0.0,27.5,0.0,30.2,0.0,28.0,0.0,27.45,0.0,28.05,0.0,29.59583333333333,0.0,1.1999999999999993,0.0,Tiruchirappalli,29.0,0.0
2024-07-07 03:00:00,30.2,58,0.0,997.4,18.1,25.4,277,276,3,7,7,6,189,28.7,0.0,26.9,0.0,27.3,0.0,29.9,0.0,28.4,0.0,27.933333333333337,0.0,28.075000000000003,0.0,29.67083333333333,0.0,1.5,0.0,Tiruchirappalli,30.5,0.0
2024-07-07 04:00:00,31.9,53,0.0,997.2,19.7,27.3,279,279,4,7,7,6,189,30.2,0.0,27.5,0.0,27.2,0.0,29.4,0.0,29.3,0.0,28.716666666666665,0.0,28.28333333333333,0.0,29.77916666666667,0.0,1.6999999999999993,0.0,Tiruchirappalli,32.6,0.0
2024-07-07 05:00:00,34.0,46,0.0,996.8,20.5,28.1,272,272,5,7,7,6,189,31.9,0.0,28.7,0.0,27.1,0.0,28.8,0.0,31.8,0.0,29.866666666666664,0.0,28.716666666666665,0.0,29.870833333333334,0.0,2.1000000000000014,0.0,Tiruchirappalli,34.8,0.0
2024-07-07 06:00:00,35.6,40,0.0,995.9,22.5,30.8,277,277,6,7,7,6,189,34.0,0.0,30.2,0.0,26.9,0.0,28.4,0.0,31.4,0.0,31.316666666666663,0.0,29.316666666666663,0.0,30.04583333333333,0.0,1.6000000000000014,0.0,Tiruchirappalli,36.3,0.0
2024-07-07 07:00:00,36.8,36,0.0,995.1,22.5,30.7,275,277,7,7,7,6,189,35.6,0.0,31.9,0.0,27.5,0.0,27.9,0.0,31.9,0.0,32.86666666666667,0.0,30.058333333333337,0.0,30.25,0.0,1.1999999999999955,0.0,Tiruchirappalli,36.9,0.0
2024-07-07 08:00:00,37.5,33,0.0,994.1,23.1,31.3,272,273,8,7,7,6,189,36.8,0.0,34.0,0.0,28.7,0.0,27.5,0.0,31.9,0.0,34.333333333333336,0.0,30.89166666666667,0.0,30.48333333333333,0.0,0.7000000000000028,0.0,Tiruchirappalli,36.8,0.0
2024-07-07 09:00:00,37.4,33,0.0,993.4,23.1,31.7,271,272,9,7,7,6,189,37.5,0.0,35.6,0.0,30.2,0.0,27.3,0.0,32.1,0.0,35.53333333333334,0.0,31.73333333333333,0.0,30.704166666666666,0.0,-0.1000000000000014,0.0,Tiruchirappalli,31.8,1.3
2024-07-07 10:00:00,36.7,36,0.0,992.8,20.8,28.3,285,288,10,7,7,6,189,37.4,0.0,36.8,0.0,31.9,0.0,27.2,0.0,32.4,0.0,36.333333333333336,0.0,32.525,0.0,30.883333333333336,0.0,-0.6999999999999957,0.0,Tiruchirappalli,32.0,0.0
2024-07-07 11:00:00,36.2,37,0.0,992.7,19.2,26.8,277,278,11,7,7,6,189,36.7,0.0,37.5,0.0,34.0,0.0,27.1,0.0,32.3,0.0,36.7,0.0,33.28333333333333,0.0,31.04583333333333,0.0,-0.5,0.0,Tiruchirappalli,29.1,1.0
2024-07-07 12:00:00,34.8,40,0.0,993.2,20.5,29.8,278,280,12,7,7,6,189,36.2,0.0,37.4,0.0,35.6,0.0,26.9,0.0,31.4,0.0,36.56666666666667,0.0,33.94166666666667,0.0,31.1875,0.0,-1.4000000000000057,0.0,Tiruchirappalli,29.5,0.1
2024-07-07 13:00:00,32.6,48,0.0,994.6,12.6,20.7,247,239,13,7,7,6,189,34.8,0.0,36.7,0.0,36.8,0.0,27.5,0.0,30.6,0.0,35.86666666666667,0.0,34.36666666666667,0.0,31.27083333333333,0.0,-2.199999999999996,0.0,Tiruchirappalli,29.2,1.1
2024-07-07 14:00:00,31.2,53,0.0,995.8,14.4,24.5,240,233,14,7,7,6,189,32.6,0.0,36.2,0.0,37.5,0.0,28.7,0.0,30.2,0.0,34.81666666666667,0.0,34.575,0.0,31.3125,0.0,-1.400000000000002,0.0,Tiruchirappalli,27.1,2.1
2024-07-07 15:00:00,30.6,56,0.0,996.5,15.1,25.8,255,252,15,7,7,6,189,31.2,0.0,34.8,0.0,37.4,0.0,30.2,0.0,29.9,0.0,33.68333333333333,0.0,34.608333333333334,0.0,31.34166666666667,0.0,-0.5999999999999979,0.0,Tiruchirappalli,26.6,0.1
2024-07-07 16:00:00,29.7,57,0.0,996.8,15.9,27.1,266,264,16,7,7,6,189,30.6,0.0,32.6,0.0,36.7,0.0,31.9,0.0,29.4,0.0,32.51666666666667,0.0,34.425000000000004,0.0,31.354166666666668,0.0,-0.9000000000000021,0.0,Tiruchirappalli,26.4,0.0
2024-07-07 17:00:00,29.1,59,0.0,996.7,12.2,23.0,271,268,17,7,7,6,189,29.7,0.0,31.2,0.0,36.2,0.0,34.0,0.0,28.8,0.0,31.33333333333333,0.0,34.016666666666666,0.0,31.366666666666664,0.0,-0.5999999999999979,0.0,Tiruchirappalli,26.6,0.0
2024-07-07 18:00:00,28.8,60,0.0,996.5,12.0,22.3,279,277,18,7,7,6,189,29.1,0.0,30.6,0.0,34.8,0.0,35.6,0.0,28.4,0.0,30.33333333333333,0.0,33.45,0.0,31.383333333333336,0.0,-0.3000000000000007,0.0,Tiruchirappalli,26.7,0.0
2024-07-07 19:00:00,28.3,62,0.0,996.3,12.8,23.1,281,280,19,7,7,6,189,28.8,0.0,29.7,0.0,32.6,0.0,36.8,0.0,27.9,0.0,29.616666666666664,0.0,32.74166666666667,0.0,31.4,0.0,-0.5,0.0,Tiruchirappalli,26.8,0.0
2024-07-07 20:00:00,27.9,63,0.0,995.9,13.7,24.9,272,268,20,7,7,6,189,28.3,0.0,29.1,0.0,31.2,0.0,37.5,0.0,27.5,0.0,29.066666666666663,0.0,31.941666666666663,0.0,31.416666666666668,0.0,-0.4000000000000021,0.0,Tiruchirappalli,26.8,0.0
2024-07-07 21:00:00,27.5,66,0.0,995.4,14.8,26.3,272,271,21,7,7,6,189,27.9,0.0,28.8,0.0,30.6,0.0,37.4,0.0,27.3,0.0,28.55,0.0,31.116666666666664,0.0,31.425,0.0,-0.3999999999999986,0.0,Tiruchirappalli,26.6,0.1
2024-07-07 22:00:00,27.1,69,0.0,994.9,15.3,27.3,279,278,22,7,7,6,189,27.5,0.0,28.3,0.0,29.7,0.0,36.7,0.0,27.2,0.0,28.11666666666667,0.0,30.316666666666663,0.0,31.42083333333333,0.0,-0.3999999999999986,0.0,Tiruchirappalli,25.8,0.9
2024-07-07 23:00:00,26.9,71,0.0,995.3,14.8,26.2,283,283,23,7,7,6,189,27.1,0.0,27.9,0.0,29.1,0.0,36.2,0.0,27.1,0.0,27.75,0.0,29.541666666666668,0.0,31.4125,0.0,-0.2000000000000028,0.0,Tiruchirappalli,25.6,0.5
2024-07-08 00:00:00,26.8,72,0.0,995.7,15.3,26.7,280,279,0,8,7,0,190,26.9,0.0,27.5,0.0,28.8,0.0,34.8,0.0,26.9,0.0,27.416666666666668,0.0,28.875,0.0,31.40833333333333,0.0,-0.0999999999999978,0.0,Tiruchirappalli,26.0,0.0
2024-07-08 01:00:00,27.0,71,0.0,995.6,14.3,22.5,282,282,1,8,7,0,190,26.8,0.0,27.1,0.0,28.3,0.0,32.6,0.0,27.5,0.0,27.2,0.0,28.40833333333333,0.0,31.387500000000003,0.0,0.1999999999999993,0.0,Tiruchirappalli,25.0,0.2
2024-07-08 02:00:00,27.8,68,0.0,996.5,16.7,24.8,283,284,2,8,7,0,190,27.0,0.0,26.9,0.0,27.9,0.0,31.2,0.0,28.7,0.0,27.183333333333334,0.0,28.125,0.0,31.35,0.0,0.8000000000000007,0.0,Tiruchirappalli,25.9,0.0
2024-07-08 03:00:00,28.9,62,0.0,997.1,19.9,28.6,276,276,3,8,7,0,190,27.8,0.0,26.8,0.0,27.5,0.0,30.6,0.0,30.2,0.0,27.416666666666668,0.0,27.98333333333333,0.0,31.29583333333333,0.0,1.099999999999998,0.0,Tiruchirappalli,27.6,0.0
2024-07-08 04:00:00,28.1,67,0.0,997.4,18.1,25.6,266,265,4,8,7,0,190,28.9,0.0,27.0,0.0,27.1,0.0,29.7,0.0,31.9,0.0,27.58333333333333,0.0,27.85,0.0,31.1375,0.0,-0.7999999999999972,0.0,Tiruchirappalli,30.6,0.0
2024-07-08 05:00:00,29.8,61,0.0,997.3,16.2,22.3,269,267,5,8,7,0,190,28.1,0.0,27.8,0.0,26.9,0.0,29.1,0.0,34.0,0.0,28.066666666666663,0.0,27.90833333333333,0.0,30.962499999999995,0.0,1.6999999999999993,0.0,Tiruchirappalli,31.4,0.0
2024-07-08 06:00:00,30.4,57,0.0,996.7,14.4,20.5,271,270,6,8,7,0,190,29.8,0.0,28.9,0.0,26.8,0.0,28.8,0.0,35.6,0.0,28.666666666666668,0.0,28.041666666666668,0.0,30.745833333333337,0.0,0.5999999999999979,0.0,Tiruchirappalli,32.8,0.1
2024-07-08 07:00:00,33.8,47,0.0,995.9,16.4,22.2,257,255,7,8,7,0,190,30.4,0.0,28.1,0.0,27.0,0.0,28.3,0.0,36.8,0.0,29.8,0.0,28.5,0.0,30.620833333333334,0.0,3.3999999999999986,0.0,Tiruchirappalli,34.9,0.0
2024-07-08 08:00:00,33.8,47,0.0,995.2,15.4,20.4,261,259,8,8,7,0,190,33.8,0.0,29.8,0.0,27.8,0.0,27.9,0.0,37.5,0.0,30.8,0.0,28.99166666666667,0.0,30.466666666666665,0.0,0.0,0.0,Tiruchirappalli,33.6,2.5
2024-07-08 09:00:00,32.9,47,0.0,994.7,13.7,19.1,269,270,9,8,7,0,190,33.8,0.0,30.4,0.0,28.9,0.0,27.5,0.0,37.4,0.0,31.466666666666665,0.0,29.441666666666663,0.0,30.27916666666667,0.0,-0.8999999999999986,0.0,Tiruchirappalli,34.1,0.1
2024-07-08 10:00:00,32.8,45,0.0,994.0,19.2,27.6,263,262,10,8,7,0,190,32.9,0.0,33.8,0.0,28.1,0.0,27.1,0.0,36.7,0.0,32.25,0.0,29.916666666666668,0.0,30.116666666666664,0.0,-0.1000000000000014,0.0,Tiruchirappalli,33.2,0.4
2024-07-08 11:00:00,31.9,46,0.0,994.0,22.6,33.1,262,262,11,8,7,0,190,32.8,0.0,33.8,0.0,29.8,0.0,26.9,0.0,36.2,0.0,32.599999999999994,0.0,30.33333333333333,0.0,29.9375,0.0,-0.8999999999999986,0.0,Tiruchirappalli,33.2,0.3
2024-07-08 12:00:00,31.6,50,0.0,994.1,20.0,29.4,262,262,12,8,7,0,190,31.9,0.0,32.9,0.0,30.4,0.0,26.8,0.0,34.8,0.0,32.800000000000004,0.0,30.73333333333333,0.0,29.804166666666664,0.0,-0.2999999999999971,0.0,Tiruchirappalli,32.1,0.0
2024-07-08 13:00:00,30.8,52,0.0,994.1,21.0,33.8,277,277,13,8,7,0,190,31.6,0.0,32.8,0.0,33.8,0.0,27.0,0.0,32.6,0.0,32.3,0.0,31.05,0.0,29.729166666666668,0.0,-0.8000000000000007,0.0,Tiruchirappalli,31.3,0.0
2024-07-08 14:00:00,30.0,57,0.0,995.2,21.6,35.0,275,274,14,8,7,0,190,30.8,0.0,31.9,0.0,33.8,0.0,27.8,0.0,31.2,0.0,31.666666666666668,0.0,31.23333333333333,0.0,29.679166666666664,0.0,-0.8000000000000007,0.0,Tiruchirappalli,30.3,0.0
2024-07-08 15:00:00,29.2,59,0.0,996.0,22.7,37.2,274,274,15,8,7,0,190,30.0,0.0,31.6,0.0,32.9,0.0,28.9,0.0,30.6,0.0,31.05,0.0,31.258333333333336,0.0,29.620833333333334,0.0,-0.8000000000000007,0.0,Tiruchirappalli,29.7,0.0
2024-07-08 16:00:00,29.0,59,0.0,996.6,22.3,36.8,273,273,16,8,7,0,190,29.2,0.0,30.8,0.0,32.8,0.0,28.1,0.0,29.7,0.0,30.416666666666668,0.0,31.33333333333333,0.0,29.59166666666667,0.0,-0.1999999999999993,0.0,Tiruchirappalli,28.9,0.0
2024-07-08 17:00:00,28.7,60,0.0,997.3,19.2,31.9,276,276,17,8,7,0,190,29.0,0.0,30.0,0.0,31.9,0.0,29.8,0.0,29.1,0.0,29.883333333333336,0.0,31.241666666666664,0.0,29.575000000000003,0.0,-0.3000000000000007,0.0,Tiruchirappalli,28.6,0.0
2024-07-08 18:00:00,28.2,62,0.0,997.0,16.7,27.7,279,277,18,8,7,0,190,28.7,0.0,29.2,0.0,31.6,0.0,30.4,0.0,28.8,0.0,29.316666666666663,0.0,31.058333333333334,0.0,29.55,0.0,-0.5,0.0,Tiruchirappalli,27.6,0.0
2024-07-08 19:00:00,27.8,64,0.0,996.3,16.9,28.3,282,281,19,8,7,0,190,28.2,0.0,29.0,0.0,30.8,0.0,33.8,0.0,28.3,0.0,28.816666666666663,0.0,30.558333333333334,0.0,29.52916666666667,0.0,-0.3999999999999986,0.0,Tiruchirappalli,26.2,0.5
2024-07-08 20:00:00,27.3,66,0.0,996.0,17.1,28.9,289,288,20,8,7,0,190,27.8,0.0,28.7,0.0,30.0,0.0,33.8,0.0,27.9,0.0,28.36666666666667,0.0,30.016666666666666,0.0,29.504166666666663,0.0,-0.5,0.0,Tiruchirappalli,25.7,0.2
2024-07-08 21:00:00,27.1,68,0.0,995.5,17.9,30.1,289,289,21,8,7,0,190,27.3,0.0,28.2,0.0,29.2,0.0,32.9,0.0,27.5,0.0,28.016666666666666,0.0,29.53333333333333,0.0,29.4875,0.0,-0.1999999999999993,0.0,Tiruchirappalli,26.3,0.1
2024-07-08 22:00:00,27.0,69,0.0,995.3,17.7,29.7,287,287,22,8,7,0,190,27.1,0.0,27.8,0.0,29.0,0.0,32.8,0.0,27.1,0.0,27.683333333333334,0.0,29.05,0.0,29.48333333333333,0.0,-0.1000000000000014,0.0,Tiruchirappalli,26.1,0.2
2024-07-08 23:00:00,26.9,70,0.1,995.7,16.9,28.5,286,286,23,8,7,0,190,27.0,0.0,27.3,0.0,28.7,0.0,31.9,0.0,26.9,0.0,27.383333333333336,0.0999999999999984,28.633333333333336,0.100000000000002,29.48333333333333,0.1000000000000002,-0.1000000000000014,0.1,Tiruchirappalli,26.5,0.1
2024-07-09 00:00:00,26.8,71,0.0,996.1,15.5,26.8,275,273,0,9,7,1,191,26.9,0.1,27.1,0.0,28.2,0.0,31.6,0.0,26.8,0.0,27.15,0.0999999999999984,28.23333333333333,0.100000000000002,29.48333333333333,0.1000000000000002,-0.0999999999999978,-0.1,Tiruchirappalli,26.8,0.0
2024-07-09 01:00:00,26.7,70,0.0,996.5,13.0,21.2,271,267,1,9,7,1,191,26.8,0.0,27.0,0.0,27.8,0.0,30.8,0.0,27.0,0.0,26.96666666666667,0.0999999999999984,27.891666666666666,0.100000000000002,29.47083333333333,0.1000000000000002,-0.1000000000000014,0.0,Tiruchirappalli,26.8,0.0
2024-07-09 02:00:00,27.7,66,0.0,997.6,13.7,20.2,268,267,2,9,7,1,191,26.7,0.0,26.9,0.1,27.3,0.0,30.0,0.0,27.8,0.0,27.03333333333333,0.0999999999999984,27.7,0.100000000000002,29.46666666666667,0.1000000000000002,1.0,0.0,Tiruchirappalli,27.1,0.0
2024-07-09 03:00:00,29.2,60,0.0,998.0,18.8,26.4,275,274,3,9,7,1,191,27.7,0.0,26.8,0.0,27.1,0.0,29.2,0.0,28.9,0.0,27.383333333333336,0.0999999999999984,27.7,0.100000000000002,29.479166666666668,0.1000000000000002,1.5,0.0,Tiruchirappalli,27.3,0.0
2024-07-09 04:00:00,31.1,53,0.0,997.8,18.7,25.9,271,271,4,9,7,1,191,29.2,0.0,26.7,0.0,27.0,0.0,29.0,0.0,28.1,0.0,28.066666666666663,0.0999999999999984,27.875,0.100000000000002,29.604166666666668,0.1000000000000002,1.900000000000002,0.0,Tiruchirappalli,28.6,0.0
2024-07-09 05:00:00,32.8,48,0.0,997.8,18.4,24.8,269,269,5,9,7,1,191,31.1,0.0,27.7,0.0,26.9,0.1,28.7,0.0,29.8,0.0,29.05,0.0,28.21666666666667,0.100000000000002,29.729166666666668,0.1000000000000002,1.6999999999999955,0.0,Tiruchirappalli,29.9,0.0
2024-07-09 06:00:00,34.9,41,0.0,997.3,19.4,25.9,269,270,6,9,7,1,191,32.8,0.0,29.2,0.0,26.8,0.0,28.2,0.0,30.4,0.0,30.4,0.0,28.775,0.100000000000002,29.916666666666668,0.1000000000000002,2.1000000000000014,0.0,Tiruchirappalli,31.1,0.0
2024-07-09 07:00:00,36.1,37,0.0,996.5,16.6,22.0,269,270,7,9,7,1,191,34.9,0.0,31.1,0.0,26.7,0.0,27.8,0.0,33.8,0.0,31.966666666666665,0.0,29.46666666666667,0.100000000000002,30.0125,0.1000000000000002,1.2000000000000028,0.0,Tiruchirappalli,32.3,0.0
2024-07-09 08:00:00,37.1,35,0.0,995.6,17.7,23.4,274,276,8,9,7,1,191,36.1,0.0,32.8,0.0,27.7,0.0,27.3,0.0,33.8,0.0,33.53333333333333,0.0,30.28333333333333,0.100000000000002,30.15,0.1000000000000002,1.0,0.0,Tiruchirappalli,33.1,0.0
2024-07-09 09:00:00,36.1,37,0.3,994.8,21.2,28.4,269,270,9,9,7,1,191,37.1,0.0,34.9,0.0,29.2,0.0,27.1,0.0,32.9,0.0,34.68333333333334,0.2999999999999984,31.03333333333333,0.400000000000002,30.28333333333333,0.4000000000000002,-1.0,0.3,Tiruchirappalli,34.0,0.0
2024-07-09 10:00:00,36.4,36,0.1,994.1,17.2,23.7,242,237,10,9,7,1,191,36.1,0.3,36.1,0.0,31.1,0.0,27.0,0.0,32.8,0.0,35.56666666666666,0.3999999999999984,31.816666666666663,0.500000000000002,30.433333333333334,0.5000000000000002,0.2999999999999971,-0.1999999999999999,Tiruchirappalli,33.0,0.0
2024-07-09 11:00:00,33.9,45,0.2,994.3,20.1,28.7,246,243,11,9,7,1,191,36.4,0.1,37.1,0.0,32.8,0.0,26.9,0.1,31.9,0.0,35.75,0.5999999999999984,32.4,0.600000000000002,30.516666666666666,0.7000000000000002,-2.5,0.1,Tiruchirappalli,33.3,0.0
2024-07-09 12:00:00,33.9,45,0.0,994.5,15.8,22.2,230,225,12,9,7,1,191,33.9,0.2,36.1,0.3,34.9,0.0,26.8,0.0,31.6,0.0,35.583333333333336,0.5999999999999984,32.99166666666667,0.600000000000002,30.6125,0.7000000000000002,0.0,-0.2,Tiruchirappalli,32.6,0.0
2024-07-09 13:00:00,33.1,44,0.0,995.3,12.2,20.6,254,251,13,9,7,1,191,33.9,0.0,36.4,0.1,36.1,0.0,26.7,0.0,30.8,0.0,35.083333333333336,0.5999999999999984,33.525,0.600000000000002,30.70833333333333,0.7000000000000002,-0.7999999999999972,0.0,Tiruchirappalli,26.9,0.5
2024-07-09 14:00:00,31.6,50,0.0,996.6,8.9,16.1,228,220,14,9,7,1,191,33.1,0.0,33.9,0.2,37.1,0.0,27.7,0.0,30.0,0.0,34.166666666666664,0.5999999999999984,33.85,0.600000000000002,30.775,0.7000000000000002,-1.5,0.0,Tiruchirappalli,27.1,0.2
2024-07-09 15:00:00,30.5,55,0.0,997.7,7.8,13.8,227,214,15,9,7,1,191,31.6,0.0,33.9,0.0,36.1,0.3,29.2,0.0,29.2,0.0,33.23333333333333,0.2999999999999985,33.958333333333336,0.600000000000002,30.829166666666666,0.7000000000000002,-1.1000000000000014,0.0,Tiruchirappalli,27.7,0.0
2024-07-09 16:00:00,29.8,58,0.0,998.4,7.7,13.8,231,217,16,9,7,1,191,30.5,0.0,33.1,0.0,36.4,0.1,31.1,0.0,29.0,0.0,32.13333333333333,0.1999999999999984,33.85,0.600000000000002,30.8625,0.7000000000000002,-0.6999999999999993,0.0,Tiruchirappalli,27.3,0.0
2024-07-09 17:00:00,29.3,59,0.0,998.8,8.0,16.5,254,243,17,9,7,1,191,29.8,0.0,31.6,0.0,33.9,0.2,32.8,0.0,28.7,0.0,31.36666666666667,0.0,33.55833333333333,0.600000000000002,30.8875,0.7000000000000002,-0.5,0.0,Tiruchirappalli,27.1,0.1
2024-07-09 18:00:00,28.8,61,0.0,999.1,10.3,18.8,263,258,18,9,7,1,191,29.3,0.0,30.5,0.0,33.9,0.0,34.9,0.0,28.2,0.0,30.516666666666666,0.0,33.050000000000004,0.600000000000002,30.9125,0.7000000000000002,-0.5,0.0,Tiruchirappalli,26.9,0.1
2024-07-09 19:00:00,28.1,64,0.0,998.8,10.7,20.0,262,256,19,9,7,1,191,28.8,0.0,29.8,0.0,33.1,0.0,36.1,0.0,27.8,0.0,29.683333333333337,0.0,32.38333333333333,0.600000000000002,30.925,0.7000000000000002,-0.6999999999999993,0.0,Tiruchirappalli,27.2,0.0
2024-07-09 20:00:00,27.7,66,0.0,998.6,10.8,19.9,274,274,20,9,7,1,191,28.1,0.0,29.3,0.0,31.6,0.0,37.1,0.0,27.3,0.0,29.03333333333333,0.0,31.600000000000005,0.600000000000002,30.941666666666663,0.7000000000000002,-0.4000000000000021,0.0,Tiruchirappalli,27.3,0.0
2024-07-09 21:00:00,27.3,67,0.0,998.3,11.6,20.7,277,275,21,9,7,1,191,27.7,0.0,28.8,0.0,30.5,0.0,36.1,0.3,27.1,0.0,28.5,0.0,30.866666666666664,0.3000000000000019,30.95,0.7000000000000002,-0.3999999999999986,0.0,Tiruchirappalli,27.0,0.0
2024-07-09 22:00:00,26.9,70,0.0,998.1,12.7,22.6,279,277,22,9,7,1,191,27.3,0.0,28.1,0.0,29.8,0.0,36.4,0.1,27.0,0.0,28.016666666666666,0.0,30.075000000000003,0.2000000000000019,30.94583333333333,0.7000000000000002,-0.4000000000000021,0.0,Tiruchirappalli,26.6,0.1
2024-07-09 23:00:00,26.7,71,0.0,998.3,13.4,23.7,280,278,23,9,7,1,191,26.9,0.0,27.7,0.0,29.3,0.0,33.9,0.2,26.9,0.1,27.58333333333333,0.0,29.475,0.0,30.9375,0.6000000000000002,-0.1999999999999993,0.0,Tiruchirappalli,26.8,0.0
2024-07-10 00:00:00,26.5,72,0.0,998.7,12.7,23.1,281,278,0,10,7,2,192,26.7,0.0,27.3,0.0,28.8,0.0,33.9,0.0,26.8,0.0,27.200000000000003,0.0,28.85833333333333,0.0,30.925,0.6000000000000002,-0.1999999999999993,0.0,Tiruchirappalli,26.9,0.0
2024-07-10 01:00:00,26.8,71,0.0,999.3,12.8,21.3,281,280,1,10,7,2,192,26.5,0.0,26.9,0.0,28.1,0.0,33.1,0.0,26.7,0.0,26.98333333333333,0.0,28.33333333333333,0.0,30.929166666666664,0.6000000000000002,0.3000000000000007,0.0,Tiruchirappalli,25.1,0.3
2024-07-10 02:00:00,27.8,67,0.0,999.8,13.0,18.8,277,276,2,10,7,2,192,26.8,0.0,26.7,0.0,27.7,0.0,31.6,0.0,27.7,0.0,27.0,0.0,28.01666666666667,0.0,30.933333333333334,0.6000000000000002,1.0,0.0,Tiruchirappalli,25.4,0.3
2024-07-10 03:00:00,29.7,59,0.0,1000.2,11.9,16.6,283,284,3,10,7,2,192,27.8,0.0,26.5,0.0,27.3,0.0,30.5,0.0,29.2,0.0,27.399999999999995,0.0,27.950000000000003,0.0,30.954166666666666,0.6000000000000002,1.8999999999999984,0.0,Tiruchirappalli,27.2,0.0
2024-07-10 04:00:00,32.0,50,0.0,1000.1,11.7,15.4,281,281,4,10,7,2,192,29.7,0.0,26.8,0.0,26.9,0.0,29.8,0.0,31.1,0.0,28.25,0.0,28.133333333333336,0.0,30.991666666666664,0.6000000000000002,2.3000000000000007,0.0,Tiruchirappalli,29.4,0.0
2024-07-10 05:00:00,34.3,42,0.0,999.6,10.9,14.2,279,279,5,10,7,2,192,32.0,0.0,27.8,0.0,26.7,0.0,29.3,0.0,32.8,0.0,29.516666666666666,0.0,28.55,0.0,31.05416666666667,0.6000000000000002,2.299999999999997,0.0,Tiruchirappalli,31.2,0.0
2024-07-10 06:00:00,35.8,37,0.0,998.7,11.5,14.8,283,284,6,10,7,2,192,34.3,0.0,29.7,0.0,26.5,0.0,28.8,0.0,34.9,0.0,31.066666666666663,0.0,29.13333333333333,0.0,31.09166666666667,0.6000000000000002,1.5,0.0,Tiruchirappalli,33.0,0.0
2024-07-10 07:00:00,37.1,34,0.0,998.1,11.3,14.6,279,279,7,10,7,2,192,35.8,0.0,32.0,0.0,26.8,0.0,28.1,0.0,36.1,0.0,32.78333333333334,0.0,29.883333333333336,0.0,31.133333333333336,0.6000000000000002,1.3000000000000045,0.0,Tiruchirappalli,33.2,0.1
2024-07-10 08:00:00,37.5,32,0.0,997.2,10.1,13.4,275,276,8,10,7,2,192,37.1,0.0,34.3,0.0,27.8,0.0,27.7,0.0,37.1,0.0,34.4,0.0,30.7,0.0,31.15,0.6000000000000002,0.3999999999999986,0.0,Tiruchirappalli,32.3,0.1
2024-07-10 09:00:00,37.8,32,0.0,996.3,10.1,13.0,270,272,9,10,7,2,192,37.5,0.0,35.8,0.0,29.7,0.0,27.3,0.0,36.1,0.3,35.75,0.0,31.575000000000003,0.0,31.22083333333333,0.3000000000000001,0.2999999999999971,0.0,Tiruchirappalli,33.0,0.1
2024-07-10 10:00:00,38.2,30,0.0,995.4,10.5,14.1,274,276,10,10,7,2,192,37.8,0.0,37.1,0.0,32.0,0.0,26.9,0.0,36.4,0.1,36.78333333333334,0.0,32.516666666666666,0.0,31.29583333333333,0.2000000000000001,0.4000000000000057,0.0,Tiruchirappalli,32.5,0.0
2024-07-10 11:00:00,37.8,30,0.0,995.0,11.3,14.9,255,253,11,10,7,2,192,38.2,0.0,37.5,0.0,34.3,0.0,26.7,0.0,33.9,0.2,37.36666666666667,0.0,33.44166666666667,0.0,31.45833333333333,0.0,-0.4000000000000057,0.0,Tiruchirappalli,32.9,0.0
2024-07-10 12:00:00,36.8,32,0.0,995.6,11.9,16.2,269,272,12,10,7,2,192,37.8,0.0,37.8,0.0,35.8,0.0,26.5,0.0,33.9,0.0,37.53333333333333,0.0,34.3,0.0,31.579166666666666,0.0,-1.0,0.0,Tiruchirappalli,31.8,0.0
2024-07-10 13:00:00,34.4,39,0.0,996.5,17.7,27.5,276,276,13,10,7,2,192,36.8,0.0,38.2,0.0,37.1,0.0,26.8,0.0,33.1,0.0,37.083333333333336,0.0,34.93333333333333,0.0,31.633333333333336,0.0,-2.3999999999999986,0.0,Tiruchirappalli,28.5,0.1
2024-07-10 14:00:00,32.8,45,0.0,998.1,22.3,35.0,274,272,14,10,7,2,192,34.4,0.0,37.8,0.0,37.5,0.0,27.8,0.0,31.6,0.0,36.3,0.0,35.349999999999994,0.0,31.683333333333334,0.0,-1.6000000000000014,0.0,Tiruchirappalli,26.6,0.7
2024-07-10 15:00:00,31.8,48,0.0,998.9,18.4,29.9,270,264,15,10,7,2,192,32.8,0.0,36.8,0.0,37.8,0.0,29.7,0.0,30.5,0.0,35.300000000000004,0.0,35.525,0.0,31.7375,0.0,-0.9999999999999964,0.0,Tiruchirappalli,27.5,0.0
2024-07-10 16:00:00,30.5,55,0.0,1000.1,11.6,19.6,257,248,16,10,7,2,192,31.8,0.0,34.4,0.0,38.2,0.0,32.0,0.0,29.8,0.0,34.016666666666666,0.0,35.4,0.0,31.766666666666666,0.0,-1.3000000000000007,0.0,Tiruchirappalli,28.1,0.0
2024-07-10 17:00:00,29.8,59,0.0,1000.7,3.5,10.2,247,246,17,10,7,2,192,30.5,0.0,32.8,0.0,37.8,0.0,34.3,0.0,29.3,0.0,32.68333333333333,0.0,35.025,0.0,31.7875,0.0,-0.6999999999999993,0.0,Tiruchirappalli,28.2,0.0
2024-07-10 18:00:00,29.2,61,0.0,1000.6,7.6,14.0,269,273,18,10,7,2,192,29.8,0.0,31.8,0.0,36.8,0.0,35.8,0.0,28.8,0.0,31.416666666666668,0.0,34.475,0.0,31.80416666666667,0.0,-0.6000000000000014,0.0,Tiruchirappalli,28.2,0.0
2024-07-10 19:00:00,28.7,63,0.0,1000.2,11.3,19.5,275,279,19,10,7,2,192,29.2,0.0,30.5,0.0,34.4,0.0,37.1,0.0,28.1,0.0,30.46666666666667,0.0,33.775,0.0,31.829166666666666,0.0,-0.5,0.0,Tiruchirappalli,28.1,0.0
2024-07-10 20:00:00,28.2,65,0.0,999.4,12.4,21.1,278,278,20,10,7,2,192,28.7,0.0,29.8,0.0,32.8,0.0,37.5,0.0,27.7,0.0,29.7,0.0,33.0,0.0,31.85,0.0,-0.5,0.0,Tiruchirappalli,27.2,0.1
2024-07-10 21:00:00,27.6,67,0.0,998.6,10.4,19.1,286,284,21,10,7,2,192,28.2,0.0,29.2,0.0,31.8,0.0,37.8,0.0,27.3,0.0,29.0,0.0,32.15,0.0,31.8625,0.0,-0.5999999999999979,0.0,Tiruchirappalli,25.8,0.7
2024-07-10 22:00:00,27.2,69,0.0,998.1,10.8,19.9,276,270,22,10,7,2,192,27.6,0.0,28.7,0.0,30.5,0.0,38.2,0.0,26.9,0.0,28.45,0.0,31.23333333333333,0.0,31.875,0.0,-0.4000000000000021,0.0,Tiruchirappalli,25.1,0.3
2024-07-10 23:00:00,27.1,69,0.0,998.3,10.9,20.6,282,279,23,10,7,2,192,27.2,0.0,28.2,0.0,29.8,0.0,37.8,0.0,26.7,0.0,28.0,0.0,30.341666666666665,0.0,31.891666666666666,0.0,-0.0999999999999978,0.0,Tiruchirappalli,25.0,0.4
2024-07-11 00:00:00,26.9,71,0.0,998.6,10.8,20.0,278,274,0,11,7,3,193,27.1,0.0,27.6,0.0,29.2,0.0,36.8,0.0,26.5,0.0,27.616666666666664,0.0,29.51666666666667,0.0,31.90833333333333,0.0,-0.2000000000000028,0.0,Tiruchirappalli,24.2,0.5
2024-07-11 01:00:00,27.1,72,0.0,999.0,10.9,18.0,286,287,1,11,7,3,193,26.9,0.0,27.2,0.0,28.7,0.0,34.4,0.0,26.8,0.0,27.35,0.0,28.90833333333333,0.0,31.92083333333333,0.0,0.2000000000000028,0.0,Tiruchirappalli,24.9,0.0
2024-07-11 02:00:00,28.3,68,0.0,999.7,10.6,15.0,287,288,2,11,7,3,193,27.1,0.0,27.1,0.0,28.2,0.0,32.8,0.0,27.8,0.0,27.36666666666667,0.0,28.53333333333333,0.0,31.941666666666663,0.0,1.1999999999999993,0.0,Tiruchirappalli,26.0,0.0
2024-07-11 03:00:00,30.0,61,0.0,1000.1,11.0,14.8,293,293,3,11,7,3,193,28.3,0.0,26.9,0.0,27.6,0.0,31.8,0.0,29.7,0.0,27.766666666666666,0.0,28.383333333333336,0.0,31.954166666666666,0.0,1.6999999999999993,0.0,Tiruchirappalli,27.7,0.0
2024-07-11 04:00:00,32.0,53,0.0,1000.1,9.7,12.8,292,292,4,11,7,3,193,30.0,0.0,27.1,0.0,27.2,0.0,30.5,0.0,32.0,0.0,28.566666666666663,0.0,28.508333333333336,0.0,31.95416666666667,0.0,2.0,0.0,Tiruchirappalli,28.6,0.0
2024-07-11 05:00:00,33.8,47,0.0,999.8,9.1,11.8,290,288,5,11,7,3,193,32.0,0.0,28.3,0.0,27.1,0.0,29.8,0.0,34.3,0.0,29.683333333333337,0.0,28.84166666666667,0.0,31.933333333333334,0.0,1.7999999999999972,0.0,Tiruchirappalli,29.8,0.0
2024-07-11 06:00:00,35.3,41,0.0,998.7,10.2,13.1,291,293,6,11,7,3,193,33.8,0.0,30.0,0.0,26.9,0.0,29.2,0.0,35.8,0.0,31.08333333333333,0.0,29.350000000000005,0.0,31.9125,0.0,1.5,0.0,Tiruchirappalli,28.9,0.0
2024-07-11 07:00:00,36.8,36,0.0,997.9,11.8,15.3,300,301,7,11,7,3,193,35.3,0.0,32.0,0.0,27.1,0.0,28.7,0.0,37.1,0.0,32.7,0.0,30.024999999999995,0.0,31.9,0.0,1.5,0.0,Tiruchirappalli,29.3,0.1
2024-07-11 08:00:00,37.4,34,0.0,996.8,12.2,15.9,295,298,8,11,7,3,193,36.8,0.0,33.8,0.0,28.3,0.0,28.2,0.0,37.5,0.0,34.21666666666666,0.0,30.791666666666668,0.0,31.89583333333333,0.0,0.6000000000000014,0.0,Tiruchirappalli,31.2,0.1
2024-07-11 09:00:00,37.3,34,0.0,995.8,13.1,17.0,264,262,9,11,7,3,193,37.4,0.0,35.3,0.0,30.0,0.0,27.6,0.0,37.8,0.0,35.43333333333333,0.0,31.6,0.0,31.875,0.0,-0.1000000000000014,0.0,Tiruchirappalli,33.2,0.1
2024-07-11 10:00:00,37.5,33,0.0,994.7,9.1,12.0,254,252,10,11,7,3,193,37.3,0.0,36.8,0.0,32.0,0.0,27.2,0.0,38.2,0.0,36.35,0.0,32.458333333333336,0.0,31.84583333333333,0.0,0.2000000000000028,0.0,Tiruchirappalli,32.2,0.0
2024-07-11 11:00:00,36.9,33,0.0,994.3,10.6,14.2,277,280,11,11,7,3,193,37.5,0.0,37.4,0.0,33.8,0.0,27.1,0.0,37.8,0.0,36.86666666666667,0.0,33.275,0.0,31.808333333333334,0.0,-0.6000000000000014,0.0,Tiruchirappalli,31.4,0.0
2024-07-11 12:00:00,36.1,34,0.0,994.2,13.8,18.9,288,290,12,11,7,3,193,36.9,0.0,37.3,0.0,35.3,0.0,26.9,0.0,36.8,0.0,37.0,0.0,34.041666666666664,0.0,31.779166666666665,0.0,-0.7999999999999972,0.0,Tiruchirappalli,31.9,0.0
2024-07-11 13:00:00,34.6,38,0.0,995.1,10.5,18.2,252,248,13,11,7,3,193,36.1,0.0,37.5,0.0,36.8,0.0,27.1,0.0,34.4,0.0,36.63333333333333,0.0,34.666666666666664,0.0,31.7875,0.0,-1.5,0.0,Tiruchirappalli,28.5,0.0
2024-07-11 14:00:00,33.1,43,0.0,995.8,11.2,20.2,231,228,14,11,7,3,193,34.6,0.0,36.9,0.0,37.4,0.0,28.3,0.0,32.8,0.0,35.916666666666664,0.0,35.06666666666667,0.0,31.8,0.0,-1.5,0.0,Tiruchirappalli,28.5,0.1
2024-07-11 15:00:00,32.3,47,0.0,996.4,11.4,22.1,248,246,15,11,7,3,193,33.1,0.0,36.1,0.0,37.3,0.0,30.0,0.0,31.8,0.0,35.083333333333336,0.0,35.25833333333333,0.0,31.82083333333333,0.0,-0.8000000000000043,0.0,Tiruchirappalli,29.0,0.0
2024-07-11 16:00:00,31.6,50,0.0,997.3,5.5,14.4,248,238,16,11,7,3,193,32.3,0.0,34.6,0.0,37.5,0.0,32.0,0.0,30.5,0.0,34.1,0.0,35.225,0.0,31.866666666666664,0.0,-0.6999999999999957,0.0,Tiruchirappalli,28.7,0.0
2024-07-11 17:00:00,30.4,54,0.0,998.1,5.1,13.3,251,231,17,11,7,3,193,31.6,0.0,33.1,0.0,36.9,0.0,33.8,0.0,29.8,0.0,33.016666666666666,0.0,34.94166666666666,0.0,31.891666666666666,0.0,-1.2000000000000028,0.0,Tiruchirappalli,28.3,0.0
2024-07-11 18:00:00,29.8,57,0.0,998.2,6.8,14.1,230,212,18,11,7,3,193,30.4,0.0,32.3,0.0,36.1,0.0,35.3,0.0,29.2,0.0,31.966666666666665,0.0,34.483333333333334,0.0,31.916666666666668,0.0,-0.5999999999999979,0.0,Tiruchirappalli,27.7,0.0
2024-07-11 19:00:00,29.5,59,0.0,997.7,6.3,13.9,245,239,19,11,7,3,193,29.8,0.0,31.6,0.0,34.6,0.0,36.8,0.0,28.7,0.0,31.116666666666664,0.0,33.875,0.0,31.950000000000003,0.0,-0.3000000000000007,0.0,Tiruchirappalli,27.2,0.0
2024-07-11 20:00:00,28.7,63,0.0,997.1,4.2,10.7,230,211,20,11,7,3,193,29.5,0.0,30.4,0.0,33.1,0.0,37.4,0.0,28.2,0.0,30.383333333333336,0.0,33.15,0.0,31.97083333333333,0.0,-0.8000000000000007,0.0,Tiruchirappalli,27.2,0.0
2024-07-11 21:00:00,28.0,68,0.0,996.5,4.1,11.1,241,218,21,11,7,3,193,28.7,0.0,29.8,0.0,32.3,0.0,37.3,0.0,27.6,0.0,29.666666666666668,0.0,32.375,0.0,31.9875,0.0,-0.6999999999999993,0.0,Tiruchirappalli,27.0,0.0
2024-07-11 22:00:00,27.7,69,0.0,996.0,6.0,14.6,254,237,22,11,7,3,193,28.0,0.0,29.5,0.0,31.6,0.0,37.5,0.0,27.2,0.0,29.016666666666666,0.0,31.558333333333337,0.0,32.00833333333333,0.0,-0.3000000000000007,0.0,Tiruchirappalli,26.8,0.0
2024-07-11 23:00:00,27.7,66,0.0,996.2,8.6,18.5,262,255,23,11,7,3,193,27.7,0.0,28.7,0.0,30.4,0.0,36.9,0.0,27.1,0.0,28.566666666666663,0.0,30.791666666666668,0.0,32.03333333333333,0.0,0.0,0.0,Tiruchirappalli,26.7,0.0
2024-07-12 00:00:00,27.5,68,0.0,996.8,10.4,20.2,270,268,0,12,7,4,194,27.7,0.0,28.0,0.0,29.8,0.0,36.1,0.0,26.9,0.0,28.183333333333337,0.0,30.075000000000003,0.0,32.05833333333333,0.0,-0.1999999999999993,0.0,Tiruchirappalli,26.5,0.0
2024-07-12 01:00:00,28.1,67,0.0,997.2,9.0,15.0,259,254,1,12,7,4,194,27.5,0.0,27.7,0.0,29.5,0.0,34.6,0.0,27.1,0.0,27.950000000000003,0.0,29.53333333333333,0.0,32.1,0.0,0.6000000000000014,0.0,Tiruchirappalli,27.2,0.0
2024-07-12 02:00:00,29.0,65,0.0,998.1,11.2,15.5,265,264,2,12,7,4,194,28.1,0.0,27.7,0.0,28.7,0.0,33.1,0.0,28.3,0.0,28.0,0.0,29.191666666666663,0.0,32.12916666666667,0.0,0.8999999999999986,0.0,Tiruchirappalli,28.0,0.0
2024-07-12 03:00:00,30.5,61,0.0,998.2,11.5,15.5,273,272,3,12,7,4,194,29.0,0.0,27.5,0.0,28.0,0.0,32.3,0.0,30.0,0.0,28.416666666666668,0.0,29.041666666666668,0.0,32.15,0.0,1.5,0.0,Tiruchirappalli,29.1,0.0
2024-07-12 04:00:00,32.6,52,0.0,997.7,14.1,18.8,274,274,4,12,7,4,194,30.5,0.0,28.1,0.0,27.7,0.0,31.6,0.0,32.0,0.0,29.23333333333333,0.0,29.125,0.0,32.175,0.0,2.1000000000000014,0.0,Tiruchirappalli,30.0,0.0
2024-07-12 05:00:00,34.8,45,0.0,997.2,13.0,17.0,276,276,5,12,7,4,194,32.6,0.0,29.0,0.0,27.7,0.0,30.4,0.0,33.8,0.0,30.416666666666668,0.0,29.49166666666667,0.0,32.21666666666666,0.0,2.199999999999996,0.0,Tiruchirappalli,31.2,0.0
2024-07-12 06:00:00,36.3,40,0.0,996.9,13.0,17.0,274,273,6,12,7,4,194,34.8,0.0,30.5,0.0,27.5,0.0,29.8,0.0,35.3,0.0,31.88333333333333,0.0,30.03333333333333,0.0,32.25833333333333,0.0,1.5,0.0,Tiruchirappalli,33.1,0.0
2024-07-12 07:00:00,36.9,39,0.0,996.4,14.9,19.7,261,262,7,12,7,4,194,36.3,0.0,32.6,0.0,28.1,0.0,29.5,0.0,36.8,0.0,33.35,0.0,30.65,0.0,32.2625,0.0,0.6000000000000014,0.0,Tiruchirappalli,34.1,0.0
2024-07-12 08:00:00,36.8,38,0.0,994.8,12.6,16.9,269,272,8,12,7,4,194,36.9,0.0,34.8,0.0,29.0,0.0,28.7,0.0,37.4,0.0,34.65,0.0,31.325000000000003,0.0,32.2375,0.0,-0.1000000000000014,0.0,Tiruchirappalli,34.3,0.0
2024-07-12 09:00:00,31.8,59,1.3,994.7,17.8,24.6,232,225,9,12,7,4,194,36.8,0.0,36.3,0.0,30.5,0.0,28.0,0.0,37.3,0.0,34.86666666666667,1.2999999999999985,31.641666666666666,1.300000000000002,32.00833333333333,1.3000000000000005,-4.9999999999999964,1.3,Tiruchirappalli,33.4,0.0
2024-07-12 10:00:00,32.0,59,0.0,994.6,8.0,11.3,217,207,10,12,7,4,194,31.8,1.3,36.9,0.0,32.6,0.0,27.7,0.0,37.5,0.0,34.766666666666666,1.2999999999999985,32.0,1.300000000000002,31.77916666666667,1.3000000000000005,0.1999999999999993,-1.3,Tiruchirappalli,32.1,0.0
2024-07-12 11:00:00,29.1,71,1.0,995.0,12.2,17.7,231,227,11,12,7,4,194,32.0,0.0,36.8,0.0,34.8,0.0,27.7,0.0,36.9,0.0,33.81666666666667,2.2999999999999985,32.11666666666667,2.300000000000002,31.45416666666667,2.3000000000000003,-2.8999999999999986,1.0,Tiruchirappalli,31.2,0.0
2024-07-12 12:00:00,29.5,69,0.1,995.6,14.3,20.3,210,208,12,12,7,4,194,29.1,1.0,31.8,1.3,36.3,0.0,27.5,0.0,36.1,0.0,32.68333333333333,2.3999999999999986,32.28333333333333,2.400000000000002,31.17916666666667,2.4000000000000004,0.3999999999999986,-0.9,Tiruchirappalli,29.9,0.0
2024-07-12 13:00:00,29.2,73,1.1,995.8,12.5,21.7,228,226,13,12,7,4,194,29.5,0.1,32.0,0.0,36.9,0.0,28.1,0.0,34.6,0.0,31.399999999999995,3.4999999999999987,32.375,3.500000000000002,30.954166666666666,3.5000000000000004,-0.3000000000000007,1.0,Tiruchirappalli,28.9,0.2
2024-07-12 14:00:00,27.1,85,2.1,997.5,12.7,21.5,230,223,14,12,7,4,194,29.2,1.1,29.1,1.0,36.8,0.0,29.0,0.0,33.1,0.0,29.78333333333333,5.599999999999999,32.21666666666667,5.600000000000002,30.704166666666666,5.6000000000000005,-2.099999999999998,1.0,Tiruchirappalli,27.4,0.4
2024-07-12 15:00:00,26.6,86,0.1,998.0,10.5,18.0,282,286,15,12,7,4,194,27.1,2.1,29.5,0.1,31.8,1.3,30.5,0.0,32.3,0.0,28.916666666666668,4.399999999999999,31.89166666666667,5.700000000000002,30.46666666666667,5.7,-0.5,-2.0,Tiruchirappalli,26.5,0.3
2024-07-12 16:00:00,26.4,82,0.0,998.3,13.0,23.1,273,275,16,12,7,4,194,26.6,0.1,29.2,1.1,32.0,0.0,32.6,0.0,31.6,0.0,27.98333333333333,4.399999999999999,31.375,5.700000000000002,30.25,5.7,-0.2000000000000028,-0.1,Tiruchirappalli,26.1,0.3
2024-07-12 17:00:00,26.6,80,0.0,998.1,15.1,25.9,270,269,17,12,7,4,194,26.4,0.0,27.1,2.1,29.1,1.0,34.8,0.0,30.4,0.0,27.566666666666663,3.399999999999999,30.691666666666663,5.700000000000002,30.09166666666667,5.7,0.2000000000000028,0.0,Tiruchirappalli,25.9,0.3
2024-07-12 18:00:00,26.7,77,0.0,997.3,15.9,27.5,275,273,18,12,7,4,194,26.6,0.0,26.6,0.1,29.5,0.1,36.3,0.0,29.8,0.0,27.1,3.299999999999999,29.891666666666666,5.700000000000002,29.962499999999995,5.7,0.0999999999999978,0.0,Tiruchirappalli,26.3,0.2
2024-07-12 19:00:00,26.8,74,0.0,996.5,17.4,29.4,278,277,19,12,7,4,194,26.7,0.0,26.4,0.0,29.2,1.1,36.9,0.0,29.5,0.0,26.7,2.1999999999999984,29.05,5.700000000000002,29.85,5.7,0.1000000000000014,0.0,Tiruchirappalli,26.9,0.0
2024-07-12 20:00:00,26.8,73,0.0,996.0,17.9,29.9,279,279,20,12,7,4,194,26.8,0.0,26.6,0.0,27.1,2.1,36.8,0.0,28.7,0.0,26.65,0.0999999999999986,28.216666666666665,5.700000000000002,29.77083333333333,5.7,0.0,0.0,Tiruchirappalli,27.2,0.0
2024-07-12 21:00:00,26.6,74,0.1,995.7,18.8,31.5,276,274,21,12,7,4,194,26.8,0.0,26.7,0.0,26.6,0.1,31.8,1.3,28.0,0.0,26.65,0.0999999999999986,27.78333333333333,4.500000000000003,29.7125,5.800000000000001,-0.1999999999999993,0.1,Tiruchirappalli,27.2,0.0
2024-07-12 22:00:00,25.8,82,0.9,995.3,18.4,31.7,279,276,22,12,7,4,194,26.6,0.1,26.8,0.0,26.4,0.0,32.0,0.0,27.7,0.0,26.55,0.9999999999999988,27.266666666666666,5.400000000000002,29.63333333333333,6.700000000000001,-0.8000000000000007,0.8,Tiruchirappalli,27.2,0.0
2024-07-12 23:00:00,25.6,83,0.5,995.3,15.1,27.4,274,269,23,12,7,4,194,25.8,0.9,26.8,0.0,26.6,0.0,29.1,1.0,27.7,0.0,26.383333333333336,1.499999999999999,26.975,4.900000000000002,29.54583333333333,7.200000000000001,-0.1999999999999993,-0.4,Tiruchirappalli,27.4,0.0
2024-07-13 00:00:00,26.0,80,0.0,995.7,16.8,29.2,280,279,0,13,7,5,195,25.6,0.5,26.6,0.1,26.7,0.0,29.5,0.1,27.5,0.0,26.26666666666667,1.499999999999999,26.683333333333334,4.8000000000000025,29.48333333333333,7.200000000000001,0.3999999999999986,-0.5,Tiruchirappalli,27.3,0.0
2024-07-13 01:00:00,25.0,87,0.2,996.3,15.5,26.8,277,275,1,13,7,5,195,26.0,0.0,25.8,0.9,26.8,0.0,29.2,1.1,28.1,0.0,25.96666666666667,1.6999999999999986,26.33333333333333,3.9000000000000026,29.354166666666668,7.4,-1.0,0.2,Tiruchirappalli,27.9,0.0
2024-07-13 02:00:00,25.9,82,0.0,997.4,15.5,24.6,277,273,2,13,7,5,195,25.0,0.2,25.6,0.5,26.8,0.0,27.1,2.1,29.0,0.0,25.816666666666663,1.6999999999999986,26.23333333333333,1.8000000000000018,29.225,7.4,0.8999999999999986,-0.2,Tiruchirappalli,28.7,0.0
2024-07-13 03:00:00,27.6,74,0.0,998.2,13.8,21.0,277,277,3,13,7,5,195,25.9,0.0,26.0,0.0,26.6,0.1,26.6,0.1,30.5,0.0,25.98333333333333,1.5999999999999983,26.316666666666663,1.7000000000000015,29.104166666666668,7.4,1.7000000000000028,0.0,Tiruchirappalli,29.3,0.0
2024-07-13 04:00:00,30.6,59,0.0,998.5,24.8,34.9,270,270,4,13,7,5,195,27.6,0.0,25.0,0.2,25.8,0.9,26.4,0.0,32.6,0.0,26.78333333333333,0.6999999999999986,26.666666666666668,1.7000000000000015,29.02083333333333,7.4,3.0,0.0,Tiruchirappalli,29.9,0.1
2024-07-13 05:00:00,31.4,56,0.0,998.2,23.3,32.9,257,257,5,13,7,5,195,30.6,0.0,25.9,0.0,25.6,0.5,26.6,0.0,34.8,0.0,27.75,0.1999999999999986,27.066666666666663,1.7000000000000015,28.879166666666663,7.4,0.7999999999999972,0.0,Tiruchirappalli,30.5,0.0
2024-07-13 06:00:00,32.8,51,0.1,997.3,20.1,27.6,237,234,6,13,7,5,195,31.4,0.0,27.6,0.0,26.0,0.0,26.7,0.0,36.3,0.0,28.88333333333333,0.2999999999999987,27.575,1.8000000000000018,28.73333333333333,7.500000000000001,1.3999999999999986,0.1,Tiruchirappalli,32.5,0.0
2024-07-13 07:00:00,34.9,45,0.0,996.3,18.3,24.9,256,255,7,13,7,5,195,32.8,0.1,30.6,0.0,25.0,0.2,26.8,0.0,36.9,0.0,30.53333333333333,0.0999999999999986,28.25,1.8000000000000018,28.65,7.500000000000001,2.1000000000000014,-0.1,Tiruchirappalli,32.3,0.0
2024-07-13 08:00:00,33.6,53,2.5,995.9,20.6,28.1,257,254,8,13,7,5,195,34.9,0.0,31.4,0.0,25.9,0.0,26.8,0.0,36.8,0.0,31.816666666666663,2.5999999999999988,28.816666666666663,4.300000000000002,28.51666666666667,10.0,-1.2999999999999972,2.5,Tiruchirappalli,31.4,0.0
2024-07-13 09:00:00,34.1,47,0.1,994.7,21.8,30.5,277,279,9,13,7,5,195,33.6,2.5,32.8,0.1,27.6,0.0,26.6,0.1,31.8,1.3,32.9,2.699999999999999,29.441666666666663,4.300000000000002,28.6125,8.799999999999999,0.5,-2.4,Tiruchirappalli,31.2,0.0
2024-07-13 10:00:00,33.2,50,0.4,994.5,20.6,29.3,265,264,10,13,7,5,195,34.1,0.1,34.9,0.0,30.6,0.0,25.8,0.9,32.0,0.0,33.333333333333336,3.0999999999999988,30.058333333333334,3.8000000000000016,28.6625,9.2,-0.8999999999999986,0.3,Tiruchirappalli,29.3,0.2
2024-07-13 11:00:00,33.2,47,0.3,994.8,23.5,34.0,265,264,11,13,7,5,195,33.2,0.4,33.6,2.5,31.4,0.0,25.6,0.5,29.1,1.0,33.63333333333333,3.3999999999999986,30.691666666666663,3.6000000000000014,28.83333333333333,8.5,0.0,-0.1,Tiruchirappalli,28.6,0.1
2024-07-13 12:00:00,32.1,51,0.0,995.3,19.8,31.7,271,271,12,13,7,5,195,33.2,0.3,34.1,0.1,32.8,0.1,26.0,0.0,29.5,0.1,33.51666666666667,3.2999999999999985,31.200000000000003,3.6000000000000014,28.941666666666663,8.4,-1.1000000000000014,-0.3,Tiruchirappalli,28.1,0.1
2024-07-13 13:00:00,31.3,52,0.0,995.3,19.2,31.4,266,264,13,13,7,5,195,32.1,0.0,33.2,0.4,34.9,0.0,25.0,0.2,29.2,1.1,32.916666666666664,3.2999999999999985,31.725000000000005,3.400000000000001,29.02916666666667,7.300000000000001,-0.8000000000000007,0.0,Tiruchirappalli,25.9,0.3
2024-07-13 14:00:00,30.3,58,0.0,996.0,17.6,29.2,271,269,14,13,7,5,195,31.3,0.0,33.2,0.3,33.6,2.5,25.9,0.0,27.1,2.1,32.36666666666667,0.7999999999999987,32.09166666666667,3.400000000000001,29.1625,5.2,-1.0,0.0,Tiruchirappalli,26.1,0.1
2024-07-13 15:00:00,29.7,59,0.0,996.4,18.4,30.2,269,269,15,13,7,5,195,30.3,0.0,32.1,0.0,34.1,0.1,27.6,0.0,26.6,0.1,31.633333333333336,0.6999999999999986,32.26666666666667,3.400000000000001,29.291666666666668,5.1000000000000005,-0.6000000000000014,0.0,Tiruchirappalli,26.2,0.1
2024-07-13 16:00:00,28.9,63,0.0,997.6,16.9,28.1,270,269,16,13,7,5,195,29.7,0.0,31.3,0.0,33.2,0.4,30.6,0.0,26.4,0.0,30.916666666666668,0.2999999999999986,32.125,3.400000000000001,29.39583333333333,5.1000000000000005,-0.8000000000000007,0.0,Tiruchirappalli,26.2,0.1
2024-07-13 17:00:00,28.6,65,0.0,997.7,17.4,29.4,277,277,17,13,7,5,195,28.9,0.0,30.3,0.0,33.2,0.3,31.4,0.0,26.6,0.0,30.15,0.0,31.89166666666667,3.400000000000001,29.479166666666668,5.1000000000000005,-0.2999999999999971,0.0,Tiruchirappalli,26.5,0.0
2024-07-13 18:00:00,27.6,70,0.0,997.6,21.5,35.6,278,279,18,13,7,5,195,28.6,0.0,29.7,0.0,32.1,0.0,32.8,0.1,26.7,0.0,29.4,0.0,31.45833333333333,3.3000000000000016,29.51666666666667,5.1000000000000005,-1.0,0.0,Tiruchirappalli,26.8,0.0
2024-07-13 19:00:00,26.2,79,0.5,996.6,20.6,34.7,275,276,19,13,7,5,195,27.6,0.0,28.9,0.0,31.3,0.0,34.9,0.0,26.8,0.0,28.55,0.4999999999999986,30.73333333333333,3.8000000000000016,29.491666666666664,5.6000000000000005,-1.400000000000002,0.5,Tiruchirappalli,27.0,0.0
2024-07-13 20:00:00,25.7,82,0.2,995.9,18.4,32.2,276,276,20,13,7,5,195,26.2,0.5,28.6,0.0,30.3,0.0,33.6,2.5,26.8,0.0,27.78333333333333,0.6999999999999986,30.075000000000003,1.5000000000000018,29.445833333333336,5.800000000000001,-0.5,-0.3,Tiruchirappalli,26.9,0.0
2024-07-13 21:00:00,26.3,76,0.1,995.1,18.9,33.0,278,279,21,13,7,5,195,25.7,0.2,27.6,0.0,29.7,0.0,34.1,0.1,26.6,0.1,27.21666666666667,0.7999999999999987,29.425,1.5000000000000018,29.433333333333334,5.8,0.6000000000000014,-0.1,Tiruchirappalli,26.8,0.0
2024-07-13 22:00:00,26.1,77,0.2,995.0,19.6,34.0,283,284,22,13,7,5,195,26.3,0.1,26.2,0.5,28.9,0.0,33.2,0.4,25.8,0.9,26.75,0.9999999999999988,28.83333333333333,1.3000000000000018,29.445833333333336,5.1000000000000005,-0.1999999999999993,0.1,Tiruchirappalli,26.8,0.0
2024-07-13 23:00:00,26.5,73,0.1,994.9,20.9,35.5,281,281,23,13,7,5,195,26.1,0.2,25.7,0.2,28.6,0.0,33.2,0.3,25.6,0.5,26.4,1.0999999999999988,28.275,1.100000000000002,29.48333333333333,4.699999999999999,0.3999999999999986,-0.1,Tiruchirappalli,26.6,0.0
2024-07-14 00:00:00,26.8,71,0.0,995.1,19.9,33.5,282,283,0,14,7,6,196,26.5,0.1,26.3,0.1,27.6,0.0,32.1,0.0,26.0,0.0,26.266666666666666,1.0999999999999988,27.83333333333333,1.100000000000002,29.516666666666666,4.699999999999999,0.3000000000000007,-0.1,Tiruchirappalli,26.6,0.0
2024-07-14 01:00:00,26.8,71,0.0,995.4,17.5,30.1,289,289,1,14,7,6,196,26.8,0.0,26.1,0.2,26.2,0.5,31.3,0.0,25.0,0.2,26.366666666666664,0.5999999999999988,27.45833333333333,1.100000000000002,29.59166666666667,4.5,0.0,0.0,Tiruchirappalli,26.9,0.0
2024-07-14 02:00:00,27.1,70,0.0,995.5,16.2,26.6,283,282,2,14,7,6,196,26.8,0.0,26.5,0.1,25.7,0.2,30.3,0.0,25.9,0.0,26.600000000000005,0.3999999999999987,27.191666666666663,1.100000000000002,29.64166666666667,4.5,0.3000000000000007,0.0,Tiruchirappalli,27.9,0.0
2024-07-14 03:00:00,27.3,71,0.0,995.9,14.8,22.5,282,283,3,14,7,6,196,27.1,0.0,26.8,0.0,26.3,0.1,29.7,0.0,27.6,0.0,26.766666666666666,0.2999999999999987,26.991666666666664,1.100000000000002,29.629166666666663,4.5,0.1999999999999993,0.0,Tiruchirappalli,29.0,0.0
2024-07-14 04:00:00,28.6,66,0.0,996.0,17.2,25.9,280,280,4,14,7,6,196,27.3,0.0,26.8,0.0,26.1,0.2,28.9,0.0,30.6,0.0,27.183333333333337,0.0999999999999986,26.96666666666667,1.100000000000002,29.54583333333333,4.5,1.3000000000000007,0.0,Tiruchirappalli,30.8,0.0
2024-07-14 05:00:00,29.9,62,0.0,996.3,17.3,24.9,273,274,5,14,7,6,196,28.6,0.0,27.1,0.0,26.5,0.1,28.6,0.0,31.4,0.0,27.75,0.0,27.075,1.100000000000002,29.48333333333333,4.5,1.2999999999999972,0.0,Tiruchirappalli,32.2,0.0
2024-07-14 06:00:00,31.1,57,0.0,996.1,18.7,26.6,268,270,6,14,7,6,196,29.9,0.0,27.3,0.0,26.8,0.0,27.6,0.0,32.8,0.1,28.46666666666667,0.0,27.36666666666667,1.100000000000002,29.4125,4.4,1.2000000000000028,0.0,Tiruchirappalli,33.0,0.0
2024-07-14 07:00:00,32.3,52,0.0,995.2,22.3,31.4,267,268,7,14,7,6,196,31.1,0.0,28.6,0.0,26.8,0.0,26.2,0.5,34.9,0.0,29.38333333333333,0.0,27.875,0.6000000000000019,29.304166666666664,4.4,1.1999999999999955,0.0,Tiruchirappalli,34.1,0.0
2024-07-14 08:00:00,33.1,49,0.0,994.1,21.8,30.4,276,278,8,14,7,6,196,32.3,0.0,29.9,0.0,27.1,0.0,25.7,0.2,33.6,2.5,30.38333333333333,0.0,28.491666666666664,0.4000000000000018,29.28333333333333,1.9,0.8000000000000043,0.0,Tiruchirappalli,34.5,0.0
2024-07-14 09:00:00,34.0,45,0.0,993.2,20.5,28.8,272,273,9,14,7,6,196,33.1,0.0,31.1,0.0,27.3,0.0,26.3,0.1,34.1,0.1,31.5,0.0,29.13333333333333,0.3000000000000018,29.27916666666667,1.7999999999999998,0.8999999999999986,0.0,Tiruchirappalli,34.4,0.0
2024-07-14 10:00:00,33.0,48,0.0,992.9,22.3,31.7,268,267,10,14,7,6,196,34.0,0.0,32.3,0.0,28.6,0.0,26.1,0.2,33.2,0.4,32.23333333333333,0.0,29.70833333333333,0.1000000000000018,29.27083333333333,1.4,-1.0,0.0,Tiruchirappalli,33.5,0.0
2024-07-14 11:00:00,33.3,46,0.0,992.4,21.0,30.3,260,258,11,14,7,6,196,33.0,0.0,33.1,0.0,29.9,0.0,26.5,0.1,33.2,0.3,32.800000000000004,0.0,30.275,0.0,29.274999999999995,1.1,0.2999999999999971,0.0,Tiruchirappalli,32.6,0.0
2024-07-14 12:00:00,32.6,50,0.0,992.9,20.5,31.7,269,268,12,14,7,6,196,33.3,0.0,34.0,0.0,31.1,0.0,26.8,0.0,32.1,0.0,33.05,0.0,30.758333333333336,0.0,29.29583333333333,1.1,-0.6999999999999957,0.0,Tiruchirappalli,31.3,0.0
2024-07-14 13:00:00,26.9,80,0.5,994.3,19.5,32.5,274,272,13,14,7,6,196,32.6,0.0,33.0,0.0,32.3,0.0,26.8,0.0,31.3,0.0,32.15,0.4999999999999986,30.766666666666666,0.5000000000000018,29.1125,1.6,-5.700000000000003,0.5,Tiruchirappalli,30.4,0.0
2024-07-14 14:00:00,27.1,80,0.2,994.8,19.1,33.9,274,274,14,14,7,6,196,26.9,0.5,33.3,0.0,33.1,0.0,27.1,0.0,30.3,0.0,31.15,0.6999999999999986,30.76666666666667,0.7000000000000018,28.979166666666668,1.8,0.2000000000000028,-0.3,Tiruchirappalli,29.3,0.0
2024-07-14 15:00:00,27.7,73,0.0,995.2,18.4,31.8,280,282,15,14,7,6,196,27.1,0.2,32.6,0.0,34.0,0.0,27.3,0.0,29.7,0.0,30.1,0.6999999999999986,30.8,0.7000000000000018,28.89583333333333,1.8,0.5999999999999979,-0.2,Tiruchirappalli,28.6,0.0
2024-07-14 16:00:00,27.3,73,0.0,995.6,17.7,30.9,282,287,16,14,7,6,196,27.7,0.0,26.9,0.5,33.0,0.0,28.6,0.0,28.9,0.0,29.15,0.6999999999999986,30.691666666666663,0.7000000000000018,28.829166666666666,1.8,-0.3999999999999986,0.0,Tiruchirappalli,28.4,0.0
2024-07-14 17:00:00,27.1,74,0.1,995.9,18.9,31.9,277,278,17,14,7,6,196,27.3,0.0,27.1,0.2,33.3,0.0,29.9,0.0,28.6,0.0,28.116666666666664,0.7999999999999987,30.45833333333333,0.8000000000000018,28.766666666666666,1.9,-0.1999999999999993,0.1,Tiruchirappalli,28.3,0.0
2024-07-14 18:00:00,26.9,75,0.1,996.0,18.8,32.1,274,274,18,14,7,6,196,27.1,0.1,27.7,0.0,32.6,0.0,31.1,0.0,27.6,0.0,27.166666666666668,0.8999999999999987,30.10833333333333,0.9000000000000019,28.7375,2.0,-0.2000000000000028,0.0,Tiruchirappalli,28.1,0.0
2024-07-14 19:00:00,27.2,72,0.0,995.5,17.4,30.0,275,277,19,14,7,6,196,26.9,0.1,27.3,0.0,26.9,0.5,32.3,0.0,26.2,0.5,27.216666666666665,0.3999999999999987,29.683333333333334,0.9000000000000019,28.77916666666667,1.5,0.3000000000000007,-0.1,Tiruchirappalli,27.9,0.0
2024-07-14 20:00:00,27.3,70,0.0,995.1,18.9,32.2,276,278,20,14,7,6,196,27.2,0.0,27.1,0.1,27.1,0.2,33.1,0.0,25.7,0.2,27.25,0.1999999999999986,29.200000000000003,0.9000000000000019,28.84583333333333,1.3,0.1000000000000014,0.0,Tiruchirappalli,27.8,0.0
2024-07-14 21:00:00,27.0,72,0.0,994.6,17.0,28.9,274,276,21,14,7,6,196,27.3,0.0,26.9,0.1,27.7,0.0,34.0,0.0,26.3,0.1,27.133333333333336,0.1999999999999986,28.61666666666667,0.9000000000000019,28.875,1.2,-0.3000000000000007,0.0,Tiruchirappalli,27.7,0.0
2024-07-14 22:00:00,26.6,73,0.1,994.5,16.1,28.3,277,280,22,14,7,6,196,27.0,0.0,27.2,0.0,27.3,0.0,33.0,0.0,26.1,0.2,27.016666666666666,0.2999999999999987,28.08333333333333,1.0000000000000018,28.89583333333333,1.1,-0.3999999999999986,0.1,Tiruchirappalli,27.6,0.0
2024-07-14 23:00:00,26.8,72,0.0,994.7,16.5,28.7,278,280,23,14,7,6,196,26.6,0.1,27.3,0.0,27.1,0.1,33.3,0.0,26.5,0.1,26.96666666666667,0.1999999999999986,27.541666666666668,1.0000000000000018,28.90833333333333,1.0,0.1999999999999993,-0.1,Tiruchirappalli,27.4,0.0
2024-07-15 00:00:00,26.9,72,0.0,994.8,17.0,29.6,275,276,0,15,7,0,197,26.8,0.0,27.0,0.0,26.9,0.1,32.6,0.0,26.8,0.0,26.96666666666667,0.0999999999999986,27.066666666666663,1.0000000000000018,28.912500000000005,1.0,0.0999999999999978,0.0,Tiruchirappalli,27.2,0.0
2024-07-15 01:00:00,25.1,87,0.3,995.4,14.6,24.3,262,261,1,15,7,0,197,26.9,0.0,26.6,0.1,27.2,0.0,26.9,0.5,26.8,0.0,26.61666666666667,0.3999999999999987,26.916666666666668,0.8000000000000018,28.841666666666665,1.3,-1.7999999999999972,0.3,Tiruchirappalli,27.8,0.0
2024-07-15 02:00:00,25.4,86,0.3,995.8,14.4,25.2,271,271,2,15,7,0,197,25.1,0.3,26.8,0.0,27.3,0.0,27.1,0.2,27.1,0.0,26.3,0.6999999999999986,26.775,0.9000000000000019,28.77083333333333,1.6,0.2999999999999971,0.0,Tiruchirappalli,28.5,0.0
2024-07-15 03:00:00,27.2,75,0.0,995.9,15.3,24.7,283,289,3,15,7,0,197,25.4,0.3,26.9,0.0,27.0,0.0,27.7,0.0,27.3,0.0,26.33333333333333,0.6999999999999986,26.73333333333333,0.9000000000000019,28.766666666666666,1.6,1.8000000000000007,-0.3,Tiruchirappalli,29.6,0.0
2024-07-15 04:00:00,29.4,64,0.0,996.2,18.2,25.8,278,279,4,15,7,0,197,27.2,0.0,25.1,0.3,26.6,0.1,27.3,0.0,28.6,0.0,26.8,0.5999999999999986,26.90833333333333,0.9000000000000019,28.8,1.6,2.2,0.0,Tiruchirappalli,31.8,0.0
2024-07-15 05:00:00,31.2,55,0.0,995.7,22.9,32.6,257,257,5,15,7,0,197,29.4,0.0,25.4,0.3,26.8,0.0,27.1,0.1,29.9,0.0,27.53333333333333,0.5999999999999986,27.25,0.8000000000000018,28.854166666666668,1.6,1.8000000000000007,0.0,Tiruchirappalli,33.5,0.0
2024-07-15 06:00:00,33.0,51,0.0,995.8,20.6,28.5,254,254,6,15,7,0,197,31.2,0.0,27.2,0.0,26.9,0.0,26.9,0.1,31.1,0.0,28.55,0.5999999999999986,27.75833333333333,0.7000000000000017,28.933333333333334,1.6,1.8000000000000007,0.0,Tiruchirappalli,34.9,0.0
2024-07-15 07:00:00,33.2,50,0.1,995.0,26.0,36.8,266,266,7,15,7,0,197,33.0,0.0,29.4,0.0,25.1,0.3,27.2,0.0,32.3,0.0,29.899999999999995,0.3999999999999986,28.258333333333336,0.8000000000000018,28.97083333333333,1.7,0.2000000000000028,0.1,Tiruchirappalli,35.7,0.0
2024-07-15 08:00:00,32.3,52,0.1,994.1,24.6,35.4,275,276,8,15,7,0,197,33.2,0.1,31.2,0.0,25.4,0.3,27.3,0.0,33.1,0.0,31.05,0.1999999999999986,28.675,0.9000000000000018,28.9375,1.8,-0.9000000000000057,0.0,Tiruchirappalli,36.0,0.0
2024-07-15 09:00:00,33.0,48,0.1,993.4,9.8,16.8,266,266,9,15,7,0,197,32.3,0.1,33.0,0.0,27.2,0.0,27.0,0.0,34.0,0.0,32.016666666666666,0.2999999999999986,29.175,1.0000000000000018,28.89583333333333,1.9,0.7000000000000028,0.0,Tiruchirappalli,35.7,0.0
2024-07-15 10:00:00,32.5,51,0.0,992.9,22.1,33.0,262,263,10,15,7,0,197,33.0,0.1,33.2,0.1,29.4,0.0,26.6,0.1,33.0,0.0,32.53333333333333,0.2999999999999986,29.666666666666668,0.9000000000000018,28.875,1.9,-0.5,-0.1,Tiruchirappalli,35.2,0.0
2024-07-15 11:00:00,32.9,47,0.0,992.8,9.8,40.1,266,266,11,15,7,0,197,32.5,0.0,32.3,0.1,31.2,0.0,26.8,0.0,33.3,0.0,32.81666666666667,0.2999999999999986,30.175,0.9000000000000018,28.85833333333333,1.9,0.3999999999999986,0.0,Tiruchirappalli,34.1,0.0
2024-07-15 12:00:00,31.8,54,0.0,993.5,23.0,35.6,271,271,12,15,7,0,197,32.9,0.0,33.0,0.1,33.0,0.0,26.9,0.0,32.6,0.0,32.61666666666667,0.2999999999999986,30.58333333333333,0.9000000000000018,28.825000000000003,1.9,-1.099999999999998,0.0,Tiruchirappalli,33.3,0.0
2024-07-15 13:00:00,28.5,68,0.1,994.9,24.8,39.6,269,269,13,15,7,0,197,31.8,0.0,32.5,0.0,33.2,0.1,25.1,0.3,26.9,0.5,31.83333333333333,0.2999999999999986,30.866666666666664,0.7000000000000017,28.89166666666667,1.5,-3.3000000000000007,0.1,Tiruchirappalli,31.7,0.0
2024-07-15 14:00:00,26.6,78,0.7,995.3,23.8,39.6,269,270,14,15,7,0,197,28.5,0.1,32.9,0.0,32.3,0.1,25.4,0.3,27.1,0.2,30.883333333333336,0.8999999999999986,30.966666666666665,1.1000000000000016,28.870833333333334,2.0,-1.8999999999999984,0.6,Tiruchirappalli,30.5,0.0
2024-07-15 15:00:00,27.5,69,0.0,995.6,9.8,16.8,267,268,15,15,7,0,197,26.6,0.7,31.8,0.0,33.0,0.1,27.2,0.0,27.7,0.0,29.96666666666667,0.7999999999999986,30.991666666666664,1.1000000000000016,28.8625,2.0,0.8999999999999986,-0.7,Tiruchirappalli,29.8,0.0
2024-07-15 16:00:00,28.1,64,0.0,995.9,9.8,16.8,269,269,16,15,7,0,197,27.5,0.0,28.5,0.1,32.5,0.0,29.4,0.0,27.3,0.0,29.23333333333333,0.7999999999999986,30.883333333333336,1.1000000000000016,28.89583333333333,2.0,0.6000000000000014,0.0,Tiruchirappalli,29.3,0.0
2024-07-15 17:00:00,28.2,63,0.0,996.1,9.8,16.8,269,268,17,15,7,0,197,28.1,0.0,26.6,0.7,32.9,0.0,31.2,0.0,27.1,0.1,28.45,0.7999999999999986,30.633333333333336,1.1000000000000016,28.941666666666663,1.9,0.0999999999999978,0.0,Tiruchirappalli,28.8,0.0
2024-07-15 18:00:00,28.2,64,0.0,996.2,24.5,40.1,266,266,18,15,7,0,197,28.2,0.0,27.5,0.0,31.8,0.0,33.0,0.0,26.9,0.1,27.850000000000005,0.7999999999999986,30.23333333333333,1.1000000000000016,28.995833333333334,1.7999999999999998,0.0,0.0,Tiruchirappalli,28.3,0.0
2024-07-15 19:00:00,28.1,64,0.0,995.4,25.0,40.1,265,264,19,15,7,0,197,28.2,0.0,28.1,0.0,28.5,0.1,33.2,0.1,27.2,0.0,27.78333333333333,0.6999999999999986,29.808333333333337,1.0000000000000016,29.03333333333333,1.7999999999999998,-0.0999999999999978,0.0,Tiruchirappalli,27.9,0.0
2024-07-15 20:00:00,27.2,69,0.1,994.8,22.8,37.2,266,265,20,15,7,0,197,28.1,0.0,28.2,0.0,26.6,0.7,32.3,0.1,27.3,0.0,27.88333333333333,0.0999999999999986,29.383333333333336,1.0000000000000018,29.02916666666667,1.9,-0.9000000000000021,0.1,Tiruchirappalli,27.6,0.0
2024-07-15 21:00:00,25.8,79,0.7,994.6,20.2,33.9,266,266,21,15,7,0,197,27.2,0.1,28.2,0.0,27.5,0.0,33.0,0.1,27.0,0.0,27.6,0.7999999999999986,28.78333333333333,1.6000000000000014,28.979166666666668,2.6,-1.3999999999999986,0.6,Tiruchirappalli,27.4,0.0
2024-07-15 22:00:00,25.1,84,0.3,994.3,17.7,30.6,268,266,22,15,7,0,197,25.8,0.7,28.1,0.0,28.1,0.0,32.5,0.0,26.6,0.1,27.1,1.0999999999999983,28.166666666666668,1.9000000000000008,28.916666666666668,2.8,-0.6999999999999993,-0.3999999999999999,Tiruchirappalli,27.1,0.0
2024-07-15 23:00:00,25.0,85,0.4,994.3,15.6,27.8,260,255,23,15,7,0,197,25.1,0.3,27.2,0.1,28.2,0.0,32.9,0.0,26.8,0.0,26.566666666666663,1.499999999999999,27.50833333333333,2.3000000000000016,28.84166666666667,3.2,-0.1000000000000014,0.1,Tiruchirappalli,27.0,0.0
2024-07-16 00:00:00,24.2,92,0.5,994.7,12.1,24.9,252,247,0,16,7,1,198,25.0,0.4,25.8,0.7,28.2,0.0,31.8,0.0,26.9,0.0,25.899999999999995,1.999999999999999,26.875,2.8000000000000016,28.729166666666668,3.7,-0.8000000000000007,0.0999999999999999,Tiruchirappalli,27.1,0.0
2024-07-16 01:00:00,24.9,81,0.0,995.2,14.8,26.6,270,267,1,16,7,1,198,24.2,0.5,25.1,0.3,28.1,0.0,28.5,0.1,25.1,0.3,25.366666666666664,1.999999999999999,26.575000000000003,2.700000000000001,28.72083333333333,3.4,0.6999999999999993,-0.5,Tiruchirappalli,27.5,0.0
2024-07-16 02:00:00,26.0,72,0.0,996.0,15.1,26.7,272,273,2,16,7,1,198,24.9,0.0,25.0,0.4,27.2,0.1,26.6,0.7,25.4,0.3,25.166666666666668,1.8999999999999984,26.525,2.0000000000000018,28.745833333333334,3.1,1.1000000000000014,0.0,Tiruchirappalli,28.9,0.0
2024-07-16 03:00:00,27.7,64,0.0,996.3,15.4,24.9,280,281,3,16,7,1,198,26.0,0.0,24.2,0.5,25.8,0.7,27.5,0.0,27.2,0.0,25.48333333333333,1.1999999999999988,26.541666666666668,2.0000000000000018,28.766666666666666,3.1,1.6999999999999993,0.0,Tiruchirappalli,30.4,0.0
2024-07-16 04:00:00,28.6,63,0.0,996.3,11.2,18.6,261,255,4,16,7,1,198,27.7,0.0,24.9,0.0,25.1,0.3,28.1,0.0,29.4,0.0,26.066666666666663,0.8999999999999988,26.58333333333333,2.0000000000000018,28.73333333333333,3.1,0.9000000000000021,0.0,Tiruchirappalli,32.6,0.0
2024-07-16 05:00:00,29.8,60,0.0,996.6,10.5,14.7,239,232,5,16,7,1,198,28.6,0.0,26.0,0.0,25.0,0.4,28.2,0.0,31.2,0.0,26.866666666666664,0.4999999999999986,26.71666666666667,2.0000000000000018,28.675,3.1,1.1999999999999993,0.0,Tiruchirappalli,34.2,0.0
2024-07-16 06:00:00,28.9,68,0.0,996.4,13.5,20.0,218,209,6,16,7,1,198,29.8,0.0,27.7,0.0,24.2,0.5,28.2,0.0,33.0,0.0,27.65,0.0,26.775,2.0000000000000018,28.504166666666663,3.1,-0.9000000000000021,0.0,Tiruchirappalli,35.9,0.0
2024-07-16 07:00:00,29.3,70,0.1,995.7,13.2,18.5,213,206,7,16,7,1,198,28.9,0.0,28.6,0.0,24.9,0.0,28.1,0.0,33.2,0.1,28.383333333333336,0.0999999999999986,26.875,2.100000000000002,28.341666666666665,3.1,0.4000000000000021,0.1,Tiruchirappalli,36.7,0.0
2024-07-16 08:00:00,31.2,58,0.1,994.9,16.7,24.0,242,237,8,16,7,1,198,29.3,0.1,29.8,0.0,26.0,0.0,27.2,0.1,32.3,0.1,29.25,0.1999999999999986,27.20833333333333,2.1000000000000014,28.29583333333333,3.1,1.8999999999999984,0.0,Tiruchirappalli,37.3,0.0
2024-07-16 09:00:00,33.2,45,0.1,994.0,9.8,16.8,261,260,9,16,7,1,198,31.2,0.1,28.9,0.0,27.7,0.0,25.8,0.7,33.0,0.1,30.166666666666668,0.2999999999999987,27.825,1.5000000000000018,28.304166666666664,3.1,2.000000000000004,0.0,Tiruchirappalli,36.6,0.0
2024-07-16 10:00:00,32.2,51,0.0,994.0,9.8,39.3,278,281,10,16,7,1,198,33.2,0.1,29.3,0.1,28.6,0.0,25.1,0.3,32.5,0.0,30.766666666666666,0.2999999999999987,28.416666666666668,1.2000000000000015,28.291666666666668,3.1,-1.0,-0.1,Tiruchirappalli,36.3,0.0
2024-07-16 11:00:00,31.4,55,0.0,993.9,17.9,26.9,290,292,11,16,7,1,198,32.2,0.0,31.2,0.1,29.8,0.0,25.0,0.4,32.9,0.0,31.03333333333333,0.2999999999999987,28.950000000000003,0.8000000000000017,28.229166666666668,3.1,-0.8000000000000043,0.0,Tiruchirappalli,35.7,0.0
2024-07-16 12:00:00,31.9,50,0.0,994.1,22.1,35.4,275,277,12,16,7,1,198,31.4,0.0,33.2,0.1,28.9,0.0,24.2,0.5,31.8,0.0,31.53333333333333,0.2999999999999987,29.59166666666667,0.3000000000000017,28.23333333333333,3.1,0.5,0.0,Tiruchirappalli,33.9,0.0
2024-07-16 13:00:00,28.5,64,0.0,994.6,24.5,40.0,271,271,13,16,7,1,198,31.9,0.0,32.2,0.0,29.3,0.1,24.9,0.0,28.5,0.1,31.4,0.1999999999999986,29.891666666666666,0.3000000000000017,28.23333333333333,3.0,-3.3999999999999986,0.0,Tiruchirappalli,31.5,0.0
2024-07-16 14:00:00,28.5,64,0.1,995.2,22.8,37.5,274,275,14,16,7,1,198,28.5,0.0,31.4,0.0,31.2,0.1,26.0,0.0,26.6,0.7,30.950000000000003,0.1999999999999986,30.1,0.4000000000000017,28.3125,2.4,0.0,0.1,Tiruchirappalli,30.4,0.0
2024-07-16 15:00:00,29.0,61,0.0,995.9,21.6,35.7,272,273,15,16,7,1,198,28.5,0.1,31.9,0.0,33.2,0.1,27.7,0.0,27.5,0.0,30.25,0.0999999999999986,30.20833333333333,0.4000000000000017,28.375,2.4,0.5,-0.1,Tiruchirappalli,29.8,0.0
2024-07-16 16:00:00,28.7,62,0.0,996.3,19.8,32.8,268,267,16,16,7,1,198,29.0,0.0,28.5,0.0,32.2,0.0,28.6,0.0,28.1,0.0,29.666666666666668,0.0999999999999986,30.216666666666665,0.4000000000000017,28.4,2.4,-0.3000000000000007,0.0,Tiruchirappalli,29.6,0.0
2024-07-16 17:00:00,28.3,63,0.0,996.5,16.2,28.1,270,271,17,16,7,1,198,28.7,0.0,28.5,0.1,31.4,0.0,29.8,0.0,28.2,0.0,29.15,0.0999999999999986,30.091666666666665,0.4000000000000017,28.404166666666665,2.4,-0.3999999999999986,0.0,Tiruchirappalli,29.3,0.0
2024-07-16 18:00:00,27.7,65,0.0,996.5,16.0,28.4,278,278,18,16,7,1,198,28.3,0.0,29.0,0.0,31.9,0.0,28.9,0.0,28.2,0.0,28.45,0.0999999999999986,29.991666666666664,0.4000000000000017,28.383333333333336,2.4,-0.6000000000000014,0.0,Tiruchirappalli,28.8,0.0
2024-07-16 19:00:00,27.2,67,0.0,996.0,14.6,26.5,278,279,19,16,7,1,198,27.7,0.0,28.7,0.0,28.5,0.0,29.3,0.1,28.1,0.0,28.23333333333333,0.0999999999999986,29.816666666666663,0.3000000000000017,28.34583333333333,2.4,-0.5,0.0,Tiruchirappalli,28.3,0.0
2024-07-16 20:00:00,27.2,68,0.0,995.3,13.7,24.8,269,268,20,16,7,1,198,27.2,0.0,28.3,0.0,28.5,0.1,31.2,0.1,27.2,0.1,28.016666666666666,0.0,29.48333333333333,0.2000000000000017,28.34583333333333,2.3,0.0,0.0,Tiruchirappalli,27.8,0.0
2024-07-16 21:00:00,27.0,69,0.0,995.1,13.1,23.9,263,261,21,16,7,1,198,27.2,0.0,27.7,0.0,29.0,0.0,33.2,0.1,25.8,0.7,27.683333333333334,0.0,28.96666666666667,0.1000000000000017,28.39583333333333,1.6,-0.1999999999999993,0.0,Tiruchirappalli,27.6,0.0
2024-07-16 22:00:00,26.8,69,0.0,994.7,11.7,21.7,259,252,22,16,7,1,198,27.0,0.0,27.2,0.0,28.7,0.0,32.2,0.0,25.1,0.3,27.366666666666664,0.0,28.51666666666667,0.1000000000000017,28.46666666666667,1.3,-0.1999999999999993,0.0,Tiruchirappalli,27.4,0.0
2024-07-16 23:00:00,26.7,69,0.0,994.8,9.7,18.9,252,239,23,16,7,1,198,26.8,0.0,27.2,0.0,28.3,0.0,31.4,0.0,25.0,0.4,27.1,0.0,28.125,0.1000000000000017,28.5375,0.8999999999999999,-0.1000000000000014,0.0,Tiruchirappalli,27.3,0.0
2024-07-17 00:00:00,26.5,71,0.0,995.2,7.4,15.8,249,231,0,17,7,2,199,26.7,0.0,27.0,0.0,27.7,0.0,31.9,0.0,24.2,0.5,26.9,0.0,27.675,0.1000000000000017,28.63333333333333,0.4,-0.1999999999999993,0.0,Tiruchirappalli,27.1,0.0
2024-07-17 01:00:00,27.2,70,0.0,996.4,19.2,31.7,282,283,1,17,7,2,199,26.5,0.0,26.8,0.0,27.2,0.0,28.5,0.0,24.9,0.0,26.899999999999995,0.0,27.566666666666663,0.1000000000000017,28.729166666666668,0.4,0.6999999999999993,0.0,Tiruchirappalli,27.0,0.0
2024-07-17 02:00:00,28.0,67,0.0,997.0,16.3,25.1,278,278,2,17,7,2,199,27.2,0.0,26.7,0.0,27.2,0.0,28.5,0.1,26.0,0.0,27.03333333333333,0.0,27.525,0.0,28.8125,0.4,0.8000000000000007,0.0,Tiruchirappalli,28.7,0.0
2024-07-17 03:00:00,29.1,63,0.0,997.3,18.4,26.8,275,276,3,17,7,2,199,28.0,0.0,26.5,0.0,27.0,0.0,29.0,0.0,27.7,0.0,27.383333333333336,0.0,27.53333333333333,0.0,28.870833333333337,0.4,1.1000000000000014,0.0,Tiruchirappalli,30.2,0.0
2024-07-17 04:00:00,30.0,61,0.0,997.9,20.5,29.2,272,273,4,17,7,2,199,29.1,0.0,27.2,0.0,26.8,0.0,28.7,0.0,28.6,0.0,27.916666666666668,0.0,27.64166666666667,0.0,28.92916666666667,0.4,0.8999999999999986,0.0,Tiruchirappalli,31.9,0.0
2024-07-17 05:00:00,31.2,56,0.0,997.6,21.2,30.6,270,271,5,17,7,2,199,30.0,0.0,28.0,0.0,26.7,0.0,28.3,0.0,29.8,0.0,28.666666666666668,0.0,27.883333333333336,0.0,28.9875,0.4,1.1999999999999993,0.0,Tiruchirappalli,33.7,0.0
2024-07-17 06:00:00,33.1,49,0.0,996.8,9.8,16.8,279,280,6,17,7,2,199,31.2,0.0,29.1,0.0,26.5,0.0,27.7,0.0,28.9,0.0,29.766666666666666,0.0,28.33333333333333,0.0,29.1625,0.4,1.900000000000002,0.0,Tiruchirappalli,34.9,0.0
2024-07-17 07:00:00,34.1,45,0.0,995.7,9.8,16.8,276,277,7,17,7,2,199,33.1,0.0,30.0,0.0,27.2,0.0,27.2,0.0,29.3,0.1,30.916666666666668,0.0,28.90833333333333,0.0,29.3625,0.3,1.0,0.0,Tiruchirappalli,36.2,0.0
2024-07-17 08:00:00,34.3,44,0.0,995.0,9.8,41.4,277,279,8,17,7,2,199,34.1,0.0,31.2,0.0,28.0,0.0,27.2,0.0,31.2,0.1,31.96666666666667,0.0,29.5,0.0,29.491666666666664,0.2,0.1999999999999957,0.0,Tiruchirappalli,36.4,0.0
2024-07-17 09:00:00,33.4,47,0.0,994.8,9.8,16.8,277,278,9,17,7,2,199,34.3,0.0,33.1,0.0,29.1,0.0,27.0,0.0,33.2,0.1,32.68333333333333,0.0,30.03333333333333,0.0,29.5,0.1,-0.8999999999999986,0.0,Tiruchirappalli,37.0,0.0
2024-07-17 10:00:00,32.1,52,0.0,994.6,9.8,41.0,278,278,10,17,7,2,199,33.4,0.0,34.1,0.0,30.0,0.0,26.8,0.0,32.2,0.0,33.03333333333333,0.0,30.475000000000005,0.0,29.495833333333334,0.1,-1.2999999999999972,0.0,Tiruchirappalli,35.3,0.0
2024-07-17 11:00:00,31.2,56,0.0,994.7,25.7,38.6,274,276,11,17,7,2,199,32.1,0.0,34.3,0.0,31.2,0.0,26.7,0.0,31.4,0.0,33.03333333333333,0.0,30.85,0.0,29.4875,0.1,-0.9000000000000021,0.0,Tiruchirappalli,35.3,0.0
2024-07-17 12:00:00,29.9,62,0.0,995.1,18.9,29.3,276,279,12,17,7,2,199,31.2,0.0,33.4,0.0,33.1,0.0,26.5,0.0,31.9,0.0,32.5,0.0,31.13333333333333,0.0,29.40416666666667,0.1,-1.3000000000000007,0.0,Tiruchirappalli,33.6,0.0
2024-07-17 13:00:00,28.9,64,0.2,995.9,25.3,41.1,266,266,13,17,7,2,199,29.9,0.0,32.1,0.0,34.1,0.0,27.2,0.0,28.5,0.0,31.633333333333336,0.1999999999999986,31.275,0.2000000000000017,29.42083333333333,0.3,-1.0,0.2,Tiruchirappalli,31.7,0.0
2024-07-17 14:00:00,27.4,74,0.4,997.3,24.3,39.9,263,262,14,17,7,2,199,28.9,0.2,31.2,0.0,34.3,0.0,28.0,0.0,28.5,0.1,30.48333333333333,0.5999999999999988,31.225,0.6000000000000018,29.375,0.6000000000000001,-1.5,0.2,Tiruchirappalli,30.4,0.0
2024-07-17 15:00:00,26.5,79,0.3,997.8,21.3,35.7,268,267,15,17,7,2,199,27.4,0.4,29.9,0.0,33.4,0.0,29.1,0.0,29.0,0.0,29.33333333333333,0.8999999999999987,31.008333333333336,0.9000000000000017,29.27083333333333,0.9000000000000001,-0.8999999999999986,-0.1,Tiruchirappalli,29.6,0.0
2024-07-17 16:00:00,26.1,82,0.3,998.0,18.8,31.8,266,263,16,17,7,2,199,26.5,0.3,28.9,0.2,32.1,0.0,30.0,0.0,28.7,0.0,28.33333333333333,1.1999999999999986,30.683333333333337,1.2000000000000015,29.1625,1.2000000000000002,-0.3999999999999986,0.0,Tiruchirappalli,29.1,0.0
2024-07-17 17:00:00,25.9,82,0.3,998.3,17.7,31.0,268,265,17,17,7,2,199,26.1,0.3,27.4,0.4,31.2,0.0,31.2,0.0,28.3,0.0,27.45,1.499999999999999,30.241666666666664,1.5000000000000018,29.0625,1.5,-0.2000000000000028,0.0,Tiruchirappalli,28.7,0.0
2024-07-17 18:00:00,26.3,78,0.2,998.0,18.4,32.0,269,269,18,17,7,2,199,25.9,0.3,26.5,0.3,29.9,0.0,33.1,0.0,27.7,0.0,26.85,1.6999999999999986,29.675,1.7000000000000015,29.004166666666663,1.7000000000000002,0.4000000000000021,-0.0999999999999999,Tiruchirappalli,28.2,0.0
2024-07-17 19:00:00,26.9,72,0.0,997.4,17.3,29.9,267,266,19,17,7,2,199,26.3,0.2,26.1,0.3,28.9,0.2,34.1,0.0,27.2,0.0,26.516666666666666,1.499999999999999,29.075,1.7000000000000015,28.991666666666664,1.7000000000000002,0.5999999999999979,-0.2,Tiruchirappalli,27.8,0.0
2024-07-17 20:00:00,27.2,70,0.0,996.6,15.2,27.1,265,263,20,17,7,2,199,26.9,0.0,25.9,0.3,27.4,0.4,34.3,0.0,27.2,0.0,26.48333333333333,1.0999999999999983,28.48333333333333,1.7000000000000015,28.99166666666667,1.7000000000000002,0.3000000000000007,0.0,Tiruchirappalli,27.5,0.0
2024-07-17 21:00:00,27.2,69,0.0,995.9,14.9,26.7,266,263,21,17,7,2,199,27.2,0.0,26.3,0.2,26.5,0.3,33.4,0.0,27.0,0.0,26.600000000000005,0.7999999999999987,27.96666666666667,1.7000000000000015,29.0,1.7000000000000002,0.0,0.0,Tiruchirappalli,27.2,0.0
2024-07-17 22:00:00,27.2,69,0.0,995.5,17.3,30.3,275,275,22,17,7,2,199,27.2,0.0,26.9,0.0,26.1,0.3,32.1,0.0,26.8,0.0,26.78333333333333,0.4999999999999986,27.558333333333334,1.7000000000000015,29.016666666666666,1.7000000000000002,0.0,0.0,Tiruchirappalli,27.2,0.0
2024-07-17 23:00:00,27.4,68,0.0,995.6,19.1,32.5,274,274,23,17,7,2,199,27.2,0.0,27.2,0.0,25.9,0.3,31.2,0.0,26.7,0.0,27.03333333333333,0.1999999999999986,27.241666666666664,1.7000000000000015,29.04583333333333,1.7000000000000002,0.1999999999999993,0.0,Tiruchirappalli,27.2,0.0
2024-07-18 00:00:00,27.3,68,0.0,995.8,19.5,32.5,275,275,0,18,7,3,200,27.4,0.0,27.2,0.0,26.3,0.2,29.9,0.0,26.5,0.0,27.2,0.0,27.025,1.7000000000000015,29.079166666666666,1.7000000000000002,-0.0999999999999978,0.0,Tiruchirappalli,27.2,0.0
2024-07-18 01:00:00,27.9,68,0.0,996.5,18.9,31.6,277,279,1,18,7,3,200,27.3,0.0,27.2,0.0,26.9,0.0,28.9,0.2,27.2,0.0,27.366666666666664,0.0,26.941666666666663,1.5000000000000018,29.10833333333333,1.7000000000000002,0.5999999999999979,0.0,Tiruchirappalli,27.2,0.0
2024-07-18 02:00:00,28.7,65,0.0,997.1,17.3,28.5,280,282,2,18,7,3,200,27.9,0.0,27.4,0.0,27.2,0.0,27.4,0.4,28.0,0.0,27.616666666666664,0.0,27.05,1.1000000000000016,29.1375,1.7000000000000002,0.8000000000000007,0.0,Tiruchirappalli,28.6,0.0
2024-07-18 03:00:00,29.3,64,0.0,997.6,18.9,27.9,285,288,3,18,7,3,200,28.7,0.0,27.3,0.0,27.2,0.0,26.5,0.3,29.1,0.0,27.96666666666667,0.0,27.28333333333333,0.8000000000000017,29.14583333333333,1.7000000000000002,0.6000000000000014,0.0,Tiruchirappalli,30.6,0.0
2024-07-18 04:00:00,29.9,64,0.1,997.9,16.9,23.7,284,286,4,18,7,3,200,29.3,0.0,27.9,0.0,27.2,0.0,26.1,0.3,30.0,0.0,28.416666666666668,0.0999999999999986,27.6,0.6000000000000018,29.141666666666666,1.8,0.5999999999999979,0.1,Tiruchirappalli,33.0,0.0
2024-07-18 05:00:00,30.5,61,0.0,997.8,18.4,25.9,280,281,5,18,7,3,200,29.9,0.1,28.7,0.0,27.4,0.0,25.9,0.3,31.2,0.0,28.933333333333334,0.0999999999999986,27.98333333333333,0.3000000000000017,29.1125,1.8,0.6000000000000014,-0.1,Tiruchirappalli,34.9,0.0
2024-07-18 06:00:00,32.5,51,0.0,997.3,9.8,16.8,272,273,6,18,7,3,200,30.5,0.0,29.3,0.0,27.3,0.0,26.3,0.2,33.1,0.0,29.8,0.0999999999999986,28.5,0.1000000000000017,29.0875,1.8,2.0,0.0,Tiruchirappalli,34.3,0.0
2024-07-18 07:00:00,32.3,51,0.0,996.6,9.8,40.0,272,272,7,18,7,3,200,32.5,0.0,29.9,0.1,27.9,0.0,26.9,0.0,34.1,0.0,30.53333333333333,0.0999999999999986,28.95,0.1000000000000017,29.0125,1.8,-0.2000000000000028,0.0,Tiruchirappalli,36.1,0.0
2024-07-18 08:00:00,31.4,53,0.0,995.7,9.8,16.8,273,274,8,18,7,3,200,32.3,0.0,30.5,0.0,28.7,0.0,27.2,0.0,34.3,0.0,30.98333333333333,0.0999999999999986,29.3,0.1000000000000017,28.891666666666666,1.8,-0.8999999999999986,0.0,Tiruchirappalli,36.6,0.0
2024-07-18 09:00:00,31.2,55,0.0,995.2,9.8,41.1,272,272,9,18,7,3,200,31.4,0.0,32.5,0.0,29.3,0.0,27.2,0.0,33.4,0.0,31.3,0.0999999999999986,29.63333333333333,0.1000000000000017,28.8,1.8,-0.1999999999999993,0.0,Tiruchirappalli,37.6,0.0
2024-07-18 10:00:00,29.3,64,0.2,994.7,22.8,35.7,273,275,10,18,7,3,200,31.2,0.0,32.3,0.0,29.9,0.1,27.2,0.0,32.1,0.0,31.2,0.1999999999999986,29.808333333333334,0.3000000000000017,28.683333333333334,2.0,-1.8999999999999984,0.2,Tiruchirappalli,37.4,0.0
2024-07-18 11:00:00,28.6,69,0.1,994.5,20.6,31.5,275,275,11,18,7,3,200,29.3,0.2,31.4,0.0,30.5,0.0,27.4,0.0,31.2,0.0,30.88333333333333,0.2999999999999987,29.90833333333333,0.4000000000000017,28.575,2.1,-0.6999999999999993,-0.1,Tiruchirappalli,36.2,0.0
2024-07-18 12:00:00,28.1,72,0.1,994.7,22.1,36.5,275,276,12,18,7,3,200,28.6,0.1,31.2,0.0,32.5,0.0,27.3,0.0,29.9,0.0,30.149999999999995,0.3999999999999987,29.975,0.5000000000000018,28.5,2.2,-0.5,0.0,Tiruchirappalli,34.0,0.0
2024-07-18 13:00:00,25.9,81,0.3,995.7,24.7,16.8,278,278,13,18,7,3,200,28.1,0.1,29.3,0.2,32.3,0.0,27.9,0.0,28.9,0.2,29.08333333333333,0.6999999999999986,29.808333333333334,0.8000000000000017,28.375,2.3,-2.200000000000003,0.1999999999999999,Tiruchirappalli,33.2,0.0
2024-07-18 14:00:00,26.1,78,0.1,996.4,23.8,40.0,272,271,14,18,7,3,200,25.9,0.3,28.6,0.1,31.4,0.0,28.7,0.0,27.4,0.4,28.2,0.7999999999999987,29.59166666666667,0.9000000000000017,28.320833333333336,2.0,0.2000000000000028,-0.1999999999999999,Tiruchirappalli,31.9,0.0
2024-07-18 15:00:00,26.2,77,0.1,996.9,22.7,38.5,270,268,15,18,7,3,200,26.1,0.1,28.1,0.1,31.2,0.0,29.3,0.0,26.5,0.3,27.36666666666667,0.8999999999999987,29.33333333333333,1.0000000000000018,28.308333333333334,1.8000000000000005,0.0999999999999978,0.0,Tiruchirappalli,30.5,0.0
2024-07-18 16:00:00,26.2,75,0.1,997.4,22.0,36.7,268,267,16,18,7,3,200,26.2,0.1,25.9,0.3,29.3,0.2,29.9,0.1,26.1,0.3,26.85,0.7999999999999986,29.024999999999995,1.0000000000000018,28.3125,1.6,0.0,0.0,Tiruchirappalli,29.8,0.0
2024-07-18 17:00:00,26.5,72,0.0,997.7,21.2,35.6,269,270,17,18,7,3,200,26.2,0.1,26.1,0.1,28.6,0.1,30.5,0.0,25.9,0.3,26.5,0.6999999999999986,28.691666666666663,1.0000000000000018,28.3375,1.3,0.3000000000000007,-0.1,Tiruchirappalli,29.3,0.0
2024-07-18 18:00:00,26.8,70,0.0,997.1,21.2,35.7,268,269,18,18,7,3,200,26.5,0.0,26.2,0.1,28.1,0.1,32.5,0.0,26.3,0.2,26.28333333333333,0.5999999999999986,28.216666666666665,1.0000000000000018,28.35833333333333,1.1,0.3000000000000007,0.0,Tiruchirappalli,28.6,0.0
2024-07-18 19:00:00,27.0,68,0.0,996.2,22.4,37.1,273,274,19,18,7,3,200,26.8,0.0,26.2,0.1,25.9,0.3,32.3,0.0,26.9,0.0,26.46666666666667,0.2999999999999987,27.775,1.0000000000000018,28.3625,1.1,0.1999999999999993,0.0,Tiruchirappalli,28.2,0.0
2024-07-18 20:00:00,26.9,70,0.0,995.5,22.7,37.8,272,271,20,18,7,3,200,27.0,0.0,26.5,0.0,26.1,0.1,31.4,0.0,27.2,0.0,26.6,0.1999999999999986,27.4,1.0000000000000018,28.35,1.1,-0.1000000000000014,0.0,Tiruchirappalli,27.9,0.0
2024-07-18 21:00:00,26.8,70,0.0,995.2,21.6,36.4,269,266,21,18,7,3,200,26.9,0.0,26.8,0.0,26.2,0.1,31.2,0.0,27.2,0.0,26.7,0.0999999999999986,27.03333333333333,1.0000000000000018,28.33333333333333,1.1,-0.0999999999999978,0.0,Tiruchirappalli,27.7,0.0
2024-07-18 22:00:00,26.8,69,0.0,994.9,20.2,33.9,268,267,22,18,7,3,200,26.8,0.0,27.0,0.0,26.2,0.1,29.3,0.2,27.2,0.0,26.8,0.0,26.825,0.8000000000000017,28.316666666666663,1.1,0.0,0.0,Tiruchirappalli,27.4,0.0
2024-07-18 23:00:00,26.6,69,0.0,995.2,19.5,33.5,273,273,23,18,7,3,200,26.8,0.0,26.9,0.0,26.5,0.0,28.6,0.1,27.4,0.0,26.816666666666663,0.0,26.65833333333333,0.7000000000000017,28.28333333333333,1.1,-0.1999999999999993,0.0,Tiruchirappalli,27.3,0.0
2024-07-19 00:00:00,26.6,70,0.0,995.6,19.1,32.8,274,274,0,19,7,4,201,26.6,0.0,26.8,0.0,26.8,0.0,28.1,0.1,27.3,0.0,26.78333333333333,0.0,26.53333333333333,0.6000000000000018,28.254166666666663,1.1,0.0,0.0,Tiruchirappalli,27.1,0.0
2024-07-19 01:00:00,26.9,70,0.0,995.8,21.8,35.9,277,279,1,19,7,4,201,26.6,0.0,26.8,0.0,27.0,0.0,25.9,0.3,27.9,0.0,26.766666666666666,0.0,26.61666666666667,0.3000000000000017,28.2125,1.1,0.2999999999999971,0.0,Tiruchirappalli,27.2,0.0
2024-07-19 02:00:00,27.9,66,0.0,996.4,18.6,28.7,285,288,2,19,7,4,201,26.9,0.0,26.6,0.0,26.9,0.0,26.1,0.1,28.7,0.0,26.933333333333334,0.0,26.766666666666666,0.2000000000000016,28.179166666666664,1.1,1.0,0.0,Tiruchirappalli,28.6,0.0
2024-07-19 03:00:00,29.0,62,0.0,996.6,15.7,22.6,284,286,3,19,7,4,201,27.9,0.0,26.6,0.0,26.8,0.0,26.2,0.1,29.3,0.0,27.3,0.0,27.0,0.1000000000000016,28.166666666666668,1.1,1.1000000000000014,0.0,Tiruchirappalli,30.5,0.0
2024-07-19 04:00:00,30.8,54,0.0,996.5,21.6,31.0,272,273,4,19,7,4,201,29.0,0.0,26.9,0.0,26.8,0.0,26.2,0.1,29.9,0.1,27.96666666666667,0.0,27.383333333333336,0.0,28.204166666666666,1.0,1.8000000000000007,0.0,Tiruchirappalli,32.6,0.0
2024-07-19 05:00:00,32.2,50,0.0,996.1,9.8,38.6,273,274,5,19,7,4,201,30.8,0.0,27.9,0.0,26.6,0.0,26.5,0.0,30.5,0.0,28.9,0.0,27.85833333333333,0.0,28.274999999999995,1.0,1.400000000000002,0.0,Tiruchirappalli,34.2,0.0
2024-07-19 06:00:00,33.0,46,0.0,995.4,9.8,16.8,275,276,6,19,7,4,201,32.2,0.0,29.0,0.0,26.6,0.0,26.8,0.0,32.5,0.0,29.96666666666667,0.0,28.375,0.0,28.29583333333333,1.0,0.7999999999999972,0.0,Tiruchirappalli,35.7,0.0
2024-07-19 07:00:00,34.1,42,0.0,994.8,9.8,16.8,277,277,7,19,7,4,201,33.0,0.0,30.8,0.0,26.9,0.0,27.0,0.0,32.3,0.0,31.166666666666668,0.0,28.96666666666667,0.0,28.370833333333334,1.0,1.1000000000000014,0.0,Tiruchirappalli,37.2,0.0
2024-07-19 08:00:00,34.5,42,0.0,993.9,9.8,16.8,279,280,8,19,7,4,201,34.1,0.0,32.2,0.0,27.9,0.0,26.9,0.0,31.4,0.0,32.266666666666666,0.0,29.6,0.0,28.5,1.0,0.3999999999999986,0.0,Tiruchirappalli,37.4,0.0
2024-07-19 09:00:00,34.4,42,0.0,993.3,9.8,16.8,279,280,9,19,7,4,201,34.5,0.0,33.0,0.0,29.0,0.0,26.8,0.0,31.2,0.0,33.166666666666664,0.0,30.23333333333333,0.0,28.633333333333336,1.0,-0.1000000000000014,0.0,Tiruchirappalli,37.9,0.0
2024-07-19 10:00:00,33.5,44,0.0,993.1,9.8,16.8,282,283,10,19,7,4,201,34.4,0.0,34.1,0.0,30.8,0.0,26.8,0.0,29.3,0.2,33.61666666666667,0.0,30.791666666666668,0.0,28.808333333333337,0.8000000000000002,-0.8999999999999986,0.0,Tiruchirappalli,36.7,0.1
2024-07-19 11:00:00,32.6,48,0.0,993.0,9.8,16.8,281,282,11,19,7,4,201,33.5,0.0,34.5,0.0,32.2,0.0,26.6,0.0,28.6,0.1,33.68333333333333,0.0,31.291666666666668,0.0,28.975,0.7000000000000002,-0.8999999999999986,0.0,Tiruchirappalli,36.0,0.2
2024-07-19 12:00:00,31.3,53,0.0,993.3,25.8,38.5,278,278,12,19,7,4,201,32.6,0.0,34.4,0.0,33.0,0.0,26.6,0.0,28.1,0.1,33.4,0.0,31.683333333333337,0.0,29.10833333333333,0.6000000000000001,-1.3000000000000007,0.0,Tiruchirappalli,34.5,0.0
2024-07-19 13:00:00,30.4,56,0.0,994.3,23.1,37.2,279,281,13,19,7,4,201,31.3,0.0,33.5,0.0,34.1,0.0,26.9,0.0,25.9,0.3,32.78333333333334,0.0,31.975,0.0,29.29583333333333,0.3000000000000001,-0.9000000000000021,0.0,Tiruchirappalli,33.1,0.0
2024-07-19 14:00:00,29.3,60,0.0,995.2,25.5,40.7,278,279,14,19,7,4,201,30.4,0.0,32.6,0.0,34.5,0.0,27.9,0.0,26.1,0.1,31.916666666666668,0.0,32.09166666666667,0.0,29.429166666666664,0.2000000000000001,-1.099999999999998,0.0,Tiruchirappalli,31.4,0.0
2024-07-19 15:00:00,28.6,62,0.0,995.8,24.2,39.7,274,275,15,19,7,4,201,29.3,0.0,31.3,0.0,34.4,0.0,29.0,0.0,26.2,0.1,30.95,0.0,32.05833333333334,0.0,29.52916666666667,0.1000000000000001,-0.6999999999999993,0.0,Tiruchirappalli,30.4,0.0
2024-07-19 16:00:00,28.4,63,0.0,996.1,24.1,39.3,272,272,16,19,7,4,201,28.6,0.0,30.4,0.0,33.5,0.0,30.8,0.0,26.2,0.1,30.1,0.0,31.85833333333333,0.0,29.620833333333334,0.0,-0.2000000000000028,0.0,Tiruchirappalli,29.9,0.0
2024-07-19 17:00:00,28.3,63,0.0,996.3,22.3,37.1,272,273,17,19,7,4,201,28.4,0.0,29.3,0.0,32.6,0.0,32.2,0.0,26.5,0.0,29.383333333333336,0.0,31.53333333333333,0.0,29.695833333333336,0.0,-0.0999999999999978,0.0,Tiruchirappalli,29.3,0.0
2024-07-19 18:00:00,28.1,65,0.0,995.8,21.7,35.8,275,277,18,19,7,4,201,28.3,0.0,28.6,0.0,31.3,0.0,33.0,0.0,26.8,0.0,28.85,0.0,31.125,0.0,29.750000000000004,0.0,-0.1999999999999993,0.0,Tiruchirappalli,28.7,0.0
2024-07-19 19:00:00,27.9,65,0.0,995.3,22.4,36.8,279,281,19,19,7,4,201,28.1,0.0,28.4,0.0,30.4,0.0,34.1,0.0,27.0,0.0,28.433333333333334,0.0,30.60833333333333,0.0,29.787500000000005,0.0,-0.2000000000000028,0.0,Tiruchirappalli,28.3,0.0
2024-07-19 20:00:00,27.8,65,0.0,994.6,23.5,38.6,279,281,20,19,7,4,201,27.9,0.0,28.3,0.0,29.3,0.0,34.5,0.0,26.9,0.0,28.183333333333337,0.0,30.05,0.0,29.825,0.0,-0.0999999999999978,0.0,Tiruchirappalli,28.1,0.0
2024-07-19 21:00:00,27.7,65,0.0,994.4,21.6,36.4,278,281,21,19,7,4,201,27.8,0.0,28.1,0.0,28.6,0.0,34.4,0.0,26.8,0.0,28.03333333333333,0.0,29.49166666666667,0.0,29.8625,0.0,-0.1000000000000014,0.0,Tiruchirappalli,28.0,0.0
2024-07-19 22:00:00,27.6,65,0.0,994.3,21.5,36.6,276,279,22,19,7,4,201,27.7,0.0,27.9,0.0,28.4,0.0,33.5,0.0,26.8,0.0,27.9,0.0,29.0,0.0,29.89583333333334,0.0,-0.0999999999999978,0.0,Tiruchirappalli,27.9,0.0
2024-07-19 23:00:00,27.4,66,0.0,994.5,22.0,37.2,279,280,23,19,7,4,201,27.6,0.0,27.8,0.0,28.3,0.0,32.6,0.0,26.6,0.0,27.75,0.0,28.566666666666663,0.0,29.92916666666667,0.0,-0.2000000000000028,0.0,Tiruchirappalli,28.0,0.0
2024-07-20 00:00:00,27.2,66,0.0,995.0,21.5,36.4,279,280,0,20,7,5,202,27.4,0.0,27.7,0.0,28.1,0.0,31.3,0.0,26.6,0.0,27.6,0.0,28.225,0.0,29.954166666666666,0.0,-0.1999999999999993,0.0,Tiruchirappalli,27.8,0.0
2024-07-20 01:00:00,27.8,63,0.0,995.4,20.3,33.8,282,283,1,20,7,5,202,27.2,0.0,27.6,0.0,27.9,0.0,30.4,0.0,26.9,0.0,27.58333333333333,0.0,28.008333333333336,0.0,29.99166666666667,0.0,0.6000000000000014,0.0,Tiruchirappalli,28.1,0.0
2024-07-20 02:00:00,28.5,63,0.0,996.3,19.6,30.3,283,283,2,20,7,5,202,27.8,0.0,27.4,0.0,27.8,0.0,29.3,0.0,27.9,0.0,27.7,0.0,27.941666666666663,0.0,30.01666666666667,0.0,0.6999999999999993,0.0,Tiruchirappalli,28.0,0.0
2024-07-20 03:00:00,29.6,60,0.0,996.8,18.6,27.3,278,279,3,20,7,5,202,28.5,0.0,27.2,0.0,27.7,0.0,28.6,0.0,29.0,0.0,28.016666666666666,0.0,28.025,0.0,30.04166666666667,0.0,1.1000000000000014,0.0,Tiruchirappalli,27.8,0.0
2024-07-20 04:00:00,31.8,53,0.0,997.1,22.0,31.0,270,270,4,20,7,5,202,29.6,0.0,27.8,0.0,27.6,0.0,28.4,0.0,30.8,0.0,28.71666666666667,0.0,28.308333333333334,0.0,30.08333333333333,0.0,2.2,0.0,Tiruchirappalli,29.3,0.0
2024-07-20 05:00:00,33.5,46,0.0,996.7,9.8,37.9,274,275,5,20,7,5,202,31.8,0.0,28.5,0.0,27.4,0.0,28.3,0.0,32.2,0.0,29.73333333333333,0.0,28.741666666666664,0.0,30.1375,0.0,1.6999999999999993,0.0,Tiruchirappalli,30.1,0.0
2024-07-20 06:00:00,34.9,42,0.0,996.2,9.8,16.8,275,275,6,20,7,5,202,33.5,0.0,29.6,0.0,27.2,0.0,28.1,0.0,33.0,0.0,31.01666666666667,0.0,29.308333333333337,0.0,30.216666666666665,0.0,1.3999999999999986,0.0,Tiruchirappalli,32.0,0.0
2024-07-20 07:00:00,35.7,40,0.0,995.5,9.8,41.4,272,273,7,20,7,5,202,34.9,0.0,31.8,0.0,27.8,0.0,27.9,0.0,34.1,0.0,32.333333333333336,0.0,29.95833333333333,0.0,30.28333333333333,0.0,0.8000000000000043,0.0,Tiruchirappalli,34.0,0.0
2024-07-20 08:00:00,36.0,38,0.0,994.5,9.8,16.8,271,271,8,20,7,5,202,35.7,0.0,33.5,0.0,28.5,0.0,27.8,0.0,34.5,0.0,33.583333333333336,0.0,30.64166666666667,0.0,30.34583333333333,0.0,0.2999999999999971,0.0,Tiruchirappalli,35.0,0.0
2024-07-20 09:00:00,35.7,39,0.0,993.7,9.8,16.8,274,275,9,20,7,5,202,36.0,0.0,34.9,0.0,29.6,0.0,27.7,0.0,34.4,0.0,34.6,0.0,31.308333333333334,0.0,30.4,0.0,-0.2999999999999971,0.0,Tiruchirappalli,34.8,0.0
2024-07-20 10:00:00,35.2,38,0.0,993.2,9.8,16.8,273,273,10,20,7,5,202,35.7,0.0,35.7,0.0,31.8,0.0,27.6,0.0,33.5,0.0,35.166666666666664,0.0,31.941666666666663,0.0,30.47083333333333,0.0,-0.5,0.0,Tiruchirappalli,34.9,0.3
2024-07-20 11:00:00,34.1,42,0.0,993.2,9.8,16.8,276,276,11,20,7,5,202,35.2,0.0,36.0,0.0,33.5,0.0,27.4,0.0,32.6,0.0,35.266666666666666,0.0,32.5,0.0,30.53333333333333,0.0,-1.1000000000000014,0.0,Tiruchirappalli,34.6,0.0
2024-07-20 12:00:00,33.3,43,0.0,993.5,26.4,39.3,274,275,12,20,7,5,202,34.1,0.0,35.7,0.0,34.9,0.0,27.2,0.0,31.3,0.0,35.0,0.0,33.00833333333333,0.0,30.616666666666664,0.0,-0.8000000000000043,0.0,Tiruchirappalli,33.0,0.0
2024-07-20 13:00:00,31.7,49,0.0,994.7,21.6,34.9,272,273,13,20,7,5,202,33.3,0.0,35.2,0.0,35.7,0.0,27.8,0.0,30.4,0.0,34.333333333333336,0.0,33.333333333333336,0.0,30.67083333333333,0.0,-1.599999999999998,0.0,Tiruchirappalli,29.3,0.0
2024-07-20 14:00:00,30.5,54,0.0,995.8,22.3,36.4,272,271,14,20,7,5,202,31.7,0.0,34.1,0.0,36.0,0.0,28.5,0.0,29.3,0.0,33.416666666666664,0.0,33.5,0.0,30.72083333333333,0.0,-1.1999999999999993,0.0,Tiruchirappalli,28.1,0.3
2024-07-20 15:00:00,29.8,57,0.0,996.5,22.3,36.7,270,270,15,20,7,5,202,30.5,0.0,33.3,0.0,35.7,0.0,29.6,0.0,28.6,0.0,32.43333333333334,0.0,33.51666666666667,0.0,30.77083333333333,0.0,-0.6999999999999993,0.0,Tiruchirappalli,27.1,0.3
2024-07-20 16:00:00,29.3,58,0.0,996.9,22.3,37.1,269,269,16,20,7,5,202,29.8,0.0,31.7,0.0,35.2,0.0,31.8,0.0,28.4,0.0,31.45,0.0,33.30833333333333,0.0,30.808333333333337,0.0,-0.5,0.0,Tiruchirappalli,27.6,0.1
2024-07-20 17:00:00,28.8,60,0.0,997.1,21.6,36.4,272,273,17,20,7,5,202,29.3,0.0,30.5,0.0,34.1,0.0,33.5,0.0,28.3,0.0,30.566666666666663,0.0,32.916666666666664,0.0,30.829166666666666,0.0,-0.5,0.0,Tiruchirappalli,28.1,0.0
2024-07-20 18:00:00,28.3,61,0.0,997.2,20.3,34.4,275,277,18,20,7,5,202,28.8,0.0,29.8,0.0,33.3,0.0,34.9,0.0,28.1,0.0,29.73333333333333,0.0,32.36666666666667,0.0,30.837499999999995,0.0,-0.5,0.0,Tiruchirappalli,28.1,0.0
2024-07-20 19:00:00,27.9,61,0.0,996.6,18.2,31.5,276,278,19,20,7,5,202,28.3,0.0,29.3,0.0,31.7,0.0,35.7,0.0,27.9,0.0,29.1,0.0,31.716666666666665,0.0,30.8375,0.0,-0.4000000000000021,0.0,Tiruchirappalli,27.9,0.0
2024-07-20 20:00:00,27.6,61,0.0,996.2,16.0,28.6,276,278,20,20,7,5,202,27.9,0.0,28.8,0.0,30.5,0.0,36.0,0.0,27.8,0.0,28.61666666666667,0.0,31.016666666666666,0.0,30.829166666666666,0.0,-0.2999999999999971,0.0,Tiruchirappalli,27.8,0.0
2024-07-20 21:00:00,27.4,61,0.0,995.8,16.0,28.9,281,284,21,20,7,5,202,27.6,0.0,28.3,0.0,29.8,0.0,35.7,0.0,27.7,0.0,28.216666666666665,0.0,30.325,0.0,30.816666666666663,0.0,-0.2000000000000028,0.0,Tiruchirappalli,27.7,0.0
2024-07-20 22:00:00,27.1,63,0.0,995.7,15.0,27.4,284,287,22,20,7,5,202,27.4,0.0,27.9,0.0,29.3,0.0,35.2,0.0,27.6,0.0,27.850000000000005,0.0,29.65,0.0,30.79583333333333,0.0,-0.2999999999999971,0.0,Tiruchirappalli,27.5,0.0
2024-07-20 23:00:00,27.0,66,0.0,995.7,15.2,27.5,281,284,23,20,7,5,202,27.1,0.0,27.6,0.0,28.8,0.0,34.1,0.0,27.4,0.0,27.55,0.0,29.058333333333334,0.0,30.779166666666665,0.0,-0.1000000000000014,0.0,Tiruchirappalli,27.6,0.0
2024-07-21 00:00:00,27.1,66,0.0,995.8,14.6,26.9,278,280,0,21,7,6,203,27.0,0.0,27.4,0.0,28.3,0.0,33.3,0.0,27.2,0.0,27.35,0.0,28.541666666666668,0.0,30.775,0.0,0.1000000000000014,0.0,Tiruchirappalli,27.6,0.0
2024-07-21 01:00:00,27.5,66,0.0,996.4,15.2,25.7,281,284,1,21,7,6,203,27.1,0.0,27.1,0.0,27.9,0.0,31.7,0.0,27.8,0.0,27.28333333333333,0.0,28.191666666666663,0.0,30.7625,0.0,0.3999999999999986,0.0,Tiruchirappalli,28.1,0.0
2024-07-21 02:00:00,28.9,61,0.0,997.1,14.5,21.4,283,284,2,21,7,6,203,27.5,0.0,27.0,0.0,27.6,0.0,30.5,0.0,28.5,0.0,27.5,0.0,28.058333333333334,0.0,30.779166666666665,0.0,1.3999999999999986,0.0,Tiruchirappalli,28.9,0.0
2024-07-21 03:00:00,30.4,56,0.0,997.4,13.9,19.2,278,280,3,21,7,6,203,28.9,0.0,27.1,0.0,27.4,0.0,29.8,0.0,29.6,0.0,28.0,0.0,28.10833333333333,0.0,30.8125,0.0,1.5,0.0,Tiruchirappalli,30.5,0.0
2024-07-21 04:00:00,32.6,46,0.0,997.4,19.4,27.0,268,269,4,21,7,6,203,30.4,0.0,27.5,0.0,27.1,0.0,29.3,0.0,31.8,0.0,28.916666666666668,0.0,28.383333333333336,0.0,30.84583333333333,0.0,2.200000000000003,0.0,Tiruchirappalli,31.9,0.0
2024-07-21 05:00:00,34.2,41,0.0,997.0,23.0,32.4,269,270,5,21,7,6,203,32.6,0.0,28.9,0.0,27.0,0.0,28.8,0.0,33.5,0.0,30.116666666666664,0.0,28.83333333333333,0.0,30.875,0.0,1.6000000000000014,0.0,Tiruchirappalli,33.9,0.0
2024-07-21 06:00:00,35.9,38,0.0,996.2,25.6,36.0,268,268,6,21,7,6,203,34.2,0.0,30.4,0.0,27.1,0.0,28.3,0.0,34.9,0.0,31.58333333333333,0.0,29.46666666666667,0.0,30.916666666666668,0.0,1.6999999999999955,0.0,Tiruchirappalli,35.7,0.0
2024-07-21 07:00:00,36.7,36,0.0,995.5,9.8,39.6,269,269,7,21,7,6,203,35.9,0.0,32.6,0.0,27.5,0.0,27.9,0.0,35.7,0.0,33.11666666666667,0.0,30.200000000000003,0.0,30.95833333333333,0.0,0.8000000000000043,0.0,Tiruchirappalli,35.3,0.0
2024-07-21 08:00:00,37.3,35,0.0,994.7,9.8,16.8,274,275,8,21,7,6,203,36.7,0.0,34.2,0.0,28.9,0.0,27.6,0.0,36.0,0.0,34.516666666666666,0.0,31.008333333333336,0.0,31.0125,0.0,0.5999999999999943,0.0,Tiruchirappalli,36.0,0.0
2024-07-21 09:00:00,36.6,37,0.0,994.1,9.8,16.8,279,281,9,21,7,6,203,37.3,0.0,35.9,0.0,30.4,0.0,27.4,0.0,35.7,0.0,35.550000000000004,0.0,31.775,0.0,31.05,0.0,-0.6999999999999957,0.0,Tiruchirappalli,36.5,0.0
2024-07-21 10:00:00,36.3,37,0.0,993.8,9.8,16.8,278,280,10,21,7,6,203,36.6,0.0,36.7,0.0,32.6,0.0,27.1,0.0,35.2,0.0,36.16666666666666,0.0,32.541666666666664,0.0,31.09583333333333,0.0,-0.3000000000000042,0.0,Tiruchirappalli,35.6,0.1
2024-07-21 11:00:00,35.7,37,0.0,993.8,9.8,16.8,274,274,11,21,7,6,203,36.3,0.0,37.3,0.0,34.2,0.0,27.0,0.0,34.1,0.0,36.41666666666666,0.0,33.266666666666666,0.0,31.1625,0.0,-0.5999999999999943,0.0,Tiruchirappalli,34.8,0.0
2024-07-21 12:00:00,33.9,43,0.0,994.3,9.8,16.8,275,276,12,21,7,6,203,35.7,0.0,36.6,0.0,35.9,0.0,27.1,0.0,33.3,0.0,36.083333333333336,0.0,33.833333333333336,0.0,31.1875,0.0,-1.8000000000000045,0.0,Tiruchirappalli,32.9,0.0
2024-07-21 13:00:00,31.5,50,0.0,995.5,9.8,16.8,276,277,13,21,7,6,203,33.9,0.0,36.3,0.0,36.7,0.0,27.5,0.0,31.7,0.0,35.21666666666667,0.0,34.166666666666664,0.0,31.179166666666664,0.0,-2.3999999999999986,0.0,Tiruchirappalli,31.4,0.0
2024-07-21 14:00:00,30.4,52,0.0,996.7,24.0,38.8,277,278,14,21,7,6,203,31.5,0.0,35.7,0.0,37.3,0.0,28.9,0.0,30.5,0.0,34.06666666666666,0.0,34.291666666666664,0.0,31.175,0.0,-1.1000000000000014,0.0,Tiruchirappalli,30.2,0.0
2024-07-21 15:00:00,29.8,51,0.0,997.6,20.2,33.9,272,272,15,21,7,6,203,30.4,0.0,33.9,0.0,36.6,0.0,30.4,0.0,29.8,0.0,32.93333333333333,0.0,34.24166666666667,0.0,31.175,0.0,-0.5999999999999979,0.0,Tiruchirappalli,29.5,0.0
2024-07-21 16:00:00,29.6,51,0.0,998.0,20.5,34.2,271,272,16,21,7,6,203,29.8,0.0,31.5,0.0,36.3,0.0,32.6,0.0,29.3,0.0,31.816666666666663,0.0,33.99166666666667,0.0,31.1875,0.0,-0.1999999999999993,0.0,Tiruchirappalli,29.1,0.0
2024-07-21 17:00:00,29.3,50,0.0,998.4,19.8,33.1,272,272,17,21,7,6,203,29.6,0.0,30.4,0.0,35.7,0.0,34.2,0.0,28.8,0.0,30.75,0.0,33.583333333333336,0.0,31.20833333333333,0.0,-0.3000000000000007,0.0,Tiruchirappalli,28.9,0.0
2024-07-21 18:00:00,28.8,52,0.0,998.4,17.7,30.7,274,274,18,21,7,6,203,29.3,0.0,29.8,0.0,33.9,0.0,35.9,0.0,28.3,0.0,29.9,0.0,32.99166666666667,0.0,31.229166666666668,0.0,-0.5,0.0,Tiruchirappalli,28.5,0.0
2024-07-21 19:00:00,28.3,55,0.0,997.8,17.3,30.3,274,274,19,21,7,6,203,28.8,0.0,29.6,0.0,31.5,0.0,36.7,0.0,27.9,0.0,29.366666666666664,0.0,32.291666666666664,0.0,31.245833333333334,0.0,-0.5,0.0,Tiruchirappalli,28.1,0.0
2024-07-21 20:00:00,27.8,58,0.0,997.2,16.0,28.7,278,279,20,21,7,6,203,28.3,0.0,29.3,0.0,30.4,0.0,37.3,0.0,27.6,0.0,28.933333333333337,0.0,31.5,0.0,31.254166666666663,0.0,-0.5,0.0,Tiruchirappalli,27.8,0.0
2024-07-21 21:00:00,27.6,60,0.0,997.1,14.4,26.0,280,283,21,21,7,6,203,27.8,0.0,28.8,0.0,29.8,0.0,36.6,0.0,27.4,0.0,28.566666666666663,0.0,30.75,0.0,31.2625,0.0,-0.1999999999999993,0.0,Tiruchirappalli,27.7,0.0
2024-07-21 22:00:00,27.4,61,0.0,997.2,14.9,27.0,283,285,22,21,7,6,203,27.6,0.0,28.3,0.0,29.6,0.0,36.3,0.0,27.1,0.0,28.200000000000003,0.0,30.008333333333336,0.0,31.275,0.0,-0.2000000000000028,0.0,Tiruchirappalli,27.5,0.0
2024-07-21 23:00:00,27.3,61,0.0,997.1,15.6,28.3,282,285,23,21,7,6,203,27.4,0.0,27.8,0.0,29.3,0.0,35.7,0.0,27.0,0.0,27.866666666666664,0.0,29.308333333333337,0.0,31.287500000000005,0.0,-0.0999999999999978,0.0,Tiruchirappalli,27.5,0.0
2024-07-22 00:00:00,27.1,62,0.0,997.5,14.4,26.7,280,283,0,22,7,0,204,27.3,0.0,27.6,0.0,28.8,0.0,33.9,0.0,27.1,0.0,27.58333333333333,0.0,28.741666666666664,0.0,31.2875,0.0,-0.1999999999999993,0.0,Tiruchirappalli,27.5,0.0
2024-07-22 01:00:00,27.0,66,0.0,998.3,13.8,24.3,277,276,1,22,7,0,204,27.1,0.0,27.4,0.0,28.3,0.0,31.5,0.0,27.5,0.0,27.36666666666667,0.0,28.366666666666664,0.0,31.266666666666666,0.0,-0.1000000000000014,0.0,Tiruchirappalli,27.5,0.0
2024-07-22 02:00:00,28.7,59,0.0,999.0,14.6,22.5,283,286,2,22,7,0,204,27.0,0.0,27.3,0.0,27.8,0.0,30.4,0.0,28.9,0.0,27.516666666666666,0.0,28.225,0.0,31.258333333333336,0.0,1.6999999999999993,0.0,Tiruchirappalli,28.7,0.0
2024-07-22 03:00:00,30.2,54,0.0,999.4,16.9,24.1,284,286,3,22,7,0,204,28.7,0.0,27.1,0.0,27.6,0.0,29.8,0.0,30.4,0.0,27.95,0.0,28.258333333333336,0.0,31.25,0.0,1.5,0.0,Tiruchirappalli,30.2,0.0
2024-07-22 04:00:00,31.9,48,0.0,999.6,20.0,28.0,277,278,4,22,7,0,204,30.2,0.0,27.0,0.0,27.4,0.0,29.6,0.0,32.6,0.0,28.7,0.0,28.450000000000003,0.0,31.22083333333333,0.0,1.6999999999999993,0.0,Tiruchirappalli,32.3,0.0
2024-07-22 05:00:00,33.7,42,0.0,999.5,20.0,27.5,276,278,5,22,7,0,204,31.9,0.0,28.7,0.0,27.3,0.0,29.3,0.0,34.2,0.0,29.766666666666666,0.0,28.816666666666663,0.0,31.2,0.0,1.8000000000000045,0.0,Tiruchirappalli,33.9,0.0
2024-07-22 06:00:00,34.9,39,0.0,999.2,19.4,26.2,279,281,6,22,7,0,204,33.7,0.0,30.2,0.0,27.1,0.0,28.8,0.0,35.9,0.0,31.066666666666663,0.0,29.325,0.0,31.15833333333333,0.0,1.1999999999999955,0.0,Tiruchirappalli,35.5,0.0
2024-07-22 07:00:00,36.2,35,0.0,998.5,20.2,27.0,273,273,7,22,7,0,204,34.9,0.0,31.9,0.0,27.0,0.0,28.3,0.0,36.7,0.0,32.6,0.0,29.98333333333333,0.0,31.1375,0.0,1.3000000000000045,0.0,Tiruchirappalli,36.1,0.0
2024-07-22 08:00:00,36.4,34,0.0,997.6,23.7,32.7,278,279,8,22,7,0,204,36.2,0.0,33.7,0.0,28.7,0.0,27.8,0.0,37.3,0.0,33.88333333333333,0.0,30.7,0.0,31.1,0.0,0.1999999999999957,0.0,Tiruchirappalli,36.4,0.0
2024-07-22 09:00:00,37.0,32,0.0,996.7,25.6,35.4,274,274,9,22,7,0,204,36.4,0.0,34.9,0.0,30.2,0.0,27.6,0.0,36.6,0.0,35.01666666666667,0.0,31.48333333333333,0.0,31.116666666666664,0.0,0.6000000000000014,0.0,Tiruchirappalli,36.6,0.0
2024-07-22 10:00:00,35.3,38,0.0,996.2,9.8,39.2,269,269,10,22,7,0,204,37.0,0.0,36.2,0.0,31.9,0.0,27.4,0.0,36.3,0.0,35.583333333333336,0.0,32.141666666666666,0.0,31.075000000000003,0.0,-1.7000000000000028,0.0,Tiruchirappalli,36.1,0.0
2024-07-22 11:00:00,35.3,38,0.0,996.0,24.9,35.3,272,272,11,22,7,0,204,35.3,0.0,36.4,0.0,33.7,0.0,27.3,0.0,35.7,0.0,35.85,0.0,32.80833333333333,0.0,31.058333333333334,0.0,0.0,0.0,Tiruchirappalli,34.2,0.1
2024-07-22 12:00:00,33.6,42,0.0,996.7,23.8,34.6,274,274,12,22,7,0,204,35.3,0.0,37.0,0.0,34.9,0.0,27.1,0.0,33.9,0.0,35.63333333333333,0.0,33.35,0.0,31.04583333333333,0.0,-1.6999999999999955,0.0,Tiruchirappalli,33.9,0.1
2024-07-22 13:00:00,31.7,48,0.0,997.9,19.8,31.0,273,273,13,22,7,0,204,33.6,0.0,35.3,0.0,36.2,0.0,27.0,0.0,31.5,0.0,34.88333333333333,0.0,33.74166666666667,0.0,31.05416666666667,0.0,-1.900000000000002,0.0,Tiruchirappalli,33.0,0.0
2024-07-22 14:00:00,30.4,53,0.0,999.0,17.6,29.2,269,269,14,22,7,0,204,31.7,0.0,35.3,0.0,36.4,0.0,28.7,0.0,30.4,0.0,33.88333333333333,0.0,33.88333333333333,0.0,31.05416666666667,0.0,-1.3000000000000007,0.0,Tiruchirappalli,32.1,0.0
2024-07-22 15:00:00,29.6,57,0.0,999.8,15.8,27.0,272,271,15,22,7,0,204,30.4,0.0,33.6,0.0,37.0,0.0,30.2,0.0,29.8,0.0,32.65,0.0,33.83333333333333,0.0,31.04583333333333,0.0,-0.7999999999999972,0.0,Tiruchirappalli,31.0,0.0
2024-07-22 16:00:00,29.1,60,0.0,1000.1,15.5,27.0,269,270,16,22,7,0,204,29.6,0.0,31.7,0.0,35.3,0.0,31.9,0.0,29.6,0.0,31.61666666666667,0.0,33.6,0.0,31.024999999999995,0.0,-0.5,0.0,Tiruchirappalli,30.3,0.0
2024-07-22 17:00:00,28.7,63,0.0,1000.5,15.1,26.3,272,273,17,22,7,0,204,29.1,0.0,30.4,0.0,35.3,0.0,33.7,0.0,29.3,0.0,30.516666666666666,0.0,33.18333333333333,0.0,31.0,0.0,-0.4000000000000021,0.0,Tiruchirappalli,29.7,0.0
2024-07-22 18:00:00,28.2,65,0.0,999.9,14.8,25.9,271,270,18,22,7,0,204,28.7,0.0,29.6,0.0,33.6,0.0,34.9,0.0,28.8,0.0,29.616666666666664,0.0,32.62499999999999,0.0,30.975000000000005,0.0,-0.5,0.0,Tiruchirappalli,29.3,0.0
2024-07-22 19:00:00,27.8,67,0.0,999.5,15.1,27.0,272,273,19,22,7,0,204,28.2,0.0,29.1,0.0,31.7,0.0,36.2,0.0,28.3,0.0,28.96666666666667,0.0,31.925,0.0,30.954166666666666,0.0,-0.3999999999999986,0.0,Tiruchirappalli,28.7,0.0
2024-07-22 20:00:00,27.5,69,0.0,999.0,15.2,26.8,276,277,20,22,7,0,204,27.8,0.0,28.7,0.0,30.4,0.0,36.4,0.0,27.8,0.0,28.48333333333333,0.0,31.183333333333334,0.0,30.941666666666663,0.0,-0.3000000000000007,0.0,Tiruchirappalli,28.5,0.0
2024-07-22 21:00:00,27.2,70,0.0,998.6,17.1,29.3,276,277,21,22,7,0,204,27.5,0.0,28.2,0.0,29.6,0.0,37.0,0.0,27.6,0.0,28.08333333333333,0.0,30.366666666666664,0.0,30.925,0.0,-0.3000000000000007,0.0,Tiruchirappalli,28.2,0.0
2024-07-22 22:00:00,27.2,70,0.0,998.4,17.7,29.9,280,282,22,22,7,0,204,27.2,0.0,27.8,0.0,29.1,0.0,35.3,0.0,27.4,0.0,27.766666666666666,0.0,29.691666666666663,0.0,30.916666666666668,0.0,0.0,0.0,Tiruchirappalli,27.9,0.0
2024-07-22 23:00:00,27.2,71,0.0,998.6,15.0,26.6,279,280,23,22,7,0,204,27.2,0.0,27.5,0.0,28.7,0.0,35.3,0.0,27.3,0.0,27.516666666666666,0.0,29.016666666666666,0.0,30.9125,0.0,0.0,0.0,Tiruchirappalli,27.7,0.0
2024-07-23 00:00:00,27.2,71,0.0,999.0,13.1,23.6,278,278,0,23,7,1,205,27.2,0.0,27.2,0.0,28.2,0.0,33.6,0.0,27.1,0.0,27.350000000000005,0.0,28.48333333333333,0.0,30.916666666666668,0.0,0.0,0.0,Tiruchirappalli,27.4,0.0
2024-07-23 01:00:00,27.2,70,0.0,999.4,14.0,23.8,280,282,1,23,7,1,205,27.2,0.0,27.2,0.0,27.8,0.0,31.7,0.0,27.0,0.0,27.25,0.0,28.10833333333333,0.0,30.925,0.0,0.0,0.0,Tiruchirappalli,27.5,0.0
2024-07-23 02:00:00,28.6,64,0.0,1000.0,14.3,20.8,279,280,2,23,7,1,205,27.2,0.0,27.2,0.0,27.5,0.0,30.4,0.0,28.7,0.0,27.433333333333334,0.0,27.95833333333333,0.0,30.92083333333333,0.0,1.400000000000002,0.0,Tiruchirappalli,28.6,0.0
2024-07-23 03:00:00,30.6,57,0.0,1000.3,13.7,19.1,271,273,3,23,7,1,205,28.6,0.0,27.2,0.0,27.2,0.0,29.6,0.0,30.2,0.0,28.0,0.0,28.041666666666668,0.0,30.9375,0.0,2.0,0.0,Tiruchirappalli,30.1,0.0
2024-07-23 04:00:00,33.0,49,0.0,1000.2,21.2,28.8,269,270,4,23,7,1,205,30.6,0.0,27.2,0.0,27.2,0.0,29.1,0.0,31.9,0.0,28.96666666666667,0.0,28.366666666666664,0.0,30.98333333333333,0.0,2.3999999999999986,0.0,Tiruchirappalli,30.8,0.0
2024-07-23 05:00:00,34.9,42,0.0,999.8,24.9,34.6,266,267,5,23,7,1,205,33.0,0.0,28.6,0.0,27.2,0.0,28.7,0.0,33.7,0.0,30.25,0.0,28.883333333333336,0.0,31.03333333333333,0.0,1.8999999999999984,0.0,Tiruchirappalli,32.7,0.0
2024-07-23 06:00:00,34.3,43,0.0,999.6,25.7,35.4,275,276,6,23,7,1,205,34.9,0.0,30.6,0.0,27.2,0.0,28.2,0.0,34.9,0.0,31.433333333333337,0.0,29.39166666666667,0.0,31.00833333333333,0.0,-0.6000000000000014,0.0,Tiruchirappalli,35.4,0.0
2024-07-23 07:00:00,36.1,39,0.0,998.3,19.8,27.0,272,271,7,23,7,1,205,34.3,0.0,33.0,0.0,27.2,0.0,27.8,0.0,36.2,0.0,32.916666666666664,0.0,30.08333333333333,0.0,31.004166666666663,0.0,1.8000000000000045,0.0,Tiruchirappalli,37.0,0.0
2024-07-23 08:00:00,36.6,39,0.0,997.5,18.4,24.9,281,282,8,23,7,1,205,36.1,0.0,34.9,0.0,28.6,0.0,27.5,0.0,36.4,0.0,34.25,0.0,30.84166666666667,0.0,31.012500000000003,0.0,0.5,0.0,Tiruchirappalli,37.2,0.0
2024-07-23 09:00:00,37.6,36,0.0,996.3,16.1,21.5,280,280,9,23,7,1,205,36.6,0.0,34.3,0.0,30.6,0.0,27.2,0.0,37.0,0.0,35.416666666666664,0.0,31.70833333333333,0.0,31.037500000000005,0.0,1.0,0.0,Tiruchirappalli,36.9,0.0
2024-07-23 10:00:00,37.4,36,0.0,995.8,18.4,24.8,271,270,10,23,7,1,205,37.6,0.0,36.1,0.0,33.0,0.0,27.2,0.0,35.3,0.0,36.15,0.0,32.55833333333333,0.0,31.125,0.0,-0.2000000000000028,0.0,Tiruchirappalli,36.4,0.0
2024-07-23 11:00:00,36.2,38,0.0,995.6,21.0,29.2,274,275,11,23,7,1,205,37.4,0.0,36.6,0.0,34.9,0.0,27.2,0.0,35.3,0.0,36.36666666666667,0.0,33.30833333333333,0.0,31.1625,0.0,-1.1999999999999955,0.0,Tiruchirappalli,35.3,0.0
2024-07-23 12:00:00,34.0,45,0.0,996.0,24.1,35.1,285,287,12,23,7,1,205,36.2,0.0,37.6,0.0,34.3,0.0,27.2,0.0,33.6,0.0,36.31666666666667,0.0,33.875,0.0,31.179166666666664,0.0,-2.200000000000003,0.0,Tiruchirappalli,33.7,0.0
2024-07-23 13:00:00,33.2,45,0.0,996.6,19.4,30.6,269,269,13,23,7,1,205,34.0,0.0,37.4,0.0,36.1,0.0,27.2,0.0,31.7,0.0,35.833333333333336,0.0,34.375,0.0,31.241666666666664,0.0,-0.7999999999999972,0.0,Tiruchirappalli,30.1,0.0
2024-07-23 14:00:00,31.9,49,0.0,997.7,22.3,35.6,270,270,14,23,7,1,205,33.2,0.0,36.2,0.0,36.6,0.0,28.6,0.0,30.4,0.0,35.050000000000004,0.0,34.65,0.0,31.304166666666664,0.0,-1.3000000000000045,0.0,Tiruchirappalli,29.3,0.0
2024-07-23 15:00:00,30.5,55,0.0,998.5,22.2,35.2,277,278,15,23,7,1,205,31.9,0.0,34.0,0.0,37.6,0.0,30.6,0.0,29.6,0.0,33.86666666666667,0.0,34.64166666666667,0.0,31.341666666666665,0.0,-1.3999999999999986,0.0,Tiruchirappalli,30.4,0.0
2024-07-23 16:00:00,29.8,59,0.0,999.2,18.1,30.3,275,277,16,23,7,1,205,30.5,0.0,33.2,0.0,37.4,0.0,33.0,0.0,29.1,0.0,32.6,0.0,34.37500000000001,0.0,31.370833333333337,0.0,-0.6999999999999993,0.0,Tiruchirappalli,30.0,0.0
2024-07-23 17:00:00,29.3,61,0.0,999.7,16.2,27.8,280,283,17,23,7,1,205,29.8,0.0,31.9,0.0,36.2,0.0,34.9,0.0,28.7,0.0,31.45,0.0,33.90833333333333,0.0,31.39583333333333,0.0,-0.5,0.0,Tiruchirappalli,29.2,0.0
2024-07-23 18:00:00,28.6,64,0.0,999.8,16.9,28.6,287,290,18,23,7,1,205,29.3,0.0,30.5,0.0,34.0,0.0,34.3,0.0,28.2,0.0,30.55,0.0,33.43333333333333,0.0,31.4125,0.0,-0.6999999999999993,0.0,Tiruchirappalli,28.8,0.0
2024-07-23 19:00:00,28.2,66,0.0,999.0,16.1,28.0,282,286,19,23,7,1,205,28.6,0.0,29.8,0.0,33.2,0.0,36.1,0.0,27.8,0.0,29.71666666666667,0.0,32.775,0.0,31.429166666666664,0.0,-0.4000000000000021,0.0,Tiruchirappalli,28.6,0.0
2024-07-23 20:00:00,27.9,67,0.0,998.6,15.3,26.6,283,285,20,23,7,1,205,28.2,0.0,29.3,0.0,31.9,0.0,36.6,0.0,27.5,0.0,29.05,0.0,32.050000000000004,0.0,31.445833333333336,0.0,-0.3000000000000007,0.0,Tiruchirappalli,28.4,0.0
2024-07-23 21:00:00,27.7,68,0.0,998.1,14.1,25.1,282,285,21,23,7,1,205,27.9,0.0,28.6,0.0,30.5,0.0,37.6,0.0,27.2,0.0,28.58333333333333,0.0,31.225,0.0,31.466666666666665,0.0,-0.1999999999999993,0.0,Tiruchirappalli,28.2,0.0
2024-07-23 22:00:00,27.4,69,0.0,997.9,14.8,26.8,282,284,22,23,7,1,205,27.7,0.0,28.2,0.0,29.8,0.0,37.4,0.0,27.2,0.0,28.183333333333334,0.0,30.391666666666666,0.0,31.475,0.0,-0.3000000000000007,0.0,Tiruchirappalli,28.1,0.0
2024-07-23 23:00:00,27.3,69,0.0,997.9,15.5,27.5,281,282,23,23,7,1,205,27.4,0.0,27.9,0.0,29.3,0.0,36.2,0.0,27.2,0.0,27.85,0.0,29.65,0.0,31.479166666666668,0.0,-0.0999999999999978,0.0,Tiruchirappalli,27.7,0.0
2024-07-24 00:00:00,27.1,69,0.0,997.8,14.3,25.6,280,282,0,24,7,2,206,27.3,0.0,27.7,0.0,28.6,0.0,34.0,0.0,27.2,0.0,27.600000000000005,0.0,29.075000000000003,0.0,31.475000000000005,0.0,-0.1999999999999993,0.0,Tiruchirappalli,27.4,0.0
2024-07-24 01:00:00,27.2,70,0.0,998.0,15.3,25.9,280,279,1,24,7,2,206,27.1,0.0,27.4,0.0,28.2,0.0,33.2,0.0,27.2,0.0,27.433333333333334,0.0,28.575000000000003,0.0,31.475,0.0,0.0999999999999978,0.0,Tiruchirappalli,28.1,0.0
2024-07-24 02:00:00,28.6,64,0.0,998.3,15.5,22.7,281,282,2,24,7,2,206,27.2,0.0,27.3,0.0,27.9,0.0,31.9,0.0,28.6,0.0,27.55,0.0,28.3,0.0,31.475,0.0,1.400000000000002,0.0,Tiruchirappalli,29.1,0.0
2024-07-24 03:00:00,30.5,56,0.0,998.4,18.4,26.0,280,281,3,24,7,2,206,28.6,0.0,27.1,0.0,27.7,0.0,30.5,0.0,30.6,0.0,28.016666666666666,0.0,28.3,0.0,31.47083333333333,0.0,1.8999999999999984,0.0,Tiruchirappalli,30.6,0.0
2024-07-24 04:00:00,32.6,48,0.0,998.2,21.3,29.7,281,282,4,24,7,2,206,30.5,0.0,27.2,0.0,27.4,0.0,29.8,0.0,33.0,0.0,28.883333333333336,0.0,28.53333333333333,0.0,31.454166666666666,0.0,2.1000000000000014,0.0,Tiruchirappalli,32.5,0.0
2024-07-24 05:00:00,34.2,43,0.0,998.0,21.1,28.8,283,284,5,24,7,2,206,32.6,0.0,28.6,0.0,27.3,0.0,29.3,0.0,34.9,0.0,30.03333333333333,0.0,28.941666666666663,0.0,31.425,0.0,1.6000000000000014,0.0,Tiruchirappalli,33.7,0.0
2024-07-24 06:00:00,35.7,39,0.0,997.0,20.4,27.7,279,279,6,24,7,2,206,34.2,0.0,30.5,0.0,27.1,0.0,28.6,0.0,34.3,0.0,31.46666666666667,0.0,29.53333333333333,0.0,31.48333333333333,0.0,1.5,0.0,Tiruchirappalli,34.6,0.0
2024-07-24 07:00:00,37.2,35,0.0,996.0,20.3,27.6,277,277,7,24,7,2,206,35.7,0.0,32.6,0.0,27.2,0.0,28.2,0.0,36.1,0.0,33.13333333333333,0.0,30.28333333333333,0.0,31.52916666666667,0.0,1.5,0.0,Tiruchirappalli,35.9,0.0
2024-07-24 08:00:00,37.4,35,0.0,995.0,19.2,25.7,276,275,8,24,7,2,206,37.2,0.0,34.2,0.0,28.6,0.0,27.9,0.0,36.6,0.0,34.6,0.0,31.075,0.0,31.5625,0.0,0.1999999999999957,0.0,Tiruchirappalli,35.5,0.5
2024-07-24 09:00:00,37.9,33,0.0,994.1,16.2,22.0,272,270,9,24,7,2,206,37.4,0.0,35.7,0.0,30.5,0.0,27.7,0.0,37.6,0.0,35.833333333333336,0.0,31.925,0.0,31.575,0.0,0.5,0.0,Tiruchirappalli,36.4,0.1
2024-07-24 10:00:00,36.7,36,0.1,993.6,19.1,25.9,280,282,10,24,7,2,206,37.9,0.0,37.2,0.0,32.6,0.0,27.4,0.0,37.4,0.0,36.516666666666666,0.0999999999999986,32.7,0.1000000000000016,31.54583333333333,0.1000000000000001,-1.1999999999999955,0.1,Tiruchirappalli,35.3,0.1
2024-07-24 11:00:00,36.0,38,0.2,993.6,19.6,27.2,276,276,11,24,7,2,206,36.7,0.1,37.4,0.0,34.2,0.0,27.3,0.0,36.2,0.0,36.81666666666667,0.2999999999999987,33.425000000000004,0.3000000000000017,31.537500000000005,0.3000000000000001,-0.7000000000000028,0.1,Tiruchirappalli,34.7,0.0
2024-07-24 12:00:00,34.5,42,0.0,993.9,22.0,31.7,267,267,12,24,7,2,206,36.0,0.2,37.9,0.0,35.7,0.0,27.1,0.0,34.0,0.0,36.61666666666667,0.2999999999999987,34.041666666666664,0.3000000000000017,31.558333333333337,0.3000000000000001,-1.5,-0.2,Tiruchirappalli,33.9,0.0
2024-07-24 13:00:00,33.1,46,0.0,994.7,18.5,29.4,277,278,13,24,7,2,206,34.5,0.0,36.7,0.1,37.2,0.0,27.2,0.0,33.2,0.0,35.93333333333333,0.2999999999999987,34.53333333333333,0.3000000000000017,31.55416666666667,0.3000000000000001,-1.3999999999999986,0.0,Tiruchirappalli,31.5,0.0
2024-07-24 14:00:00,31.4,50,0.0,995.4,18.7,30.2,271,271,14,24,7,2,206,33.1,0.0,36.0,0.2,37.4,0.0,28.6,0.0,31.9,0.0,34.93333333333333,0.2999999999999987,34.76666666666667,0.3000000000000017,31.53333333333333,0.3000000000000001,-1.7000000000000028,0.0,Tiruchirappalli,29.5,0.0
2024-07-24 15:00:00,30.4,55,0.0,996.7,16.9,28.1,269,268,15,24,7,2,206,31.4,0.0,34.5,0.0,37.9,0.0,30.5,0.0,30.5,0.0,33.68333333333333,0.2999999999999987,34.75833333333333,0.3000000000000017,31.52916666666667,0.3000000000000001,-1.0,0.0,Tiruchirappalli,28.4,0.0
2024-07-24 16:00:00,29.9,56,0.0,997.3,14.8,25.6,270,270,16,24,7,2,206,30.4,0.0,33.1,0.0,36.7,0.1,32.6,0.0,29.8,0.0,32.550000000000004,0.1999999999999986,34.53333333333333,0.3000000000000017,31.53333333333333,0.3000000000000001,-0.5,0.0,Tiruchirappalli,26.3,0.6
2024-07-24 17:00:00,29.3,58,0.0,997.4,15.2,26.3,273,274,17,24,7,2,206,29.9,0.0,31.4,0.0,36.0,0.2,34.2,0.0,29.3,0.0,31.433333333333334,0.0,34.125,0.3000000000000017,31.53333333333333,0.3000000000000001,-0.5999999999999979,0.0,Tiruchirappalli,25.3,2.1
2024-07-24 18:00:00,28.7,61,0.0,997.2,15.6,27.5,276,278,18,24,7,2,206,29.3,0.0,30.4,0.0,34.5,0.0,35.7,0.0,28.6,0.0,30.46666666666667,0.0,33.541666666666664,0.3000000000000017,31.5375,0.3000000000000001,-0.6000000000000014,0.0,Tiruchirappalli,24.8,4.5
2024-07-24 19:00:00,28.3,63,0.0,996.3,15.4,27.3,278,281,19,24,7,2,206,28.7,0.0,29.9,0.0,33.1,0.0,37.2,0.0,28.2,0.0,29.666666666666668,0.0,32.8,0.3000000000000017,31.54166666666667,0.3000000000000001,-0.3999999999999986,0.0,Tiruchirappalli,24.9,0.6
2024-07-24 20:00:00,28.1,64,0.0,995.9,17.3,30.4,280,282,20,24,7,2,206,28.3,0.0,29.3,0.0,31.4,0.0,37.4,0.0,27.9,0.0,29.116666666666664,0.0,32.025,0.3000000000000017,31.55,0.3000000000000001,-0.1999999999999993,0.0,Tiruchirappalli,24.2,2.8
2024-07-24 21:00:00,28.0,65,0.0,995.6,17.5,30.5,282,284,21,24,7,2,206,28.1,0.0,28.7,0.0,30.4,0.0,37.9,0.0,27.7,0.0,28.716666666666665,0.0,31.2,0.3000000000000017,31.5625,0.3000000000000001,-0.1000000000000014,0.0,Tiruchirappalli,24.0,5.4
2024-07-24 22:00:00,27.9,66,0.0,995.2,17.1,29.3,276,277,22,24,7,2,206,28.0,0.0,28.3,0.0,29.9,0.0,36.7,0.1,27.4,0.0,28.38333333333333,0.0,30.466666666666665,0.2000000000000016,31.58333333333334,0.3000000000000001,-0.1000000000000014,0.0,Tiruchirappalli,24.2,2.5
2024-07-24 23:00:00,28.0,66,0.0,995.5,15.5,27.1,266,266,23,24,7,2,206,27.9,0.0,28.1,0.0,29.3,0.0,36.0,0.2,27.3,0.0,28.166666666666668,0.0,29.8,0.0,31.6125,0.3000000000000001,0.1000000000000014,0.0,Tiruchirappalli,24.4,1.8
2024-07-25 00:00:00,27.8,67,0.0,995.6,13.3,22.7,269,272,0,25,7,3,207,28.0,0.0,28.0,0.0,28.7,0.0,34.5,0.0,27.1,0.0,28.01666666666667,0.0,29.241666666666664,0.0,31.641666666666666,0.3000000000000001,-0.1999999999999993,0.0,Tiruchirappalli,24.5,1.0
2024-07-25 01:00:00,28.1,66,0.0,996.0,18.0,28.6,275,272,1,25,7,3,207,27.8,0.0,27.9,0.0,28.3,0.0,33.1,0.0,27.2,0.0,27.98333333333333,0.0,28.825000000000003,0.0,31.67916666666667,0.3000000000000001,0.3000000000000007,0.0,Tiruchirappalli,25.0,0.7
2024-07-25 02:00:00,28.0,66,0.0,996.9,20.5,31.1,281,281,2,25,7,3,207,28.1,0.0,28.0,0.0,28.1,0.0,31.4,0.0,28.6,0.0,27.96666666666667,0.0,28.541666666666668,0.0,31.65416666666667,0.3000000000000001,-0.1000000000000014,0.0,Tiruchirappalli,25.6,0.2
2024-07-25 03:00:00,27.8,70,0.0,997.1,14.8,22.4,264,264,3,25,7,3,207,28.0,0.0,27.8,0.0,28.0,0.0,30.4,0.0,30.5,0.0,27.933333333333337,0.0,28.325000000000003,0.0,31.541666666666668,0.3000000000000001,-0.1999999999999993,0.0,Tiruchirappalli,27.0,0.0
2024-07-25 04:00:00,29.3,66,0.0,996.8,17.8,25.5,262,262,4,25,7,3,207,27.8,0.0,28.1,0.0,27.9,0.0,29.9,0.0,32.6,0.0,28.166666666666668,0.0,28.274999999999995,0.0,31.40416666666667,0.3000000000000001,1.5,0.0,Tiruchirappalli,29.2,0.0
2024-07-25 05:00:00,30.1,62,0.0,997.0,18.0,25.6,272,271,5,25,7,3,207,29.3,0.0,28.0,0.0,28.0,0.0,29.3,0.0,34.2,0.0,28.51666666666667,0.0,28.34166666666667,0.0,31.23333333333333,0.3000000000000001,0.8000000000000007,0.0,Tiruchirappalli,31.2,0.0
2024-07-25 06:00:00,32.0,53,0.0,995.9,21.3,30.2,271,272,6,25,7,3,207,30.1,0.0,27.8,0.0,27.8,0.0,28.7,0.0,35.7,0.0,29.21666666666667,0.0,28.616666666666664,0.0,31.079166666666666,0.3000000000000001,1.8999999999999984,0.0,Tiruchirappalli,32.3,0.0
2024-07-25 07:00:00,34.0,47,0.0,995.1,24.5,34.2,269,270,7,25,7,3,207,32.0,0.0,29.3,0.0,28.1,0.0,28.3,0.0,37.2,0.0,30.2,0.0,29.09166666666667,0.0,30.94583333333333,0.3000000000000001,2.0,0.0,Tiruchirappalli,33.5,0.0
2024-07-25 08:00:00,35.0,42,0.0,994.4,9.8,16.8,274,275,8,25,7,3,207,34.0,0.0,30.1,0.0,28.0,0.0,28.1,0.0,37.4,0.0,31.366666666666664,0.0,29.666666666666668,0.0,30.84583333333333,0.3000000000000001,1.0,0.0,Tiruchirappalli,32.9,0.0
2024-07-25 09:00:00,34.8,43,0.0,993.6,9.8,16.8,277,278,9,25,7,3,207,35.0,0.0,32.0,0.0,27.8,0.0,28.0,0.0,37.9,0.0,32.53333333333333,0.0,30.23333333333333,0.0,30.71666666666667,0.3000000000000001,-0.2000000000000028,0.0,Tiruchirappalli,33.0,0.0
2024-07-25 10:00:00,34.9,42,0.3,993.3,9.8,38.9,272,272,10,25,7,3,207,34.8,0.0,34.0,0.0,29.3,0.0,27.9,0.0,36.7,0.1,33.46666666666667,0.2999999999999986,30.816666666666663,0.3000000000000016,30.641666666666666,0.5000000000000001,0.1000000000000014,0.3,Tiruchirappalli,32.4,0.0
2024-07-25 11:00:00,34.6,42,0.0,993.4,9.8,16.8,271,271,11,25,7,3,207,34.9,0.3,35.0,0.0,30.1,0.0,28.0,0.0,36.0,0.2,34.21666666666666,0.2999999999999986,31.36666666666667,0.3000000000000016,30.58333333333333,0.3000000000000001,-0.2999999999999971,-0.3,Tiruchirappalli,31.8,0.0
2024-07-25 12:00:00,33.0,47,0.0,993.9,9.8,41.4,272,273,12,25,7,3,207,34.6,0.0,34.8,0.0,32.0,0.0,27.8,0.0,34.5,0.0,34.38333333333333,0.2999999999999986,31.8,0.3000000000000016,30.52083333333333,0.3000000000000001,-1.6000000000000014,0.0,Tiruchirappalli,30.4,0.0
2024-07-25 13:00:00,29.3,62,0.0,995.1,9.8,40.8,274,275,13,25,7,3,207,33.0,0.0,34.9,0.3,34.0,0.0,28.1,0.0,33.1,0.0,33.6,0.2999999999999986,31.9,0.3000000000000016,30.3625,0.3000000000000001,-3.6999999999999993,0.0,Tiruchirappalli,29.7,0.0
2024-07-25 14:00:00,28.1,70,0.3,995.6,18.8,30.4,275,277,14,25,7,3,207,29.3,0.0,34.6,0.0,35.0,0.0,28.0,0.0,31.4,0.0,32.45,0.5999999999999986,31.90833333333333,0.6000000000000016,30.225,0.6000000000000001,-1.1999999999999993,0.3,Tiruchirappalli,28.4,0.0
2024-07-25 15:00:00,27.1,77,0.3,996.1,18.4,31.8,275,276,15,25,7,3,207,28.1,0.3,33.0,0.0,34.8,0.0,27.8,0.0,30.4,0.0,31.166666666666668,0.8999999999999986,31.85,0.9000000000000017,30.0875,0.9000000000000001,-1.0,0.0,Tiruchirappalli,27.8,0.0
2024-07-25 16:00:00,27.6,71,0.1,997.1,17.8,30.7,275,277,16,25,7,3,207,27.1,0.3,29.3,0.0,34.9,0.3,29.3,0.0,29.9,0.0,29.95,0.6999999999999986,31.70833333333333,1.0000000000000016,29.99166666666667,1.0,0.5,-0.1999999999999999,Tiruchirappalli,27.6,0.0
2024-07-25 17:00:00,28.1,67,0.0,997.6,18.7,31.7,269,270,17,25,7,3,207,27.6,0.1,28.1,0.3,34.6,0.0,30.1,0.0,29.3,0.0,28.86666666666667,0.6999999999999986,31.541666666666668,1.0000000000000016,29.941666666666663,1.0,0.5,-0.1,Tiruchirappalli,27.4,0.0
2024-07-25 18:00:00,28.1,66,0.0,997.4,18.9,31.8,276,278,18,25,7,3,207,28.1,0.0,27.1,0.3,33.0,0.0,32.0,0.0,28.7,0.0,28.05,0.6999999999999986,31.21666666666667,1.0000000000000016,29.916666666666668,1.0,0.0,0.0,Tiruchirappalli,27.1,0.0
2024-07-25 19:00:00,27.9,67,0.0,996.4,19.7,33.1,278,278,19,25,7,3,207,28.1,0.0,27.6,0.1,29.3,0.0,34.0,0.0,28.3,0.0,27.816666666666663,0.6999999999999986,30.70833333333333,1.0000000000000016,29.899999999999995,1.0,-0.2000000000000028,0.0,Tiruchirappalli,27.0,0.0
2024-07-25 20:00:00,27.8,67,0.0,996.1,21.0,35.4,275,277,20,25,7,3,207,27.9,0.0,28.1,0.0,28.1,0.3,35.0,0.0,28.1,0.0,27.766666666666666,0.3999999999999987,30.10833333333333,1.0000000000000016,29.887500000000003,1.0,-0.0999999999999978,0.0,Tiruchirappalli,26.9,0.0
2024-07-25 21:00:00,27.7,68,0.0,995.3,20.5,34.2,278,280,21,25,7,3,207,27.8,0.0,28.1,0.0,27.1,0.3,34.8,0.0,28.0,0.0,27.86666666666667,0.0999999999999986,29.516666666666666,1.0000000000000016,29.875,1.0,-0.1000000000000014,0.0,Tiruchirappalli,27.0,0.0
2024-07-25 22:00:00,27.5,69,0.0,995.4,19.5,32.5,280,282,22,25,7,3,207,27.7,0.0,27.9,0.0,27.6,0.1,34.9,0.3,27.9,0.0,27.850000000000005,0.0,28.9,0.7000000000000016,29.85833333333333,1.0,-0.1999999999999993,0.0,Tiruchirappalli,27.0,0.0
2024-07-25 23:00:00,27.6,69,0.0,995.6,17.5,29.3,276,278,23,25,7,3,207,27.5,0.0,27.8,0.0,28.1,0.0,34.6,0.0,28.0,0.0,27.766666666666666,0.0,28.316666666666663,0.7000000000000017,29.841666666666665,1.0,0.1000000000000014,0.0,Tiruchirappalli,27.0,0.0
2024-07-26 00:00:00,27.6,67,0.0,995.7,17.6,29.9,269,270,0,26,7,4,208,27.6,0.0,27.7,0.0,28.1,0.0,33.0,0.0,27.8,0.0,27.683333333333334,0.0,27.866666666666664,0.7000000000000017,29.83333333333333,1.0,0.0,0.0,Tiruchirappalli,27.0,0.0
2024-07-26 01:00:00,28.1,64,0.0,996.0,20.3,33.4,281,283,1,26,7,4,208,27.6,0.0,27.5,0.0,27.9,0.0,29.3,0.0,28.1,0.0,27.716666666666665,0.0,27.766666666666666,0.7000000000000017,29.83333333333333,1.0,0.5,0.0,Tiruchirappalli,27.0,0.0
2024-07-26 02:00:00,28.9,63,0.0,996.4,17.2,25.8,285,286,2,26,7,4,208,28.1,0.0,27.6,0.0,27.8,0.0,28.1,0.3,28.0,0.0,27.9,0.0,27.83333333333333,0.4000000000000017,29.870833333333334,1.0,0.7999999999999972,0.0,Tiruchirappalli,28.4,0.0
2024-07-26 03:00:00,30.5,57,0.0,997.1,23.8,34.2,272,273,3,26,7,4,208,28.9,0.0,27.6,0.0,27.7,0.0,27.1,0.3,27.8,0.0,28.366666666666664,0.0,28.116666666666664,0.1000000000000016,29.98333333333333,1.0,1.6000000000000014,0.0,Tiruchirappalli,30.3,0.0
2024-07-26 04:00:00,31.9,53,0.0,997.2,24.9,35.3,272,272,4,26,7,4,208,30.5,0.0,28.1,0.0,27.5,0.0,27.6,0.1,29.3,0.0,29.1,0.0,28.475000000000005,0.0,30.091666666666665,1.0,1.3999999999999986,0.0,Tiruchirappalli,31.8,0.0
2024-07-26 05:00:00,33.9,46,0.0,996.5,25.5,34.9,278,278,5,26,7,4,208,31.9,0.0,28.9,0.0,27.6,0.0,28.1,0.0,30.1,0.0,30.149999999999995,0.0,28.95833333333333,0.0,30.25,1.0,2.0,0.0,Tiruchirappalli,33.4,0.0
2024-07-26 06:00:00,35.7,40,0.0,995.6,9.8,38.4,277,277,6,26,7,4,208,33.9,0.0,30.5,0.0,27.6,0.0,28.1,0.0,32.0,0.0,31.5,0.0,29.591666666666665,0.0,30.40416666666667,1.0,1.8000000000000045,0.0,Tiruchirappalli,35.2,0.0
2024-07-26 07:00:00,35.3,40,0.0,995.2,9.8,38.6,273,273,7,26,7,4,208,35.7,0.0,31.9,0.0,28.1,0.0,27.9,0.0,34.0,0.0,32.7,0.0,30.20833333333333,0.0,30.45833333333333,1.0,-0.4000000000000057,0.0,Tiruchirappalli,36.5,0.0
2024-07-26 08:00:00,36.0,39,0.0,994.6,25.3,35.0,275,275,8,26,7,4,208,35.3,0.0,33.9,0.0,28.9,0.0,27.8,0.0,35.0,0.0,33.88333333333333,0.0,30.891666666666666,0.0,30.5,1.0,0.7000000000000028,0.0,Tiruchirappalli,31.4,0.9
2024-07-26 09:00:00,36.5,38,0.0,993.5,24.0,32.6,277,278,9,26,7,4,208,36.0,0.0,35.7,0.0,30.5,0.0,27.7,0.0,34.8,0.0,34.88333333333333,0.0,31.625,0.0,30.57083333333333,1.0,0.5,0.0,Tiruchirappalli,33.7,0.0
2024-07-26 10:00:00,35.6,40,0.1,993.4,9.8,39.3,274,275,10,26,7,4,208,36.5,0.0,35.3,0.0,31.9,0.0,27.5,0.0,34.9,0.3,35.5,0.0999999999999986,32.300000000000004,0.1000000000000016,30.6,0.8,-0.8999999999999986,0.1,Tiruchirappalli,31.2,1.2
2024-07-26 11:00:00,34.8,42,0.0,993.4,9.8,40.2,276,276,11,26,7,4,208,35.6,0.1,36.0,0.0,33.9,0.0,27.6,0.0,34.6,0.0,35.65,0.0999999999999986,32.9,0.1000000000000016,30.60833333333333,0.8,-0.8000000000000043,-0.1,Tiruchirappalli,31.7,0.4
2024-07-26 12:00:00,32.9,46,0.0,993.8,9.8,16.8,275,275,12,26,7,4,208,34.8,0.0,36.5,0.0,35.7,0.0,27.6,0.0,33.0,0.0,35.18333333333333,0.0999999999999986,33.34166666666667,0.1000000000000016,30.604166666666668,0.8,-1.8999999999999984,0.0,Tiruchirappalli,31.3,0.0
2024-07-26 13:00:00,31.4,51,0.0,994.9,25.3,39.0,275,276,13,26,7,4,208,32.9,0.0,35.6,0.1,35.3,0.0,28.1,0.0,29.3,0.0,34.53333333333334,0.0999999999999986,33.61666666666667,0.1000000000000016,30.691666666666663,0.8,-1.5,0.0,Tiruchirappalli,31.0,0.0
2024-07-26 14:00:00,30.2,57,0.0,996.0,24.2,39.0,275,275,14,26,7,4,208,31.4,0.0,34.8,0.0,36.0,0.0,28.9,0.0,28.1,0.3,33.56666666666666,0.0999999999999986,33.725,0.1000000000000016,30.77916666666667,0.5000000000000001,-1.1999999999999993,0.0,Tiruchirappalli,28.7,0.0
2024-07-26 15:00:00,29.5,60,0.0,997.1,25.8,16.8,280,282,15,26,7,4,208,30.2,0.0,32.9,0.0,36.5,0.0,30.5,0.0,27.1,0.3,32.4,0.0999999999999986,33.641666666666666,0.1000000000000016,30.879166666666663,0.2000000000000001,-0.6999999999999993,0.0,Tiruchirappalli,27.9,0.0
2024-07-26 16:00:00,29.1,61,0.0,997.4,22.4,36.4,279,281,16,26,7,4,208,29.5,0.0,31.4,0.0,35.6,0.1,31.9,0.0,27.6,0.1,31.316666666666663,0.0,33.40833333333333,0.1000000000000016,30.941666666666663,0.1000000000000001,-0.3999999999999986,0.0,Tiruchirappalli,26.7,0.0
2024-07-26 17:00:00,28.9,61,0.0,998.1,22.1,36.6,276,277,17,26,7,4,208,29.1,0.0,30.2,0.0,34.8,0.0,33.9,0.0,28.1,0.0,30.33333333333333,0.0,32.99166666666667,0.1000000000000016,30.975000000000005,0.1000000000000001,-0.2000000000000028,0.0,Tiruchirappalli,26.1,0.0
2024-07-26 18:00:00,28.5,64,0.0,997.9,22.8,37.2,275,275,18,26,7,4,208,28.9,0.0,29.5,0.0,32.9,0.0,35.7,0.0,28.1,0.0,29.6,0.0,32.391666666666666,0.1000000000000016,30.99166666666667,0.1000000000000001,-0.3999999999999986,0.0,Tiruchirappalli,26.1,0.0
2024-07-26 19:00:00,28.1,66,0.0,997.4,22.5,36.9,275,276,19,26,7,4,208,28.5,0.0,29.1,0.0,31.4,0.0,35.3,0.0,27.9,0.0,29.05,0.0,31.791666666666668,0.1000000000000016,31.0,0.1000000000000001,-0.3999999999999986,0.0,Tiruchirappalli,26.2,0.0
2024-07-26 20:00:00,27.8,67,0.0,996.5,22.5,36.9,276,277,20,26,7,4,208,28.1,0.0,28.9,0.0,30.2,0.0,36.0,0.0,27.8,0.0,28.65,0.0,31.10833333333333,0.1000000000000016,31.0,0.1000000000000001,-0.3000000000000007,0.0,Tiruchirappalli,26.1,0.0
2024-07-26 21:00:00,27.7,68,0.0,996.2,22.9,37.6,275,277,21,26,7,4,208,27.8,0.0,28.5,0.0,29.5,0.0,36.5,0.0,27.7,0.0,28.35,0.0,30.375,0.1000000000000016,31.0,0.1000000000000001,-0.1000000000000014,0.0,Tiruchirappalli,26.2,0.0
2024-07-26 22:00:00,27.5,69,0.0,996.1,22.8,37.3,276,276,22,26,7,4,208,27.7,0.0,28.1,0.0,29.1,0.0,35.6,0.1,27.5,0.0,28.08333333333333,0.0,29.7,0.0,31.0,0.1000000000000001,-0.1999999999999993,0.0,Tiruchirappalli,25.7,0.0
2024-07-26 23:00:00,27.5,69,0.0,996.2,22.8,37.6,275,276,23,26,7,4,208,27.5,0.0,27.8,0.0,28.9,0.0,34.8,0.0,27.6,0.0,27.85,0.0,29.09166666666667,0.0,30.995833333333334,0.1000000000000001,0.0,0.0,Tiruchirappalli,25.6,0.0
2024-07-27 00:00:00,27.5,69,0.0,996.0,21.7,35.8,276,277,0,27,7,5,209,27.5,0.0,27.7,0.0,28.5,0.0,32.9,0.0,27.6,0.0,27.683333333333334,0.0,28.641666666666666,0.0,30.991666666666664,0.1000000000000001,0.0,0.0,Tiruchirappalli,25.9,0.0
2024-07-27 01:00:00,27.5,68,0.0,996.6,17.7,29.6,273,272,1,27,7,5,209,27.5,0.0,27.5,0.0,28.1,0.0,31.4,0.0,28.1,0.0,27.58333333333333,0.0,28.316666666666663,0.0,30.966666666666665,0.1000000000000001,0.0,0.0,Tiruchirappalli,26.3,0.0
2024-07-27 02:00:00,28.7,65,0.0,997.0,18.8,27.8,274,275,2,27,7,5,209,27.5,0.0,27.5,0.0,27.8,0.0,30.2,0.0,28.9,0.0,27.73333333333333,0.0,28.191666666666663,0.0,30.95833333333333,0.1000000000000001,1.1999999999999993,0.0,Tiruchirappalli,28.0,0.0
2024-07-27 03:00:00,30.2,59,0.0,997.4,20.6,29.6,274,274,3,27,7,5,209,28.7,0.0,27.5,0.0,27.7,0.0,29.5,0.0,30.5,0.0,28.15,0.0,28.25,0.0,30.945833333333336,0.1000000000000001,1.5,0.0,Tiruchirappalli,29.8,0.0
2024-07-27 04:00:00,32.3,50,0.0,997.1,23.4,32.5,274,274,4,27,7,5,209,30.2,0.0,27.5,0.0,27.5,0.0,29.1,0.0,31.9,0.0,28.95,0.0,28.516666666666666,0.0,30.9625,0.1000000000000001,2.099999999999998,0.0,Tiruchirappalli,32.3,0.0
2024-07-27 05:00:00,33.9,46,0.0,997.3,21.3,28.9,274,274,5,27,7,5,209,32.3,0.0,28.7,0.0,27.5,0.0,28.9,0.0,33.9,0.0,30.016666666666666,0.0,28.933333333333334,0.0,30.9625,0.1000000000000001,1.6000000000000014,0.0,Tiruchirappalli,34.3,0.0
2024-07-27 06:00:00,35.5,40,0.0,996.4,19.9,26.8,276,275,6,27,7,5,209,33.9,0.0,30.2,0.0,27.5,0.0,28.5,0.0,35.7,0.0,31.35,0.0,29.516666666666666,0.0,30.954166666666666,0.1000000000000001,1.6000000000000014,0.0,Tiruchirappalli,36.2,0.0
2024-07-27 07:00:00,36.1,39,0.0,995.7,19.8,26.4,281,280,7,27,7,5,209,35.5,0.0,32.3,0.0,27.5,0.0,28.1,0.0,35.3,0.0,32.78333333333333,0.0,30.183333333333334,0.0,30.9875,0.1000000000000001,0.6000000000000014,0.0,Tiruchirappalli,37.0,0.0
2024-07-27 08:00:00,36.4,39,0.0,995.0,18.8,25.0,277,275,8,27,7,5,209,36.1,0.0,33.9,0.0,28.7,0.0,27.8,0.0,36.0,0.0,34.06666666666666,0.0,30.899999999999995,0.0,31.004166666666663,0.1000000000000001,0.2999999999999971,0.0,Tiruchirappalli,37.1,0.0
2024-07-27 09:00:00,36.6,39,0.0,994.2,18.9,25.1,278,278,9,27,7,5,209,36.4,0.0,35.5,0.0,30.2,0.0,27.7,0.0,36.5,0.0,35.13333333333333,0.0,31.641666666666666,0.0,31.008333333333336,0.1000000000000001,0.2000000000000028,0.0,Tiruchirappalli,32.6,2.4
2024-07-27 10:00:00,36.1,39,0.0,993.9,19.4,26.1,282,280,10,27,7,5,209,36.6,0.0,36.1,0.0,32.3,0.0,27.5,0.0,35.6,0.1,35.766666666666666,0.0,32.358333333333334,0.0,31.02916666666667,0.0,-0.5,0.0,Tiruchirappalli,33.2,0.0
2024-07-27 11:00:00,34.2,46,0.1,993.7,19.2,26.8,253,253,11,27,7,5,209,36.1,0.0,36.4,0.0,33.9,0.0,27.5,0.0,34.8,0.0,35.81666666666667,0.0999999999999986,32.916666666666664,0.1000000000000016,31.004166666666663,0.1000000000000001,-1.8999999999999984,0.1,Tiruchirappalli,33.0,0.0
2024-07-27 12:00:00,33.9,46,0.1,994.1,20.9,29.9,269,271,12,27,7,5,209,34.2,0.1,36.6,0.0,35.5,0.0,27.5,0.0,32.9,0.0,35.550000000000004,0.1999999999999986,33.45,0.2000000000000016,31.04583333333333,0.2000000000000001,-0.3000000000000042,0.0,Tiruchirappalli,32.8,0.0
2024-07-27 13:00:00,33.0,46,0.0,994.8,15.5,24.9,266,266,13,27,7,5,209,33.9,0.1,36.1,0.0,36.1,0.0,27.5,0.0,31.4,0.0,35.03333333333333,0.1999999999999986,33.90833333333333,0.2000000000000016,31.1125,0.2000000000000001,-0.8999999999999986,-0.1,Tiruchirappalli,32.9,0.0
2024-07-27 14:00:00,32.1,45,0.0,995.8,18.4,30.6,269,268,14,27,7,5,209,33.0,0.0,34.2,0.1,36.4,0.0,28.7,0.0,30.2,0.0,34.31666666666667,0.1999999999999986,34.19166666666667,0.2000000000000016,31.191666666666663,0.2000000000000001,-0.8999999999999986,0.0,Tiruchirappalli,31.5,0.0
2024-07-27 15:00:00,31.0,48,0.0,996.7,18.9,31.5,263,262,15,27,7,5,209,32.1,0.0,33.9,0.1,36.6,0.0,30.2,0.0,29.5,0.0,33.38333333333333,0.1999999999999986,34.25833333333333,0.2000000000000016,31.254166666666663,0.2000000000000001,-1.1000000000000014,0.0,Tiruchirappalli,29.9,0.0
2024-07-27 16:00:00,30.3,51,0.0,997.3,21.1,35.1,265,262,16,27,7,5,209,31.0,0.0,33.0,0.0,36.1,0.0,32.3,0.0,29.1,0.0,32.416666666666664,0.1999999999999986,34.09166666666667,0.2000000000000016,31.30416666666667,0.2000000000000001,-0.6999999999999993,0.0,Tiruchirappalli,29.0,0.0
2024-07-27 17:00:00,29.7,53,0.0,997.7,20.9,34.6,269,269,17,27,7,5,209,30.3,0.0,32.1,0.0,34.2,0.1,33.9,0.0,28.9,0.0,31.666666666666668,0.0999999999999986,33.74166666666667,0.2000000000000016,31.337499999999995,0.2000000000000001,-0.6000000000000014,0.0,Tiruchirappalli,28.6,0.0
2024-07-27 18:00:00,29.3,54,0.0,997.3,20.5,34.6,271,271,18,27,7,5,209,29.7,0.0,31.0,0.0,33.9,0.1,35.5,0.0,28.5,0.0,30.9,0.0,33.225,0.2000000000000016,31.370833333333334,0.2000000000000001,-0.3999999999999986,0.0,Tiruchirappalli,28.0,0.0
2024-07-27 19:00:00,28.7,55,0.0,996.6,18.8,32.1,273,273,19,27,7,5,209,29.3,0.0,30.3,0.0,33.0,0.0,36.1,0.0,28.1,0.0,30.183333333333334,0.0,32.608333333333334,0.2000000000000016,31.39583333333333,0.2000000000000001,-0.6000000000000014,0.0,Tiruchirappalli,27.6,0.0
2024-07-27 20:00:00,28.5,55,0.0,996.0,18.4,31.3,271,271,20,27,7,5,209,28.7,0.0,29.7,0.0,32.1,0.0,36.4,0.0,27.8,0.0,29.58333333333333,0.0,31.950000000000003,0.2000000000000016,31.425,0.2000000000000001,-0.1999999999999993,0.0,Tiruchirappalli,27.2,0.0
2024-07-27 21:00:00,28.2,56,0.0,995.4,19.5,32.8,273,274,21,27,7,5,209,28.5,0.0,29.3,0.0,31.0,0.0,36.6,0.0,27.7,0.0,29.11666666666667,0.0,31.25,0.2000000000000016,31.445833333333336,0.2000000000000001,-0.3000000000000007,0.0,Tiruchirappalli,26.7,0.1
2024-07-27 22:00:00,27.9,58,0.0,995.1,19.6,33.3,276,277,22,27,7,5,209,28.2,0.0,28.7,0.0,30.3,0.0,36.1,0.0,27.5,0.0,28.716666666666665,0.0,30.566666666666663,0.2000000000000016,31.4625,0.2000000000000001,-0.3000000000000007,0.0,Tiruchirappalli,26.6,0.0
2024-07-27 23:00:00,27.7,61,0.0,995.1,18.4,31.8,275,276,23,27,7,5,209,27.9,0.0,28.5,0.0,29.7,0.0,34.2,0.1,27.5,0.0,28.383333333333336,0.0,30.025,0.1000000000000016,31.47083333333333,0.2000000000000001,-0.1999999999999993,0.0,Tiruchirappalli,26.8,0.0
2024-07-28 00:00:00,27.4,64,0.0,995.5,17.8,30.4,275,277,0,28,7,6,210,27.7,0.0,28.2,0.0,29.3,0.0,33.9,0.1,27.5,0.0,28.066666666666663,0.0,29.48333333333333,0.0,31.46666666666667,0.2000000000000001,-0.3000000000000007,0.0,Tiruchirappalli,26.7,0.0
2024-07-28 01:00:00,27.5,64,0.0,995.5,18.4,30.6,271,270,1,28,7,6,210,27.4,0.0,27.9,0.0,28.7,0.0,33.0,0.0,27.5,0.0,27.866666666666664,0.0,29.025,0.0,31.46666666666667,0.2000000000000001,0.1000000000000014,0.0,Tiruchirappalli,26.5,0.0
2024-07-28 02:00:00,28.6,61,0.0,996.2,20.5,31.0,273,273,2,28,7,6,210,27.5,0.0,27.7,0.0,28.5,0.0,32.1,0.0,28.7,0.0,27.883333333333336,0.0,28.73333333333333,0.0,31.4625,0.2000000000000001,1.1000000000000014,0.0,Tiruchirappalli,27.7,0.0
2024-07-28 03:00:00,30.1,56,0.0,996.7,23.6,34.4,277,277,3,28,7,6,210,28.6,0.0,27.4,0.0,28.2,0.0,31.0,0.0,30.2,0.0,28.2,0.0,28.65833333333333,0.0,31.45833333333333,0.2000000000000001,1.5,0.0,Tiruchirappalli,29.5,0.0
2024-07-28 04:00:00,30.8,54,0.0,996.4,23.9,34.0,275,276,4,28,7,6,210,30.1,0.0,27.5,0.0,27.9,0.0,30.3,0.0,32.3,0.0,28.683333333333337,0.0,28.7,0.0,31.39583333333333,0.2000000000000001,0.6999999999999993,0.0,Tiruchirappalli,32.1,0.0
2024-07-28 05:00:00,32.7,47,0.0,995.9,21.6,29.9,269,270,5,28,7,6,210,30.8,0.0,28.6,0.0,27.7,0.0,29.7,0.0,33.9,0.0,29.516666666666666,0.0,28.95,0.0,31.34583333333333,0.2000000000000001,1.900000000000002,0.0,Tiruchirappalli,33.6,0.0
2024-07-28 06:00:00,35.4,37,0.0,994.8,20.2,27.8,265,265,6,28,7,6,210,32.7,0.0,30.1,0.0,27.4,0.0,29.3,0.0,35.5,0.0,30.85,0.0,29.45833333333333,0.0,31.34166666666667,0.2000000000000001,2.699999999999996,0.0,Tiruchirappalli,35.3,0.0
2024-07-28 07:00:00,37.0,32,0.0,994.1,25.0,34.0,276,276,7,28,7,6,210,35.4,0.0,30.8,0.0,27.5,0.0,28.7,0.0,36.1,0.0,32.43333333333334,0.0,30.15,0.0,31.379166666666663,0.2000000000000001,1.6000000000000014,0.0,Tiruchirappalli,36.6,0.0
2024-07-28 08:00:00,37.2,32,0.0,993.3,25.9,35.6,271,270,8,28,7,6,210,37.0,0.0,32.7,0.0,28.6,0.0,28.5,0.0,36.4,0.0,33.86666666666667,0.0,30.875,0.0,31.4125,0.2000000000000001,0.2000000000000028,0.0,Tiruchirappalli,36.7,0.0
2024-07-28 09:00:00,36.9,33,0.0,992.4,23.1,32.5,266,265,9,28,7,6,210,37.2,0.0,35.4,0.0,30.1,0.0,28.2,0.0,36.6,0.0,35.0,0.0,31.6,0.0,31.425,0.2000000000000001,-0.3000000000000042,0.0,Tiruchirappalli,35.8,0.0
2024-07-28 10:00:00,36.4,35,0.0,991.8,23.7,33.4,278,280,10,28,7,6,210,36.9,0.0,37.0,0.0,30.8,0.0,27.9,0.0,36.1,0.0,35.93333333333333,0.0,32.30833333333334,0.0,31.4375,0.2000000000000001,-0.5,0.0,Tiruchirappalli,34.2,0.1
2024-07-28 11:00:00,35.3,38,0.0,991.9,24.0,34.8,263,261,11,28,7,6,210,36.4,0.0,37.2,0.0,32.7,0.0,27.7,0.0,34.2,0.1,36.36666666666667,0.0,32.94166666666666,0.0,31.48333333333333,0.1000000000000001,-1.1000000000000014,0.0,Tiruchirappalli,33.6,0.1
2024-07-28 12:00:00,33.7,41,0.0,992.3,25.3,38.3,266,265,12,28,7,6,210,35.3,0.0,36.9,0.0,35.4,0.0,27.4,0.0,33.9,0.1,36.083333333333336,0.0,33.46666666666667,0.0,31.475000000000005,0.0,-1.5999999999999943,0.0,Tiruchirappalli,33.3,0.1
2024-07-28 13:00:00,30.1,56,0.0,993.3,19.8,30.8,259,258,13,28,7,6,210,33.7,0.0,36.4,0.0,37.0,0.0,27.5,0.0,33.0,0.0,34.93333333333333,0.0,33.68333333333333,0.0,31.354166666666668,0.0,-3.6000000000000014,0.0,Tiruchirappalli,32.6,0.0
2024-07-28 14:00:00,29.3,58,0.0,994.0,16.0,31.8,260,256,14,28,7,6,210,30.1,0.0,35.3,0.0,37.2,0.0,28.6,0.0,32.1,0.0,33.61666666666667,0.0,33.74166666666667,0.0,31.2375,0.0,-0.8000000000000007,0.0,Tiruchirappalli,31.3,0.0
2024-07-28 15:00:00,30.4,54,0.0,994.8,19.5,32.4,273,273,15,28,7,6,210,29.3,0.0,33.7,0.0,36.9,0.0,30.1,0.0,31.0,0.0,32.53333333333333,0.0,33.766666666666666,0.0,31.2125,0.0,1.099999999999998,0.0,Tiruchirappalli,30.0,0.0
2024-07-28 16:00:00,30.0,56,0.0,994.9,21.3,34.7,274,276,16,28,7,6,210,30.4,0.0,30.1,0.0,36.4,0.0,30.8,0.0,30.3,0.0,31.466666666666665,0.0,33.7,0.0,31.2,0.0,-0.3999999999999986,0.0,Tiruchirappalli,29.2,0.0
2024-07-28 17:00:00,29.2,59,0.0,995.5,18.2,30.7,275,278,17,28,7,6,210,30.0,0.0,29.3,0.0,35.3,0.0,32.7,0.0,29.7,0.0,30.450000000000003,0.0,33.40833333333334,0.0,31.17916666666667,0.0,-0.8000000000000007,0.0,Tiruchirappalli,28.6,0.0
2024-07-28 18:00:00,28.8,61,0.0,995.2,19.1,32.4,273,274,18,28,7,6,210,29.2,0.0,30.4,0.0,33.7,0.0,35.4,0.0,29.3,0.0,29.63333333333333,0.0,32.85833333333333,0.0,31.15833333333333,0.0,-0.3999999999999986,0.0,Tiruchirappalli,27.9,0.0
2024-07-28 19:00:00,28.6,63,0.0,994.3,20.5,34.6,271,271,19,28,7,6,210,28.8,0.0,30.0,0.0,30.1,0.0,37.0,0.0,28.7,0.0,29.383333333333336,0.0,32.15833333333333,0.0,31.15416666666667,0.0,-0.1999999999999993,0.0,Tiruchirappalli,27.5,0.0
2024-07-28 20:00:00,28.4,63,0.0,993.9,21.8,35.9,276,278,20,28,7,6,210,28.6,0.0,29.2,0.0,29.3,0.0,37.2,0.0,28.5,0.0,29.23333333333333,0.0,31.425,0.0,31.15,0.0,-0.2000000000000028,0.0,Tiruchirappalli,27.1,0.0
2024-07-28 21:00:00,28.2,64,0.0,993.4,21.5,35.2,278,279,21,28,7,6,210,28.4,0.0,28.8,0.0,30.4,0.0,36.9,0.0,28.2,0.0,28.86666666666667,0.0,30.700000000000003,0.0,31.15,0.0,-0.1999999999999993,0.0,Tiruchirappalli,26.7,0.0
2024-07-28 22:00:00,28.1,63,0.0,993.4,20.8,34.2,278,280,22,28,7,6,210,28.2,0.0,28.6,0.0,30.0,0.0,36.4,0.0,27.9,0.0,28.55,0.0,30.00833333333333,0.0,31.15833333333333,0.0,-0.0999999999999978,0.0,Tiruchirappalli,26.4,0.0
2024-07-28 23:00:00,27.7,65,0.0,993.8,20.0,33.1,282,284,23,28,7,6,210,28.1,0.0,28.4,0.0,29.2,0.0,35.3,0.0,27.7,0.0,28.3,0.0,29.375,0.0,31.15833333333333,0.0,-0.4000000000000021,0.0,Tiruchirappalli,26.2,0.0
2024-07-29 00:00:00,27.4,66,0.0,994.1,20.9,34.8,284,285,0,29,7,0,211,27.7,0.0,28.2,0.0,28.8,0.0,33.7,0.0,27.4,0.0,28.066666666666663,0.0,28.85,0.0,31.15833333333333,0.0,-0.3000000000000007,0.0,Tiruchirappalli,26.1,0.0
2024-07-29 01:00:00,28.1,62,0.0,994.1,19.8,32.6,280,282,1,29,7,0,211,27.4,0.0,28.1,0.0,28.6,0.0,30.1,0.0,27.5,0.0,27.98333333333333,0.0,28.683333333333334,0.0,31.183333333333334,0.0,0.7000000000000028,0.0,Tiruchirappalli,26.5,0.0
2024-07-29 02:00:00,29.1,60,0.0,994.9,17.8,26.2,286,288,2,29,7,0,211,28.1,0.0,27.7,0.0,28.4,0.0,29.3,0.0,28.6,0.0,28.100000000000005,0.0,28.666666666666668,0.0,31.204166666666666,0.0,1.0,0.0,Tiruchirappalli,27.9,0.0
2024-07-29 03:00:00,30.6,56,0.0,995.1,19.6,28.0,282,284,3,29,7,0,211,29.1,0.0,27.4,0.0,28.2,0.0,30.4,0.0,30.1,0.0,28.5,0.0,28.683333333333337,0.0,31.225,0.0,1.5,0.0,Tiruchirappalli,29.9,0.0
2024-07-29 04:00:00,32.5,49,0.0,995.2,23.3,32.6,277,279,4,29,7,0,211,30.6,0.0,28.1,0.0,28.1,0.0,30.0,0.0,30.8,0.0,29.23333333333333,0.0,28.89166666666667,0.0,31.29583333333333,0.0,1.8999999999999984,0.0,Tiruchirappalli,31.8,0.0
2024-07-29 05:00:00,33.7,45,0.0,994.9,25.6,36.0,279,281,5,29,7,0,211,32.5,0.0,29.1,0.0,27.7,0.0,29.2,0.0,32.7,0.0,30.23333333333333,0.0,29.266666666666666,0.0,31.3375,0.0,1.2000000000000028,0.0,Tiruchirappalli,33.4,0.0
2024-07-29 06:00:00,34.6,43,0.0,994.1,24.5,34.6,271,273,6,29,7,0,211,33.7,0.0,30.6,0.0,27.4,0.0,28.8,0.0,35.4,0.0,31.433333333333337,0.0,29.750000000000004,0.0,31.304166666666664,0.0,0.8999999999999986,0.0,Tiruchirappalli,35.1,0.0
2024-07-29 07:00:00,35.9,39,0.0,993.1,9.8,16.8,281,281,7,29,7,0,211,34.6,0.0,32.5,0.0,28.1,0.0,28.6,0.0,37.0,0.0,32.73333333333334,0.0,30.35833333333333,0.0,31.25833333333333,0.0,1.2999999999999972,0.0,Tiruchirappalli,36.3,0.0
2024-07-29 08:00:00,35.5,40,0.5,992.9,9.8,16.8,269,268,8,29,7,0,211,35.9,0.0,33.7,0.0,29.1,0.0,28.4,0.0,37.2,0.0,33.800000000000004,0.4999999999999986,30.950000000000003,0.5000000000000017,31.1875,0.5000000000000001,-0.3999999999999986,0.5,Tiruchirappalli,37.5,0.0
2024-07-29 09:00:00,36.4,36,0.1,992.1,24.5,34.6,271,272,9,29,7,0,211,35.5,0.5,34.6,0.0,30.6,0.0,28.2,0.0,36.9,0.0,34.766666666666666,0.5999999999999986,31.63333333333333,0.6000000000000016,31.166666666666668,0.6000000000000001,0.8999999999999986,-0.4,Tiruchirappalli,36.1,0.0
2024-07-29 10:00:00,35.3,40,0.1,991.8,26.3,37.5,272,272,10,29,7,0,211,36.4,0.1,35.9,0.0,32.5,0.0,28.1,0.0,36.4,0.0,35.233333333333334,0.6999999999999986,32.233333333333334,0.7000000000000017,31.120833333333334,0.7000000000000002,-1.1000000000000014,0.0,Tiruchirappalli,35.0,0.1
2024-07-29 11:00:00,34.7,42,0.0,992.0,9.8,40.0,271,269,11,29,7,0,211,35.3,0.1,35.5,0.5,33.7,0.0,27.7,0.0,35.3,0.0,35.4,0.6999999999999986,32.81666666666667,0.7000000000000017,31.09583333333333,0.7000000000000002,-0.5999999999999943,-0.1,Tiruchirappalli,34.6,0.1
2024-07-29 12:00:00,33.9,46,0.0,992.4,9.8,40.6,277,278,12,29,7,0,211,34.7,0.0,36.4,0.1,34.6,0.0,27.4,0.0,33.7,0.0,35.28333333333333,0.6999999999999986,33.358333333333334,0.7000000000000017,31.104166666666668,0.7000000000000002,-0.8000000000000043,0.0,Tiruchirappalli,32.4,0.1
2024-07-29 13:00:00,31.5,52,0.0,993.3,21.0,32.6,276,275,13,29,7,0,211,33.9,0.0,35.3,0.1,35.9,0.0,28.1,0.0,30.1,0.0,34.550000000000004,0.6999999999999986,33.64166666666667,0.7000000000000017,31.162500000000005,0.7000000000000002,-2.3999999999999986,0.0,Tiruchirappalli,33.3,0.0
2024-07-29 14:00:00,29.5,60,0.0,994.8,23.2,37.5,284,286,14,29,7,0,211,31.5,0.0,34.7,0.0,35.5,0.5,29.1,0.0,29.3,0.0,33.550000000000004,0.1999999999999986,33.675000000000004,0.7000000000000017,31.17083333333333,0.7000000000000002,-2.0,0.0,Tiruchirappalli,31.8,0.0
2024-07-29 15:00:00,28.4,67,0.0,995.9,21.7,34.5,281,282,15,29,7,0,211,29.5,0.0,33.9,0.0,36.4,0.1,30.6,0.0,30.4,0.0,32.21666666666667,0.0999999999999986,33.49166666666667,0.7000000000000017,31.0875,0.7000000000000002,-1.1000000000000014,0.0,Tiruchirappalli,30.4,0.0
2024-07-29 16:00:00,26.3,82,0.6,996.7,18.8,36.5,279,277,16,29,7,0,211,28.4,0.0,31.5,0.0,35.3,0.1,32.5,0.0,30.0,0.0,30.716666666666665,0.5999999999999986,32.975,1.3000000000000016,30.933333333333334,1.3,-2.099999999999998,0.6,Tiruchirappalli,29.5,0.0
2024-07-29 17:00:00,25.3,89,2.1,997.4,21.0,36.0,284,286,17,29,7,0,211,26.3,0.6,29.5,0.0,34.7,0.0,33.7,0.0,29.2,0.0,29.15,2.699999999999999,32.275,3.4000000000000017,30.77083333333333,3.4000000000000004,-1.0,1.5,Tiruchirappalli,28.9,0.0
2024-07-29 18:00:00,24.8,95,4.5,997.7,14.8,27.4,275,274,18,29,7,0,211,25.3,2.1,28.4,0.0,33.9,0.0,34.6,0.0,28.8,0.0,27.633333333333336,7.199999999999999,31.45833333333333,7.900000000000002,30.604166666666668,7.9,-0.5,2.4,Tiruchirappalli,28.2,0.0
2024-07-29 19:00:00,24.9,95,0.6,997.2,12.3,23.6,277,275,19,29,7,0,211,24.8,4.5,26.3,0.6,31.5,0.0,35.9,0.0,28.6,0.0,26.53333333333333,7.799999999999999,30.541666666666668,8.500000000000002,30.45,8.5,0.0999999999999978,-3.9,Tiruchirappalli,27.7,0.0
2024-07-29 20:00:00,24.2,96,2.8,996.6,16.9,29.9,269,268,20,29,7,0,211,24.9,0.6,25.3,2.1,29.5,0.0,35.5,0.5,28.4,0.0,25.65,10.6,29.6,10.800000000000002,30.275,11.3,-0.6999999999999993,2.2,Tiruchirappalli,27.3,0.0
2024-07-29 21:00:00,24.0,96,5.4,996.2,14.4,26.3,272,270,21,29,7,0,211,24.2,2.8,24.8,4.5,28.4,0.0,36.4,0.1,28.2,0.0,24.916666666666668,16.0,28.566666666666663,16.1,30.1,16.700000000000003,-0.1999999999999993,2.6000000000000005,Tiruchirappalli,27.0,0.0
2024-07-29 22:00:00,24.2,97,2.5,995.9,8.8,17.4,263,261,22,29,7,0,211,24.0,5.4,24.9,0.6,26.3,0.6,35.3,0.1,28.1,0.0,24.566666666666663,17.9,27.641666666666666,18.5,29.9375,19.200000000000003,0.1999999999999993,-2.9000000000000004,Tiruchirappalli,26.7,0.0
2024-07-29 23:00:00,24.4,97,1.8,996.2,6.3,14.3,260,257,23,29,7,0,211,24.2,2.5,24.2,2.8,25.3,2.1,34.7,0.0,27.7,0.0,24.416666666666668,17.599999999999998,26.78333333333333,20.3,29.8,21.0,0.1999999999999993,-0.7,Tiruchirappalli,26.4,0.0
2024-07-30 00:00:00,24.5,96,1.0,996.7,6.1,14.4,269,267,0,30,7,1,212,24.4,1.8,24.0,5.4,24.8,4.5,33.9,0.0,27.4,0.0,24.366666666666664,14.1,26.0,21.3,29.67916666666667,22.0,0.1000000000000014,-0.8,Tiruchirappalli,26.1,0.0
2024-07-30 01:00:00,25.0,96,0.7,997.0,8.0,18.4,274,275,1,30,7,1,212,24.5,1.0,24.2,2.5,24.9,0.6,31.5,0.0,28.1,0.0,24.38333333333333,14.2,25.45833333333333,22.0,29.55,22.700000000000003,0.5,-0.3,Tiruchirappalli,26.9,0.0
2024-07-30 02:00:00,25.6,90,0.2,998.0,10.2,18.9,279,280,2,30,7,1,212,25.0,0.7,24.4,1.8,24.2,2.8,29.5,0.0,29.1,0.0,24.61666666666667,11.6,25.13333333333333,22.200000000000003,29.40416666666667,22.9,0.6000000000000014,-0.4999999999999999,Tiruchirappalli,27.9,0.0
2024-07-30 03:00:00,27.0,80,0.0,998.3,11.2,16.3,276,276,3,30,7,1,212,25.6,0.2,24.5,1.0,24.0,5.4,28.4,0.0,30.6,0.0,25.11666666666667,6.2,25.016666666666666,22.200000000000003,29.254166666666663,22.9,1.3999999999999986,-0.2,Tiruchirappalli,29.8,0.0
2024-07-30 04:00:00,29.2,67,0.0,998.2,15.9,22.1,277,275,4,30,7,1,212,27.0,0.0,25.0,0.7,24.2,2.5,26.3,0.6,32.5,0.0,25.95,3.7,25.258333333333336,21.600000000000005,29.116666666666664,22.9,2.2,0.0,Tiruchirappalli,31.9,0.0
2024-07-30 05:00:00,31.2,58,0.0,998.4,20.3,28.0,283,283,5,30,7,1,212,29.2,0.0,25.6,0.2,24.4,1.8,25.3,2.1,33.7,0.0,27.08333333333333,1.9,25.75,19.500000000000004,29.012500000000003,22.9,2.0,0.0,Tiruchirappalli,33.5,0.0
2024-07-30 06:00:00,32.3,54,0.0,997.9,9.8,38.1,277,277,6,30,7,1,212,31.2,0.0,27.0,0.0,24.5,1.0,24.8,4.5,34.6,0.0,28.383333333333336,0.8999999999999999,26.375,15.000000000000002,28.916666666666668,22.9,1.099999999999998,0.0,Tiruchirappalli,34.8,0.0
2024-07-30 07:00:00,33.5,50,0.0,996.7,9.8,37.8,284,284,7,30,7,1,212,32.3,0.0,29.2,0.0,25.0,0.7,24.9,0.6,35.9,0.0,29.8,0.2,27.09166666666667,14.400000000000002,28.816666666666663,22.9,1.2000000000000028,0.0,Tiruchirappalli,35.2,0.0
2024-07-30 08:00:00,32.9,50,0.0,995.9,9.8,16.8,285,285,8,30,7,1,212,33.5,0.0,31.2,0.0,25.6,0.2,24.2,2.8,35.5,0.5,31.016666666666666,0.0,27.816666666666663,11.6,28.70833333333333,22.4,-0.6000000000000014,0.0,Tiruchirappalli,35.6,0.0
2024-07-30 09:00:00,33.0,50,0.0,995.6,9.8,16.8,280,280,9,30,7,1,212,32.9,0.0,32.3,0.0,27.0,0.0,24.0,5.4,36.4,0.1,32.016666666666666,0.0,28.566666666666663,6.200000000000002,28.566666666666663,22.3,0.1000000000000014,0.0,Tiruchirappalli,35.4,0.0
2024-07-30 10:00:00,32.4,52,0.0,995.4,26.4,38.1,280,281,10,30,7,1,212,33.0,0.0,33.5,0.0,29.2,0.0,24.2,2.5,35.3,0.1,32.55,0.0,29.25,3.700000000000002,28.445833333333336,22.200000000000003,-0.6000000000000014,0.0,Tiruchirappalli,36.1,0.0
2024-07-30 11:00:00,31.8,54,0.0,995.6,23.5,34.0,275,275,11,30,7,1,212,32.4,0.0,32.9,0.0,31.2,0.0,24.4,1.8,34.7,0.0,32.65,0.0,29.866666666666664,1.9000000000000017,28.325,22.200000000000003,-0.5999999999999979,0.0,Tiruchirappalli,36.4,0.0
2024-07-30 12:00:00,30.4,60,0.0,996.3,22.0,32.8,271,270,12,30,7,1,212,31.8,0.0,33.0,0.0,32.3,0.0,24.5,1.0,33.9,0.0,32.333333333333336,0.0,30.35833333333333,0.9000000000000017,28.179166666666664,22.200000000000003,-1.400000000000002,0.0,Tiruchirappalli,30.5,1.3
2024-07-30 13:00:00,29.7,59,0.0,996.5,22.0,34.4,275,274,13,30,7,1,212,30.4,0.0,32.4,0.0,33.5,0.0,25.0,0.7,31.5,0.0,31.700000000000003,0.0,30.75,0.2000000000000018,28.104166666666668,22.200000000000003,-0.6999999999999993,0.0,Tiruchirappalli,34.1,0.0
2024-07-30 14:00:00,28.4,63,0.0,997.3,20.0,33.0,278,277,14,30,7,1,212,29.7,0.0,31.8,0.0,32.9,0.0,25.6,0.2,29.5,0.0,30.95,0.0,30.98333333333333,0.0,28.058333333333334,22.200000000000003,-1.3000000000000007,0.0,Tiruchirappalli,32.6,0.0
2024-07-30 15:00:00,27.8,66,0.0,997.9,18.3,30.7,279,280,15,30,7,1,212,28.4,0.0,30.4,0.0,33.0,0.0,27.0,0.0,28.4,0.0,30.08333333333333,0.0,31.05,0.0,28.03333333333333,22.200000000000003,-0.5999999999999979,0.0,Tiruchirappalli,32.0,0.0
2024-07-30 16:00:00,27.6,67,0.0,998.5,18.0,30.7,279,282,16,30,7,1,212,27.8,0.0,29.7,0.0,32.4,0.0,29.2,0.0,26.3,0.6,29.28333333333333,0.0,30.91666666666666,0.0,28.0875,21.6,-0.1999999999999993,0.0,Tiruchirappalli,30.8,0.0
2024-07-30 17:00:00,27.4,69,0.0,999.3,16.2,27.8,280,282,17,30,7,1,212,27.6,0.0,28.4,0.0,31.8,0.0,31.2,0.0,25.3,2.1,28.55,0.0,30.6,0.0,28.175,19.5,-0.2000000000000028,0.0,Tiruchirappalli,29.7,0.1
2024-07-30 18:00:00,27.1,70,0.0,999.1,16.4,28.0,283,285,18,30,7,1,212,27.4,0.0,27.8,0.0,30.4,0.0,32.3,0.0,24.8,4.5,28.0,0.0,30.16666666666666,0.0,28.27083333333333,15.0,-0.2999999999999971,0.0,Tiruchirappalli,26.6,6.5
2024-07-30 19:00:00,27.0,71,0.0,998.5,16.2,27.8,280,282,19,30,7,1,212,27.1,0.0,27.6,0.0,29.7,0.0,33.5,0.0,24.9,0.6,27.55,0.0,29.625,0.0,28.35833333333333,14.4,-0.1000000000000014,0.0,Tiruchirappalli,24.9,9.2
2024-07-30 20:00:00,26.9,71,0.0,998.1,16.4,28.7,278,279,20,30,7,1,212,27.0,0.0,27.4,0.0,28.4,0.0,32.9,0.0,24.2,2.8,27.3,0.0,29.125,0.0,28.47083333333333,11.6,-0.1000000000000014,0.0,Tiruchirappalli,24.3,1.5
2024-07-30 21:00:00,27.0,70,0.0,998.1,15.9,28.2,276,276,21,30,7,1,212,26.9,0.0,27.1,0.0,27.8,0.0,33.0,0.0,24.0,5.4,27.166666666666668,0.0,28.625,0.0,28.59583333333333,6.2,0.1000000000000014,0.0,Tiruchirappalli,24.6,0.1
2024-07-30 22:00:00,27.0,70,0.0,998.0,17.7,30.5,282,283,22,30,7,1,212,27.0,0.0,27.0,0.0,27.6,0.0,32.4,0.0,24.2,2.5,27.066666666666663,0.0,28.175,0.0,28.712499999999995,3.7,0.0,0.0,Tiruchirappalli,24.7,0.1
2024-07-30 23:00:00,27.0,69,0.0,998.1,17.3,29.7,281,282,23,30,7,1,212,27.0,0.0,26.9,0.0,27.4,0.0,31.8,0.0,24.4,1.8,27.0,0.0,27.775,0.0,28.82083333333333,1.9,0.0,0.0,Tiruchirappalli,24.6,0.0
2024-07-31 00:00:00,27.0,70,0.0,998.3,15.6,27.2,278,278,0,31,7,2,213,27.0,0.0,27.0,0.0,27.1,0.0,30.4,0.0,24.5,1.0,26.98333333333333,0.0,27.49166666666667,0.0,28.925,0.8999999999999999,0.0,0.0,Tiruchirappalli,24.4,0.0
2024-07-31 01:00:00,27.0,71,0.0,999.2,13.1,22.6,279,278,1,31,7,2,213,27.0,0.0,27.0,0.0,27.0,0.0,29.7,0.0,25.0,0.7,26.98333333333333,0.0,27.266666666666666,0.0,29.00833333333333,0.2,0.0,0.0,Tiruchirappalli,25.4,1.3
2024-07-31 02:00:00,28.4,66,0.0,999.8,13.7,20.3,276,275,2,31,7,2,213,27.0,0.0,27.0,0.0,26.9,0.0,28.4,0.0,25.6,0.2,27.23333333333333,0.0,27.266666666666666,0.0,29.125,0.0,1.3999999999999986,0.0,Tiruchirappalli,26.0,0.1
2024-07-31 03:00:00,30.3,59,0.0,999.9,14.2,19.7,278,279,3,31,7,2,213,28.4,0.0,27.0,0.0,27.0,0.0,27.8,0.0,27.0,0.0,27.78333333333333,0.0,27.475,0.0,29.2625,0.0,1.900000000000002,0.0,Tiruchirappalli,27.4,0.0
2024-07-31 04:00:00,31.8,54,0.0,999.8,12.3,16.3,275,277,4,31,7,2,213,30.3,0.0,27.0,0.0,27.0,0.0,27.6,0.0,29.2,0.0,28.58333333333333,0.0,27.825000000000003,0.0,29.370833333333334,0.0,1.5,0.0,Tiruchirappalli,29.1,0.0
2024-07-31 05:00:00,33.4,49,0.0,999.3,13.0,17.4,264,265,5,31,7,2,213,31.8,0.0,28.4,0.0,27.0,0.0,27.4,0.0,31.2,0.0,29.65,0.0,28.325,0.0,29.462499999999995,0.0,1.599999999999998,0.0,Tiruchirappalli,31.3,0.0
2024-07-31 06:00:00,35.2,44,0.0,998.4,13.7,18.4,267,268,6,31,7,2,213,33.4,0.0,30.3,0.0,27.0,0.0,27.1,0.0,32.3,0.0,31.01666666666667,0.0,29.0,0.0,29.58333333333333,0.0,1.8000000000000045,0.0,Tiruchirappalli,32.6,0.0
2024-07-31 07:00:00,36.5,41,0.0,997.4,15.2,20.2,271,274,7,31,7,2,213,35.2,0.0,31.8,0.0,27.0,0.0,27.0,0.0,33.5,0.0,32.6,0.0,29.791666666666668,0.0,29.70833333333333,0.0,1.2999999999999972,0.0,Tiruchirappalli,33.6,0.0
2024-07-31 08:00:00,31.4,60,0.9,997.3,19.8,29.2,273,271,8,31,7,2,213,36.5,0.0,33.4,0.0,28.4,0.0,26.9,0.0,32.9,0.0,33.1,0.9,30.166666666666668,0.9000000000000018,29.64583333333333,0.9,-5.100000000000001,0.9,Tiruchirappalli,34.4,0.0
2024-07-31 09:00:00,33.7,47,0.0,996.5,18.5,25.7,264,263,9,31,7,2,213,31.4,0.9,35.2,0.0,30.3,0.0,27.0,0.0,33.0,0.0,33.66666666666667,0.9,30.725,0.9000000000000018,29.675,0.9,2.3000000000000043,-0.9,Tiruchirappalli,35.2,0.0
2024-07-31 10:00:00,31.2,64,1.2,996.2,23.0,33.0,262,260,10,31,7,2,213,33.7,0.0,36.5,0.0,31.8,0.0,27.0,0.0,32.4,0.0,33.56666666666667,2.1,31.075,2.100000000000002,29.625,2.1,-2.500000000000004,1.2,Tiruchirappalli,35.4,0.0
2024-07-31 11:00:00,31.7,58,0.4,996.2,19.6,27.6,255,253,11,31,7,2,213,31.2,1.2,31.4,0.9,33.4,0.0,27.0,0.0,31.8,0.0,33.28333333333333,2.5,31.46666666666667,2.5000000000000018,29.620833333333334,2.5,0.5,-0.7999999999999999,Tiruchirappalli,33.0,0.2
2024-07-31 12:00:00,31.3,59,0.0,996.4,14.1,21.0,282,283,12,31,7,2,213,31.7,0.4,33.7,0.0,35.2,0.0,27.0,0.0,30.4,0.0,32.63333333333333,2.5,31.825,2.5000000000000018,29.65833333333333,2.5,-0.3999999999999986,-0.4,Tiruchirappalli,28.9,0.1
2024-07-31 13:00:00,31.0,56,0.0,997.2,22.9,35.3,287,289,13,31,7,2,213,31.3,0.0,31.2,1.2,36.5,0.0,27.0,0.0,29.7,0.0,31.71666666666667,2.5,32.15833333333333,2.5000000000000018,29.7125,2.5,-0.3000000000000007,0.0,Tiruchirappalli,31.8,0.0
2024-07-31 14:00:00,28.7,70,0.0,998.5,17.4,29.5,297,300,14,31,7,2,213,31.0,0.0,31.7,0.4,31.4,0.9,28.4,0.0,28.4,0.0,31.26666666666667,1.6,32.18333333333334,2.5000000000000018,29.725,2.5,-2.3000000000000007,0.0,Tiruchirappalli,28.9,0.0
2024-07-31 15:00:00,27.9,73,0.0,999.4,16.7,28.0,298,295,15,31,7,2,213,28.7,0.0,31.3,0.0,33.7,0.0,30.3,0.0,27.8,0.0,30.3,1.6,31.98333333333333,2.5000000000000018,29.729166666666668,2.5,-0.8000000000000007,0.0,Tiruchirappalli,28.0,0.0
2024-07-31 16:00:00,26.7,78,0.0,999.7,17.4,28.4,292,294,16,31,7,2,213,27.9,0.0,31.0,0.0,31.2,1.2,31.8,0.0,27.6,0.0,29.55,0.3999999999999998,31.558333333333334,2.5000000000000018,29.691666666666663,2.5,-1.1999999999999993,0.0,Tiruchirappalli,27.5,0.0
2024-07-31 17:00:00,26.1,81,0.0,999.9,14.1,24.1,290,289,17,31,7,2,213,26.7,0.0,28.7,0.0,31.7,0.4,33.4,0.0,27.4,0.0,28.61666666666667,0.0,30.950000000000003,2.5000000000000018,29.637500000000003,2.5,-0.5999999999999979,0.0,Tiruchirappalli,25.7,0.1
2024-07-31 18:00:00,26.1,81,0.0,999.8,12.2,20.4,261,256,18,31,7,2,213,26.1,0.0,27.9,0.0,31.3,0.0,35.2,0.0,27.1,0.0,27.75,0.0,30.191666666666663,2.5000000000000018,29.59583333333333,2.5,0.0,0.0,Tiruchirappalli,25.7,0.0
2024-07-31 19:00:00,26.2,82,0.0,999.1,11.2,19.6,283,285,19,31,7,2,213,26.1,0.0,26.7,0.0,31.0,0.0,36.5,0.0,27.0,0.0,26.95,0.0,29.33333333333333,2.5000000000000018,29.5625,2.5,0.0999999999999978,0.0,Tiruchirappalli,25.8,0.0
2024-07-31 20:00:00,26.1,82,0.0,998.0,12.4,22.0,285,287,20,31,7,2,213,26.2,0.0,26.1,0.0,28.7,0.0,31.4,0.9,26.9,0.0,26.51666666666667,0.0,28.891666666666666,1.600000000000002,29.52916666666667,2.5,-0.0999999999999978,0.0,Tiruchirappalli,25.5,0.0
2024-07-31 21:00:00,26.2,78,0.0,997.2,13.2,22.7,281,281,21,31,7,2,213,26.1,0.0,26.1,0.0,27.9,0.0,33.7,0.0,27.0,0.0,26.23333333333333,0.0,28.266666666666666,1.600000000000002,29.495833333333337,2.5,0.0999999999999978,0.0,Tiruchirappalli,25.5,0.0
2024-07-31 22:00:00,25.7,80,0.0,997.0,14.1,24.9,274,273,22,31,7,2,213,26.2,0.0,26.2,0.0,26.7,0.0,31.2,1.2,27.0,0.0,26.066666666666663,0.0,27.808333333333337,0.4000000000000016,29.441666666666663,2.5,-0.5,0.0,Tiruchirappalli,26.4,0.0
2024-07-31 23:00:00,25.6,78,0.0,997.6,16.2,29.2,269,269,23,31,7,2,213,25.7,0.0,26.1,0.0,26.1,0.0,31.7,0.4,27.0,0.0,25.98333333333333,0.0,27.3,0.0,29.383333333333336,2.5,-0.0999999999999978,0.0,Tiruchirappalli,26.3,0.0
2024-08-01 00:00:00,25.9,76,0.0,997.9,16.2,28.5,274,273,0,1,8,3,214,25.6,0.0,26.2,0.0,26.1,0.0,31.3,0.0,27.0,0.0,25.95,0.0,26.850000000000005,0.0,29.3375,2.5,0.2999999999999971,0.0,Tiruchirappalli,26.0,0.0
2024-08-01 01:00:00,26.3,77,0.0,997.8,13.1,23.7,280,279,1,1,8,3,214,25.9,0.0,25.7,0.0,26.2,0.0,31.0,0.0,27.0,0.0,25.96666666666667,0.0,26.45833333333333,0.0,29.308333333333337,2.5,0.4000000000000021,0.0,Tiruchirappalli,26.2,0.0
2024-08-01 02:00:00,28.0,70,0.0,998.3,15.4,22.8,282,281,2,1,8,3,214,26.3,0.0,25.6,0.0,26.1,0.0,28.7,0.0,28.4,0.0,26.28333333333333,0.0,26.399999999999995,0.0,29.29166666666667,2.5,1.6999999999999993,0.0,Tiruchirappalli,27.2,0.0
2024-08-01 03:00:00,29.8,62,0.0,998.8,16.7,23.6,277,277,3,1,8,3,214,28.0,0.0,25.9,0.0,26.2,0.0,27.9,0.0,30.3,0.0,26.883333333333336,0.0,26.558333333333334,0.0,29.27083333333333,2.5,1.8000000000000007,0.0,Tiruchirappalli,28.9,0.0
2024-08-01 04:00:00,32.3,53,0.0,999.3,19.8,27.7,271,272,4,1,8,3,214,29.8,0.0,26.3,0.0,25.7,0.0,26.7,0.0,31.8,0.0,27.98333333333333,0.0,27.025,0.0,29.291666666666668,2.5,2.4999999999999964,0.0,Tiruchirappalli,30.4,0.0
2024-08-01 05:00:00,34.3,45,0.0,999.2,20.2,27.7,269,270,5,1,8,3,214,32.3,0.0,28.0,0.0,25.6,0.0,26.1,0.0,33.4,0.0,29.433333333333334,0.0,27.70833333333333,0.0,29.329166666666666,2.5,2.0,0.0,Tiruchirappalli,31.9,0.0
2024-08-01 06:00:00,36.2,40,0.0,998.5,18.5,25.1,262,262,6,1,8,3,214,34.3,0.0,29.8,0.0,25.9,0.0,26.1,0.0,35.2,0.0,31.149999999999995,0.0,28.55,0.0,29.370833333333334,2.5,1.9000000000000057,0.0,Tiruchirappalli,33.4,0.0
2024-08-01 07:00:00,37.0,38,0.0,997.3,18.8,25.3,264,265,7,1,8,3,214,36.2,0.0,32.3,0.0,26.3,0.0,26.2,0.0,36.5,0.0,32.93333333333333,0.0,29.45,0.0,29.391666666666666,2.5,0.7999999999999972,0.0,Tiruchirappalli,34.4,0.0
2024-08-01 08:00:00,37.1,37,0.0,996.0,19.4,26.3,271,270,8,1,8,3,214,37.0,0.0,34.3,0.0,28.0,0.0,26.1,0.0,31.4,0.9,34.45,0.0,30.366666666666664,0.0,29.629166666666663,1.6,0.1000000000000014,0.0,Tiruchirappalli,34.8,0.0
2024-08-01 09:00:00,32.6,53,2.4,996.5,7.9,11.6,248,240,9,1,8,3,214,37.1,0.0,36.2,0.0,29.8,0.0,26.2,0.0,33.7,0.0,34.916666666666664,2.3999999999999995,30.9,2.400000000000001,29.58333333333333,4.0,-4.5,2.4,Tiruchirappalli,34.9,0.0
2024-08-01 10:00:00,33.2,52,0.0,995.8,9.5,13.7,265,259,10,1,8,3,214,32.6,2.4,37.0,0.0,32.3,0.0,25.7,0.0,31.2,1.2,35.06666666666667,2.4,31.525,2.4000000000000017,29.666666666666668,2.8,0.6000000000000014,-2.4,Tiruchirappalli,34.7,0.0
2024-08-01 11:00:00,33.0,51,0.0,996.2,18.9,26.7,265,262,11,1,8,3,214,33.2,0.0,37.1,0.0,34.3,0.0,25.6,0.0,31.7,0.4,34.85,2.4,32.141666666666666,2.4000000000000017,29.72083333333333,2.4,-0.2000000000000028,0.0,Tiruchirappalli,30.2,0.0
2024-08-01 12:00:00,32.8,50,0.0,996.9,11.6,16.7,251,248,12,1,8,3,214,33.0,0.0,32.6,2.4,36.2,0.0,25.9,0.0,31.3,0.0,34.28333333333334,2.4,32.71666666666666,2.4000000000000017,29.78333333333333,2.4,-0.2000000000000028,0.0,Tiruchirappalli,29.5,0.0
2024-08-01 13:00:00,32.9,48,0.0,996.8,15.8,26.4,284,287,13,1,8,3,214,32.8,0.0,33.2,0.0,37.0,0.0,26.3,0.0,31.0,0.0,33.6,2.4,33.26666666666667,2.4000000000000017,29.8625,2.4,0.1000000000000014,0.0,Tiruchirappalli,29.1,0.3
2024-08-01 14:00:00,31.5,53,0.0,997.8,16.7,28.7,277,277,14,1,8,3,214,32.9,0.0,33.0,0.0,37.1,0.0,28.0,0.0,28.7,0.0,32.666666666666664,2.4,33.55833333333334,2.4000000000000017,29.979166666666668,2.4,-1.3999999999999986,0.0,Tiruchirappalli,26.0,2.0
2024-08-01 15:00:00,29.9,59,0.0,998.7,18.1,29.8,278,277,15,1,8,3,214,31.5,0.0,32.8,0.0,32.6,2.4,29.8,0.0,27.9,0.0,32.21666666666666,0.0,33.56666666666667,2.4000000000000017,30.0625,2.4,-1.6000000000000014,0.0,Tiruchirappalli,26.1,0.0
2024-08-01 16:00:00,29.0,63,0.0,999.3,16.8,28.7,282,280,16,1,8,3,214,29.9,0.0,32.9,0.0,33.2,0.0,32.3,0.0,26.7,0.0,31.516666666666666,0.0,33.291666666666664,2.4000000000000017,30.15833333333333,2.4,-0.8999999999999986,0.0,Tiruchirappalli,25.2,6.1
2024-08-01 17:00:00,28.6,65,0.0,999.7,15.7,27.9,281,279,17,1,8,3,214,29.0,0.0,31.5,0.0,33.0,0.0,34.3,0.0,26.1,0.0,30.78333333333333,0.0,32.81666666666666,2.4000000000000017,30.2625,2.4,-0.3999999999999986,0.0,Tiruchirappalli,25.1,0.4
2024-08-01 18:00:00,28.0,67,0.0,999.7,17.1,29.3,284,285,18,1,8,3,214,28.6,0.0,29.9,0.0,32.8,0.0,36.2,0.0,26.1,0.0,29.98333333333333,0.0,32.13333333333333,2.4000000000000017,30.341666666666665,2.4,-0.6000000000000014,0.0,Tiruchirappalli,25.3,0.9
2024-08-01 19:00:00,27.6,69,0.0,999.0,15.4,27.0,286,286,19,1,8,3,214,28.0,0.0,29.0,0.0,32.9,0.0,37.0,0.0,26.2,0.0,29.100000000000005,0.0,31.35,2.4000000000000017,30.4,2.4,-0.3999999999999986,0.0,Tiruchirappalli,25.2,0.3
2024-08-01 20:00:00,27.2,71,0.0,998.6,15.8,27.4,287,287,20,1,8,3,214,27.6,0.0,28.6,0.0,31.5,0.0,37.1,0.0,26.1,0.0,28.383333333333336,0.0,30.525,2.4000000000000017,30.445833333333336,2.4,-0.4000000000000021,0.0,Tiruchirappalli,25.0,0.0
2024-08-01 21:00:00,26.7,75,0.1,997.9,14.8,26.3,283,284,21,1,8,3,214,27.2,0.0,28.0,0.0,29.9,0.0,32.6,2.4,26.2,0.0,27.850000000000005,0.1,30.03333333333333,0.1000000000000017,30.466666666666665,2.5,-0.5,0.1,Tiruchirappalli,25.0,0.0
2024-08-01 22:00:00,26.6,73,0.0,997.7,15.9,28.4,278,276,22,1,8,3,214,26.7,0.1,27.6,0.0,29.0,0.0,33.2,0.0,25.7,0.0,27.450000000000003,0.1,29.48333333333333,0.1000000000000017,30.504166666666663,2.5,-0.0999999999999978,-0.1,Tiruchirappalli,24.9,0.0
2024-08-01 23:00:00,26.8,71,0.0,998.1,17.3,29.6,273,272,23,1,8,3,214,26.6,0.0,27.2,0.0,28.6,0.0,33.0,0.0,25.6,0.0,27.15,0.1,28.96666666666667,0.1000000000000017,30.554166666666664,2.5,0.1999999999999993,0.0,Tiruchirappalli,24.9,0.0
2024-08-02 00:00:00,26.7,71,0.0,998.5,17.3,30.2,270,269,0,2,8,4,215,26.8,0.0,26.7,0.1,28.0,0.0,32.8,0.0,25.9,0.0,26.933333333333334,0.1,28.45833333333333,0.1000000000000017,30.5875,2.5,-0.1000000000000014,0.0,Tiruchirappalli,24.9,0.0
2024-08-02 01:00:00,26.5,76,0.0,998.1,12.4,20.8,280,280,1,2,8,4,215,26.7,0.0,26.6,0.0,27.6,0.0,32.9,0.0,26.3,0.0,26.75,0.1,27.925,0.1000000000000017,30.59583333333333,2.5,-0.1999999999999993,0.0,Tiruchirappalli,24.9,0.2
2024-08-02 02:00:00,27.7,71,0.0,999.0,14.1,20.4,284,285,2,2,8,4,215,26.5,0.0,26.8,0.0,27.2,0.0,31.5,0.0,28.0,0.0,26.83333333333333,0.1,27.60833333333333,0.1000000000000017,30.58333333333333,2.5,1.1999999999999993,0.0,Tiruchirappalli,25.8,0.0
2024-08-02 03:00:00,29.5,64,0.0,999.6,16.6,23.2,282,283,3,2,8,4,215,27.7,0.0,26.7,0.0,26.7,0.1,29.9,0.0,29.8,0.0,27.3,0.0,27.575,0.1000000000000017,30.570833333333336,2.5,1.8000000000000007,0.0,Tiruchirappalli,27.1,0.0
2024-08-02 04:00:00,32.1,53,0.0,999.9,18.1,25.0,277,277,4,2,8,4,215,29.5,0.0,26.5,0.0,26.6,0.0,29.0,0.0,32.3,0.0,28.21666666666667,0.0,27.83333333333333,0.1000000000000017,30.5625,2.5,2.6000000000000014,0.0,Tiruchirappalli,28.7,0.0
2024-08-02 05:00:00,33.6,46,0.0,999.2,20.9,28.4,269,269,5,2,8,4,215,32.1,0.0,27.7,0.0,26.8,0.0,28.6,0.0,34.3,0.0,29.350000000000005,0.0,28.25,0.1000000000000017,30.53333333333333,2.5,1.5,0.0,Tiruchirappalli,30.9,0.0
2024-08-02 06:00:00,35.3,42,0.0,998.0,21.3,28.9,266,267,6,2,8,4,215,33.6,0.0,29.5,0.0,26.7,0.0,28.0,0.0,36.2,0.0,30.78333333333333,0.0,28.85833333333333,0.1000000000000017,30.495833333333337,2.5,1.6999999999999955,0.0,Tiruchirappalli,32.0,0.0
2024-08-02 07:00:00,36.6,38,0.0,996.8,22.7,31.0,268,269,7,2,8,4,215,35.3,0.0,32.1,0.0,26.5,0.0,27.6,0.0,37.0,0.0,32.46666666666667,0.0,29.60833333333333,0.1000000000000017,30.479166666666668,2.5,1.3000000000000045,0.0,Tiruchirappalli,32.9,0.0
2024-08-02 08:00:00,36.7,35,0.0,995.8,23.1,31.7,271,273,8,2,8,4,215,36.6,0.0,33.6,0.0,27.7,0.0,27.2,0.0,37.1,0.0,33.96666666666667,0.0,30.4,0.1000000000000017,30.4625,2.5,0.1000000000000014,0.0,Tiruchirappalli,33.5,0.0
2024-08-02 09:00:00,35.8,38,0.0,995.1,24.1,33.4,284,287,9,2,8,4,215,36.7,0.0,35.3,0.0,29.5,0.0,26.7,0.1,32.6,2.4,35.01666666666667,0.0,31.15833333333333,0.0,30.59583333333333,0.1,-0.9000000000000057,0.0,Tiruchirappalli,34.0,0.0
2024-08-02 10:00:00,34.2,45,0.1,995.1,19.9,26.8,230,226,10,2,8,4,215,35.8,0.0,36.6,0.0,32.1,0.0,26.6,0.0,33.2,0.0,35.36666666666667,0.1,31.791666666666668,0.1000000000000017,30.6375,0.2,-1.5999999999999943,0.1,Tiruchirappalli,34.3,0.0
2024-08-02 11:00:00,33.6,50,0.1,995.0,15.2,21.2,190,187,11,2,8,4,215,34.2,0.1,36.7,0.0,33.6,0.0,26.8,0.0,33.0,0.0,35.36666666666667,0.2,32.358333333333334,0.2000000000000018,30.6625,0.3,-0.6000000000000014,0.0,Tiruchirappalli,33.5,0.0
2024-08-02 12:00:00,33.3,50,0.1,995.4,10.1,14.8,223,215,12,2,8,4,215,33.6,0.1,35.8,0.0,35.3,0.0,26.7,0.0,32.8,0.0,35.03333333333334,0.3,32.90833333333334,0.3000000000000018,30.683333333333334,0.4,-0.3000000000000042,0.0,Tiruchirappalli,29.5,0.4
2024-08-02 13:00:00,32.6,48,0.0,996.3,17.7,28.6,275,275,13,2,8,4,215,33.3,0.1,34.2,0.1,36.6,0.0,26.5,0.0,32.9,0.0,34.36666666666667,0.3,33.416666666666664,0.3000000000000018,30.67083333333333,0.4,-0.6999999999999957,-0.1,Tiruchirappalli,30.8,0.0
2024-08-02 14:00:00,31.3,49,0.0,997.4,18.4,30.2,269,268,14,2,8,4,215,32.6,0.0,33.6,0.1,36.7,0.0,27.7,0.0,31.5,0.0,33.46666666666667,0.3,33.71666666666667,0.3000000000000018,30.6625,0.4,-1.3000000000000007,0.0,Tiruchirappalli,28.0,0.0
2024-08-02 15:00:00,30.0,55,0.0,998.3,14.2,25.5,279,279,15,2,8,4,215,31.3,0.0,33.3,0.1,35.8,0.0,29.5,0.0,29.9,0.0,32.5,0.3,33.75833333333333,0.3000000000000018,30.666666666666668,0.4,-1.3000000000000007,0.0,Tiruchirappalli,27.0,0.0
2024-08-02 16:00:00,29.2,59,0.0,999.1,16.3,28.3,277,275,16,2,8,4,215,30.0,0.0,32.6,0.0,34.2,0.1,32.1,0.0,29.0,0.0,31.666666666666668,0.2,33.516666666666666,0.3000000000000018,30.675,0.4,-0.8000000000000007,0.0,Tiruchirappalli,27.2,0.0
2024-08-02 17:00:00,28.6,62,0.0,999.8,17.3,29.1,282,282,17,2,8,4,215,29.2,0.0,31.3,0.0,33.6,0.1,33.6,0.0,28.6,0.0,30.83333333333333,0.1,33.1,0.3000000000000018,30.675,0.4,-0.5999999999999979,0.0,Tiruchirappalli,27.0,0.0
2024-08-02 18:00:00,27.9,66,0.0,999.7,16.3,27.9,284,284,18,2,8,4,215,28.6,0.0,30.0,0.0,33.3,0.1,35.3,0.0,28.0,0.0,29.933333333333334,0.0,32.483333333333334,0.3000000000000018,30.67083333333333,0.4,-0.7000000000000028,0.0,Tiruchirappalli,27.1,0.0
2024-08-02 19:00:00,27.5,68,0.0,999.4,16.1,27.6,282,280,19,2,8,4,215,27.9,0.0,29.2,0.0,32.6,0.0,36.6,0.0,27.6,0.0,29.08333333333333,0.0,31.725,0.3000000000000018,30.666666666666668,0.4,-0.3999999999999986,0.0,Tiruchirappalli,26.9,0.0
2024-08-02 20:00:00,27.1,69,0.0,998.7,14.1,25.1,283,283,20,2,8,4,215,27.5,0.0,28.6,0.0,31.3,0.0,36.7,0.0,27.2,0.0,28.38333333333333,0.0,30.925,0.3000000000000018,30.6625,0.4,-0.3999999999999986,0.0,Tiruchirappalli,26.5,0.0
2024-08-02 21:00:00,26.7,70,0.0,998.3,13.3,23.9,282,283,21,2,8,4,215,27.1,0.0,27.9,0.0,30.0,0.0,35.8,0.0,26.7,0.1,27.83333333333333,0.0,30.166666666666668,0.3000000000000018,30.6625,0.3,-0.4000000000000021,0.0,Tiruchirappalli,26.2,0.0
2024-08-02 22:00:00,26.4,71,0.0,998.1,12.9,23.4,281,283,22,2,8,4,215,26.7,0.0,27.5,0.0,29.2,0.0,34.2,0.1,26.6,0.0,27.366666666666664,0.0,29.516666666666666,0.2000000000000018,30.65416666666667,0.3,-0.3000000000000007,0.0,Tiruchirappalli,25.8,0.0
2024-08-02 23:00:00,26.2,72,0.0,998.5,12.2,22.8,282,284,23,2,8,4,215,26.4,0.0,27.1,0.0,28.6,0.0,33.6,0.1,26.8,0.0,26.96666666666667,0.0,28.9,0.1000000000000017,30.629166666666663,0.3,-0.1999999999999993,0.0,Tiruchirappalli,25.5,0.0
2024-08-03 00:00:00,26.1,73,0.0,998.6,12.6,23.9,281,283,0,3,8,5,216,26.2,0.0,26.7,0.0,27.9,0.0,33.3,0.1,26.7,0.0,26.666666666666668,0.0,28.3,0.0,30.604166666666668,0.3,-0.0999999999999978,0.0,Tiruchirappalli,25.2,0.0
2024-08-03 01:00:00,26.5,72,0.0,999.0,12.9,22.4,281,283,1,3,8,5,216,26.1,0.0,26.4,0.0,27.5,0.0,32.6,0.0,26.5,0.0,26.5,0.0,27.791666666666668,0.0,30.604166666666668,0.3,0.3999999999999986,0.0,Tiruchirappalli,25.8,0.0
2024-08-03 02:00:00,27.9,66,0.0,999.6,14.1,20.8,284,285,2,3,8,5,216,26.5,0.0,26.2,0.0,27.1,0.0,31.3,0.0,27.7,0.0,26.633333333333336,0.0,27.508333333333336,0.0,30.6125,0.3,1.3999999999999986,0.0,Tiruchirappalli,27.1,0.0
2024-08-03 03:00:00,29.9,58,0.0,1000.0,15.0,20.8,279,280,3,3,8,5,216,27.9,0.0,26.1,0.0,26.7,0.0,30.0,0.0,29.5,0.0,27.166666666666668,0.0,27.5,0.0,30.629166666666663,0.3,2.0,0.0,Tiruchirappalli,28.8,0.0
2024-08-03 04:00:00,31.8,50,0.0,1000.0,16.3,22.4,274,275,4,3,8,5,216,29.9,0.0,26.5,0.0,26.4,0.0,29.2,0.0,32.1,0.0,28.066666666666663,0.0,27.71666666666667,0.0,30.61666666666667,0.3,1.900000000000002,0.0,Tiruchirappalli,30.5,0.0
2024-08-03 05:00:00,33.4,45,0.0,999.6,15.9,21.3,274,275,5,3,8,5,216,31.8,0.0,27.9,0.0,26.2,0.0,28.6,0.0,33.6,0.0,29.266666666666666,0.0,28.116666666666664,0.0,30.60833333333333,0.3,1.599999999999998,0.0,Tiruchirappalli,32.1,0.0
2024-08-03 06:00:00,35.1,40,0.0,998.8,16.2,22.0,270,271,6,3,8,5,216,33.4,0.0,29.9,0.0,26.1,0.0,27.9,0.0,35.3,0.0,30.766666666666666,0.0,28.71666666666667,0.0,30.6,0.3,1.7000000000000028,0.0,Tiruchirappalli,33.5,0.0
2024-08-03 07:00:00,36.3,36,0.0,997.8,16.9,22.7,268,270,7,3,8,5,216,35.1,0.0,31.8,0.0,26.5,0.0,27.5,0.0,36.6,0.0,32.4,0.0,29.450000000000003,0.0,30.5875,0.3,1.1999999999999955,0.0,Tiruchirappalli,34.7,0.0
2024-08-03 08:00:00,37.5,33,0.0,996.9,18.4,24.9,268,271,8,3,8,5,216,36.3,0.0,33.4,0.0,27.9,0.0,27.1,0.0,36.7,0.0,34.0,0.0,30.316666666666663,0.0,30.620833333333334,0.3,1.2000000000000028,0.0,Tiruchirappalli,35.4,0.0
2024-08-03 09:00:00,36.1,35,0.0,996.0,22.5,30.1,255,254,9,3,8,5,216,37.5,0.0,35.1,0.0,29.9,0.0,26.7,0.0,35.8,0.0,35.03333333333334,0.0,31.1,0.0,30.633333333333336,0.3,-1.3999999999999986,0.0,Tiruchirappalli,35.8,0.0
2024-08-03 10:00:00,35.0,40,0.1,995.7,15.9,21.7,294,298,10,3,8,5,216,36.1,0.0,36.3,0.0,31.8,0.0,26.4,0.0,34.2,0.1,35.56666666666667,0.1,31.816666666666663,0.1000000000000017,30.666666666666668,0.3,-1.1000000000000014,0.1,Tiruchirappalli,35.0,0.0
2024-08-03 11:00:00,34.6,41,0.1,996.2,19.0,26.6,242,241,11,3,8,5,216,35.0,0.1,37.5,0.0,33.4,0.0,26.2,0.0,33.6,0.1,35.766666666666666,0.2,32.516666666666666,0.2000000000000018,30.70833333333333,0.3,-0.3999999999999986,0.0,Tiruchirappalli,34.2,0.0
2024-08-03 12:00:00,32.4,50,0.1,996.8,16.6,23.9,214,210,12,3,8,5,216,34.6,0.1,36.1,0.0,35.1,0.0,26.1,0.0,33.3,0.1,35.31666666666667,0.3,33.041666666666664,0.3000000000000018,30.67083333333333,0.3,-2.200000000000003,0.0,Tiruchirappalli,25.2,5.2
2024-08-03 13:00:00,33.3,44,0.0,997.2,16.0,26.2,257,256,13,3,8,5,216,32.4,0.1,35.0,0.1,36.3,0.0,26.5,0.0,32.6,0.0,34.81666666666666,0.3,33.608333333333334,0.3000000000000018,30.7,0.3,0.8999999999999986,-0.1,Tiruchirappalli,27.4,0.1
2024-08-03 14:00:00,31.8,50,0.0,998.8,16.5,26.7,254,250,14,3,8,5,216,33.3,0.0,34.6,0.1,37.5,0.0,27.9,0.0,31.3,0.0,33.86666666666667,0.3,33.93333333333333,0.3000000000000018,30.72083333333333,0.3,-1.4999999999999964,0.0,Tiruchirappalli,26.9,0.0
2024-08-03 15:00:00,30.4,55,0.0,1000.1,10.6,17.7,237,235,15,3,8,5,216,31.8,0.0,32.4,0.1,36.1,0.0,29.9,0.0,30.0,0.0,32.916666666666664,0.3,33.975,0.3000000000000018,30.7375,0.3,-1.400000000000002,0.0,Tiruchirappalli,25.6,0.4
2024-08-03 16:00:00,29.5,58,0.0,1000.7,9.8,18.1,249,242,16,3,8,5,216,30.4,0.0,33.3,0.0,35.0,0.1,31.8,0.0,29.2,0.0,32.0,0.2,33.78333333333333,0.3000000000000018,30.75,0.3,-0.8999999999999986,0.0,Tiruchirappalli,26.4,0.0
2024-08-03 17:00:00,28.9,60,0.0,1001.1,9.9,18.0,268,260,17,3,8,5,216,29.5,0.0,31.8,0.0,34.6,0.1,33.4,0.0,28.6,0.0,31.05,0.1,33.40833333333334,0.3000000000000018,30.7625,0.3,-0.6000000000000014,0.0,Tiruchirappalli,26.5,0.0
2024-08-03 18:00:00,28.2,63,0.0,1000.8,9.8,18.4,271,264,18,3,8,5,216,28.9,0.0,30.4,0.0,32.4,0.1,35.1,0.0,27.9,0.0,30.35,0.0,32.833333333333336,0.3000000000000018,30.775,0.3,-0.6999999999999993,0.0,Tiruchirappalli,26.0,0.0
2024-08-03 19:00:00,27.7,66,0.0,1000.3,10.1,18.7,272,266,19,3,8,5,216,28.2,0.0,29.5,0.0,33.3,0.0,36.3,0.0,27.5,0.0,29.416666666666668,0.0,32.11666666666667,0.3000000000000018,30.78333333333333,0.3,-0.5,0.0,Tiruchirappalli,25.5,0.0
2024-08-03 20:00:00,27.3,68,0.0,999.9,10.6,19.1,281,280,20,3,8,5,216,27.7,0.0,28.9,0.0,31.8,0.0,37.5,0.0,27.1,0.0,28.666666666666668,0.0,31.266666666666666,0.3000000000000018,30.791666666666668,0.3,-0.3999999999999986,0.0,Tiruchirappalli,25.6,0.0
2024-08-03 21:00:00,27.0,69,0.0,999.3,10.7,20.1,285,284,21,3,8,5,216,27.3,0.0,28.2,0.0,30.4,0.0,36.1,0.0,26.7,0.0,28.1,0.0,30.508333333333336,0.3000000000000018,30.80416666666667,0.3,-0.3000000000000007,0.0,Tiruchirappalli,25.4,0.0
2024-08-03 22:00:00,26.7,71,0.0,999.0,11.3,20.9,281,277,22,3,8,5,216,27.0,0.0,27.7,0.0,29.5,0.0,35.0,0.1,26.4,0.0,27.63333333333333,0.0,29.816666666666663,0.2000000000000018,30.816666666666663,0.3,-0.3000000000000007,0.0,Tiruchirappalli,25.4,0.0
2024-08-03 23:00:00,26.4,72,0.0,999.2,12.4,22.7,280,278,23,3,8,5,216,26.7,0.0,27.3,0.0,28.9,0.0,34.6,0.1,26.2,0.0,27.216666666666665,0.0,29.13333333333333,0.1000000000000017,30.825000000000003,0.3,-0.3000000000000007,0.0,Tiruchirappalli,25.2,0.0
2024-08-04 00:00:00,26.1,74,0.0,999.4,14.6,25.6,281,280,0,4,8,6,217,26.4,0.0,27.0,0.0,28.2,0.0,32.4,0.1,26.1,0.0,26.866666666666664,0.0,28.60833333333333,0.0,30.825,0.3,-0.2999999999999971,0.0,Tiruchirappalli,25.0,0.0
2024-08-04 01:00:00,26.9,73,0.0,999.5,13.6,22.8,282,281,1,4,8,6,217,26.1,0.0,26.7,0.0,27.7,0.0,33.3,0.0,26.5,0.0,26.73333333333333,0.0,28.075,0.0,30.84166666666667,0.3,0.7999999999999972,0.0,Tiruchirappalli,24.9,0.0
2024-08-04 02:00:00,27.9,69,0.0,1000.2,12.7,18.5,278,278,2,4,8,6,217,26.9,0.0,26.4,0.0,27.3,0.0,31.8,0.0,27.9,0.0,26.83333333333333,0.0,27.75,0.0,30.84166666666667,0.3,1.0,0.0,Tiruchirappalli,26.4,0.0
2024-08-04 03:00:00,29.8,62,0.0,1000.5,13.4,18.5,283,284,3,4,8,6,217,27.9,0.0,26.1,0.0,27.0,0.0,30.4,0.0,29.9,0.0,27.3,0.0,27.7,0.0,30.8375,0.3,1.900000000000002,0.0,Tiruchirappalli,28.4,0.0
2024-08-04 04:00:00,31.9,53,0.0,1000.4,16.0,21.6,285,284,4,4,8,6,217,29.8,0.0,26.9,0.0,26.7,0.0,29.5,0.0,31.8,0.0,28.166666666666668,0.0,27.9,0.0,30.841666666666665,0.3,2.099999999999998,0.0,Tiruchirappalli,30.4,0.0
2024-08-04 05:00:00,33.5,47,0.0,1000.1,16.3,22.0,288,288,5,4,8,6,217,31.9,0.0,27.9,0.0,26.4,0.0,28.9,0.0,33.4,0.0,29.35,0.0,28.28333333333333,0.0,30.84583333333333,0.3,1.6000000000000014,0.0,Tiruchirappalli,32.2,0.0
2024-08-04 06:00:00,34.8,43,0.0,999.2,15.3,20.5,294,294,6,4,8,6,217,33.5,0.0,29.8,0.0,26.1,0.0,28.2,0.0,35.1,0.0,30.8,0.0,28.83333333333333,0.0,30.83333333333333,0.3,1.2999999999999972,0.0,Tiruchirappalli,33.5,0.0
2024-08-04 07:00:00,35.2,40,0.0,998.2,14.4,19.1,292,292,7,4,8,6,217,34.8,0.0,31.9,0.0,26.9,0.0,27.7,0.0,36.3,0.0,32.18333333333333,0.0,29.45833333333333,0.0,30.7875,0.3,0.4000000000000057,0.0,Tiruchirappalli,34.4,0.0
2024-08-04 08:00:00,35.6,39,0.0,997.0,13.2,17.7,297,299,8,4,8,6,217,35.2,0.0,33.5,0.0,27.9,0.0,27.3,0.0,37.5,0.0,33.46666666666667,0.0,30.149999999999995,0.0,30.70833333333333,0.3,0.3999999999999986,0.0,Tiruchirappalli,34.8,0.1
2024-08-04 09:00:00,35.4,39,0.0,996.0,11.6,15.4,303,306,9,4,8,6,217,35.6,0.0,34.8,0.0,29.8,0.0,27.0,0.0,36.1,0.0,34.4,0.0,30.85,0.0,30.679166666666664,0.3,-0.2000000000000028,0.0,Tiruchirappalli,35.2,0.1
2024-08-04 10:00:00,36.1,38,0.0,995.2,8.5,10.7,315,324,10,4,8,6,217,35.4,0.0,35.2,0.0,31.9,0.0,26.7,0.0,35.0,0.1,35.1,0.0,31.633333333333336,0.0,30.725,0.2,0.7000000000000028,0.0,Tiruchirappalli,35.0,0.0
2024-08-04 11:00:00,36.4,38,0.0,994.9,7.6,9.5,307,315,11,4,8,6,217,36.1,0.0,35.6,0.0,33.5,0.0,26.4,0.0,34.6,0.1,35.583333333333336,0.0,32.46666666666667,0.0,30.8,0.1,0.2999999999999971,0.0,Tiruchirappalli,34.8,0.0
2024-08-04 12:00:00,30.5,62,1.3,996.5,10.4,17.7,276,290,12,4,8,6,217,36.4,0.0,35.4,0.0,34.8,0.0,26.1,0.0,32.4,0.1,34.86666666666667,1.3,32.833333333333336,1.3000000000000018,30.72083333333333,1.3,-5.899999999999999,1.3,Tiruchirappalli,33.3,0.0
2024-08-04 13:00:00,34.1,40,0.0,996.0,9.4,17.7,268,266,13,4,8,6,217,30.5,1.3,36.1,0.0,35.2,0.0,26.9,0.0,33.3,0.0,34.68333333333334,1.3,33.43333333333334,1.3000000000000018,30.754166666666663,1.3,3.6000000000000014,-1.3,Tiruchirappalli,28.5,2.1
2024-08-04 14:00:00,32.6,46,0.0,997.2,12.8,24.1,261,259,14,4,8,6,217,34.1,0.0,36.4,0.0,35.6,0.0,27.9,0.0,31.8,0.0,34.18333333333333,1.3,33.825,1.3000000000000018,30.7875,1.3,-1.5,0.0,Tiruchirappalli,26.1,9.7
2024-08-04 15:00:00,32.0,49,0.0,998.4,13.7,23.8,271,270,15,4,8,6,217,32.6,0.0,30.5,1.3,35.4,0.0,29.8,0.0,30.4,0.0,33.61666666666667,1.3,34.00833333333333,1.3000000000000018,30.854166666666668,1.3,-0.6000000000000014,0.0,Tiruchirappalli,25.9,4.0
2024-08-04 16:00:00,30.8,56,0.0,999.6,17.3,28.5,273,274,16,4,8,6,217,32.0,0.0,34.1,0.0,36.1,0.0,31.9,0.0,29.5,0.0,32.733333333333334,1.3,33.916666666666664,1.3000000000000018,30.90833333333333,1.3,-1.1999999999999993,0.0,Tiruchirappalli,25.7,0.2
2024-08-04 17:00:00,29.7,60,0.1,1000.1,12.8,23.1,265,260,17,4,8,6,217,30.8,0.0,32.6,0.0,36.4,0.0,33.5,0.0,28.9,0.0,31.61666666666667,1.4,33.6,1.400000000000002,30.941666666666663,1.4,-1.1000000000000014,0.1,Tiruchirappalli,25.5,0.1
2024-08-04 18:00:00,26.6,79,6.5,1001.0,5.2,8.2,218,164,18,4,8,6,217,29.7,0.1,32.0,0.0,30.5,1.3,34.8,0.0,28.2,0.0,30.96666666666667,6.6,32.916666666666664,7.900000000000002,30.875,7.9,-3.099999999999998,6.4,Tiruchirappalli,25.4,0.1
2024-08-04 19:00:00,24.9,94,9.2,1001.2,4.2,8.7,246,200,19,4,8,6,217,26.6,6.5,30.8,0.0,34.1,0.0,35.2,0.0,27.7,0.0,29.433333333333334,15.8,32.05833333333333,17.1,30.758333333333336,17.1,-1.7000000000000028,2.7,Tiruchirappalli,25.2,0.0
2024-08-04 20:00:00,24.3,92,1.5,1000.2,13.0,23.1,211,204,20,4,8,6,217,24.9,9.2,29.7,0.1,32.6,0.0,35.6,0.0,27.3,0.0,28.05,17.299999999999997,31.11666666666667,18.6,30.63333333333333,18.6,-0.5999999999999979,-7.699999999999999,Tiruchirappalli,24.9,0.0
2024-08-04 21:00:00,24.6,89,0.1,999.5,11.6,21.9,216,216,21,4,8,6,217,24.3,1.5,26.6,6.5,32.0,0.0,35.4,0.0,27.0,0.0,26.816666666666663,17.4,30.21666666666667,18.700000000000003,30.53333333333333,18.7,0.3000000000000007,-1.4,Tiruchirappalli,24.6,0.0
2024-08-04 22:00:00,24.7,89,0.1,999.0,5.9,14.8,223,232,22,4,8,6,217,24.6,0.1,24.9,9.2,30.8,0.0,36.1,0.0,26.7,0.0,25.8,17.5,29.266666666666666,18.8,30.450000000000003,18.8,0.0999999999999978,0.0,Tiruchirappalli,24.2,0.0
2024-08-04 23:00:00,24.6,90,0.0,998.8,6.8,13.9,239,245,23,4,8,6,217,24.7,0.1,24.3,1.5,29.7,0.1,36.4,0.0,26.4,0.0,24.95,17.4,28.28333333333333,18.8,30.375,18.8,-0.0999999999999978,-0.1,Tiruchirappalli,24.3,0.0
2024-08-05 00:00:00,24.4,92,0.0,998.9,4.6,11.8,247,231,0,5,8,0,218,24.6,0.0,24.6,0.1,26.6,6.5,30.5,1.3,26.1,0.0,24.58333333333333,10.9,27.775,17.5,30.30416666666667,18.8,-0.2000000000000028,0.0,Tiruchirappalli,24.7,0.0
2024-08-05 01:00:00,25.4,92,1.3,1000.0,5.1,9.7,255,219,1,5,8,0,218,24.4,0.0,24.7,0.1,24.9,9.2,34.1,0.0,26.9,0.0,24.666666666666668,3.0,27.05,18.8,30.241666666666664,20.1,1.0,1.3,Tiruchirappalli,25.0,0.0
2024-08-05 02:00:00,26.0,87,0.1,1000.0,7.1,10.8,266,255,2,5,8,0,218,25.4,1.3,24.6,0.0,24.3,1.5,32.6,0.0,27.9,0.0,24.95,1.6,26.5,18.9,30.1625,20.2,0.6000000000000014,-1.2,Tiruchirappalli,26.5,0.0
2024-08-05 03:00:00,27.4,78,0.0,1000.6,7.6,10.6,280,278,3,5,8,0,218,26.0,0.1,24.4,0.0,24.6,0.1,32.0,0.0,29.8,0.0,25.416666666666668,1.5,26.116666666666664,18.9,30.0625,20.2,1.3999999999999986,-0.1,Tiruchirappalli,28.2,0.0
2024-08-05 04:00:00,29.1,68,0.0,1000.8,8.1,10.8,300,302,4,5,8,0,218,27.4,0.0,25.4,1.3,24.7,0.1,30.8,0.0,31.9,0.0,26.15,1.4,25.975,18.9,29.945833333333336,20.2,1.7000000000000028,0.0,Tiruchirappalli,29.9,0.0
2024-08-05 05:00:00,31.3,59,0.0,1000.6,7.9,10.2,315,317,5,5,8,0,218,29.1,0.0,26.0,0.1,24.6,0.0,29.7,0.1,33.5,0.0,27.266666666666666,1.4,26.10833333333333,18.800000000000004,29.854166666666668,20.2,2.2,0.0,Tiruchirappalli,31.4,0.0
2024-08-05 06:00:00,32.6,54,0.0,1000.1,5.9,7.7,319,322,6,5,8,0,218,31.3,0.0,27.4,0.0,24.4,0.0,26.6,6.5,34.8,0.0,28.633333333333336,1.4,26.60833333333333,12.3,29.7625,20.2,1.3000000000000007,0.0,Tiruchirappalli,32.9,0.0
2024-08-05 07:00:00,33.6,49,0.0,999.1,6.6,8.1,328,331,7,5,8,0,218,32.6,0.0,29.1,0.0,25.4,1.3,24.9,9.2,35.2,0.0,30.0,0.1,27.33333333333333,3.100000000000002,29.695833333333336,20.2,1.0,0.0,Tiruchirappalli,33.9,0.0
2024-08-05 08:00:00,34.4,47,0.0,997.6,7.1,8.9,317,319,8,5,8,0,218,33.6,0.0,31.3,0.0,26.0,0.1,24.3,1.5,35.6,0.0,31.399999999999995,0.0,28.175,1.600000000000002,29.64583333333333,20.2,0.7999999999999972,0.0,Tiruchirappalli,34.6,0.0
2024-08-05 09:00:00,35.2,44,0.0,996.1,6.8,8.6,327,335,9,5,8,0,218,34.4,0.0,32.6,0.0,27.4,0.0,24.6,0.1,35.4,0.0,32.7,0.0,29.058333333333334,1.5000000000000018,29.637500000000003,20.2,0.8000000000000043,0.0,Tiruchirappalli,35.1,0.0
2024-08-05 10:00:00,35.4,43,0.0,995.5,5.4,6.5,6,8,10,5,8,0,218,35.2,0.0,33.6,0.0,29.1,0.0,24.7,0.1,36.1,0.0,33.75,0.0,29.95,1.400000000000002,29.60833333333333,20.2,0.1999999999999957,0.0,Tiruchirappalli,33.7,0.6
2024-08-05 11:00:00,33.0,50,0.2,995.6,7.1,8.6,303,294,11,5,8,0,218,35.4,0.0,34.4,0.0,31.3,0.0,24.6,0.0,36.4,0.0,34.03333333333334,0.2,30.65,1.600000000000002,29.46666666666667,20.4,-2.3999999999999986,0.2,Tiruchirappalli,31.8,0.1
2024-08-05 12:00:00,28.9,68,0.1,997.1,17.4,28.2,247,243,12,5,8,0,218,33.0,0.2,35.2,0.0,32.6,0.0,24.4,0.0,30.5,1.3,33.416666666666664,0.3,31.024999999999995,1.700000000000002,29.4,19.2,-4.100000000000001,-0.1,Tiruchirappalli,27.0,2.4
2024-08-05 13:00:00,31.8,52,0.0,997.0,12.3,21.2,215,212,13,5,8,0,218,28.9,0.1,35.4,0.0,33.6,0.0,25.4,1.3,34.1,0.0,33.11666666666667,0.3,31.558333333333334,0.4000000000000018,29.30416666666667,19.2,2.900000000000002,-0.1,Tiruchirappalli,29.2,0.1
2024-08-05 14:00:00,28.9,66,0.0,998.3,18.8,31.7,195,192,14,5,8,0,218,31.8,0.0,33.0,0.2,34.4,0.0,26.0,0.1,32.6,0.0,32.2,0.3,31.8,0.3000000000000018,29.15,19.2,-2.900000000000002,0.0,Tiruchirappalli,27.6,0.0
2024-08-05 15:00:00,28.0,72,0.0,999.2,13.4,30.3,196,194,15,5,8,0,218,28.9,0.0,28.9,0.1,35.2,0.0,27.4,0.0,32.0,0.0,31.0,0.3,31.850000000000005,0.3000000000000018,28.98333333333333,19.2,-0.8999999999999986,0.0,Tiruchirappalli,27.1,0.0
2024-08-05 16:00:00,27.5,74,0.0,1000.5,16.0,28.3,202,203,16,5,8,0,218,28.0,0.0,31.8,0.0,35.4,0.0,29.1,0.0,30.8,0.0,29.683333333333334,0.3,31.71666666666667,0.3000000000000018,28.84583333333333,19.2,-0.5,0.0,Tiruchirappalli,26.8,0.0
2024-08-05 17:00:00,25.7,85,0.1,1000.8,14.2,26.5,201,201,17,5,8,0,218,27.5,0.0,28.9,0.0,33.0,0.2,31.3,0.0,29.7,0.1,28.466666666666665,0.2,31.25,0.4000000000000018,28.679166666666664,19.200000000000003,-1.8000000000000007,0.1,Tiruchirappalli,26.4,0.0
2024-08-05 18:00:00,25.7,86,0.0,1000.1,11.5,22.8,218,221,18,5,8,0,218,25.7,0.1,28.0,0.0,28.9,0.1,32.6,0.0,26.6,6.5,27.933333333333334,0.1,30.675,0.4000000000000018,28.641666666666666,12.7,0.0,-0.1,Tiruchirappalli,26.5,0.0
2024-08-05 19:00:00,25.8,83,0.0,999.4,7.0,13.1,217,215,19,5,8,0,218,25.7,0.0,27.5,0.0,31.8,0.0,33.6,0.0,24.9,9.2,26.933333333333334,0.1,30.025,0.4000000000000018,28.679166666666664,3.5,0.1000000000000014,0.0,Tiruchirappalli,26.2,0.0
2024-08-05 20:00:00,25.5,85,0.0,998.7,5.0,10.2,231,210,20,5,8,0,218,25.8,0.0,25.7,0.1,28.9,0.0,34.4,0.0,24.3,1.5,26.366666666666664,0.1,29.28333333333333,0.4000000000000018,28.729166666666668,2.0,-0.3000000000000007,0.0,Tiruchirappalli,26.2,0.0
2024-08-05 21:00:00,25.5,85,0.0,998.0,7.1,15.9,266,246,21,5,8,0,218,25.5,0.0,25.7,0.0,28.0,0.0,35.2,0.0,24.6,0.1,25.95,0.1,28.475,0.4000000000000018,28.766666666666666,1.9,0.0,0.0,Tiruchirappalli,26.3,0.0
2024-08-05 22:00:00,26.4,75,0.0,997.9,12.3,23.4,270,267,22,5,8,0,218,25.5,0.0,25.8,0.0,27.5,0.0,35.4,0.0,24.7,0.1,25.766666666666666,0.1,27.725,0.4000000000000018,28.837499999999995,1.8,0.8999999999999986,0.0,Tiruchirappalli,26.0,0.0
2024-08-05 23:00:00,26.3,74,0.0,997.8,10.9,21.2,280,279,23,5,8,0,218,26.4,0.0,25.5,0.0,25.7,0.1,33.0,0.2,24.6,0.0,25.86666666666667,0.0,27.166666666666668,0.2000000000000018,28.90833333333333,1.8,-0.0999999999999978,0.0,Tiruchirappalli,25.8,0.0
2024-08-06 00:00:00,26.0,76,0.0,997.8,10.4,20.2,286,284,0,6,8,1,219,26.3,0.0,25.5,0.0,25.7,0.0,28.9,0.1,24.4,0.0,25.916666666666668,0.0,26.925,0.1000000000000017,28.975,1.8,-0.3000000000000007,0.0,Tiruchirappalli,25.7,0.0
2024-08-06 01:00:00,26.2,78,0.0,998.4,10.5,18.8,282,278,1,6,8,1,219,26.0,0.0,26.4,0.0,25.8,0.0,31.8,0.0,25.4,1.3,25.98333333333333,0.0,26.45833333333333,0.1000000000000017,29.008333333333336,0.5,0.1999999999999993,0.0,Tiruchirappalli,25.5,0.0
2024-08-06 02:00:00,27.2,74,0.0,998.9,12.3,17.7,276,273,2,6,8,1,219,26.2,0.0,26.3,0.0,25.5,0.0,28.9,0.0,26.0,0.1,26.266666666666666,0.0,26.316666666666663,0.1000000000000017,29.058333333333334,0.4,1.0,0.0,Tiruchirappalli,26.7,0.0
2024-08-06 03:00:00,28.9,66,0.0,999.0,12.5,17.3,282,282,3,6,8,1,219,27.2,0.0,26.0,0.0,25.5,0.0,28.0,0.0,27.4,0.0,26.83333333333333,0.0,26.391666666666666,0.1000000000000017,29.120833333333334,0.4,1.6999999999999993,0.0,Tiruchirappalli,28.2,0.0
2024-08-06 04:00:00,30.4,60,0.0,999.0,14.0,18.8,287,288,4,6,8,1,219,28.9,0.0,26.2,0.0,26.4,0.0,27.5,0.0,29.1,0.0,27.5,0.0,26.63333333333333,0.1000000000000017,29.175,0.4,1.5,0.0,Tiruchirappalli,30.1,0.0
2024-08-06 05:00:00,31.9,55,0.0,998.6,13.5,18.2,295,295,5,6,8,1,219,30.4,0.0,27.2,0.0,26.3,0.0,25.7,0.1,31.3,0.0,28.433333333333334,0.0,27.15,0.0,29.200000000000003,0.4,1.5,0.0,Tiruchirappalli,31.6,0.0
2024-08-06 06:00:00,33.4,50,0.0,998.1,12.6,16.3,305,307,6,6,8,1,219,31.9,0.0,28.9,0.0,26.0,0.0,25.7,0.0,32.6,0.0,29.666666666666668,0.0,27.791666666666668,0.0,29.23333333333333,0.4,1.5,0.0,Tiruchirappalli,32.6,0.0
2024-08-06 07:00:00,34.4,47,0.0,997.4,11.8,15.4,307,310,7,6,8,1,219,33.4,0.0,30.4,0.0,26.2,0.0,25.8,0.0,33.6,0.0,31.03333333333333,0.0,28.50833333333333,0.0,29.266666666666666,0.4,1.0,0.0,Tiruchirappalli,33.4,0.0
2024-08-06 08:00:00,34.8,45,0.0,996.4,10.4,13.5,312,314,8,6,8,1,219,34.4,0.0,31.9,0.0,27.2,0.0,25.5,0.0,34.4,0.0,32.300000000000004,0.0,29.28333333333333,0.0,29.28333333333333,0.4,0.3999999999999986,0.0,Tiruchirappalli,33.7,0.0
2024-08-06 09:00:00,34.9,44,0.0,995.5,7.4,9.7,315,317,9,6,8,1,219,34.8,0.0,33.4,0.0,28.9,0.0,25.5,0.0,35.2,0.0,33.300000000000004,0.0,30.066666666666663,0.0,29.27083333333333,0.4,0.1000000000000014,0.0,Tiruchirappalli,33.8,0.0
2024-08-06 10:00:00,34.7,44,0.0,994.7,8.7,10.7,303,300,10,6,8,1,219,34.9,0.0,34.4,0.0,30.4,0.0,26.4,0.0,35.4,0.0,34.016666666666666,0.0,30.758333333333336,0.0,29.241666666666664,0.4,-0.1999999999999957,0.0,Tiruchirappalli,33.9,0.0
2024-08-06 11:00:00,30.2,66,0.0,994.9,15.7,22.1,236,238,11,6,8,1,219,34.7,0.0,34.8,0.0,31.9,0.0,26.3,0.0,33.0,0.2,33.73333333333333,0.0,31.08333333333333,0.0,29.125,0.2,-4.500000000000004,0.0,Tiruchirappalli,33.0,0.3
2024-08-06 12:00:00,29.5,69,0.0,995.7,7.7,10.7,250,242,12,6,8,1,219,30.2,0.0,34.9,0.0,33.4,0.0,26.0,0.0,28.9,0.1,33.083333333333336,0.0,31.375,0.0,29.15,0.1,-0.6999999999999993,0.0,Tiruchirappalli,28.7,1.6
2024-08-06 13:00:00,29.1,66,0.3,996.5,9.6,15.3,219,200,13,6,8,1,219,29.5,0.0,34.7,0.0,34.4,0.0,26.2,0.0,31.8,0.0,32.2,0.3,31.61666666666667,0.3000000000000017,29.0375,0.4,-0.3999999999999986,0.3,Tiruchirappalli,31.5,0.0
2024-08-06 14:00:00,26.0,87,2.0,997.5,12.6,20.1,165,156,14,6,8,1,219,29.1,0.3,30.2,0.0,34.8,0.0,27.2,0.0,28.9,0.0,30.73333333333333,2.3,31.51666666666667,2.3000000000000016,28.916666666666668,2.4,-3.1000000000000014,1.7,Tiruchirappalli,29.0,1.5
2024-08-06 15:00:00,26.1,88,0.0,998.8,8.7,17.5,166,163,15,6,8,1,219,26.0,2.0,29.5,0.0,34.9,0.0,28.9,0.0,28.0,0.0,29.266666666666666,2.3,31.28333333333333,2.3000000000000016,28.837499999999995,2.4,0.1000000000000014,-2.0,Tiruchirappalli,27.7,0.6
2024-08-06 16:00:00,25.2,96,6.1,1000.2,8.0,14.5,173,175,16,6,8,1,219,26.1,0.0,29.1,0.3,34.7,0.0,30.4,0.0,27.5,0.0,27.683333333333334,8.399999999999999,30.85,8.400000000000002,28.741666666666664,8.5,-0.9000000000000021,6.1,Tiruchirappalli,27.3,0.0
2024-08-06 17:00:00,25.1,97,0.4,1000.1,4.9,10.5,196,197,17,6,8,1,219,25.2,6.1,26.0,2.0,30.2,0.0,31.9,0.0,25.7,0.1,26.83333333333333,8.799999999999999,30.28333333333333,8.8,28.71666666666667,8.8,-0.0999999999999978,-5.699999999999999,Tiruchirappalli,27.2,0.0
2024-08-06 18:00:00,25.3,97,0.9,999.9,1.4,6.4,223,270,18,6,8,1,219,25.1,0.4,26.1,0.0,29.5,0.0,33.4,0.0,25.7,0.0,26.133333333333336,9.7,29.60833333333333,9.7,28.7,9.7,0.1999999999999993,0.5,Tiruchirappalli,26.9,0.0
2024-08-06 19:00:00,25.2,98,0.3,999.4,2.4,7.6,245,243,19,6,8,1,219,25.3,0.9,25.2,6.1,29.1,0.3,34.4,0.0,25.8,0.0,25.48333333333333,9.7,28.84166666666667,10.000000000000002,28.675,10.0,-0.1000000000000014,-0.6000000000000001,Tiruchirappalli,26.3,0.0
2024-08-06 20:00:00,25.0,96,0.0,998.5,4.0,13.6,282,275,20,6,8,1,219,25.2,0.3,25.1,0.4,26.0,2.0,34.8,0.0,25.5,0.0,25.316666666666663,7.699999999999999,28.025,10.000000000000002,28.65416666666667,10.0,-0.1999999999999993,-0.3,Tiruchirappalli,26.1,0.0
2024-08-06 21:00:00,25.0,93,0.0,998.0,6.9,15.7,281,279,21,6,8,1,219,25.0,0.0,25.3,0.9,26.1,0.0,34.9,0.0,25.5,0.0,25.133333333333336,7.699999999999999,27.2,10.000000000000002,28.633333333333336,10.0,0.0,0.0,Tiruchirappalli,25.5,0.1
2024-08-06 22:00:00,24.9,92,0.0,997.6,8.8,18.2,278,282,22,6,8,1,219,25.0,0.0,25.2,0.3,25.2,6.1,34.7,0.0,26.4,0.0,25.08333333333333,1.6,26.38333333333333,10.000000000000002,28.57083333333333,10.0,-0.1000000000000014,0.0,Tiruchirappalli,25.2,0.0
2024-08-06 23:00:00,24.9,91,0.0,997.8,8.3,17.8,278,272,23,6,8,1,219,24.9,0.0,25.0,0.0,25.1,0.4,30.2,0.0,26.3,0.0,25.05,1.2000000000000002,25.941666666666663,10.000000000000002,28.5125,10.0,0.0,0.0,Tiruchirappalli,25.0,0.1
2024-08-07 00:00:00,24.9,91,0.0,998.0,8.0,17.0,274,265,0,7,8,2,220,24.9,0.0,25.0,0.0,25.3,0.9,29.5,0.0,26.0,0.0,24.98333333333333,0.3,25.558333333333334,10.000000000000002,28.466666666666665,10.0,0.0,0.0,Tiruchirappalli,25.1,0.1
2024-08-07 01:00:00,24.9,94,0.2,998.3,9.3,17.3,266,254,1,7,8,2,220,24.9,0.0,24.9,0.0,25.2,0.3,29.1,0.3,26.2,0.0,24.933333333333334,0.2,25.20833333333333,9.9,28.412500000000005,10.2,0.0,0.2,Tiruchirappalli,25.1,0.0
2024-08-07 02:00:00,25.8,91,0.0,998.9,9.2,18.4,282,281,2,7,8,2,220,24.9,0.2,24.9,0.0,25.0,0.0,26.0,2.0,27.2,0.0,25.066666666666663,0.2,25.191666666666663,7.900000000000001,28.354166666666668,10.2,0.9000000000000021,-0.2,Tiruchirappalli,26.1,0.0
2024-08-07 03:00:00,27.1,83,0.0,999.4,10.0,14.1,285,285,3,7,8,2,220,25.8,0.0,24.9,0.0,25.0,0.0,26.1,0.0,28.9,0.0,25.416666666666668,0.2,25.275,7.900000000000001,28.27916666666667,10.2,1.3000000000000007,0.0,Tiruchirappalli,27.5,0.0
2024-08-07 04:00:00,28.7,73,0.0,999.4,10.2,14.1,289,288,4,7,8,2,220,27.1,0.0,24.9,0.2,24.9,0.0,25.2,6.1,30.4,0.0,26.05,0.2,25.566666666666663,1.8000000000000018,28.20833333333333,10.2,1.599999999999998,0.0,Tiruchirappalli,28.9,0.0
2024-08-07 05:00:00,30.9,62,0.0,999.3,10.4,13.8,290,290,5,7,8,2,220,28.7,0.0,25.8,0.0,24.9,0.0,25.1,0.4,31.9,0.0,27.05,0.2,26.05,1.4000000000000017,28.166666666666668,10.2,2.2,0.0,Tiruchirappalli,30.0,0.0
2024-08-07 06:00:00,32.0,57,0.0,998.9,10.0,12.9,283,285,6,7,8,2,220,30.9,0.0,27.1,0.0,24.9,0.0,25.3,0.9,33.4,0.0,28.23333333333333,0.2,26.60833333333333,0.5000000000000018,28.10833333333333,10.2,1.1000000000000014,0.0,Tiruchirappalli,30.9,0.0
2024-08-07 07:00:00,32.9,53,0.0,997.9,9.3,11.9,284,286,7,7,8,2,220,32.0,0.0,28.7,0.0,24.9,0.2,25.2,0.3,34.4,0.0,29.566666666666663,0.0,27.25,0.2000000000000018,28.04583333333333,10.2,0.8999999999999986,0.0,Tiruchirappalli,32.0,0.0
2024-08-07 08:00:00,33.5,49,0.0,996.5,9.8,13.0,298,298,8,7,8,2,220,32.9,0.0,30.9,0.0,25.8,0.0,25.0,0.0,34.8,0.0,30.85,0.0,27.95833333333333,0.2000000000000018,27.99166666666667,10.2,0.6000000000000014,0.0,Tiruchirappalli,33.3,0.0
2024-08-07 09:00:00,34.0,47,0.0,995.5,9.3,12.1,297,298,9,7,8,2,220,33.5,0.0,32.0,0.0,27.1,0.0,25.0,0.0,34.9,0.0,32.0,0.0,28.70833333333333,0.2000000000000018,27.954166666666666,10.2,0.5,0.0,Tiruchirappalli,33.5,0.0
2024-08-07 10:00:00,34.3,45,0.0,994.9,6.6,8.8,289,292,10,7,8,2,220,34.0,0.0,32.9,0.0,28.7,0.0,24.9,0.0,34.7,0.0,32.93333333333333,0.0,29.49166666666667,0.2000000000000018,27.9375,10.2,0.2999999999999971,0.0,Tiruchirappalli,33.4,0.0
2024-08-07 11:00:00,33.5,45,0.0,995.2,10.5,14.1,266,264,11,7,8,2,220,34.3,0.0,33.5,0.0,30.9,0.0,24.9,0.0,30.2,0.0,33.36666666666667,0.0,30.20833333333333,0.2000000000000018,28.075,10.2,-0.7999999999999972,0.0,Tiruchirappalli,33.1,0.0
2024-08-07 12:00:00,29.5,67,0.4,996.3,12.3,18.7,251,255,12,7,8,2,220,33.5,0.0,34.0,0.0,32.0,0.0,24.9,0.0,29.5,0.0,32.95,0.4,30.59166666666667,0.6000000000000019,28.075,10.6,-4.0,0.4,Tiruchirappalli,29.3,3.0
2024-08-07 13:00:00,30.8,57,0.0,997.3,12.3,21.4,299,302,13,7,8,2,220,29.5,0.4,34.3,0.0,32.9,0.0,24.9,0.2,29.1,0.3,32.6,0.4,31.08333333333333,0.4000000000000018,28.14583333333333,10.3,1.3000000000000007,-0.4,Tiruchirappalli,30.6,0.0
2024-08-07 14:00:00,28.0,70,0.0,998.1,11.3,19.5,289,287,14,7,8,2,220,30.8,0.0,33.5,0.0,33.5,0.0,25.8,0.0,26.0,2.0,31.683333333333334,0.4,31.266666666666666,0.4000000000000018,28.229166666666668,8.299999999999999,-2.8000000000000007,0.0,Tiruchirappalli,30.0,0.0
2024-08-07 15:00:00,27.0,74,0.0,999.2,7.3,14.4,274,279,15,7,8,2,220,28.0,0.0,29.5,0.4,34.0,0.0,27.1,0.0,26.1,0.0,30.516666666666666,0.4,31.25833333333333,0.4000000000000018,28.26666666666667,8.299999999999999,-1.0,0.0,Tiruchirappalli,28.8,1.0
2024-08-07 16:00:00,27.2,75,0.0,999.6,3.3,12.2,270,257,16,7,8,2,220,27.0,0.0,30.8,0.0,34.3,0.0,28.7,0.0,25.2,6.1,29.33333333333333,0.4,31.133333333333336,0.4000000000000018,28.35,2.2,0.1999999999999993,0.0,Tiruchirappalli,27.0,0.9
2024-08-07 17:00:00,27.0,76,0.0,999.9,5.2,14.9,263,245,17,7,8,2,220,27.2,0.0,28.0,0.0,33.5,0.0,30.9,0.0,25.1,0.4,28.25,0.4,30.808333333333337,0.4000000000000018,28.429166666666664,1.8000000000000005,-0.1999999999999993,0.0,Tiruchirappalli,24.7,8.5
2024-08-07 18:00:00,27.1,76,0.0,999.9,10.1,19.5,275,268,18,7,8,2,220,27.0,0.0,27.0,0.0,29.5,0.4,32.0,0.0,25.3,0.9,27.850000000000005,0.0,30.4,0.4000000000000018,28.504166666666663,0.9,0.1000000000000014,0.0,Tiruchirappalli,24.7,1.6
2024-08-07 19:00:00,26.9,76,0.0,999.5,10.4,19.5,275,270,19,7,8,2,220,27.1,0.0,27.2,0.0,30.8,0.0,32.9,0.0,25.2,0.3,27.2,0.0,29.9,0.4000000000000018,28.575,0.6000000000000001,-0.2000000000000028,0.0,Tiruchirappalli,24.4,2.7
2024-08-07 20:00:00,26.5,78,0.0,998.5,11.6,21.1,279,275,20,7,8,2,220,26.9,0.0,27.0,0.0,28.0,0.0,33.5,0.0,25.0,0.0,26.95,0.0,29.316666666666663,0.4000000000000018,28.6375,0.6000000000000001,-0.3999999999999986,0.0,Tiruchirappalli,24.2,3.2
2024-08-07 21:00:00,26.2,79,0.0,997.9,11.9,21.8,279,273,21,7,8,2,220,26.5,0.0,27.1,0.0,27.0,0.0,34.0,0.0,25.0,0.0,26.816666666666663,0.0,28.666666666666668,0.4000000000000018,28.6875,0.6000000000000001,-0.3000000000000007,0.0,Tiruchirappalli,24.3,0.1
2024-08-07 22:00:00,25.8,82,0.0,997.7,10.8,20.3,276,272,22,7,8,2,220,26.2,0.0,26.9,0.0,27.2,0.0,34.3,0.0,24.9,0.0,26.58333333333333,0.0,27.95833333333333,0.4000000000000018,28.725,0.6000000000000001,-0.3999999999999986,0.0,Tiruchirappalli,24.0,0.0
2024-08-07 23:00:00,25.5,84,0.0,998.3,10.4,19.6,277,272,23,7,8,2,220,25.8,0.0,26.5,0.0,27.0,0.0,33.5,0.0,24.9,0.0,26.33333333333333,0.0,27.291666666666668,0.4000000000000018,28.75,0.6000000000000001,-0.3000000000000007,0.0,Tiruchirappalli,24.0,0.0
2024-08-08 00:00:00,25.2,85,0.0,998.8,10.1,19.2,276,272,0,8,8,3,221,25.5,0.0,26.2,0.0,27.1,0.0,29.5,0.4,24.9,0.0,26.016666666666666,0.0,26.933333333333334,0.0,28.762500000000003,0.6000000000000001,-0.3000000000000007,0.0,Tiruchirappalli,23.9,0.0
2024-08-08 01:00:00,25.8,82,0.0,999.3,11.5,20.3,277,274,1,8,8,3,221,25.2,0.0,25.8,0.0,26.9,0.0,30.8,0.0,24.9,0.2,25.83333333333333,0.0,26.51666666666667,0.0,28.8,0.4,0.6000000000000014,0.0,Tiruchirappalli,25.0,0.0
2024-08-08 02:00:00,27.1,77,0.0,1000.1,11.1,16.3,284,283,2,8,8,3,221,25.8,0.0,25.5,0.0,26.5,0.0,28.0,0.0,25.8,0.0,25.933333333333337,0.0,26.441666666666663,0.0,28.854166666666668,0.4,1.3000000000000007,0.0,Tiruchirappalli,26.1,0.0
2024-08-08 03:00:00,28.8,68,0.0,1000.2,13.0,17.9,289,289,3,8,8,3,221,27.1,0.0,25.2,0.0,26.2,0.0,27.0,0.0,27.1,0.0,26.366666666666664,0.0,26.59166666666667,0.0,28.925,0.4,1.6999999999999993,0.0,Tiruchirappalli,27.7,0.0
2024-08-08 04:00:00,30.5,61,0.0,1000.3,12.6,16.8,293,294,4,8,8,3,221,28.8,0.0,25.8,0.0,25.8,0.0,27.2,0.0,28.7,0.0,27.15,0.0,26.866666666666664,0.0,29.0,0.4,1.6999999999999993,0.0,Tiruchirappalli,29.4,0.0
2024-08-08 05:00:00,32.1,56,0.0,1000.0,11.4,15.1,288,288,5,8,8,3,221,30.5,0.0,27.1,0.0,25.5,0.0,27.0,0.0,30.9,0.0,28.25,0.0,27.291666666666668,0.0,29.05,0.4,1.6000000000000014,0.0,Tiruchirappalli,30.8,0.0
2024-08-08 06:00:00,33.5,50,0.0,999.2,11.3,14.7,287,287,6,8,8,3,221,32.1,0.0,28.8,0.0,25.2,0.0,27.1,0.0,32.0,0.0,29.633333333333336,0.0,27.825000000000003,0.0,29.1125,0.4,1.3999999999999986,0.0,Tiruchirappalli,32.0,0.0
2024-08-08 07:00:00,34.7,46,0.0,998.3,12.1,15.5,288,287,7,8,8,3,221,33.5,0.0,30.5,0.0,25.8,0.0,26.9,0.0,32.9,0.0,31.11666666666667,0.0,28.475,0.0,29.1875,0.4,1.2000000000000028,0.0,Tiruchirappalli,32.7,0.1
2024-08-08 08:00:00,35.4,43,0.0,996.8,11.0,14.5,293,293,8,8,8,3,221,34.7,0.0,32.1,0.0,27.1,0.0,26.5,0.0,33.5,0.0,32.50000000000001,0.0,29.216666666666665,0.0,29.266666666666666,0.4,0.6999999999999957,0.0,Tiruchirappalli,33.3,0.0
2024-08-08 09:00:00,35.8,41,0.0,996.0,11.5,14.9,302,302,9,8,8,3,221,35.4,0.0,33.5,0.0,28.8,0.0,26.2,0.0,34.0,0.0,33.666666666666664,0.0,30.016666666666666,0.0,29.341666666666665,0.4,0.3999999999999986,0.0,Tiruchirappalli,33.3,0.0
2024-08-08 10:00:00,35.0,43,0.0,995.5,9.6,12.4,300,304,10,8,8,3,221,35.8,0.0,34.7,0.0,30.5,0.0,25.8,0.0,34.3,0.0,34.416666666666664,0.0,30.78333333333333,0.0,29.370833333333334,0.4,-0.7999999999999972,0.0,Tiruchirappalli,30.8,1.6
2024-08-08 11:00:00,34.2,45,0.0,995.8,9.2,12.1,297,291,11,8,8,3,221,35.0,0.0,35.4,0.0,32.1,0.0,25.5,0.0,33.5,0.0,34.766666666666666,0.0,31.50833333333333,0.0,29.4,0.4,-0.7999999999999972,0.0,Tiruchirappalli,29.7,0.4
2024-08-08 12:00:00,25.2,89,5.2,997.7,13.6,26.6,240,230,12,8,8,3,221,34.2,0.0,35.8,0.0,33.5,0.0,25.2,0.0,29.5,0.4,33.38333333333333,5.2,31.508333333333336,5.200000000000002,29.22083333333333,5.2,-9.000000000000004,5.2,Tiruchirappalli,30.3,0.0
2024-08-08 13:00:00,27.4,75,0.1,998.5,9.9,20.8,242,226,13,8,8,3,221,25.2,5.2,35.0,0.0,34.7,0.0,25.8,0.0,30.8,0.0,32.166666666666664,5.3,31.641666666666666,5.300000000000002,29.079166666666666,5.3,2.2,-5.1000000000000005,Tiruchirappalli,30.0,0.0
2024-08-08 14:00:00,26.9,76,0.0,999.3,14.2,23.4,241,234,14,8,8,3,221,27.4,0.1,34.2,0.0,35.4,0.0,27.1,0.0,28.0,0.0,30.75,5.3,31.625,5.300000000000002,29.03333333333333,5.3,-0.5,-0.1,Tiruchirappalli,28.9,0.0
2024-08-08 15:00:00,25.6,86,0.4,1000.1,13.7,25.3,253,247,15,8,8,3,221,26.9,0.0,25.2,5.2,35.8,0.0,28.8,0.0,27.0,0.0,29.05,5.7,31.35833333333333,5.700000000000002,28.975,5.7,-1.2999999999999972,0.4,Tiruchirappalli,28.6,0.0
2024-08-08 16:00:00,26.4,81,0.0,1000.3,16.4,29.0,259,255,16,8,8,3,221,25.6,0.4,27.4,0.1,35.0,0.0,30.5,0.0,27.2,0.0,27.61666666666667,5.7,31.016666666666666,5.700000000000002,28.941666666666663,5.7,0.7999999999999972,-0.4,Tiruchirappalli,27.8,0.0
2024-08-08 17:00:00,26.5,78,0.0,1001.0,12.1,21.9,247,243,17,8,8,3,221,26.4,0.0,26.9,0.0,34.2,0.0,32.1,0.0,27.0,0.0,26.33333333333333,5.7,30.55,5.700000000000002,28.92083333333333,5.7,0.1000000000000014,0.0,Tiruchirappalli,27.2,0.0
2024-08-08 18:00:00,26.0,83,0.0,1000.6,7.4,15.0,228,223,18,8,8,3,221,26.5,0.0,25.6,0.4,25.2,5.2,33.5,0.0,27.1,0.0,26.46666666666667,0.5,29.925,5.700000000000002,28.875,5.7,-0.5,0.0,Tiruchirappalli,26.6,0.0
2024-08-08 19:00:00,25.5,87,0.0,1000.0,5.2,12.6,250,245,19,8,8,3,221,26.0,0.0,26.4,0.0,27.4,0.1,34.7,0.0,26.9,0.0,26.15,0.4,29.15833333333333,5.700000000000002,28.816666666666663,5.7,-0.5,0.0,Tiruchirappalli,26.1,0.1
2024-08-08 20:00:00,25.6,84,0.0,999.1,5.7,13.2,253,235,20,8,8,3,221,25.5,0.0,26.5,0.0,26.9,0.0,35.4,0.0,26.5,0.0,25.933333333333334,0.4,28.34166666666667,5.700000000000002,28.77916666666667,5.7,0.1000000000000014,0.0,Tiruchirappalli,25.3,1.2
2024-08-08 21:00:00,25.4,81,0.0,998.7,4.7,13.4,276,274,21,8,8,3,221,25.6,0.0,26.0,0.0,25.6,0.4,35.8,0.0,26.2,0.0,25.9,0.0,27.475,5.700000000000002,28.745833333333334,5.7,-0.2000000000000028,0.0,Tiruchirappalli,25.6,0.2
2024-08-08 22:00:00,25.4,79,0.0,998.7,7.2,15.9,274,264,22,8,8,3,221,25.4,0.0,25.5,0.0,26.4,0.0,35.0,0.0,25.8,0.0,25.73333333333333,0.0,26.675,5.700000000000002,28.729166666666668,5.7,0.0,0.0,Tiruchirappalli,25.2,0.0
2024-08-08 23:00:00,25.2,80,0.0,998.9,9.8,19.5,282,278,23,8,8,3,221,25.4,0.0,25.6,0.0,26.5,0.0,34.2,0.0,25.5,0.0,25.516666666666666,0.0,25.925,5.700000000000002,28.71666666666667,5.7,-0.1999999999999993,0.0,Tiruchirappalli,24.8,0.0
2024-08-09 00:00:00,25.0,82,0.0,999.2,9.5,19.7,285,281,0,9,8,4,222,25.2,0.0,25.4,0.0,26.0,0.0,25.2,5.2,25.2,0.0,25.35,0.0,25.90833333333333,0.5000000000000018,28.70833333333333,5.7,-0.1999999999999993,0.0,Tiruchirappalli,24.6,0.0
2024-08-09 01:00:00,24.9,87,0.0,999.4,12.7,22.8,282,278,1,9,8,4,222,25.0,0.0,25.4,0.0,25.5,0.0,27.4,0.1,25.8,0.0,25.25,0.0,25.7,0.4000000000000018,28.67083333333333,5.7,-0.1000000000000014,0.0,Tiruchirappalli,25.3,0.0
2024-08-09 02:00:00,26.4,81,0.0,999.9,10.3,16.2,283,282,2,9,8,4,222,24.9,0.0,25.2,0.0,25.6,0.0,26.9,0.0,27.1,0.0,25.38333333333333,0.0,25.65833333333333,0.4000000000000018,28.641666666666666,5.7,1.5,0.0,Tiruchirappalli,26.4,0.0
2024-08-09 03:00:00,28.4,72,0.0,1000.1,10.7,15.3,289,290,3,9,8,4,222,26.4,0.0,25.0,0.0,25.4,0.0,25.6,0.4,28.8,0.0,25.883333333333336,0.0,25.891666666666666,0.0,28.625,5.7,2.0,0.0,Tiruchirappalli,27.9,0.0
2024-08-09 04:00:00,30.4,63,0.0,1000.0,12.1,16.1,297,297,4,9,8,4,222,28.4,0.0,24.9,0.0,25.4,0.0,26.4,0.0,30.5,0.0,26.716666666666665,0.0,26.225,0.0,28.620833333333337,5.7,2.0,0.0,Tiruchirappalli,29.3,0.0
2024-08-09 05:00:00,32.2,55,0.0,999.6,12.4,16.6,300,300,5,9,8,4,222,30.4,0.0,26.4,0.0,25.2,0.0,26.5,0.0,32.1,0.0,27.883333333333336,0.0,26.700000000000003,0.0,28.625,5.7,1.8000000000000045,0.0,Tiruchirappalli,30.6,0.0
2024-08-09 06:00:00,33.5,51,0.0,998.8,11.4,15.1,295,294,6,9,8,4,222,32.2,0.0,28.4,0.0,25.0,0.0,26.0,0.0,33.5,0.0,29.3,0.0,27.325000000000003,0.0,28.625,5.7,1.2999999999999972,0.0,Tiruchirappalli,31.6,0.0
2024-08-09 07:00:00,34.4,48,0.0,998.0,11.5,14.7,292,290,7,9,8,4,222,33.5,0.0,30.4,0.0,24.9,0.0,25.5,0.0,34.7,0.0,30.883333333333336,0.0,28.066666666666663,0.0,28.6125,5.7,0.8999999999999986,0.0,Tiruchirappalli,32.5,0.0
2024-08-09 08:00:00,34.8,46,0.1,997.4,12.3,16.3,292,291,8,9,8,4,222,34.4,0.0,32.2,0.0,26.4,0.0,25.6,0.0,35.4,0.0,32.28333333333333,0.1,28.83333333333333,0.1000000000000017,28.5875,5.8,0.3999999999999986,0.1,Tiruchirappalli,31.9,0.1
2024-08-09 09:00:00,35.2,45,0.1,996.5,12.8,16.6,292,292,9,9,8,4,222,34.8,0.1,33.5,0.0,28.4,0.0,25.4,0.0,35.8,0.0,33.416666666666664,0.2,29.65,0.2000000000000018,28.5625,5.9,0.4000000000000057,0.0,Tiruchirappalli,29.3,0.5
2024-08-09 10:00:00,35.0,44,0.0,996.0,11.1,14.7,295,295,10,9,8,4,222,35.2,0.1,34.4,0.0,30.4,0.0,25.4,0.0,35.0,0.0,34.18333333333334,0.2,30.45,0.2000000000000018,28.5625,5.9,-0.2000000000000028,-0.1,Tiruchirappalli,27.2,0.3
2024-08-09 11:00:00,34.8,45,0.0,995.9,9.1,12.3,302,304,11,9,8,4,222,35.0,0.0,34.8,0.1,32.2,0.0,25.2,0.0,34.2,0.0,34.61666666666667,0.2,31.25,0.2000000000000018,28.5875,5.9,-0.2000000000000028,0.0,Tiruchirappalli,28.8,0.1
2024-08-09 12:00:00,33.3,50,0.0,996.6,11.9,17.3,269,267,12,9,8,4,222,34.8,0.0,35.2,0.1,33.5,0.0,25.0,0.0,25.2,5.2,34.583333333333336,0.2,31.941666666666663,0.2000000000000018,28.925,0.7,-1.5,0.0,Tiruchirappalli,28.7,0.0
2024-08-09 13:00:00,28.5,73,2.1,997.7,10.9,17.3,258,253,13,9,8,4,222,33.3,0.0,35.0,0.0,34.4,0.0,24.9,0.0,27.4,0.1,33.6,2.3000000000000003,32.24166666666667,2.300000000000002,28.97083333333333,2.7,-4.799999999999997,2.1,Tiruchirappalli,30.2,0.0
2024-08-09 14:00:00,26.1,94,9.7,999.5,6.6,11.6,234,202,14,9,8,4,222,28.5,2.1,34.8,0.0,34.8,0.1,26.4,0.0,26.9,0.0,32.15,11.9,32.21666666666666,12.000000000000002,28.9375,12.4,-2.3999999999999986,7.6,Tiruchirappalli,29.0,0.0
2024-08-09 15:00:00,25.9,94,4.0,1000.6,3.3,8.2,255,221,15,9,8,4,222,26.1,9.7,33.3,0.0,35.2,0.1,28.4,0.0,25.6,0.4,30.599999999999994,15.8,32.00833333333333,16.0,28.95,15.999999999999998,-0.2000000000000028,-5.699999999999999,Tiruchirappalli,26.1,4.7
2024-08-09 16:00:00,25.7,96,0.2,1001.1,5.9,12.0,237,232,16,9,8,4,222,25.9,4.0,28.5,2.1,35.0,0.0,30.4,0.0,26.4,0.0,29.05,15.999999999999998,31.61666666666667,16.200000000000003,28.92083333333333,16.2,-0.1999999999999993,-3.8,Tiruchirappalli,25.4,1.5
2024-08-09 17:00:00,25.5,95,0.1,1001.8,8.4,14.6,254,260,17,9,8,4,222,25.7,0.2,26.1,9.7,34.8,0.0,32.2,0.0,26.5,0.0,27.5,16.099999999999998,31.058333333333334,16.3,28.879166666666663,16.299999999999997,-0.1999999999999993,-0.1,Tiruchirappalli,24.9,10.7
2024-08-09 18:00:00,25.4,95,0.1,1001.6,6.8,11.5,274,267,18,9,8,4,222,25.5,0.1,25.9,4.0,33.3,0.0,33.5,0.0,26.0,0.0,26.183333333333334,16.2,30.38333333333333,16.400000000000002,28.854166666666668,16.4,-0.1000000000000014,0.0,Tiruchirappalli,24.8,1.7
2024-08-09 19:00:00,25.2,94,0.0,1000.9,6.2,12.2,284,277,19,9,8,4,222,25.4,0.1,25.7,0.2,28.5,2.1,34.4,0.0,25.5,0.0,25.633333333333336,14.099999999999998,29.616666666666664,16.400000000000002,28.84166666666667,16.4,-0.1999999999999993,-0.1,Tiruchirappalli,24.9,0.1
2024-08-09 20:00:00,24.9,93,0.0,1000.2,9.1,17.2,259,252,20,9,8,4,222,25.2,0.0,25.5,0.1,26.1,9.7,34.8,0.1,25.6,0.0,25.433333333333334,4.399999999999999,28.791666666666668,16.3,28.8125,16.4,-0.3000000000000007,0.0,Tiruchirappalli,24.8,0.0
2024-08-09 21:00:00,24.6,93,0.0,999.6,8.6,16.4,261,255,21,9,8,4,222,24.9,0.0,25.4,0.1,25.9,4.0,35.2,0.1,25.4,0.0,25.21666666666667,0.3999999999999982,27.90833333333333,16.200000000000003,28.77916666666667,16.4,-0.2999999999999971,0.0,Tiruchirappalli,24.5,0.0
2024-08-09 22:00:00,24.2,94,0.0,999.2,7.9,15.9,266,254,22,9,8,4,222,24.6,0.0,25.2,0.0,25.7,0.2,35.0,0.0,25.4,0.0,24.966666666666665,0.1999999999999982,27.00833333333333,16.200000000000003,28.729166666666668,16.4,-0.4000000000000021,0.0,Tiruchirappalli,24.6,0.0
2024-08-09 23:00:00,24.3,94,0.0,999.5,8.7,17.6,281,277,23,9,8,4,222,24.2,0.0,24.9,0.0,25.5,0.1,34.8,0.0,25.2,0.0,24.766666666666666,0.0999999999999982,26.13333333333333,16.200000000000003,28.691666666666663,16.4,0.1000000000000014,0.0,Tiruchirappalli,24.2,0.0
2024-08-10 00:00:00,24.7,92,0.0,999.5,10.5,20.1,285,278,0,10,8,5,223,24.3,0.0,24.6,0.0,25.4,0.1,33.3,0.0,25.0,0.0,24.65,0.0,25.41666666666666,16.200000000000003,28.679166666666664,16.4,0.3999999999999986,0.0,Tiruchirappalli,24.2,0.0
2024-08-10 01:00:00,25.0,89,0.0,999.5,13.4,23.8,295,294,1,10,8,5,223,24.7,0.0,24.2,0.0,25.2,0.0,28.5,2.1,24.9,0.0,24.616666666666664,0.0,25.125,14.1,28.683333333333334,16.4,0.3000000000000007,0.0,Tiruchirappalli,24.7,0.0
2024-08-10 02:00:00,26.5,83,0.0,1000.1,10.3,15.7,286,282,2,10,8,5,223,25.0,0.0,24.3,0.0,24.9,0.0,26.1,9.7,26.4,0.0,24.88333333333333,0.0,25.15833333333333,4.400000000000002,28.6875,16.4,1.5,0.0,Tiruchirappalli,25.6,0.0
2024-08-10 03:00:00,28.2,76,0.0,1000.7,10.9,15.3,279,279,3,10,8,5,223,26.5,0.0,24.7,0.0,24.6,0.0,25.9,4.0,28.4,0.0,25.48333333333333,0.0,25.350000000000005,0.4000000000000018,28.67916666666667,16.4,1.6999999999999993,0.0,Tiruchirappalli,27.1,0.0
2024-08-10 04:00:00,29.9,68,0.0,1000.6,12.9,17.1,288,288,4,10,8,5,223,28.2,0.0,25.0,0.0,24.2,0.0,25.7,0.2,30.4,0.0,26.433333333333337,0.0,25.7,0.2000000000000018,28.65833333333333,16.4,1.6999999999999993,0.0,Tiruchirappalli,28.9,0.0
2024-08-10 05:00:00,31.4,62,0.0,1000.3,11.7,15.6,289,288,5,10,8,5,223,29.9,0.0,26.5,0.0,24.3,0.0,25.5,0.1,32.2,0.0,27.616666666666664,0.0,26.191666666666663,0.1000000000000017,28.625,16.4,1.5,0.0,Tiruchirappalli,30.0,0.0
2024-08-10 06:00:00,32.9,56,0.0,999.6,10.8,14.3,288,285,6,10,8,5,223,31.4,0.0,28.2,0.0,24.7,0.0,25.4,0.1,33.5,0.0,28.98333333333333,0.0,26.816666666666663,0.0,28.6,16.4,1.5,0.0,Tiruchirappalli,30.8,0.1
2024-08-10 07:00:00,33.9,53,0.0,998.6,9.3,12.1,287,286,7,10,8,5,223,32.9,0.0,29.9,0.0,25.0,0.0,25.2,0.0,34.4,0.0,30.46666666666667,0.0,27.541666666666668,0.0,28.579166666666666,16.4,1.0,0.0,Tiruchirappalli,32.4,0.1
2024-08-10 08:00:00,34.6,50,0.0,997.2,6.9,8.9,297,298,8,10,8,5,223,33.9,0.0,31.4,0.0,26.5,0.0,24.9,0.0,34.8,0.1,31.816666666666663,0.0,28.35,0.0,28.57083333333333,16.299999999999997,0.7000000000000028,0.0,Tiruchirappalli,33.0,0.1
2024-08-10 09:00:00,35.1,49,0.0,995.9,6.1,7.7,311,310,9,10,8,5,223,34.6,0.0,32.9,0.0,28.2,0.0,24.6,0.0,35.2,0.1,32.96666666666666,0.0,29.225,0.0,28.566666666666663,16.2,0.5,0.0,Tiruchirappalli,33.4,0.1
2024-08-10 10:00:00,33.7,53,0.6,996.0,4.5,5.4,250,241,10,10,8,5,223,35.1,0.0,33.9,0.0,29.9,0.0,24.2,0.0,35.0,0.0,33.6,0.5999999999999982,30.01666666666667,0.6000000000000018,28.512500000000003,16.799999999999997,-1.3999999999999986,0.6,Tiruchirappalli,33.6,0.0
2024-08-10 11:00:00,31.8,58,0.1,996.0,3.1,3.6,276,291,11,10,8,5,223,33.7,0.6,34.6,0.0,31.4,0.0,24.3,0.0,34.8,0.0,33.666666666666664,0.6999999999999982,30.641666666666666,0.7000000000000017,28.3875,16.9,-1.900000000000002,-0.5,Tiruchirappalli,33.1,0.1
2024-08-10 12:00:00,27.0,89,2.4,997.7,15.3,24.3,243,243,12,10,8,5,223,31.8,0.1,35.1,0.0,32.9,0.0,24.7,0.0,33.3,0.0,32.68333333333333,3.099999999999998,30.83333333333333,3.1000000000000014,28.125,19.3,-4.800000000000001,2.3,Tiruchirappalli,32.1,0.0
2024-08-10 13:00:00,29.2,68,0.1,996.8,9.2,16.0,188,169,13,10,8,5,223,27.0,2.4,33.7,0.6,33.9,0.0,25.0,0.0,28.5,2.1,31.9,3.1999999999999984,31.183333333333337,3.200000000000002,28.15416666666667,17.299999999999997,2.2,-2.3,Tiruchirappalli,30.2,0.0
2024-08-10 14:00:00,27.6,78,0.0,997.5,10.9,17.8,144,134,14,10,8,5,223,29.2,0.1,31.8,0.1,34.6,0.0,26.5,0.0,26.1,9.7,30.73333333333333,3.1999999999999984,31.275,3.200000000000002,28.21666666666667,7.599999999999998,-1.599999999999998,-0.1,Tiruchirappalli,29.3,0.0
2024-08-10 15:00:00,27.1,80,0.0,998.3,8.9,16.9,156,153,15,10,8,5,223,27.6,0.0,27.0,2.4,35.1,0.0,28.2,0.0,25.9,4.0,29.4,3.1999999999999984,31.183333333333334,3.200000000000002,28.266666666666666,3.5999999999999983,-0.5,0.0,Tiruchirappalli,28.5,0.0
2024-08-10 16:00:00,26.8,81,0.0,999.0,4.6,12.8,170,162,16,10,8,5,223,27.1,0.0,29.2,0.1,33.7,0.6,29.9,0.0,25.7,0.2,28.25,2.5999999999999983,30.925,3.200000000000002,28.3125,3.399999999999998,-0.3000000000000007,0.0,Tiruchirappalli,28.0,0.0
2024-08-10 17:00:00,26.4,87,0.0,999.5,4.7,9.0,217,261,17,10,8,5,223,26.8,0.0,27.6,0.0,31.8,0.1,31.4,0.0,25.5,0.1,27.350000000000005,2.4999999999999982,30.508333333333336,3.200000000000002,28.35,3.2999999999999985,-0.4000000000000021,0.0,Tiruchirappalli,27.4,0.0
2024-08-10 18:00:00,26.5,86,0.0,999.1,4.3,8.9,256,270,18,10,8,5,223,26.4,0.0,27.1,0.0,27.0,2.4,32.9,0.0,25.4,0.1,27.26666666666667,0.0999999999999982,29.975,3.200000000000002,28.39583333333333,3.1999999999999984,0.1000000000000014,0.0,Tiruchirappalli,26.9,0.0
2024-08-10 19:00:00,26.2,87,0.0,998.6,3.4,8.4,310,342,19,10,8,5,223,26.5,0.0,26.8,0.0,29.2,0.1,33.9,0.0,25.2,0.0,26.766666666666666,0.0,29.33333333333333,3.200000000000002,28.4375,3.1999999999999984,-0.3000000000000007,0.0,Tiruchirappalli,26.6,0.0
2024-08-10 20:00:00,26.2,85,0.0,997.9,4.0,12.9,288,297,20,10,8,5,223,26.2,0.0,26.4,0.0,27.6,0.0,34.6,0.0,24.9,0.0,26.53333333333333,0.0,28.63333333333333,3.200000000000002,28.491666666666664,3.1999999999999984,0.0,0.0,Tiruchirappalli,26.0,0.0
2024-08-10 21:00:00,26.3,83,0.0,997.4,6.2,15.3,285,291,21,10,8,5,223,26.2,0.0,26.5,0.0,27.1,0.0,35.1,0.0,24.6,0.0,26.4,0.0,27.9,3.200000000000002,28.5625,3.1999999999999984,0.1000000000000014,0.0,Tiruchirappalli,25.8,0.0
2024-08-10 22:00:00,26.0,84,0.0,996.9,6.6,14.9,285,283,22,10,8,5,223,26.3,0.0,26.2,0.0,26.8,0.0,33.7,0.6,24.2,0.0,26.266666666666666,0.0,27.25833333333333,2.600000000000002,28.6375,3.1999999999999984,-0.3000000000000007,0.0,Tiruchirappalli,25.4,0.0
2024-08-10 23:00:00,25.8,85,0.0,996.8,8.0,17.2,281,275,23,10,8,5,223,26.0,0.0,26.2,0.0,26.4,0.0,31.8,0.1,24.3,0.0,26.166666666666668,0.0,26.758333333333336,2.5000000000000018,28.700000000000003,3.1999999999999984,-0.1999999999999993,0.0,Tiruchirappalli,25.7,0.0
2024-08-11 00:00:00,25.7,86,0.0,997.2,8.3,17.8,278,272,0,11,8,6,224,25.8,0.0,26.3,0.0,26.5,0.0,27.0,2.4,24.7,0.0,26.03333333333333,0.0,26.65,0.1000000000000017,28.741666666666664,3.1999999999999984,-0.1000000000000014,0.0,Tiruchirappalli,25.3,0.0
2024-08-11 01:00:00,25.5,85,0.0,998.3,8.7,16.6,288,287,1,11,8,6,224,25.7,0.0,26.0,0.0,26.2,0.0,29.2,0.1,25.0,0.0,25.916666666666668,0.0,26.341666666666665,0.0,28.7625,3.1999999999999984,-0.1999999999999993,0.0,Tiruchirappalli,26.0,0.0
2024-08-11 02:00:00,26.7,80,0.0,999.0,8.3,12.7,278,275,2,11,8,6,224,25.5,0.0,25.8,0.0,26.2,0.0,27.6,0.0,26.5,0.0,26.0,0.0,26.266666666666666,0.0,28.77083333333333,3.1999999999999984,1.1999999999999993,0.0,Tiruchirappalli,27.2,0.0
2024-08-11 03:00:00,28.2,74,0.0,999.0,8.7,11.7,288,287,3,11,8,6,224,26.7,0.0,25.7,0.0,26.3,0.0,27.1,0.0,28.2,0.0,26.316666666666663,0.0,26.35833333333333,0.0,28.77083333333333,3.1999999999999984,1.5,0.0,Tiruchirappalli,28.7,0.1
2024-08-11 04:00:00,30.1,67,0.0,999.1,4.7,6.0,303,302,4,11,8,6,224,28.2,0.0,25.5,0.0,26.0,0.0,26.8,0.0,29.9,0.0,27.0,0.0,26.63333333333333,0.0,28.77916666666667,3.1999999999999984,1.900000000000002,0.0,Tiruchirappalli,30.2,0.0
2024-08-11 05:00:00,31.6,61,0.0,998.1,1.0,1.5,315,315,5,11,8,6,224,30.1,0.0,26.7,0.0,25.8,0.0,26.4,0.0,31.4,0.0,27.966666666666665,0.0,27.066666666666663,0.0,28.7875,3.1999999999999984,1.5,0.0,Tiruchirappalli,31.6,0.0
2024-08-11 06:00:00,32.6,57,0.0,997.3,1.8,2.3,288,281,6,11,8,6,224,31.6,0.0,28.2,0.0,25.7,0.0,26.5,0.0,32.9,0.0,29.116666666666664,0.0,27.575,0.0,28.775,3.1999999999999984,1.0,0.0,Tiruchirappalli,32.7,0.0
2024-08-11 07:00:00,33.4,55,0.0,996.3,0.4,1.3,304,270,7,11,8,6,224,32.6,0.0,30.1,0.0,25.5,0.0,26.2,0.0,33.9,0.0,30.433333333333334,0.0,28.175,0.0,28.754166666666663,3.1999999999999984,0.7999999999999972,0.0,Tiruchirappalli,33.3,0.2
2024-08-11 08:00:00,33.7,54,0.0,995.3,1.6,1.5,45,63,8,11,8,6,224,33.4,0.0,31.6,0.0,26.7,0.0,26.2,0.0,34.6,0.0,31.600000000000005,0.0,28.8,0.0,28.71666666666667,3.1999999999999984,0.3000000000000042,0.0,Tiruchirappalli,32.9,0.2
2024-08-11 09:00:00,33.8,54,0.0,994.2,4.5,4.8,103,104,9,11,8,6,224,33.7,0.0,32.6,0.0,28.2,0.0,26.3,0.0,35.1,0.0,32.53333333333333,0.0,29.425,0.0,28.6625,3.1999999999999984,0.0999999999999943,0.0,Tiruchirappalli,32.3,0.1
2024-08-11 10:00:00,33.9,54,0.0,993.4,4.8,5.5,113,117,10,11,8,6,224,33.8,0.0,33.4,0.0,30.1,0.0,26.0,0.0,33.7,0.6,33.166666666666664,0.0,30.08333333333333,0.0,28.67083333333333,2.5999999999999983,0.1000000000000014,0.0,Tiruchirappalli,29.7,4.8
2024-08-11 11:00:00,33.0,57,0.3,993.4,3.9,5.6,117,112,11,11,8,6,224,33.9,0.0,33.7,0.0,31.6,0.0,25.8,0.0,31.8,0.1,33.4,0.2999999999999982,30.683333333333334,0.3000000000000017,28.72083333333333,2.799999999999998,-0.8999999999999986,0.3,Tiruchirappalli,30.5,0.2
2024-08-11 12:00:00,28.7,81,1.6,994.3,11.5,18.3,122,129,12,11,8,6,224,33.0,0.3,33.8,0.0,32.6,0.0,25.7,0.0,27.0,2.4,32.75,1.8999999999999984,30.933333333333334,1.900000000000002,28.791666666666668,1.9999999999999984,-4.300000000000001,1.3,Tiruchirappalli,28.9,7.7
2024-08-11 13:00:00,31.5,68,0.0,994.3,2.3,2.5,180,198,13,11,8,6,224,28.7,1.6,33.9,0.0,33.4,0.0,25.5,0.0,29.2,0.1,32.43333333333333,1.8999999999999984,31.433333333333334,1.900000000000002,28.8875,1.899999999999998,2.8000000000000007,-1.6,Tiruchirappalli,30.1,0.0
2024-08-11 14:00:00,29.0,74,1.5,996.0,12.6,19.6,186,185,14,11,8,6,224,31.5,0.0,33.0,0.3,33.7,0.0,26.7,0.0,27.6,0.0,31.649999999999995,3.3999999999999986,31.625,3.400000000000002,28.945833333333336,3.399999999999998,-2.5,1.5,Tiruchirappalli,29.0,0.0
2024-08-11 15:00:00,27.7,81,0.6,996.6,2.7,9.7,165,113,15,11,8,6,224,29.0,1.5,28.7,1.6,33.8,0.0,28.2,0.0,27.1,0.0,30.633333333333336,3.9999999999999982,31.58333333333333,4.000000000000002,28.97083333333333,3.9999999999999982,-1.3000000000000007,-0.9,Tiruchirappalli,28.2,0.0
2024-08-11 16:00:00,27.3,83,0.0,997.0,9.4,18.5,193,184,16,11,8,6,224,27.7,0.6,31.5,0.0,33.9,0.0,30.1,0.0,26.8,0.0,29.53333333333333,3.9999999999999982,31.35,4.000000000000002,28.991666666666664,3.9999999999999982,-0.3999999999999986,-0.6,Tiruchirappalli,27.4,0.0
2024-08-11 17:00:00,27.2,82,0.0,997.6,8.1,17.0,201,193,17,11,8,6,224,27.3,0.0,29.0,1.5,33.0,0.3,31.6,0.0,26.4,0.0,28.566666666666663,3.6999999999999984,30.98333333333333,4.000000000000002,29.025,3.9999999999999982,-0.1000000000000014,0.0,Tiruchirappalli,27.5,0.0
2024-08-11 18:00:00,26.9,85,0.0,997.6,3.6,7.1,246,264,18,11,8,6,224,27.2,0.0,27.7,0.6,28.7,1.6,32.6,0.0,26.5,0.0,28.26666666666667,2.099999999999998,30.508333333333336,4.000000000000002,29.041666666666668,3.9999999999999982,-0.3000000000000007,0.0,Tiruchirappalli,26.3,0.0
2024-08-11 19:00:00,26.3,89,0.0,997.3,2.3,4.1,135,108,19,11,8,6,224,26.9,0.0,27.3,0.0,31.5,0.0,33.4,0.0,26.2,0.0,27.4,2.099999999999998,29.916666666666668,4.000000000000002,29.04583333333333,3.9999999999999982,-0.5999999999999979,0.0,Tiruchirappalli,26.3,0.0
2024-08-11 20:00:00,26.1,91,0.0,997.1,2.3,5.5,157,129,20,11,8,6,224,26.3,0.0,27.2,0.0,29.0,1.5,33.7,0.0,26.2,0.0,26.916666666666668,0.5999999999999982,29.28333333333333,4.000000000000002,29.041666666666668,3.9999999999999982,-0.1999999999999993,0.0,Tiruchirappalli,25.8,0.0
2024-08-11 21:00:00,25.5,95,0.1,996.6,2.3,3.3,96,51,21,11,8,6,224,26.1,0.0,26.9,0.0,27.7,0.6,33.8,0.0,26.3,0.0,26.55,0.0999999999999982,28.591666666666665,4.100000000000002,29.008333333333336,4.099999999999998,-0.6000000000000014,0.1,Tiruchirappalli,25.6,0.0
2024-08-11 22:00:00,25.2,96,0.0,996.6,4.0,8.0,100,95,22,11,8,6,224,25.5,0.1,26.3,0.0,27.3,0.0,33.9,0.0,26.0,0.0,26.200000000000003,0.0999999999999982,27.86666666666667,4.100000000000002,28.975000000000005,4.099999999999998,-0.3000000000000007,-0.1,Tiruchirappalli,25.3,0.0
2024-08-11 23:00:00,25.0,97,0.1,997.0,2.9,7.1,120,97,23,11,8,6,224,25.2,0.0,26.1,0.0,27.2,0.0,33.0,0.3,25.8,0.0,25.83333333333333,0.1999999999999982,27.200000000000003,3.900000000000002,28.941666666666663,4.199999999999998,-0.1999999999999993,0.1,Tiruchirappalli,25.0,0.0
2024-08-12 00:00:00,25.1,97,0.1,997.1,1.6,3.5,114,63,0,12,8,0,225,25.0,0.1,25.5,0.1,26.9,0.0,28.7,1.6,25.7,0.0,25.53333333333333,0.2999999999999982,26.9,2.4000000000000017,28.916666666666668,4.299999999999998,0.1000000000000014,0.0,Tiruchirappalli,24.8,0.0
2024-08-12 01:00:00,25.1,95,0.0,997.6,5.8,10.8,272,266,1,12,8,0,225,25.1,0.1,25.2,0.0,26.3,0.0,31.5,0.0,25.5,0.0,25.33333333333333,0.2999999999999982,26.36666666666667,2.400000000000002,28.9,4.299999999999998,0.0,-0.1,Tiruchirappalli,25.9,0.0
2024-08-12 02:00:00,26.1,88,0.0,998.0,7.1,9.4,317,319,2,12,8,0,225,25.1,0.0,25.0,0.1,26.1,0.0,29.0,1.5,26.7,0.0,25.33333333333333,0.2999999999999982,26.125,0.9000000000000018,28.875,4.299999999999998,1.0,0.0,Tiruchirappalli,27.4,0.0
2024-08-12 03:00:00,27.5,80,0.0,998.0,5.6,7.2,27,27,3,12,8,0,225,26.1,0.0,25.1,0.1,25.5,0.1,27.7,0.6,28.2,0.0,25.666666666666668,0.1999999999999982,26.10833333333333,0.3000000000000018,28.84583333333333,4.299999999999998,1.3999999999999986,0.0,Tiruchirappalli,28.8,0.0
2024-08-12 04:00:00,28.9,73,0.0,997.9,3.9,4.9,17,22,4,12,8,0,225,27.5,0.0,25.1,0.0,25.2,0.0,27.3,0.0,30.1,0.0,26.28333333333333,0.1999999999999982,26.24166666666667,0.3000000000000018,28.79583333333333,4.299999999999998,1.3999999999999986,0.0,Tiruchirappalli,30.0,0.0
2024-08-12 05:00:00,30.0,68,0.0,997.6,1.5,1.9,338,346,5,12,8,0,225,28.9,0.0,26.1,0.0,25.0,0.1,27.2,0.0,31.6,0.0,27.11666666666667,0.0999999999999982,26.475,0.3000000000000018,28.729166666666668,4.299999999999998,1.1000000000000014,0.0,Tiruchirappalli,31.4,0.0
2024-08-12 06:00:00,30.9,64,0.0,996.8,2.9,3.7,281,277,6,12,8,0,225,30.0,0.0,27.5,0.0,25.1,0.1,26.9,0.0,32.6,0.0,28.08333333333333,0.0,26.808333333333334,0.3000000000000018,28.65833333333333,4.299999999999998,0.8999999999999986,0.0,Tiruchirappalli,32.8,0.0
2024-08-12 07:00:00,32.0,61,0.0,995.7,3.0,3.4,288,284,7,12,8,0,225,30.9,0.0,28.9,0.0,25.1,0.0,26.3,0.0,33.4,0.0,29.23333333333333,0.0,27.28333333333333,0.3000000000000018,28.600000000000005,4.299999999999998,1.1000000000000014,0.0,Tiruchirappalli,33.6,0.0
2024-08-12 08:00:00,33.3,57,0.0,994.8,1.1,1.1,288,288,8,12,8,0,225,32.0,0.0,30.0,0.0,26.1,0.0,26.1,0.0,33.7,0.0,30.433333333333334,0.0,27.883333333333336,0.3000000000000018,28.58333333333333,4.299999999999998,1.2999999999999972,0.0,Tiruchirappalli,34.3,0.0
2024-08-12 09:00:00,33.5,57,0.0,993.9,0.5,0.8,333,315,9,12,8,0,225,33.3,0.0,30.9,0.0,27.5,0.0,25.5,0.1,33.8,0.0,31.433333333333334,0.0,28.55,0.2000000000000018,28.570833333333336,4.299999999999998,0.2000000000000028,0.0,Tiruchirappalli,34.1,0.0
2024-08-12 10:00:00,33.4,57,0.0,993.1,2.6,3.4,72,74,10,12,8,0,225,33.5,0.0,32.0,0.0,28.9,0.0,25.2,0.0,33.9,0.0,32.18333333333333,0.0,29.23333333333333,0.2000000000000018,28.55,4.299999999999998,-0.1000000000000014,0.0,Tiruchirappalli,34.3,0.0
2024-08-12 11:00:00,33.1,58,0.0,992.7,3.6,4.1,128,135,11,12,8,0,225,33.4,0.0,33.3,0.0,30.0,0.0,25.0,0.1,33.0,0.3,32.7,0.0,29.90833333333333,0.1000000000000017,28.55416666666667,3.9999999999999982,-0.2999999999999971,0.0,Tiruchirappalli,31.3,0.5
2024-08-12 12:00:00,29.3,77,3.0,993.7,10.3,15.8,90,78,12,12,8,0,225,33.1,0.0,33.5,0.0,30.9,0.0,25.1,0.1,28.7,1.6,32.43333333333334,2.9999999999999982,30.258333333333336,3.0000000000000018,28.579166666666666,5.399999999999999,-3.8000000000000007,3.0,Tiruchirappalli,29.9,1.1
2024-08-12 13:00:00,30.6,67,0.0,993.9,4.7,11.9,119,122,13,12,8,0,225,29.3,3.0,33.4,0.0,32.0,0.0,25.1,0.0,31.5,0.0,32.2,2.9999999999999982,30.716666666666665,3.0000000000000018,28.541666666666668,5.399999999999999,1.3000000000000007,-3.0,Tiruchirappalli,28.3,3.8
2024-08-12 14:00:00,30.0,67,0.0,994.9,10.5,20.5,105,106,14,12,8,0,225,30.6,0.0,33.1,0.0,33.3,0.0,26.1,0.0,29.0,1.5,31.65,2.9999999999999982,31.041666666666668,3.0000000000000018,28.58333333333333,3.899999999999998,-0.6000000000000014,0.0,Tiruchirappalli,26.3,5.6
2024-08-12 15:00:00,28.8,74,1.0,995.9,7.2,16.5,126,127,15,12,8,0,225,30.0,0.0,29.3,3.0,33.5,0.0,27.5,0.0,27.7,0.6,30.866666666666664,3.9999999999999982,31.15,4.000000000000002,28.629166666666663,4.299999999999998,-1.1999999999999993,1.0,Tiruchirappalli,25.9,3.2
2024-08-12 16:00:00,27.0,87,0.9,997.1,14.8,24.2,169,177,16,12,8,0,225,28.8,1.0,30.6,0.0,33.4,0.0,28.9,0.0,27.3,0.0,29.8,4.899999999999999,30.991666666666664,4.900000000000002,28.616666666666664,5.199999999999998,-1.8000000000000007,-0.0999999999999999,Tiruchirappalli,25.9,0.1
2024-08-12 17:00:00,24.7,95,8.5,998.7,8.7,16.9,204,210,17,12,8,0,225,27.0,0.9,30.0,0.0,33.1,0.0,30.0,0.0,27.2,0.0,28.4,13.4,30.55,13.400000000000002,28.5125,13.7,-2.3000000000000007,7.6,Tiruchirappalli,25.9,0.0
2024-08-12 18:00:00,24.7,97,1.6,998.3,7.4,8.7,95,76,18,12,8,0,225,24.7,8.5,28.8,1.0,29.3,3.0,30.9,0.0,26.9,0.0,27.63333333333333,11.999999999999998,30.03333333333333,15.000000000000002,28.42083333333333,15.3,0.0,-6.9,Tiruchirappalli,25.7,0.0
2024-08-12 19:00:00,24.4,97,2.7,998.0,9.5,14.8,252,261,19,12,8,0,225,24.7,1.6,27.0,0.9,30.6,0.0,32.0,0.0,26.3,0.0,26.6,14.7,29.4,17.700000000000003,28.34166666666667,18.0,-0.3000000000000007,1.1,Tiruchirappalli,25.2,0.0
2024-08-12 20:00:00,24.2,99,3.2,997.6,8.8,17.7,309,325,20,12,8,0,225,24.4,2.7,24.7,8.5,30.0,0.0,33.3,0.0,26.1,0.0,25.63333333333333,17.9,28.641666666666666,20.9,28.2625,21.2,-0.1999999999999993,0.5,Tiruchirappalli,25.0,0.0
2024-08-12 21:00:00,24.3,97,0.1,996.9,5.6,13.0,332,333,21,12,8,0,225,24.2,3.2,24.7,1.6,28.8,1.0,33.5,0.0,25.5,0.1,24.883333333333336,17.0,27.875,21.000000000000004,28.2125,21.2,0.1000000000000014,-3.1,Tiruchirappalli,24.9,0.0
2024-08-12 22:00:00,24.0,98,0.0,996.5,4.7,11.2,310,302,22,12,8,0,225,24.3,0.1,24.4,2.7,27.0,0.9,33.4,0.0,25.2,0.0,24.383333333333336,16.1,27.09166666666667,21.000000000000004,28.1625,21.2,-0.3000000000000007,-0.1,Tiruchirappalli,24.8,0.0
2024-08-12 23:00:00,24.0,97,0.0,996.9,6.0,13.6,292,287,23,12,8,0,225,24.0,0.0,24.2,3.2,24.7,8.5,33.1,0.0,25.0,0.1,24.266666666666666,7.599999999999999,26.33333333333333,21.000000000000004,28.120833333333334,21.1,0.0,0.0,Tiruchirappalli,24.8,0.0
2024-08-13 00:00:00,23.9,96,0.0,997.1,8.0,17.3,282,278,0,13,8,1,226,24.0,0.0,24.3,0.1,24.7,1.6,29.3,3.0,25.1,0.1,24.133333333333336,5.999999999999998,25.88333333333333,18.000000000000004,28.07083333333333,21.0,-0.1000000000000014,0.0,Tiruchirappalli,24.6,0.0
2024-08-13 01:00:00,25.0,94,0.0,997.6,4.7,12.3,291,274,1,13,8,1,226,23.9,0.0,24.0,0.0,24.4,2.7,30.6,0.0,25.1,0.0,24.23333333333333,3.2999999999999985,25.416666666666668,18.000000000000004,28.066666666666663,21.0,1.1000000000000014,0.0,Tiruchirappalli,25.6,0.0
2024-08-13 02:00:00,26.1,88,0.0,998.0,5.4,7.6,275,274,2,13,8,1,226,25.0,0.0,24.0,0.0,24.2,3.2,30.0,0.0,26.1,0.0,24.55,0.0999999999999982,25.09166666666667,18.000000000000004,28.066666666666663,21.0,1.1000000000000014,0.0,Tiruchirappalli,26.7,0.0
2024-08-13 03:00:00,27.7,82,0.0,998.6,5.4,6.8,267,266,3,13,8,1,226,26.1,0.0,23.9,0.0,24.3,0.1,28.8,1.0,27.5,0.0,25.116666666666664,0.0,25.0,17.000000000000004,28.075,21.0,1.599999999999998,0.0,Tiruchirappalli,28.2,0.0
2024-08-13 04:00:00,29.4,73,0.0,998.4,4.7,6.3,283,279,4,13,8,1,226,27.7,0.0,25.0,0.0,24.0,0.0,27.0,0.9,28.9,0.0,26.016666666666666,0.0,25.200000000000003,16.100000000000005,28.09583333333333,21.0,1.6999999999999993,0.0,Tiruchirappalli,29.8,0.0
2024-08-13 05:00:00,30.8,65,0.0,998.0,2.6,3.3,283,286,5,13,8,1,226,29.4,0.0,26.1,0.0,24.0,0.0,24.7,8.5,30.0,0.0,27.15,0.0,25.70833333333333,7.600000000000002,28.129166666666663,21.0,1.400000000000002,0.0,Tiruchirappalli,31.4,0.0
2024-08-13 06:00:00,32.0,60,0.0,997.4,1.1,1.4,90,90,6,13,8,1,226,30.8,0.0,27.7,0.0,23.9,0.0,24.7,1.6,30.9,0.0,28.5,0.0,26.316666666666663,6.000000000000002,28.175,21.0,1.1999999999999993,0.0,Tiruchirappalli,32.5,0.0
2024-08-13 07:00:00,32.7,57,0.1,996.7,3.9,4.7,113,112,7,13,8,1,226,32.0,0.0,29.4,0.0,25.0,0.0,24.4,2.7,32.0,0.0,29.78333333333333,0.0999999999999982,27.008333333333336,3.400000000000002,28.20416666666667,21.1,0.7000000000000028,0.1,Tiruchirappalli,33.3,0.0
2024-08-13 08:00:00,33.3,58,0.0,995.7,6.0,7.1,114,115,8,13,8,1,226,32.7,0.1,30.8,0.0,26.1,0.0,24.2,3.2,33.3,0.0,30.98333333333333,0.0999999999999982,27.766666666666666,0.2000000000000018,28.204166666666666,21.1,0.5999999999999943,-0.1,Tiruchirappalli,33.7,0.0
2024-08-13 09:00:00,33.3,58,0.0,994.5,7.6,9.8,114,115,9,13,8,1,226,33.3,0.0,32.0,0.0,27.7,0.0,24.3,0.1,33.5,0.0,31.916666666666668,0.0999999999999982,28.516666666666666,0.1000000000000017,28.19583333333333,21.1,0.0,0.0,Tiruchirappalli,34.2,0.0
2024-08-13 10:00:00,30.8,68,1.6,994.4,14.8,19.5,93,91,10,13,8,1,226,33.3,0.0,32.7,0.1,29.4,0.0,24.0,0.0,33.4,0.0,32.15,1.6999999999999984,29.08333333333333,1.700000000000002,28.0875,22.7,-2.4999999999999964,1.6,Tiruchirappalli,33.9,0.0
2024-08-13 11:00:00,29.7,75,0.4,994.3,8.6,12.0,111,112,11,13,8,1,226,30.8,1.6,33.3,0.0,30.8,0.0,24.0,0.0,33.1,0.0,31.966666666666665,2.0999999999999983,29.558333333333334,2.100000000000002,27.94583333333333,23.1,-1.1000000000000014,-1.2000000000000002,Tiruchirappalli,33.1,0.1
2024-08-13 12:00:00,30.3,71,0.0,994.6,7.9,11.0,128,129,12,13,8,1,226,29.7,0.4,33.3,0.0,32.0,0.0,23.9,0.0,29.3,3.0,31.683333333333334,2.0999999999999983,30.09166666666667,2.100000000000002,27.9875,20.1,0.6000000000000014,-0.4,Tiruchirappalli,31.5,0.3
2024-08-13 13:00:00,30.0,69,0.0,994.9,8.1,16.8,135,135,13,13,8,1,226,30.3,0.0,30.8,1.6,32.7,0.1,25.0,0.0,30.6,0.0,31.23333333333333,1.9999999999999984,30.508333333333336,2.100000000000002,27.9625,20.1,-0.3000000000000007,0.0,Tiruchirappalli,30.5,0.0
2024-08-13 14:00:00,28.9,76,0.0,996.1,10.0,19.1,139,139,14,13,8,1,226,30.0,0.0,29.7,0.4,33.3,0.0,26.1,0.0,30.0,0.0,30.5,1.9999999999999984,30.741666666666664,2.100000000000002,27.916666666666668,20.1,-1.1000000000000014,0.0,Tiruchirappalli,29.8,0.0
2024-08-13 15:00:00,28.6,78,0.0,997.1,10.7,20.1,136,132,15,13,8,1,226,28.9,0.0,30.3,0.0,33.3,0.0,27.7,0.0,28.8,1.0,29.71666666666667,1.9999999999999984,30.816666666666663,2.100000000000002,27.90833333333333,19.1,-0.2999999999999971,0.0,Tiruchirappalli,29.3,0.0
2024-08-13 16:00:00,27.8,81,0.0,997.6,10.7,20.2,141,140,16,13,8,1,226,28.6,0.0,30.0,0.0,30.8,1.6,29.4,0.0,27.0,0.9,29.21666666666667,0.3999999999999982,30.683333333333334,2.100000000000002,27.941666666666663,18.2,-0.8000000000000007,0.0,Tiruchirappalli,28.5,0.0
2024-08-13 17:00:00,27.2,84,0.0,997.8,6.2,14.1,148,144,17,13,8,1,226,27.8,0.0,28.9,0.0,29.7,0.4,30.8,0.0,24.7,8.5,28.8,0.0,30.383333333333336,2.100000000000002,28.04583333333333,9.7,-0.6000000000000014,0.0,Tiruchirappalli,27.8,0.0
2024-08-13 18:00:00,26.6,89,0.0,998.1,5.2,8.9,153,155,18,13,8,1,226,27.2,0.0,28.6,0.0,30.3,0.0,32.0,0.0,24.7,1.6,28.183333333333334,0.0,29.933333333333337,2.100000000000002,28.125,8.100000000000001,-0.5999999999999979,0.0,Tiruchirappalli,26.5,1.8
2024-08-13 19:00:00,26.1,91,0.1,997.4,2.5,6.7,164,180,19,13,8,1,226,26.6,0.0,27.8,0.0,30.0,0.0,32.7,0.1,24.4,2.7,27.53333333333333,0.0999999999999982,29.38333333333333,2.100000000000002,28.19583333333333,5.5,-0.5,0.1,Tiruchirappalli,25.4,1.8
2024-08-13 20:00:00,25.3,95,1.2,997.0,6.9,15.5,176,171,20,13,8,1,226,26.1,0.1,27.2,0.0,28.9,0.0,33.3,0.0,24.2,3.2,26.933333333333334,1.2999999999999985,28.71666666666667,3.3000000000000016,28.24166666666667,3.5,-0.8000000000000007,1.1,Tiruchirappalli,25.0,2.3
2024-08-13 21:00:00,25.6,93,0.2,995.9,6.0,10.9,174,163,21,13,8,1,226,25.3,1.2,26.6,0.0,28.6,0.0,33.3,0.0,24.3,0.1,26.433333333333334,1.4999999999999982,28.075000000000003,3.5000000000000018,28.29583333333333,3.6,0.3000000000000007,-1.0,Tiruchirappalli,25.1,0.5
2024-08-13 22:00:00,25.2,96,0.0,995.5,2.5,7.4,194,172,22,13,8,1,226,25.6,0.2,26.1,0.1,27.8,0.0,30.8,1.6,24.0,0.0,26.000000000000004,1.4999999999999982,27.60833333333333,1.9000000000000017,28.34583333333333,3.6,-0.4000000000000021,-0.2,Tiruchirappalli,24.5,3.4
2024-08-13 23:00:00,24.8,98,0.0,996.1,3.1,5.7,198,144,23,13,8,1,226,25.2,0.0,25.3,1.2,27.2,0.0,29.7,0.4,24.0,0.0,25.6,1.4999999999999982,27.200000000000003,1.5000000000000018,28.379166666666663,3.6,-0.3999999999999986,0.0,Tiruchirappalli,24.4,1.4
2024-08-14 00:00:00,24.6,99,0.0,996.4,3.3,5.2,196,139,0,14,8,2,227,24.8,0.0,25.6,0.2,26.6,0.0,30.3,0.0,23.9,0.0,25.26666666666667,1.4999999999999982,26.725,1.5000000000000018,28.40833333333333,3.6,-0.1999999999999993,0.0,Tiruchirappalli,24.2,3.0
2024-08-14 01:00:00,25.3,91,0.0,996.4,3.0,5.4,200,194,1,14,8,2,227,24.6,0.0,25.2,0.0,26.1,0.1,30.0,0.0,25.0,0.0,25.133333333333336,1.399999999999998,26.33333333333333,1.5000000000000018,28.42083333333333,3.6,0.6999999999999993,0.0,Tiruchirappalli,25.7,0.0
2024-08-14 02:00:00,26.4,86,0.0,997.3,2.3,3.3,221,219,2,14,8,2,227,25.3,0.0,24.8,0.0,25.3,1.2,28.9,0.0,26.1,0.0,25.316666666666663,0.1999999999999982,26.125,1.5000000000000018,28.433333333333334,3.6,1.099999999999998,0.0,Tiruchirappalli,26.3,0.0
2024-08-14 03:00:00,27.9,79,0.0,998.0,2.8,3.6,307,310,3,14,8,2,227,26.4,0.0,24.6,0.0,25.6,0.2,28.6,0.0,27.7,0.0,25.700000000000003,0.0,26.066666666666663,1.5000000000000018,28.441666666666663,3.6,1.5,0.0,Tiruchirappalli,27.6,0.0
2024-08-14 04:00:00,29.3,75,0.0,997.9,3.3,4.1,345,347,4,14,8,2,227,27.9,0.0,25.3,0.0,25.2,0.0,27.8,0.0,29.4,0.0,26.38333333333333,0.0,26.191666666666663,1.5000000000000018,28.4375,3.6,1.400000000000002,0.0,Tiruchirappalli,29.2,0.1
2024-08-14 05:00:00,30.6,71,0.0,997.5,2.9,3.6,360,360,5,14,8,2,227,29.3,0.0,26.4,0.0,24.8,0.0,27.2,0.0,30.8,0.0,27.350000000000005,0.0,26.475,1.5000000000000018,28.429166666666664,3.6,1.3000000000000007,0.0,Tiruchirappalli,30.3,0.2
2024-08-14 06:00:00,31.6,67,0.0,996.7,2.1,2.9,30,31,6,14,8,2,227,30.6,0.0,27.9,0.0,24.6,0.0,26.6,0.0,32.0,0.0,28.516666666666666,0.0,26.891666666666666,1.5000000000000018,28.4125,3.6,1.0,0.0,Tiruchirappalli,31.1,0.1
2024-08-14 07:00:00,32.5,62,0.0,995.9,2.8,3.4,58,50,7,14,8,2,227,31.6,0.0,29.3,0.0,25.3,0.0,26.1,0.1,32.7,0.1,29.71666666666667,0.0,27.425,1.4000000000000017,28.404166666666665,3.5,0.8999999999999986,0.0,Tiruchirappalli,31.9,0.0
2024-08-14 08:00:00,31.9,62,0.1,994.5,3.6,4.4,81,84,8,14,8,2,227,32.5,0.0,30.6,0.0,26.4,0.0,25.3,1.2,33.3,0.0,30.633333333333336,0.0999999999999982,27.975,0.3000000000000018,28.34583333333333,3.6,-0.6000000000000014,0.1,Tiruchirappalli,31.8,0.1
2024-08-14 09:00:00,29.3,74,0.5,994.7,16.4,22.5,140,140,9,14,8,2,227,31.9,0.1,31.6,0.0,27.9,0.0,25.6,0.2,33.3,0.0,30.866666666666664,0.5999999999999982,28.28333333333333,0.6000000000000019,28.17916666666667,4.1,-2.599999999999998,0.4,Tiruchirappalli,32.4,0.1
2024-08-14 10:00:00,27.2,85,0.3,994.1,12.3,18.1,173,173,10,14,8,2,227,29.3,0.5,32.5,0.0,29.3,0.0,25.2,0.0,30.8,1.6,30.51666666666667,0.8999999999999981,28.45,0.9000000000000019,28.02916666666667,2.8000000000000003,-2.1000000000000014,-0.2,Tiruchirappalli,28.4,9.7
2024-08-14 11:00:00,28.8,78,0.1,994.3,5.1,6.9,141,141,11,14,8,2,227,27.2,0.3,31.9,0.1,30.6,0.0,24.8,0.0,29.7,0.4,30.216666666666665,0.9999999999999982,28.78333333333333,1.0000000000000018,27.99166666666667,2.5,1.6000000000000014,-0.1999999999999999,Tiruchirappalli,27.4,1.0
2024-08-14 12:00:00,28.7,77,0.0,994.4,4.7,6.4,164,171,12,14,8,2,227,28.8,0.1,29.3,0.5,31.6,0.0,24.6,0.0,30.3,0.0,29.73333333333333,0.9999999999999982,29.125,1.0000000000000018,27.925,2.5,-0.1000000000000014,-0.1,Tiruchirappalli,27.4,0.2
2024-08-14 13:00:00,30.2,69,0.0,994.0,7.6,14.5,145,149,13,14,8,2,227,28.7,0.0,27.2,0.3,32.5,0.0,25.3,0.0,30.0,0.0,29.35,0.9999999999999982,29.53333333333333,1.0000000000000018,27.933333333333334,2.5,1.5,0.0,Tiruchirappalli,28.0,0.0
2024-08-14 14:00:00,29.0,75,0.0,995.4,5.4,12.8,158,160,14,14,8,2,227,30.2,0.0,28.8,0.1,31.9,0.1,26.4,0.0,28.9,0.0,28.866666666666664,0.8999999999999982,29.75,1.0000000000000018,27.9375,2.5,-1.1999999999999993,0.0,Tiruchirappalli,27.6,0.0
2024-08-14 15:00:00,26.1,93,4.7,996.7,5.8,11.6,144,112,15,14,8,2,227,29.0,0.0,28.7,0.0,29.3,0.5,27.9,0.0,28.6,0.0,28.33333333333333,5.099999999999999,29.6,5.700000000000002,27.83333333333333,7.2,-2.8999999999999986,4.7,Tiruchirappalli,27.3,0.0
2024-08-14 16:00:00,25.4,96,1.5,997.9,5.8,9.2,129,97,16,14,8,2,227,26.1,4.7,30.2,0.0,27.2,0.3,29.3,0.0,27.8,0.0,28.03333333333333,6.299999999999999,29.274999999999995,7.200000000000002,27.73333333333333,8.7,-0.7000000000000028,-3.2,Tiruchirappalli,26.1,1.1
2024-08-14 17:00:00,24.9,97,10.7,998.5,7.8,12.7,119,112,17,14,8,2,227,25.4,1.5,29.0,0.0,28.8,0.1,30.6,0.0,27.2,0.0,27.383333333333336,16.9,28.8,17.900000000000002,27.6375,19.4,-0.5,9.2,Tiruchirappalli,25.7,0.1
2024-08-14 18:00:00,24.8,97,1.7,998.0,0.4,2.3,219,180,18,14,8,2,227,24.9,10.7,26.1,4.7,28.7,0.0,31.6,0.0,26.6,0.0,26.73333333333333,18.6,28.23333333333333,19.6,27.5625,21.1,-0.0999999999999978,-9.0,Tiruchirappalli,25.2,0.0
2024-08-14 19:00:00,24.9,96,0.1,997.1,4.6,8.2,331,342,19,14,8,2,227,24.8,1.7,25.4,1.5,30.2,0.0,32.5,0.0,26.1,0.1,25.85,18.7,27.6,19.700000000000003,27.512500000000003,21.1,0.0999999999999978,-1.6,Tiruchirappalli,24.7,0.0
2024-08-14 20:00:00,24.8,96,0.0,996.3,0.0,1.3,304,270,20,14,8,2,227,24.9,0.1,24.9,10.7,29.0,0.0,31.9,0.1,25.3,1.2,25.15,18.7,27.008333333333336,19.6,27.491666666666664,19.9,-0.0999999999999978,-0.1,Tiruchirappalli,24.8,0.0
2024-08-14 21:00:00,24.5,97,0.0,996.2,6.1,12.7,317,320,21,14,8,2,227,24.8,0.0,24.8,1.7,26.1,4.7,29.3,0.5,25.6,0.2,24.883333333333336,14.0,26.60833333333333,19.1,27.44583333333333,19.7,-0.3000000000000007,0.0,Tiruchirappalli,24.5,0.0
2024-08-14 22:00:00,24.6,97,0.0,995.4,1.1,4.0,260,198,22,14,8,2,227,24.5,0.0,24.9,0.1,25.4,1.5,27.2,0.3,25.2,0.0,24.75,12.5,26.391666666666666,18.800000000000004,27.42083333333333,19.7,0.1000000000000014,0.0,Tiruchirappalli,24.5,0.2
2024-08-14 23:00:00,24.2,99,0.0,995.6,3.2,9.4,274,270,23,14,8,2,227,24.6,0.0,24.8,0.0,24.9,10.7,28.8,0.1,24.8,0.0,24.633333333333336,1.8,26.008333333333336,18.700000000000003,27.39583333333333,19.7,-0.4000000000000021,0.0,Tiruchirappalli,24.9,1.0
2024-08-15 00:00:00,24.2,98,0.0,995.8,3.6,10.1,274,264,0,15,8,3,228,24.2,0.0,24.5,0.0,24.8,1.7,28.7,0.0,24.6,0.0,24.53333333333333,0.1,25.633333333333336,18.700000000000003,27.379166666666663,19.7,0.0,0.0,Tiruchirappalli,24.8,0.1
2024-08-15 01:00:00,24.7,93,0.0,996.1,1.8,2.5,352,360,1,15,8,3,228,24.2,0.0,24.6,0.0,24.9,0.1,30.2,0.0,25.3,0.0,24.5,0.0,25.175,18.700000000000003,27.354166666666668,19.7,0.5,0.0,Tiruchirappalli,25.1,0.0
2024-08-15 02:00:00,25.6,89,0.0,996.4,2.5,3.6,315,315,2,15,8,3,228,24.7,0.0,24.2,0.0,24.8,0.0,29.0,0.0,26.4,0.0,24.633333333333336,0.0,24.89166666666667,18.700000000000003,27.320833333333336,19.7,0.9000000000000021,0.0,Tiruchirappalli,26.1,0.0
2024-08-15 03:00:00,27.1,81,0.0,997.0,2.2,2.5,270,270,3,15,8,3,228,25.6,0.0,24.2,0.0,24.5,0.0,26.1,4.7,27.9,0.0,25.066666666666663,0.0,24.975,14.000000000000004,27.287500000000005,19.7,1.5,0.0,Tiruchirappalli,27.7,0.0
2024-08-15 04:00:00,28.9,72,0.0,996.8,4.6,6.2,249,252,4,15,8,3,228,27.1,0.0,24.7,0.0,24.6,0.0,25.4,1.5,29.3,0.0,25.78333333333333,0.0,25.26666666666667,12.500000000000004,27.27083333333333,19.7,1.7999999999999972,0.0,Tiruchirappalli,29.3,0.0
2024-08-15 05:00:00,30.0,68,0.0,996.9,4.4,5.5,259,261,5,15,8,3,228,28.9,0.0,25.6,0.0,24.2,0.0,24.9,10.7,30.6,0.0,26.75,0.0,25.691666666666663,1.8000000000000036,27.245833333333337,19.7,1.1000000000000014,0.0,Tiruchirappalli,30.4,0.0
2024-08-15 06:00:00,30.8,63,0.1,996.4,5.2,6.4,243,245,6,15,8,3,228,30.0,0.0,27.1,0.0,24.2,0.0,24.8,1.7,31.6,0.0,27.85,0.1,26.191666666666663,0.2000000000000035,27.2125,19.8,0.8000000000000007,0.1,Tiruchirappalli,31.4,0.1
2024-08-15 07:00:00,32.4,58,0.1,995.6,6.6,8.4,227,225,7,15,8,3,228,30.8,0.1,28.9,0.0,24.7,0.0,24.9,0.1,32.5,0.0,29.133333333333336,0.2,26.816666666666663,0.2000000000000035,27.20833333333333,19.9,1.599999999999998,0.0,Tiruchirappalli,32.2,0.1
2024-08-15 08:00:00,33.0,55,0.1,994.4,6.2,7.7,217,216,8,15,8,3,228,32.4,0.1,30.0,0.0,25.6,0.0,24.8,0.0,31.9,0.1,30.366666666666664,0.3,27.5,0.3000000000000036,27.254166666666663,19.9,0.6000000000000014,0.0,Tiruchirappalli,32.6,0.0
2024-08-15 09:00:00,33.4,54,0.1,993.6,5.2,6.8,205,205,9,15,8,3,228,33.0,0.1,30.8,0.1,27.1,0.0,24.5,0.0,29.3,0.5,31.41666666666666,0.4,28.241666666666664,0.4000000000000036,27.425,19.5,0.3999999999999986,0.0,Tiruchirappalli,32.9,0.0
2024-08-15 10:00:00,33.6,53,0.0,992.7,3.7,5.1,172,169,10,15,8,3,228,33.4,0.1,32.4,0.1,28.9,0.0,24.6,0.0,27.2,0.3,32.2,0.4,28.99166666666667,0.4000000000000036,27.691666666666663,19.2,0.2000000000000028,-0.1,Tiruchirappalli,31.6,1.1
2024-08-15 11:00:00,33.1,54,0.1,992.5,8.1,10.5,149,148,11,15,8,3,228,33.6,0.0,33.0,0.1,30.0,0.0,24.2,0.0,28.8,0.1,32.71666666666667,0.5,29.73333333333333,0.5000000000000036,27.870833333333334,19.2,-0.5,0.1,Tiruchirappalli,30.3,0.2
2024-08-15 12:00:00,32.1,60,0.0,992.9,10.0,15.5,144,142,12,15,8,3,228,33.1,0.1,33.4,0.1,30.8,0.1,24.2,0.0,28.7,0.0,32.93333333333333,0.4,30.391666666666666,0.5000000000000036,28.012500000000003,19.2,-1.0,-0.1,Tiruchirappalli,29.5,0.3
2024-08-15 13:00:00,30.2,68,0.0,993.9,8.2,16.3,162,165,13,15,8,3,228,32.1,0.0,33.6,0.0,32.4,0.1,24.7,0.0,30.2,0.0,32.56666666666666,0.3,30.85,0.5000000000000036,28.0125,19.2,-1.900000000000002,0.0,Tiruchirappalli,26.7,0.7
2024-08-15 14:00:00,29.3,73,0.0,994.5,10.3,19.5,152,151,14,15,8,3,228,30.2,0.0,33.1,0.1,33.0,0.1,25.6,0.0,29.0,0.0,31.95,0.2,31.15833333333333,0.5000000000000036,28.025,19.2,-0.8999999999999986,0.0,Tiruchirappalli,25.2,0.9
2024-08-15 15:00:00,28.5,76,0.0,995.2,8.5,18.4,154,152,15,15,8,3,228,29.3,0.0,32.1,0.0,33.4,0.1,27.1,0.0,26.1,4.7,31.133333333333336,0.1,31.275,0.5000000000000036,28.125,14.5,-0.8000000000000007,0.0,Tiruchirappalli,25.1,0.6
2024-08-15 16:00:00,28.0,79,0.0,996.1,9.3,19.0,153,152,16,15,8,3,228,28.5,0.0,30.2,0.0,33.6,0.0,28.9,0.0,25.4,1.5,30.2,0.1,31.2,0.5000000000000036,28.23333333333333,13.0,-0.5,0.0,Tiruchirappalli,24.9,2.8
2024-08-15 17:00:00,27.4,81,0.0,996.6,9.5,18.6,148,143,17,15,8,3,228,28.0,0.0,29.3,0.0,33.1,0.1,30.0,0.0,24.9,10.7,29.25,0.0,30.98333333333333,0.5000000000000036,28.3375,2.3,-0.6000000000000014,0.0,Tiruchirappalli,25.2,2.1
2024-08-15 18:00:00,26.9,82,0.0,996.6,9.2,19.0,155,149,18,15,8,3,228,27.4,0.0,28.5,0.0,32.1,0.0,30.8,0.1,24.8,1.7,28.383333333333336,0.0,30.65833333333333,0.4000000000000036,28.425,0.6000000000000001,-0.5,0.0,Tiruchirappalli,25.2,0.1
2024-08-15 19:00:00,26.6,84,0.0,996.0,7.6,16.1,160,155,19,15,8,3,228,26.9,0.0,28.0,0.0,30.2,0.0,32.4,0.1,24.9,0.1,27.78333333333333,0.0,30.175,0.3000000000000036,28.495833333333334,0.5,-0.2999999999999971,0.0,Tiruchirappalli,25.2,0.7
2024-08-15 20:00:00,26.0,88,0.0,995.7,3.9,11.0,169,158,20,15,8,3,228,26.6,0.0,27.4,0.0,29.3,0.0,33.0,0.1,24.8,0.0,27.23333333333333,0.0,29.591666666666665,0.2000000000000035,28.54583333333333,0.5,-0.6000000000000014,0.0,Tiruchirappalli,25.2,0.2
2024-08-15 21:00:00,25.8,91,0.0,995.1,3.4,9.4,173,162,21,15,8,3,228,26.0,0.0,26.9,0.0,28.5,0.0,33.4,0.1,24.5,0.0,26.78333333333333,0.0,28.95833333333333,0.1000000000000035,28.6,0.5,-0.1999999999999993,0.0,Tiruchirappalli,24.9,0.1
2024-08-15 22:00:00,25.4,94,0.0,994.4,4.3,7.6,183,180,22,15,8,3,228,25.8,0.0,26.6,0.0,28.0,0.0,33.6,0.0,24.6,0.0,26.35,0.0,28.275,0.1000000000000035,28.633333333333336,0.5,-0.4000000000000021,0.0,Tiruchirappalli,24.7,0.0
2024-08-15 23:00:00,25.7,91,0.0,994.3,2.6,5.2,192,196,23,15,8,3,228,25.4,0.0,26.0,0.0,27.4,0.0,33.1,0.1,24.2,0.0,26.066666666666663,0.0,27.65833333333333,0.0,28.69583333333333,0.5,0.3000000000000007,0.0,Tiruchirappalli,24.7,0.0
2024-08-16 00:00:00,25.3,93,0.0,994.7,2.8,5.4,184,140,0,16,8,4,229,25.7,0.0,25.8,0.0,26.9,0.0,32.1,0.0,24.2,0.0,25.8,0.0,27.09166666666667,0.0,28.74166666666667,0.5,-0.3999999999999986,0.0,Tiruchirappalli,24.6,0.0
2024-08-16 01:00:00,26.0,90,0.0,995.1,2.1,4.9,197,211,1,16,8,4,229,25.3,0.0,25.4,0.0,26.6,0.0,30.2,0.0,24.7,0.0,25.7,0.0,26.74166666666667,0.0,28.79583333333333,0.5,0.6999999999999993,0.0,Tiruchirappalli,25.5,0.0
2024-08-16 02:00:00,27.2,85,0.0,995.9,5.2,6.8,212,214,2,16,8,4,229,26.0,0.0,25.7,0.0,26.0,0.0,29.3,0.0,25.6,0.0,25.899999999999995,0.0,26.566666666666663,0.0,28.8625,0.5,1.1999999999999993,0.0,Tiruchirappalli,26.3,0.0
2024-08-16 03:00:00,28.7,76,0.1,996.0,4.1,5.1,231,232,3,16,8,4,229,27.2,0.0,25.3,0.0,25.8,0.0,28.5,0.0,27.1,0.0,26.383333333333336,0.1,26.58333333333333,0.1000000000000035,28.929166666666664,0.6000000000000001,1.5,0.1,Tiruchirappalli,27.2,0.0
2024-08-16 04:00:00,30.2,69,0.0,996.2,3.8,4.8,228,229,4,16,8,4,229,28.7,0.1,26.0,0.0,25.4,0.0,28.0,0.0,28.9,0.0,27.183333333333334,0.1,26.766666666666666,0.1000000000000035,28.98333333333333,0.6000000000000001,1.5,-0.1,Tiruchirappalli,28.7,0.1
2024-08-16 05:00:00,31.6,63,0.0,995.7,1.5,1.8,11,14,5,16,8,4,229,30.2,0.0,27.2,0.0,25.7,0.0,27.4,0.0,30.0,0.0,28.166666666666668,0.1,27.11666666666667,0.1000000000000035,29.05,0.6000000000000001,1.400000000000002,0.0,Tiruchirappalli,29.9,0.1
2024-08-16 06:00:00,32.7,58,0.0,995.3,2.9,3.6,84,90,6,16,8,4,229,31.6,0.0,28.7,0.1,25.3,0.0,26.9,0.0,30.8,0.1,29.4,0.1,27.6,0.1000000000000035,29.129166666666663,0.5,1.1000000000000014,0.0,Tiruchirappalli,31.4,0.0
2024-08-16 07:00:00,33.3,58,0.2,994.6,6.4,8.0,126,128,7,16,8,4,229,32.7,0.0,30.2,0.0,26.0,0.0,26.6,0.0,32.4,0.1,30.616666666666664,0.3,28.15833333333333,0.3000000000000036,29.166666666666668,0.6,0.5999999999999943,0.2,Tiruchirappalli,32.1,0.0
2024-08-16 08:00:00,32.9,61,0.2,993.2,9.3,11.9,119,118,8,16,8,4,229,33.3,0.2,31.6,0.0,27.2,0.0,26.0,0.0,33.0,0.1,31.566666666666663,0.5,28.73333333333333,0.5000000000000036,29.1625,0.7000000000000001,-0.3999999999999986,0.0,Tiruchirappalli,33.0,0.0
2024-08-16 09:00:00,32.3,66,0.1,992.5,9.3,12.9,117,118,9,16,8,4,229,32.9,0.2,32.7,0.0,28.7,0.1,25.8,0.0,33.4,0.1,32.166666666666664,0.5,29.275,0.6000000000000036,29.11666666666667,0.7000000000000001,-0.6000000000000014,-0.1,Tiruchirappalli,29.5,2.9
2024-08-16 10:00:00,29.7,76,4.8,992.4,13.8,18.9,129,129,10,16,8,4,229,32.3,0.1,33.3,0.2,30.2,0.0,25.4,0.0,33.6,0.0,32.083333333333336,5.3,29.63333333333333,5.400000000000004,28.954166666666666,5.5,-2.599999999999998,4.7,Tiruchirappalli,29.8,0.5
2024-08-16 11:00:00,30.5,72,0.2,992.0,4.5,6.8,162,166,11,16,8,4,229,29.7,4.8,32.9,0.2,31.6,0.0,25.7,0.0,33.1,0.1,31.899999999999995,5.5,30.03333333333333,5.600000000000003,28.84583333333333,5.6000000000000005,0.8000000000000007,-4.6,Tiruchirappalli,30.2,0.1
2024-08-16 12:00:00,28.9,78,7.7,993.5,6.9,10.1,207,219,12,16,8,4,229,30.5,0.2,32.3,0.1,32.7,0.0,25.3,0.0,32.1,0.0,31.266666666666666,13.2,30.33333333333333,13.300000000000004,28.7125,13.3,-1.6000000000000014,7.5,Tiruchirappalli,30.2,0.0
2024-08-16 13:00:00,30.1,68,0.0,993.0,10.5,19.7,130,131,13,16,8,4,229,28.9,7.7,29.7,4.8,33.3,0.2,26.0,0.0,30.2,0.0,30.73333333333333,13.0,30.675,13.300000000000004,28.70833333333333,13.3,1.2000000000000028,-7.7,Tiruchirappalli,29.1,0.1
2024-08-16 14:00:00,29.0,72,0.0,994.2,11.7,21.7,137,135,14,16,8,4,229,30.1,0.0,30.5,0.2,32.9,0.2,27.2,0.0,29.3,0.0,30.08333333333333,12.8,30.825,13.300000000000004,28.69583333333333,13.3,-1.1000000000000014,0.0,Tiruchirappalli,28.8,0.0
2024-08-16 15:00:00,28.2,76,0.0,995.6,5.0,14.2,144,150,15,16,8,4,229,29.0,0.0,28.9,7.7,32.3,0.1,28.7,0.1,28.5,0.0,29.399999999999995,12.7,30.78333333333333,13.200000000000005,28.683333333333334,13.3,-0.8000000000000007,0.0,Tiruchirappalli,28.0,0.0
2024-08-16 16:00:00,27.4,81,0.0,996.2,4.1,10.9,146,142,16,16,8,4,229,28.2,0.0,30.1,0.0,29.7,4.8,30.2,0.0,28.0,0.0,29.016666666666666,7.9,30.55,13.200000000000005,28.65833333333333,13.3,-0.8000000000000007,0.0,Tiruchirappalli,27.4,0.0
2024-08-16 17:00:00,27.5,80,0.0,996.4,1.8,4.8,132,11,17,16,8,4,229,27.4,0.0,29.0,0.0,30.5,0.2,31.6,0.0,27.4,0.0,28.516666666666666,7.7,30.20833333333333,13.200000000000005,28.6625,13.3,0.1000000000000014,0.0,Tiruchirappalli,26.9,0.0
2024-08-16 18:00:00,26.3,90,0.0,996.3,4.4,4.6,315,305,18,16,8,4,229,27.5,0.0,28.2,0.0,28.9,7.7,32.7,0.0,26.9,0.0,28.08333333333333,0.0,29.675,13.200000000000005,28.637500000000003,13.3,-1.1999999999999993,0.0,Tiruchirappalli,26.7,0.0
2024-08-16 19:00:00,26.3,89,0.0,996.2,7.4,13.7,333,331,19,16,8,4,229,26.3,0.0,27.4,0.0,30.1,0.0,33.3,0.2,26.6,0.0,27.45,0.0,29.091666666666665,13.000000000000004,28.625,13.3,0.0,0.0,Tiruchirappalli,26.5,0.0
2024-08-16 20:00:00,25.8,91,0.0,995.9,3.9,10.5,344,338,20,16,8,4,229,26.3,0.0,27.5,0.0,29.0,0.0,32.9,0.2,26.0,0.0,26.916666666666668,0.0,28.5,12.800000000000004,28.616666666666664,13.3,-0.5,0.0,Tiruchirappalli,26.1,0.0
2024-08-16 21:00:00,25.6,93,0.0,995.5,2.3,6.1,332,288,21,16,8,4,229,25.8,0.0,26.3,0.0,28.2,0.0,32.3,0.1,25.8,0.0,26.48333333333333,0.0,27.941666666666663,12.700000000000005,28.60833333333333,13.3,-0.1999999999999993,0.0,Tiruchirappalli,25.8,0.0
2024-08-16 22:00:00,25.3,94,0.0,995.0,5.1,8.2,308,278,22,16,8,4,229,25.6,0.0,26.3,0.0,27.4,0.0,29.7,4.8,25.4,0.0,26.133333333333336,0.0,27.575,7.900000000000004,28.604166666666668,13.3,-0.3000000000000007,0.0,Tiruchirappalli,25.3,0.0
2024-08-16 23:00:00,25.0,95,0.0,995.0,4.0,9.7,321,297,23,16,8,4,229,25.3,0.0,25.8,0.0,27.5,0.0,30.5,0.2,25.7,0.0,25.71666666666667,0.0,27.116666666666664,7.700000000000004,28.575000000000003,13.3,-0.3000000000000007,0.0,Tiruchirappalli,24.9,0.0
2024-08-17 00:00:00,24.8,96,0.0,995.2,3.2,8.0,324,297,0,17,8,5,230,25.0,0.0,25.6,0.0,26.3,0.0,28.9,7.7,25.3,0.0,25.46666666666667,0.0,26.775,0.0,28.554166666666664,13.3,-0.1999999999999993,0.0,Tiruchirappalli,24.3,0.0
2024-08-17 01:00:00,25.9,91,0.0,995.8,6.9,11.3,301,279,1,17,8,5,230,24.8,0.0,25.3,0.0,26.3,0.0,30.1,0.0,26.0,0.0,25.4,0.0,26.425,0.0,28.55,13.3,1.099999999999998,0.0,Tiruchirappalli,24.7,0.0
2024-08-17 02:00:00,27.4,84,0.0,996.3,5.7,9.4,293,288,2,17,8,5,230,25.9,0.0,25.0,0.0,25.8,0.0,29.0,0.0,27.2,0.0,25.666666666666668,0.0,26.291666666666668,0.0,28.558333333333334,13.3,1.5,0.0,Tiruchirappalli,25.7,0.0
2024-08-17 03:00:00,28.8,77,0.0,996.8,10.4,13.8,290,290,3,17,8,5,230,27.4,0.0,24.8,0.0,25.6,0.0,28.2,0.0,28.7,0.1,26.200000000000003,0.0,26.34166666666667,0.0,28.5625,13.2,1.400000000000002,0.0,Tiruchirappalli,27.3,0.0
2024-08-17 04:00:00,30.0,74,0.0,996.8,10.6,14.3,288,288,4,17,8,5,230,28.8,0.0,25.9,0.0,25.3,0.0,27.4,0.0,30.2,0.0,26.98333333333333,0.0,26.558333333333334,0.0,28.55416666666667,13.2,1.1999999999999993,0.0,Tiruchirappalli,28.0,0.0
2024-08-17 05:00:00,31.4,68,0.0,996.5,10.2,13.8,290,288,5,17,8,5,230,30.0,0.0,27.4,0.0,25.0,0.0,27.5,0.0,31.6,0.0,28.05,0.0,26.88333333333333,0.0,28.54583333333333,13.2,1.3999999999999986,0.0,Tiruchirappalli,28.9,0.0
2024-08-17 06:00:00,32.8,64,0.0,996.1,8.4,11.1,283,280,6,17,8,5,230,31.4,0.0,28.8,0.0,24.8,0.0,26.3,0.0,32.7,0.0,29.38333333333333,0.0,27.425,0.0,28.55,13.2,1.3999999999999986,0.0,Tiruchirappalli,29.7,0.0
2024-08-17 07:00:00,33.6,60,0.0,995.2,8.4,10.6,280,277,7,17,8,5,230,32.8,0.0,30.0,0.0,25.9,0.0,26.3,0.0,33.3,0.2,30.666666666666668,0.0,28.03333333333333,0.0,28.5625,13.0,0.8000000000000043,0.0,Tiruchirappalli,30.7,0.0
2024-08-17 08:00:00,34.3,56,0.0,994.0,9.0,11.5,274,272,8,17,8,5,230,33.6,0.0,31.4,0.0,27.4,0.0,25.8,0.0,32.9,0.2,31.816666666666663,0.0,28.741666666666664,0.0,28.620833333333337,12.8,0.6999999999999957,0.0,Tiruchirappalli,30.1,0.0
2024-08-17 09:00:00,34.1,57,0.0,993.4,6.7,8.8,258,254,9,17,8,5,230,34.3,0.0,32.8,0.0,28.8,0.0,25.6,0.0,32.3,0.1,32.7,0.0,29.45,0.0,28.69583333333333,12.7,-0.1999999999999957,0.0,Tiruchirappalli,30.2,0.0
2024-08-17 10:00:00,34.3,55,0.0,992.8,4.7,5.8,263,261,10,17,8,5,230,34.1,0.0,33.6,0.0,30.0,0.0,25.3,0.0,29.7,4.8,33.416666666666664,0.0,30.200000000000003,0.0,28.887500000000003,7.9,0.1999999999999957,0.0,Tiruchirappalli,30.1,0.0
2024-08-17 11:00:00,31.3,69,0.5,992.9,3.3,5.1,219,221,11,17,8,5,230,34.3,0.0,34.3,0.0,31.4,0.0,25.0,0.0,30.5,0.2,33.4,0.5,30.725,0.5000000000000036,28.92083333333333,8.2,-2.9999999999999964,0.5,Tiruchirappalli,30.1,0.0
2024-08-17 12:00:00,29.9,76,1.1,993.6,2.3,2.4,63,51,12,17,8,5,230,31.3,0.5,34.1,0.0,32.8,0.0,24.8,0.0,28.9,7.7,32.916666666666664,1.6,31.15,1.6000000000000036,28.962499999999995,1.6,-1.400000000000002,0.6000000000000001,Tiruchirappalli,30.2,0.0
2024-08-17 13:00:00,28.3,82,3.8,994.6,5.8,10.8,184,176,13,17,8,5,230,29.9,1.1,34.3,0.0,33.6,0.0,25.9,0.0,30.1,0.0,32.03333333333333,5.4,31.35,5.400000000000004,28.887500000000003,5.4,-1.599999999999998,2.7,Tiruchirappalli,28.9,0.0
2024-08-17 14:00:00,26.3,94,5.6,996.2,9.4,18.4,177,182,14,17,8,5,230,28.3,3.8,31.3,0.5,34.3,0.0,27.4,0.0,29.0,0.0,30.7,11.0,31.258333333333336,11.000000000000004,28.775,11.0,-2.0,1.7999999999999998,Tiruchirappalli,28.4,0.0
2024-08-17 15:00:00,25.9,96,3.2,997.3,5.9,11.3,207,218,15,17,8,5,230,26.3,5.6,29.9,1.1,34.1,0.0,28.8,0.0,28.2,0.0,29.33333333333333,14.2,31.016666666666666,14.200000000000005,28.679166666666664,14.2,-0.4000000000000021,-2.3999999999999995,Tiruchirappalli,27.9,0.0
2024-08-17 16:00:00,25.9,93,0.1,997.7,2.3,7.4,166,129,16,17,8,5,230,25.9,3.2,28.3,3.8,34.3,0.0,30.0,0.0,27.4,0.0,27.933333333333334,14.3,30.675,14.300000000000004,28.61666666666667,14.3,0.0,-3.1,Tiruchirappalli,27.1,0.0
2024-08-17 17:00:00,25.9,93,0.0,998.1,1.0,2.0,225,315,17,17,8,5,230,25.9,0.1,26.3,5.6,31.3,0.5,31.4,0.0,27.5,0.0,27.03333333333333,13.8,30.21666666666667,14.300000000000004,28.55,14.3,0.0,-0.1,Tiruchirappalli,26.8,0.0
2024-08-17 18:00:00,25.7,96,0.0,997.9,4.0,6.4,344,350,18,17,8,5,230,25.9,0.0,25.9,3.2,29.9,1.1,32.8,0.0,26.3,0.0,26.33333333333333,12.7,29.625,14.300000000000004,28.524999999999995,14.3,-0.1999999999999993,0.0,Tiruchirappalli,26.5,0.0
2024-08-17 19:00:00,25.2,98,0.0,997.5,3.9,5.6,333,338,19,17,8,5,230,25.7,0.0,25.9,0.1,28.3,3.8,33.6,0.0,26.3,0.0,25.816666666666663,8.9,28.925,14.300000000000004,28.479166666666668,14.3,-0.5,0.0,Tiruchirappalli,26.2,0.0
2024-08-17 20:00:00,25.0,98,0.0,996.8,3.8,5.7,325,311,20,17,8,5,230,25.2,0.0,25.9,0.0,26.3,5.6,34.3,0.0,25.8,0.0,25.6,3.3000000000000003,28.15,14.300000000000004,28.445833333333336,14.3,-0.1999999999999993,0.0,Tiruchirappalli,25.9,0.0
2024-08-17 21:00:00,24.9,99,0.0,996.1,3.0,5.9,284,256,21,17,8,5,230,25.0,0.0,25.7,0.0,25.9,3.2,34.1,0.0,25.6,0.0,25.433333333333334,0.1,27.38333333333333,14.300000000000004,28.416666666666668,14.3,-0.1000000000000014,0.0,Tiruchirappalli,25.7,0.0
2024-08-17 22:00:00,24.8,99,0.0,996.1,3.3,9.2,291,276,22,17,8,5,230,24.9,0.0,25.2,0.0,25.9,0.1,34.3,0.0,25.3,0.0,25.25,0.0,26.591666666666665,14.300000000000004,28.39583333333333,14.3,-0.0999999999999978,0.0,Tiruchirappalli,25.3,0.0
2024-08-17 23:00:00,24.8,98,0.0,996.0,3.4,11.3,297,288,23,17,8,5,230,24.8,0.0,25.0,0.0,25.9,0.0,31.3,0.5,25.0,0.0,25.066666666666663,0.0,26.05,13.800000000000004,28.3875,14.3,0.0,0.0,Tiruchirappalli,24.9,0.0
2024-08-18 00:00:00,24.6,96,0.0,996.1,4.3,12.7,285,275,0,18,8,6,231,24.8,0.0,24.9,0.0,25.7,0.0,29.9,1.1,24.8,0.0,24.883333333333336,0.0,25.60833333333333,12.700000000000005,28.379166666666663,14.3,-0.1999999999999993,0.0,Tiruchirappalli,24.7,0.0
2024-08-18 01:00:00,25.6,84,0.0,996.8,9.5,18.1,283,281,1,18,8,6,231,24.6,0.0,24.8,0.0,25.2,0.0,28.3,3.8,25.9,0.0,24.950000000000003,0.0,25.38333333333333,8.900000000000004,28.36666666666667,14.3,1.0,0.0,Tiruchirappalli,25.7,0.0
2024-08-18 02:00:00,26.7,80,0.0,997.3,8.0,13.2,281,278,2,18,8,6,231,25.6,0.0,24.8,0.0,25.0,0.0,26.3,5.6,27.4,0.0,25.23333333333333,0.0,25.416666666666668,3.300000000000004,28.3375,14.3,1.099999999999998,0.0,Tiruchirappalli,26.8,0.0
2024-08-18 03:00:00,28.2,73,0.0,997.7,11.0,15.5,282,281,3,18,8,6,231,26.7,0.0,24.6,0.0,24.9,0.0,25.9,3.2,28.8,0.0,25.78333333333333,0.0,25.60833333333333,0.1000000000000035,28.3125,14.3,1.5,0.0,Tiruchirappalli,28.5,0.0
2024-08-18 04:00:00,29.8,67,0.0,998.1,11.3,15.3,278,277,4,18,8,6,231,28.2,0.0,25.6,0.0,24.8,0.0,25.9,0.1,30.0,0.0,26.616666666666664,0.0,25.933333333333337,0.0,28.304166666666664,14.3,1.6000000000000014,0.0,Tiruchirappalli,30.0,0.0
2024-08-18 05:00:00,31.4,62,0.0,997.9,10.8,14.5,276,274,5,18,8,6,231,29.8,0.0,26.7,0.0,24.8,0.0,25.9,0.0,31.4,0.0,27.71666666666667,0.0,26.391666666666666,0.0,28.304166666666664,14.3,1.599999999999998,0.0,Tiruchirappalli,31.3,0.0
2024-08-18 06:00:00,32.5,58,0.0,997.4,8.3,10.5,276,275,6,18,8,6,231,31.4,0.0,28.2,0.0,24.6,0.0,25.7,0.0,32.8,0.0,29.03333333333333,0.0,26.95833333333333,0.0,28.291666666666668,14.3,1.1000000000000014,0.0,Tiruchirappalli,32.5,0.0
2024-08-18 07:00:00,33.3,56,0.0,996.4,5.1,6.5,267,266,7,18,8,6,231,32.5,0.0,29.8,0.0,25.6,0.0,25.2,0.0,33.6,0.0,30.316666666666663,0.0,27.633333333333336,0.0,28.27916666666667,14.3,0.7999999999999972,0.0,Tiruchirappalli,33.1,0.0
2024-08-18 08:00:00,33.7,54,0.0,995.3,3.4,4.5,256,252,8,18,8,6,231,33.3,0.0,31.4,0.0,26.7,0.0,25.0,0.0,34.3,0.0,31.48333333333333,0.0,28.35833333333333,0.0,28.254166666666663,14.3,0.4000000000000057,0.0,Tiruchirappalli,33.2,0.0
2024-08-18 09:00:00,34.2,53,0.0,994.4,3.1,3.5,204,201,9,18,8,6,231,33.7,0.0,32.5,0.0,28.2,0.0,24.9,0.0,34.1,0.0,32.483333333333334,0.0,29.133333333333336,0.0,28.258333333333336,14.3,0.5,0.0,Tiruchirappalli,33.5,0.0
2024-08-18 10:00:00,33.9,54,0.0,994.2,3.2,4.0,180,180,10,18,8,6,231,34.2,0.0,33.3,0.0,29.8,0.0,24.8,0.0,34.3,0.0,33.166666666666664,0.0,29.89166666666667,0.0,28.241666666666664,14.3,-0.3000000000000042,0.0,Tiruchirappalli,33.6,0.0
2024-08-18 11:00:00,33.1,56,0.1,994.0,6.8,8.3,175,177,11,18,8,6,231,33.9,0.0,33.7,0.0,31.4,0.0,24.8,0.0,31.3,0.5,33.45,0.1,30.58333333333333,0.1000000000000035,28.316666666666663,13.9,-0.7999999999999972,0.1,Tiruchirappalli,33.3,0.0
2024-08-18 12:00:00,31.5,62,0.3,994.5,7.2,10.5,176,174,12,18,8,6,231,33.1,0.1,34.2,0.0,32.5,0.0,24.6,0.0,29.9,1.1,33.28333333333333,0.4,31.15833333333333,0.4000000000000036,28.383333333333336,13.1,-1.6000000000000014,0.1999999999999999,Tiruchirappalli,32.2,0.0
2024-08-18 13:00:00,30.5,69,0.0,994.7,4.9,12.2,161,163,13,18,8,6,231,31.5,0.3,33.9,0.0,33.3,0.0,25.6,0.0,28.3,3.8,32.81666666666667,0.3999999999999999,31.566666666666663,0.4000000000000035,28.475,9.3,-1.0,-0.3,Tiruchirappalli,30.2,0.0
2024-08-18 14:00:00,29.8,72,0.0,995.5,6.6,15.8,159,158,14,18,8,6,231,30.5,0.0,33.1,0.1,33.7,0.0,26.7,0.0,26.3,5.6,32.166666666666664,0.3999999999999999,31.825000000000003,0.4000000000000035,28.620833333333334,3.7,-0.6999999999999993,0.0,Tiruchirappalli,29.7,0.0
2024-08-18 15:00:00,29.3,76,0.0,996.6,12.4,22.4,152,150,15,18,8,6,231,29.8,0.0,31.5,0.3,34.2,0.0,28.2,0.0,25.9,3.2,31.350000000000005,0.3999999999999999,31.916666666666668,0.4000000000000035,28.762500000000003,0.5,-0.5,0.0,Tiruchirappalli,29.0,0.0
2024-08-18 16:00:00,28.5,79,0.0,997.6,10.6,19.2,157,152,16,18,8,6,231,29.3,0.0,30.5,0.0,33.9,0.0,29.8,0.0,25.9,0.1,30.45,0.3999999999999999,31.808333333333337,0.4000000000000035,28.870833333333334,0.4,-0.8000000000000007,0.0,Tiruchirappalli,28.3,0.0
2024-08-18 17:00:00,27.8,82,0.0,998.3,5.0,12.1,143,120,17,18,8,6,231,28.5,0.0,29.8,0.0,33.1,0.1,31.4,0.0,25.9,0.0,29.566666666666663,0.2999999999999999,31.508333333333336,0.4000000000000035,28.95,0.4,-0.6999999999999993,0.0,Tiruchirappalli,27.7,0.0
2024-08-18 18:00:00,26.5,88,1.8,998.5,2.9,1.5,225,330,18,18,8,6,231,27.8,0.0,29.3,0.0,31.5,0.3,32.5,0.0,25.7,0.0,28.73333333333333,1.8,31.008333333333336,2.200000000000004,28.98333333333333,2.2,-1.3000000000000007,1.8,Tiruchirappalli,27.1,0.0
2024-08-18 19:00:00,25.4,96,1.8,997.8,1.6,3.3,193,333,19,18,8,6,231,26.5,1.8,28.5,0.0,30.5,0.0,33.3,0.0,25.2,0.0,27.883333333333336,3.6,30.35,4.000000000000004,28.991666666666664,4.0,-1.1000000000000014,0.0,Tiruchirappalli,26.6,0.0
2024-08-18 20:00:00,25.0,98,2.3,997.5,3.1,2.0,225,339,20,18,8,6,231,25.4,1.8,27.8,0.0,29.8,0.0,33.7,0.0,25.0,0.0,27.08333333333333,5.9,29.625,6.300000000000003,28.991666666666664,6.3,-0.3999999999999986,0.4999999999999998,Tiruchirappalli,26.4,0.0
2024-08-18 21:00:00,25.1,97,0.5,996.9,6.9,9.0,272,309,21,18,8,6,231,25.0,2.3,26.5,1.8,29.3,0.0,34.2,0.0,24.9,0.0,26.38333333333333,6.4,28.86666666666667,6.800000000000003,29.0,6.8,0.1000000000000014,-1.7999999999999998,Tiruchirappalli,26.1,0.0
2024-08-18 22:00:00,24.5,98,3.4,996.3,8.2,15.2,211,221,22,18,8,6,231,25.1,0.5,25.4,1.8,28.5,0.0,33.9,0.0,24.8,0.0,25.71666666666667,9.8,28.08333333333333,10.200000000000005,28.9875,10.2,-0.6000000000000014,2.9,Tiruchirappalli,25.9,0.0
2024-08-18 23:00:00,24.4,98,1.4,997.1,7.6,13.0,242,251,23,18,8,6,231,24.5,3.4,25.0,2.3,27.8,0.0,33.1,0.1,24.8,0.0,25.15,11.2,27.35833333333333,11.500000000000004,28.97083333333333,11.6,-0.1000000000000014,-2.0,Tiruchirappalli,25.6,0.0
2024-08-19 00:00:00,24.2,98,3.0,996.9,3.6,7.3,261,276,0,19,8,0,232,24.4,1.4,25.1,0.5,26.5,1.8,31.5,0.3,24.6,0.0,24.766666666666666,12.4,26.75,14.200000000000005,28.954166666666666,14.6,-0.1999999999999993,1.6,Tiruchirappalli,25.3,0.0
2024-08-19 01:00:00,25.7,92,0.0,996.9,2.6,4.0,175,146,1,19,8,0,232,24.2,3.0,24.5,3.4,25.4,1.8,30.5,0.0,25.6,0.0,24.816666666666663,10.6,26.35,14.200000000000005,28.95833333333333,14.6,1.5,-3.0,Tiruchirappalli,25.7,0.0
2024-08-19 02:00:00,26.3,90,0.0,997.5,2.6,3.7,209,196,2,19,8,0,232,25.7,0.0,24.4,1.4,25.0,2.3,29.8,0.0,26.7,0.0,25.03333333333333,8.299999999999999,26.058333333333334,14.200000000000005,28.941666666666663,14.6,0.6000000000000014,0.0,Tiruchirappalli,26.9,0.0
2024-08-19 03:00:00,27.6,84,0.0,998.0,3.1,4.0,297,306,3,19,8,0,232,26.3,0.0,24.2,3.0,25.1,0.5,29.3,0.0,28.2,0.0,25.45,7.799999999999999,25.916666666666668,14.200000000000005,28.916666666666668,14.6,1.3000000000000007,0.0,Tiruchirappalli,28.4,0.0
2024-08-19 04:00:00,29.2,76,0.1,998.2,6.6,8.5,298,299,4,19,8,0,232,27.6,0.0,25.7,0.0,24.5,3.4,28.5,0.0,29.8,0.0,26.23333333333333,4.5,25.975,14.300000000000002,28.891666666666666,14.7,1.599999999999998,0.1,Tiruchirappalli,29.9,0.0
2024-08-19 05:00:00,30.3,71,0.2,997.5,7.6,10.2,315,315,5,19,8,0,232,29.2,0.1,26.3,0.0,24.4,1.4,27.8,0.0,31.4,0.0,27.21666666666667,3.3,26.183333333333334,14.500000000000004,28.84583333333333,14.9,1.1000000000000014,0.1,Tiruchirappalli,31.5,0.0
2024-08-19 06:00:00,31.1,68,0.1,997.2,5.1,6.6,261,262,6,19,8,0,232,30.3,0.2,27.6,0.0,24.2,3.0,26.5,1.8,32.5,0.0,28.36666666666667,0.4,26.566666666666663,12.800000000000002,28.787500000000005,15.0,0.8000000000000007,-0.1,Tiruchirappalli,32.8,0.0
2024-08-19 07:00:00,31.9,65,0.0,996.3,3.7,4.7,261,259,7,19,8,0,232,31.1,0.1,29.2,0.1,25.7,0.0,25.4,1.8,33.3,0.0,29.399999999999995,0.4,27.10833333333333,11.000000000000004,28.729166666666668,15.0,0.7999999999999972,-0.1,Tiruchirappalli,33.7,0.0
2024-08-19 08:00:00,31.8,64,0.1,995.1,1.5,2.3,231,225,8,19,8,0,232,31.9,0.0,30.3,0.2,26.3,0.0,25.0,2.3,33.7,0.0,30.316666666666663,0.5,27.675,8.800000000000002,28.65,15.1,-0.0999999999999978,0.1,Tiruchirappalli,34.1,0.0
2024-08-19 09:00:00,32.4,63,0.1,994.0,2.9,4.1,195,187,9,19,8,0,232,31.8,0.1,31.1,0.1,27.6,0.0,25.1,0.5,34.2,0.0,31.11666666666667,0.6000000000000001,28.28333333333333,8.400000000000004,28.575,15.2,0.5999999999999979,0.0,Tiruchirappalli,35.0,0.0
2024-08-19 10:00:00,28.4,81,9.7,994.0,18.2,26.1,173,172,10,19,8,0,232,32.4,0.1,31.9,0.0,29.2,0.1,24.5,3.4,33.9,0.0,30.98333333333333,10.2,28.60833333333333,14.700000000000005,28.34583333333333,24.9,-4.0,9.6,Tiruchirappalli,31.2,0.6
2024-08-19 11:00:00,27.4,86,1.0,993.7,11.0,16.1,160,161,11,19,8,0,232,28.4,9.7,31.8,0.1,30.3,0.2,24.4,1.4,33.1,0.1,30.5,11.0,28.85833333333333,14.300000000000002,28.10833333333333,25.8,-1.0,-8.7,Tiruchirappalli,32.2,0.0
2024-08-19 12:00:00,27.4,87,0.2,994.1,6.4,10.2,157,153,12,19,8,0,232,27.4,1.0,32.4,0.1,31.1,0.1,24.2,3.0,31.5,0.3,29.88333333333333,11.099999999999998,29.125,11.500000000000002,27.9375,25.7,0.0,-0.8,Tiruchirappalli,31.4,0.0
2024-08-19 13:00:00,28.0,80,0.0,995.0,7.9,14.5,186,183,13,19,8,0,232,27.4,0.2,28.4,9.7,31.9,0.0,25.7,0.0,30.5,0.0,29.23333333333333,11.099999999999998,29.316666666666663,11.500000000000002,27.83333333333333,25.7,0.6000000000000014,-0.2,Tiruchirappalli,29.8,0.0
2024-08-19 14:00:00,27.6,81,0.0,996.1,7.9,16.4,171,164,14,19,8,0,232,28.0,0.0,27.4,1.0,31.8,0.1,26.3,0.0,29.8,0.0,28.53333333333333,10.999999999999998,29.425,11.500000000000002,27.74166666666667,25.7,-0.3999999999999986,0.0,Tiruchirappalli,29.4,0.0
2024-08-19 15:00:00,27.3,81,0.0,996.8,7.2,15.5,181,180,15,19,8,0,232,27.6,0.0,27.4,0.2,32.4,0.1,27.6,0.0,29.3,0.0,27.683333333333334,10.9,29.4,11.500000000000002,27.65833333333333,25.7,-0.3000000000000007,0.0,Tiruchirappalli,29.1,0.0
2024-08-19 16:00:00,26.1,87,1.1,998.0,6.6,10.7,256,283,16,19,8,0,232,27.3,0.0,28.0,0.0,28.4,9.7,29.2,0.1,28.5,0.0,27.3,2.3,29.141666666666666,12.500000000000004,27.558333333333334,26.8,-1.1999999999999993,1.1,Tiruchirappalli,28.5,0.0
2024-08-19 17:00:00,25.7,94,0.1,998.2,4.6,6.0,287,321,17,19,8,0,232,26.1,1.1,27.6,0.0,27.4,1.0,30.3,0.2,27.8,0.0,27.016666666666666,1.4,28.75833333333333,12.400000000000002,27.47083333333333,26.9,-0.4000000000000021,-1.0,Tiruchirappalli,27.8,0.0
2024-08-19 18:00:00,25.2,96,0.0,997.9,3.7,5.7,305,331,18,19,8,0,232,25.7,0.1,27.3,0.0,27.4,0.2,31.1,0.1,26.5,1.8,26.65,1.2000000000000002,28.26666666666667,12.300000000000002,27.416666666666668,25.1,-0.5,-0.1,Tiruchirappalli,27.4,0.0
2024-08-19 19:00:00,24.7,98,0.0,997.2,2.4,5.1,219,207,19,19,8,0,232,25.2,0.0,26.1,1.1,28.0,0.0,31.9,0.0,25.4,1.8,26.100000000000005,1.2000000000000002,27.666666666666668,12.300000000000002,27.387500000000003,23.3,-0.5,0.0,Tiruchirappalli,27.1,0.0
2024-08-19 20:00:00,24.8,99,0.0,996.6,2.9,4.9,234,270,20,19,8,0,232,24.7,0.0,25.7,0.1,27.6,0.0,31.8,0.1,25.0,2.3,25.63333333333333,1.2000000000000002,27.08333333333333,12.200000000000005,27.379166666666663,21.0,0.1000000000000014,0.0,Tiruchirappalli,26.6,0.0
2024-08-19 21:00:00,24.5,99,0.0,995.9,2.9,5.8,270,270,21,19,8,0,232,24.8,0.0,25.2,0.0,27.3,0.0,32.4,0.1,25.1,0.5,25.166666666666668,1.2000000000000002,26.425,12.100000000000003,27.354166666666668,20.5,-0.3000000000000007,0.0,Tiruchirappalli,26.3,0.0
2024-08-19 22:00:00,24.5,99,0.2,996.2,3.1,6.6,248,225,22,19,8,0,232,24.5,0.0,24.7,0.0,26.1,1.1,28.4,9.7,24.5,3.4,24.9,0.3,26.100000000000005,2.600000000000004,27.354166666666668,17.3,0.0,0.2,Tiruchirappalli,26.3,0.0
2024-08-19 23:00:00,24.9,97,1.0,995.5,0.8,2.5,315,333,23,19,8,0,232,24.5,0.2,24.8,0.0,25.7,0.1,27.4,1.0,24.4,1.4,24.766666666666666,1.2,25.891666666666666,2.600000000000004,27.375,16.9,0.3999999999999986,0.8,Tiruchirappalli,26.1,0.0
2024-08-20 00:00:00,24.8,99,0.1,995.8,2.0,1.9,158,135,0,20,8,1,233,24.9,1.0,24.5,0.0,25.2,0.0,27.4,0.2,24.2,3.0,24.7,1.3,25.675,2.500000000000004,27.4,13.999999999999998,-0.0999999999999978,-0.9,Tiruchirappalli,26.0,0.0
2024-08-20 01:00:00,25.1,94,0.0,996.1,3.9,8.6,272,236,1,20,8,1,233,24.8,0.1,24.5,0.2,24.7,0.0,28.0,0.0,25.7,0.0,24.766666666666666,1.3,25.433333333333334,2.500000000000004,27.375,13.999999999999998,0.3000000000000007,-0.1,Tiruchirappalli,25.5,0.0
2024-08-20 02:00:00,26.1,89,0.0,996.9,3.3,5.3,242,221,2,20,8,1,233,25.1,0.0,24.9,1.0,24.8,0.0,27.6,0.0,26.3,0.0,24.98333333333333,1.3,25.308333333333334,2.500000000000004,27.366666666666664,13.999999999999998,1.0,0.0,Tiruchirappalli,26.9,0.0
2024-08-20 03:00:00,27.7,80,0.0,998.0,4.0,5.4,250,243,3,20,8,1,233,26.1,0.0,24.8,0.1,24.5,0.0,27.3,0.0,27.6,0.0,25.516666666666666,1.3,25.341666666666665,2.500000000000004,27.370833333333334,13.999999999999998,1.599999999999998,0.0,Tiruchirappalli,28.4,0.0
2024-08-20 04:00:00,29.3,71,0.0,998.0,2.3,2.6,254,252,4,20,8,1,233,27.7,0.0,25.1,0.0,24.5,0.2,26.1,1.1,29.2,0.1,26.316666666666663,1.1,25.60833333333333,1.4000000000000037,27.375,13.9,1.6000000000000014,0.0,Tiruchirappalli,30.0,0.0
2024-08-20 05:00:00,30.4,66,0.0,998.0,1.9,2.3,162,158,5,20,8,1,233,29.3,0.0,26.1,0.0,24.9,1.0,25.7,0.1,30.3,0.2,27.23333333333333,0.1000000000000001,26.0,1.3000000000000036,27.379166666666663,13.699999999999998,1.099999999999998,0.0,Tiruchirappalli,31.5,0.0
2024-08-20 06:00:00,31.4,62,0.1,997.7,2.6,3.4,122,124,6,20,8,1,233,30.4,0.0,27.7,0.0,24.8,0.1,25.2,0.0,31.1,0.1,28.33333333333333,0.1000000000000001,26.516666666666666,1.4000000000000037,27.391666666666666,13.7,1.0,0.1,Tiruchirappalli,33.3,0.0
2024-08-20 07:00:00,32.2,59,0.1,996.6,4.1,5.1,129,135,7,20,8,1,233,31.4,0.1,29.3,0.0,25.1,0.0,24.7,0.0,31.9,0.0,29.516666666666666,0.2000000000000001,27.141666666666666,1.5000000000000036,27.404166666666665,13.8,0.8000000000000043,0.0,Tiruchirappalli,34.7,0.0
2024-08-20 08:00:00,32.6,58,0.0,995.4,3.4,4.2,149,148,8,20,8,1,233,32.2,0.1,30.4,0.0,26.1,0.0,24.8,0.0,31.8,0.1,30.6,0.2000000000000001,27.791666666666668,1.5000000000000036,27.4375,13.7,0.3999999999999986,-0.1,Tiruchirappalli,35.3,0.0
2024-08-20 09:00:00,32.9,57,0.0,994.5,7.1,8.9,137,135,9,20,8,1,233,32.6,0.0,31.4,0.1,27.7,0.0,24.5,0.0,32.4,0.1,31.46666666666667,0.2000000000000001,28.491666666666664,1.5000000000000036,27.45833333333333,13.6,0.2999999999999971,0.0,Tiruchirappalli,35.2,0.0
2024-08-20 10:00:00,31.6,65,1.1,994.3,8.9,12.4,154,153,10,20,8,1,233,32.9,0.0,32.2,0.1,29.3,0.0,24.5,0.2,28.4,9.7,31.85,1.3000000000000005,29.08333333333333,2.400000000000004,27.591666666666665,5.0,-1.2999999999999972,1.1,Tiruchirappalli,35.2,0.0
2024-08-20 11:00:00,30.3,68,0.2,994.3,16.9,24.0,150,151,11,20,8,1,233,31.6,1.1,32.6,0.0,30.4,0.0,24.9,1.0,27.4,1.0,31.83333333333333,1.5000000000000002,29.53333333333333,1.6000000000000036,27.7125,4.2,-1.3000000000000007,-0.9000000000000001,Tiruchirappalli,34.4,0.0
2024-08-20 12:00:00,29.5,71,0.3,995.2,16.4,24.4,164,165,12,20,8,1,233,30.3,0.2,32.9,0.0,31.4,0.1,24.8,0.1,27.4,0.2,31.51666666666667,1.7000000000000002,29.925,1.8000000000000036,27.8,4.3,-0.8000000000000007,0.0999999999999999,Tiruchirappalli,33.2,0.0
2024-08-20 13:00:00,26.7,86,0.7,996.2,18.0,28.4,179,178,13,20,8,1,233,29.5,0.3,31.6,1.1,32.2,0.1,25.1,0.0,28.0,0.0,30.6,2.3000000000000003,30.058333333333337,2.500000000000004,27.745833333333334,5.0,-2.8000000000000007,0.3999999999999999,Tiruchirappalli,30.9,0.0
2024-08-20 14:00:00,25.2,95,0.9,996.5,14.5,27.8,175,173,14,20,8,1,233,26.7,0.7,30.3,0.2,32.6,0.0,26.1,0.0,27.6,0.0,29.36666666666667,3.2,29.98333333333333,3.4000000000000035,27.64583333333333,5.9,-1.5,0.2,Tiruchirappalli,29.8,0.0
2024-08-20 15:00:00,25.1,96,0.6,997.8,11.3,22.0,190,189,15,20,8,1,233,25.2,0.9,29.5,0.3,32.9,0.0,27.7,0.0,27.3,0.0,28.066666666666663,3.8,29.766666666666666,4.000000000000004,27.55416666666667,6.5,-0.0999999999999978,-0.3,Tiruchirappalli,28.9,0.0
2024-08-20 16:00:00,24.9,97,2.8,999.3,9.3,17.9,208,216,16,20,8,1,233,25.1,0.6,26.7,0.7,31.6,1.1,29.3,0.0,26.1,1.1,26.950000000000003,5.5,29.4,6.800000000000003,27.504166666666663,8.2,-0.2000000000000028,2.2,Tiruchirappalli,28.1,0.0
2024-08-20 17:00:00,25.2,96,2.1,999.2,4.3,10.9,189,180,17,20,8,1,233,24.9,2.8,25.2,0.9,30.3,0.2,30.4,0.0,25.7,0.1,26.1,7.4,28.96666666666667,8.900000000000004,27.48333333333333,10.2,0.3000000000000007,-0.6999999999999997,Tiruchirappalli,27.4,0.0
2024-08-20 18:00:00,25.2,95,0.1,999.6,5.4,13.4,186,200,18,20,8,1,233,25.2,2.1,25.1,0.6,29.5,0.3,31.4,0.1,25.2,0.0,25.38333333333333,7.2,28.45,8.900000000000004,27.48333333333333,10.3,0.0,-2.0,Tiruchirappalli,27.0,0.0
2024-08-20 19:00:00,25.2,96,0.7,999.2,7.3,15.5,198,200,19,20,8,1,233,25.2,0.1,24.9,2.8,26.7,0.7,32.2,0.1,24.7,0.0,25.133333333333336,7.2,27.866666666666664,9.500000000000004,27.504166666666663,11.0,0.0,0.6,Tiruchirappalli,26.7,0.0
2024-08-20 20:00:00,25.2,95,0.2,998.3,7.2,14.8,193,183,20,20,8,1,233,25.2,0.7,25.2,2.1,25.2,0.9,32.6,0.0,24.8,0.0,25.133333333333336,6.5,27.25,9.700000000000005,27.52083333333333,11.2,0.0,-0.4999999999999999,Tiruchirappalli,26.1,0.0
2024-08-20 21:00:00,24.9,96,0.1,997.5,4.7,12.6,182,171,21,20,8,1,233,25.2,0.2,25.2,0.1,25.1,0.6,32.9,0.0,24.5,0.0,25.1,6.0,26.58333333333333,9.800000000000004,27.5375,11.3,-0.3000000000000007,-0.1,Tiruchirappalli,25.6,0.0
2024-08-20 22:00:00,24.7,96,0.0,997.4,5.0,12.8,202,201,22,20,8,1,233,24.9,0.1,25.2,0.7,24.9,2.8,31.6,1.1,24.5,0.2,25.066666666666663,3.2,26.00833333333333,8.700000000000003,27.54583333333333,11.1,-0.1999999999999993,-0.1,Tiruchirappalli,25.3,0.0
2024-08-20 23:00:00,24.7,96,0.0,997.7,5.6,13.4,200,195,23,20,8,1,233,24.7,0.0,25.2,0.2,25.2,2.1,30.3,0.2,24.9,1.0,24.98333333333333,1.1,25.541666666666668,8.500000000000004,27.537500000000005,10.1,0.0,0.0,Tiruchirappalli,25.1,0.0
2024-08-21 00:00:00,24.6,96,0.0,998.4,7.4,15.9,176,166,0,21,8,2,234,24.7,0.0,24.9,0.1,25.2,0.1,29.5,0.3,24.8,0.1,24.88333333333333,1.0,25.133333333333336,8.200000000000003,27.529166666666665,10.0,-0.0999999999999978,0.0,Tiruchirappalli,25.0,0.0
2024-08-21 01:00:00,25.5,94,0.0,998.4,8.2,14.1,199,195,1,21,8,2,234,24.6,0.0,24.7,0.0,25.2,0.7,26.7,0.7,25.1,0.0,24.933333333333334,0.3,25.03333333333333,7.5000000000000036,27.54583333333333,10.0,0.8999999999999986,0.0,Tiruchirappalli,25.6,0.0
2024-08-21 02:00:00,26.3,88,0.0,999.0,9.5,13.2,191,189,2,21,8,2,234,25.5,0.0,24.7,0.0,25.2,0.2,25.2,0.9,26.1,0.0,25.116666666666664,0.1,25.125,6.600000000000003,27.55416666666667,10.0,0.8000000000000007,0.0,Tiruchirappalli,27.1,0.0
2024-08-21 03:00:00,27.2,82,0.0,999.7,8.4,11.0,199,200,3,21,8,2,234,26.3,0.0,24.6,0.0,24.9,0.1,25.1,0.6,27.7,0.0,25.5,0.0,25.3,6.000000000000004,27.53333333333333,10.0,0.8999999999999986,0.0,Tiruchirappalli,28.7,0.0
2024-08-21 04:00:00,28.7,75,0.1,1000.1,8.2,11.0,203,203,4,21,8,2,234,27.2,0.0,25.5,0.0,24.7,0.0,24.9,2.8,29.3,0.0,26.166666666666668,0.1,25.616666666666664,3.300000000000004,27.508333333333336,10.1,1.5,0.1,Tiruchirappalli,30.2,0.0
2024-08-21 05:00:00,29.9,68,0.1,999.6,8.5,11.1,216,216,5,21,8,2,234,28.7,0.1,26.3,0.0,24.7,0.0,25.2,2.1,30.4,0.0,27.03333333333333,0.2,26.008333333333336,1.3000000000000036,27.4875,10.2,1.1999999999999993,0.0,Tiruchirappalli,32.0,0.0
2024-08-21 06:00:00,31.4,64,0.0,999.0,7.3,9.4,212,213,6,21,8,2,234,29.9,0.1,27.2,0.0,24.6,0.0,25.2,0.1,31.4,0.1,28.166666666666668,0.2,26.525,1.2000000000000035,27.4875,10.1,1.5,-0.1,Tiruchirappalli,33.5,0.0
2024-08-21 07:00:00,32.1,62,0.0,998.3,7.9,10.5,211,210,7,21,8,2,234,31.4,0.0,28.7,0.1,25.5,0.0,25.2,0.7,32.2,0.1,29.266666666666666,0.2,27.100000000000005,0.5000000000000036,27.48333333333333,10.0,0.7000000000000028,0.0,Tiruchirappalli,33.6,0.5
2024-08-21 08:00:00,33.0,58,0.0,996.9,9.3,12.3,218,216,8,21,8,2,234,32.1,0.0,29.9,0.1,26.3,0.0,25.2,0.2,32.6,0.0,30.383333333333336,0.2,27.75,0.3000000000000036,27.5,10.0,0.8999999999999986,0.0,Tiruchirappalli,34.4,0.0
2024-08-21 09:00:00,29.5,73,2.9,996.6,14.8,20.2,259,257,9,21,8,2,234,33.0,0.0,31.4,0.0,27.2,0.0,24.9,0.1,32.9,0.0,30.766666666666666,3.1,28.133333333333336,3.100000000000004,27.35833333333333,12.9,-3.5,2.9,Tiruchirappalli,34.5,0.0
2024-08-21 10:00:00,29.8,72,0.5,995.9,9.0,12.4,210,209,10,21,8,2,234,29.5,2.9,32.1,0.0,28.7,0.1,24.7,0.0,31.6,1.1,30.950000000000003,3.5,28.558333333333334,3.600000000000004,27.28333333333333,12.3,0.3000000000000007,-2.4,Tiruchirappalli,34.5,0.0
2024-08-21 11:00:00,30.2,71,0.1,995.7,6.2,8.5,216,216,11,21,8,2,234,29.8,0.5,33.0,0.0,29.9,0.1,24.7,0.0,30.3,0.2,31.0,3.5,29.01666666666667,3.700000000000004,27.279166666666665,12.2,0.3999999999999986,-0.4,Tiruchirappalli,34.3,0.0
2024-08-21 12:00:00,30.2,70,0.0,996.1,4.0,5.2,295,297,12,21,8,2,234,30.2,0.1,29.5,2.9,31.4,0.0,24.6,0.0,29.5,0.3,30.8,3.5,29.48333333333333,3.700000000000004,27.308333333333334,11.9,0.0,-0.1,Tiruchirappalli,33.3,0.0
2024-08-21 13:00:00,29.1,67,0.1,997.2,8.9,17.4,198,201,13,21,8,2,234,30.2,0.0,29.8,0.5,32.1,0.0,25.5,0.0,26.7,0.7,30.3,3.6,29.78333333333333,3.800000000000004,27.40833333333333,11.3,-1.099999999999998,0.1,Tiruchirappalli,31.2,0.0
2024-08-21 14:00:00,28.8,67,0.0,997.9,14.7,26.2,196,197,14,21,8,2,234,29.1,0.1,30.2,0.1,33.0,0.0,26.3,0.0,25.2,0.9,29.6,3.6,29.991666666666664,3.800000000000004,27.558333333333334,10.4,-0.3000000000000007,-0.1,Tiruchirappalli,30.4,0.0
2024-08-21 15:00:00,28.0,68,0.0,998.5,18.9,31.3,195,194,15,21,8,2,234,28.8,0.0,30.2,0.0,29.5,2.9,27.2,0.0,25.1,0.6,29.35,0.7,30.058333333333334,3.800000000000004,27.679166666666664,9.8,-0.8000000000000007,0.0,Tiruchirappalli,29.5,0.0
2024-08-21 16:00:00,27.4,72,0.0,999.4,13.1,22.9,196,196,16,21,8,2,234,28.0,0.0,29.1,0.1,29.8,0.5,28.7,0.1,24.9,2.8,28.95,0.2,29.95,3.700000000000004,27.78333333333333,7.0,-0.6000000000000014,0.0,Tiruchirappalli,28.7,0.0
2024-08-21 17:00:00,26.9,73,0.0,999.9,10.9,20.4,201,197,17,21,8,2,234,27.4,0.0,28.8,0.0,30.2,0.1,29.9,0.1,25.2,2.1,28.4,0.1,29.700000000000003,3.600000000000004,27.854166666666668,4.9,-0.5,0.0,Tiruchirappalli,28.2,0.0
2024-08-21 18:00:00,26.7,71,0.0,1000.0,10.8,20.9,204,201,18,21,8,2,234,26.9,0.0,28.0,0.0,30.2,0.0,31.4,0.0,25.2,0.1,27.816666666666663,0.1,29.308333333333334,3.600000000000004,27.916666666666668,4.8,-0.1999999999999993,0.0,Tiruchirappalli,27.8,0.0
2024-08-21 19:00:00,26.5,67,0.0,999.4,10.8,21.1,207,206,19,21,8,2,234,26.7,0.0,27.4,0.0,29.1,0.1,32.1,0.0,25.2,0.7,27.38333333333333,0.0,28.84166666666667,3.600000000000004,27.97083333333333,4.1,-0.1999999999999993,0.0,Tiruchirappalli,27.5,0.0
2024-08-21 20:00:00,26.1,67,0.0,998.9,9.2,19.0,207,206,20,21,8,2,234,26.5,0.0,26.9,0.0,28.8,0.0,33.0,0.0,25.2,0.2,26.933333333333334,0.0,28.26666666666667,3.600000000000004,28.008333333333336,3.9,-0.3999999999999986,0.0,Tiruchirappalli,27.0,0.0
2024-08-21 21:00:00,25.8,68,0.0,998.6,8.6,18.2,205,202,21,21,8,2,234,26.1,0.0,26.7,0.0,28.0,0.0,29.5,2.9,24.9,0.1,26.566666666666663,0.0,27.95833333333333,0.7000000000000035,28.04583333333333,3.8,-0.3000000000000007,0.0,Tiruchirappalli,26.6,0.0
2024-08-21 22:00:00,25.3,71,0.0,998.3,5.3,14.7,208,208,22,21,8,2,234,25.8,0.0,26.5,0.0,27.4,0.0,29.8,0.5,24.7,0.0,26.21666666666667,0.0,27.58333333333333,0.2000000000000035,28.070833333333336,3.8,-0.5,0.0,Tiruchirappalli,26.3,0.0
2024-08-21 23:00:00,24.9,75,0.0,998.8,4.7,12.1,203,203,23,21,8,2,234,25.3,0.0,26.1,0.0,26.9,0.0,30.2,0.1,24.7,0.0,25.88333333333333,0.0,27.141666666666666,0.1000000000000035,28.079166666666666,3.8,-0.4000000000000021,0.0,Tiruchirappalli,26.0,0.0
2024-08-22 00:00:00,24.3,76,0.0,999.1,4.7,13.2,202,203,0,22,8,3,235,24.9,0.0,25.8,0.0,26.7,0.0,30.2,0.0,24.6,0.0,25.48333333333333,0.0,26.649999999999995,0.1000000000000035,28.066666666666663,3.8,-0.5999999999999979,0.0,Tiruchirappalli,26.1,0.0
2024-08-22 01:00:00,24.7,80,0.0,999.8,4.7,6.9,219,189,1,22,8,3,235,24.3,0.0,25.3,0.0,26.5,0.0,29.1,0.1,25.5,0.0,25.183333333333334,0.0,26.28333333333333,0.0,28.03333333333333,3.8,0.3999999999999986,0.0,Tiruchirappalli,26.4,0.0
2024-08-22 02:00:00,25.7,74,0.0,1000.3,4.1,7.1,221,218,2,22,8,3,235,24.7,0.0,24.9,0.0,26.1,0.0,28.8,0.0,26.3,0.0,25.116666666666664,0.0,26.025,0.0,28.00833333333333,3.8,1.0,0.0,Tiruchirappalli,27.7,0.0
2024-08-22 03:00:00,27.3,69,0.0,1001.0,3.5,4.8,207,204,3,22,8,3,235,25.7,0.0,24.3,0.0,25.8,0.0,28.0,0.0,27.2,0.0,25.366666666666664,0.0,25.96666666666667,0.0,28.012500000000003,3.8,1.6000000000000014,0.0,Tiruchirappalli,29.1,0.0
2024-08-22 04:00:00,28.0,67,0.0,1001.1,2.8,3.8,221,220,4,22,8,3,235,27.3,0.0,24.7,0.0,25.3,0.0,27.4,0.0,28.7,0.1,25.816666666666663,0.0,26.01666666666667,0.0,27.98333333333333,3.7,0.6999999999999993,0.0,Tiruchirappalli,30.5,0.0
2024-08-22 05:00:00,28.9,64,0.0,1000.7,4.1,5.1,231,225,5,22,8,3,235,28.0,0.0,25.7,0.0,24.9,0.0,26.9,0.0,29.9,0.1,26.48333333333333,0.0,26.183333333333334,0.0,27.941666666666663,3.6,0.8999999999999986,0.0,Tiruchirappalli,32.3,0.0
2024-08-22 06:00:00,29.7,62,0.0,1000.3,2.6,3.3,221,214,6,22,8,3,235,28.9,0.0,27.3,0.0,24.3,0.0,26.7,0.0,31.4,0.0,27.383333333333336,0.0,26.433333333333334,0.0,27.870833333333337,3.6,0.8000000000000007,0.0,Tiruchirappalli,33.3,0.0
2024-08-22 07:00:00,30.7,59,0.0,999.9,4.7,5.8,176,171,7,22,8,3,235,29.7,0.0,28.0,0.0,24.7,0.0,26.5,0.0,32.1,0.0,28.38333333333333,0.0,26.78333333333333,0.0,27.8125,3.6,1.0,0.0,Tiruchirappalli,34.2,0.0
2024-08-22 08:00:00,30.1,60,0.0,998.7,8.2,10.3,155,151,8,22,8,3,235,30.7,0.0,28.9,0.0,25.7,0.0,26.1,0.0,33.0,0.0,29.11666666666667,0.0,27.116666666666664,0.0,27.691666666666663,3.6,-0.5999999999999979,0.0,Tiruchirappalli,34.8,0.0
2024-08-22 09:00:00,30.2,60,0.0,997.9,11.3,15.0,153,149,9,22,8,3,235,30.1,0.0,29.7,0.0,27.3,0.0,25.8,0.0,29.5,2.9,29.6,0.0,27.48333333333333,0.0,27.72083333333333,0.7,0.0999999999999978,0.0,Tiruchirappalli,32.2,0.7
2024-08-22 10:00:00,30.1,60,0.0,997.7,12.3,16.9,178,177,10,22,8,3,235,30.2,0.0,30.7,0.0,28.0,0.0,25.3,0.0,29.8,0.5,29.95,0.0,27.883333333333336,0.0,27.73333333333333,0.2,-0.0999999999999978,0.0,Tiruchirappalli,33.4,0.1
2024-08-22 11:00:00,30.1,60,0.0,997.4,7.7,11.3,187,191,11,22,8,3,235,30.1,0.0,30.1,0.0,28.9,0.0,24.9,0.0,30.2,0.1,30.149999999999995,0.0,28.316666666666663,0.0,27.729166666666668,0.1,0.0,0.0,Tiruchirappalli,32.4,0.0
2024-08-22 12:00:00,30.2,63,0.0,997.6,2.7,5.1,188,203,12,22,8,3,235,30.1,0.0,30.2,0.0,29.7,0.0,24.3,0.0,30.2,0.0,30.23333333333333,0.0,28.808333333333337,0.0,27.729166666666668,0.1,0.0999999999999978,0.0,Tiruchirappalli,32.6,0.0
2024-08-22 13:00:00,28.9,67,0.0,998.4,10.8,21.1,147,143,13,22,8,3,235,30.2,0.0,30.1,0.0,30.7,0.0,24.7,0.0,29.1,0.1,29.933333333333337,0.0,29.15833333333333,0.0,27.72083333333333,0.0,-1.3000000000000007,0.0,Tiruchirappalli,30.1,0.0
2024-08-22 14:00:00,28.4,68,0.0,999.5,8.5,19.1,169,168,14,22,8,3,235,28.9,0.0,30.1,0.0,30.1,0.0,25.7,0.0,28.8,0.0,29.649999999999995,0.0,29.38333333333333,0.0,27.704166666666666,0.0,-0.5,0.0,Tiruchirappalli,29.2,0.0
2024-08-22 15:00:00,27.9,72,0.0,1000.2,10.2,20.8,157,157,15,22,8,3,235,28.4,0.0,30.2,0.0,30.2,0.0,27.3,0.0,28.0,0.0,29.266666666666666,0.0,29.433333333333334,0.0,27.7,0.0,-0.5,0.0,Tiruchirappalli,28.4,0.0
2024-08-22 16:00:00,27.1,81,0.0,1000.8,12.5,23.3,163,162,16,22,8,3,235,27.9,0.0,28.9,0.0,30.1,0.0,28.0,0.0,27.4,0.0,28.766666666666666,0.0,29.35833333333333,0.0,27.6875,0.0,-0.7999999999999972,0.0,Tiruchirappalli,28.2,0.0
2024-08-22 17:00:00,26.8,83,0.0,1001.2,13.4,24.6,174,172,17,22,8,3,235,27.1,0.0,28.4,0.0,30.1,0.0,28.9,0.0,26.9,0.0,28.21666666666667,0.0,29.183333333333334,0.0,27.683333333333337,0.0,-0.3000000000000007,0.0,Tiruchirappalli,28.1,0.0
2024-08-22 18:00:00,26.5,83,0.0,1001.1,11.9,22.8,186,185,18,22,8,3,235,26.8,0.0,27.9,0.0,30.2,0.0,29.7,0.0,26.7,0.0,27.6,0.0,28.916666666666668,0.0,27.675,0.0,-0.3000000000000007,0.0,Tiruchirappalli,27.9,0.0
2024-08-22 19:00:00,26.2,84,0.0,1000.5,11.1,21.6,195,193,19,22,8,3,235,26.5,0.0,27.1,0.0,28.9,0.0,30.7,0.0,26.5,0.0,27.149999999999995,0.0,28.541666666666668,0.0,27.6625,0.0,-0.3000000000000007,0.0,Tiruchirappalli,27.5,0.0
2024-08-22 20:00:00,25.9,87,0.0,999.9,10.7,20.2,199,200,20,22,8,3,235,26.2,0.0,26.8,0.0,28.4,0.0,30.1,0.0,26.1,0.0,26.73333333333333,0.0,28.191666666666663,0.0,27.654166666666665,0.0,-0.3000000000000007,0.0,Tiruchirappalli,27.3,0.0
2024-08-22 21:00:00,25.7,90,0.0,999.5,8.9,17.7,200,201,21,22,8,3,235,25.9,0.0,26.5,0.0,27.9,0.0,30.2,0.0,25.8,0.0,26.366666666666664,0.0,27.816666666666663,0.0,27.65,0.0,-0.1999999999999993,0.0,Tiruchirappalli,27.2,0.0
2024-08-22 22:00:00,25.3,92,0.0,999.3,6.0,14.5,203,205,22,22,8,3,235,25.7,0.0,26.2,0.0,27.1,0.0,30.1,0.0,25.3,0.0,26.066666666666663,0.0,27.416666666666668,0.0,27.649999999999995,0.0,-0.3999999999999986,0.0,Tiruchirappalli,26.9,0.0
2024-08-22 23:00:00,24.9,94,0.0,999.6,4.7,12.8,202,203,23,22,8,3,235,25.3,0.0,25.9,0.0,26.8,0.0,30.1,0.0,24.9,0.0,25.75,0.0,26.98333333333333,0.0,27.649999999999995,0.0,-0.4000000000000021,0.0,Tiruchirappalli,26.4,0.0
2024-08-23 00:00:00,24.7,96,0.0,999.8,5.2,13.6,202,205,0,23,8,4,236,24.9,0.0,25.7,0.0,26.5,0.0,30.2,0.0,24.3,0.0,25.45,0.0,26.524999999999995,0.0,27.666666666666668,0.0,-0.1999999999999993,0.0,Tiruchirappalli,26.2,0.0
2024-08-23 01:00:00,25.7,90,0.0,1000.1,7.6,14.3,205,205,1,23,8,4,236,24.7,0.0,25.3,0.0,26.2,0.0,28.9,0.0,24.7,0.0,25.366666666666664,0.0,26.258333333333336,0.0,27.70833333333333,0.0,1.0,0.0,Tiruchirappalli,26.8,0.0
2024-08-23 02:00:00,26.8,85,0.0,1000.8,7.2,10.3,205,207,2,23,8,4,236,25.7,0.0,24.9,0.0,25.9,0.0,28.4,0.0,25.7,0.0,25.516666666666666,0.0,26.125,0.0,27.754166666666663,0.0,1.1000000000000014,0.0,Tiruchirappalli,27.5,0.0
2024-08-23 03:00:00,28.5,76,0.0,1001.3,6.4,8.2,232,232,3,23,8,4,236,26.8,0.0,24.7,0.0,25.7,0.0,27.9,0.0,27.3,0.0,25.98333333333333,0.0,26.175,0.0,27.804166666666664,0.0,1.6999999999999993,0.0,Tiruchirappalli,28.3,0.0
2024-08-23 04:00:00,30.0,69,0.0,1000.8,5.6,7.2,243,243,4,23,8,4,236,28.5,0.0,25.7,0.0,25.3,0.0,27.1,0.0,28.0,0.0,26.766666666666666,0.0,26.416666666666668,0.0,27.8875,0.0,1.5,0.0,Tiruchirappalli,30.1,0.0
2024-08-23 05:00:00,31.3,63,0.0,1000.7,5.1,6.4,232,231,5,23,8,4,236,30.0,0.0,26.8,0.0,24.9,0.0,26.8,0.0,28.9,0.0,27.83333333333333,0.0,26.791666666666668,0.0,27.9875,0.0,1.3000000000000007,0.0,Tiruchirappalli,31.2,0.0
2024-08-23 06:00:00,32.5,58,0.0,1000.3,5.1,6.6,225,225,6,23,8,4,236,31.3,0.0,28.5,0.0,24.7,0.0,26.5,0.0,29.7,0.0,29.133333333333336,0.0,27.291666666666668,0.0,28.104166666666668,0.0,1.1999999999999993,0.0,Tiruchirappalli,31.6,0.0
2024-08-23 07:00:00,33.1,55,0.0,999.6,6.3,7.8,236,239,7,23,8,4,236,32.5,0.0,30.0,0.0,25.7,0.0,26.2,0.0,30.7,0.0,30.36666666666667,0.0,27.86666666666667,0.0,28.204166666666666,0.0,0.6000000000000014,0.0,Tiruchirappalli,32.6,0.0
2024-08-23 08:00:00,33.2,54,0.0,998.6,6.2,7.7,259,260,8,23,8,4,236,33.1,0.0,31.3,0.0,26.8,0.0,25.9,0.0,30.1,0.0,31.433333333333334,0.0,28.475,0.0,28.33333333333333,0.0,0.1000000000000014,0.0,Tiruchirappalli,34.1,0.0
2024-08-23 09:00:00,33.5,53,0.0,998.0,5.2,6.6,257,258,9,23,8,4,236,33.2,0.0,32.5,0.0,28.5,0.0,25.7,0.0,30.2,0.0,32.266666666666666,0.0,29.125,0.0,28.47083333333333,0.0,0.2999999999999971,0.0,Tiruchirappalli,34.3,0.0
2024-08-23 10:00:00,33.6,53,0.0,997.5,6.6,8.4,245,248,10,23,8,4,236,33.5,0.0,33.1,0.0,30.0,0.0,25.3,0.0,30.1,0.0,32.86666666666667,0.0,29.816666666666663,0.0,28.61666666666667,0.0,0.1000000000000014,0.0,Tiruchirappalli,34.0,0.0
2024-08-23 11:00:00,33.3,53,0.0,997.3,8.1,10.4,236,238,11,23,8,4,236,33.6,0.0,33.2,0.0,31.3,0.0,24.9,0.0,30.1,0.0,33.2,0.0,30.51666666666667,0.0,28.75,0.0,-0.3000000000000042,0.0,Tiruchirappalli,32.9,0.0
2024-08-23 12:00:00,32.2,59,0.0,997.5,6.8,11.1,205,205,12,23,8,4,236,33.3,0.0,33.5,0.0,32.5,0.0,24.7,0.0,30.2,0.0,33.15,0.0,31.14166666666667,0.0,28.83333333333333,0.0,-1.0999999999999943,0.0,Tiruchirappalli,32.3,0.0
2024-08-23 13:00:00,30.2,69,0.0,998.5,4.6,5.4,228,231,13,23,8,4,236,32.2,0.0,33.6,0.0,33.1,0.0,25.7,0.0,28.9,0.0,32.666666666666664,0.0,31.516666666666666,0.0,28.8875,0.0,-2.000000000000004,0.0,Tiruchirappalli,29.9,0.0
2024-08-23 14:00:00,29.7,65,0.0,999.2,6.1,14.6,189,183,14,23,8,4,236,30.2,0.0,33.3,0.0,33.2,0.0,26.8,0.0,28.4,0.0,32.083333333333336,0.0,31.758333333333336,0.0,28.941666666666663,0.0,-0.5,0.0,Tiruchirappalli,28.5,0.0
2024-08-23 15:00:00,29.0,65,0.0,1000.1,11.1,22.2,153,151,15,23,8,4,236,29.7,0.0,32.2,0.0,33.5,0.0,28.5,0.0,27.9,0.0,31.33333333333333,0.0,31.8,0.0,28.9875,0.0,-0.6999999999999993,0.0,Tiruchirappalli,27.7,0.0
2024-08-23 16:00:00,28.3,71,0.0,1000.7,15.8,27.7,181,180,16,23,8,4,236,29.0,0.0,30.2,0.0,33.6,0.0,30.0,0.0,27.1,0.0,30.45,0.0,31.65833333333333,0.0,29.0375,0.0,-0.6999999999999993,0.0,Tiruchirappalli,27.8,0.0
2024-08-23 17:00:00,27.7,74,0.0,1001.5,15.1,26.6,181,179,17,23,8,4,236,28.3,0.0,29.7,0.0,33.3,0.0,31.3,0.0,26.8,0.0,29.516666666666666,0.0,31.35833333333333,0.0,29.075,0.0,-0.6000000000000014,0.0,Tiruchirappalli,27.8,0.0
2024-08-23 18:00:00,27.1,78,0.0,1001.2,14.4,25.2,182,180,18,23,8,4,236,27.7,0.0,29.0,0.0,32.2,0.0,32.5,0.0,26.5,0.0,28.666666666666668,0.0,30.90833333333333,0.0,29.1,0.0,-0.5999999999999979,0.0,Tiruchirappalli,27.6,0.0
2024-08-23 19:00:00,26.6,81,0.0,1000.9,10.5,19.9,193,196,19,23,8,4,236,27.1,0.0,28.3,0.0,30.2,0.0,33.1,0.0,26.2,0.0,28.066666666666663,0.0,30.366666666666664,0.0,29.11666666666667,0.0,-0.5,0.0,Tiruchirappalli,27.4,0.0
2024-08-23 20:00:00,26.4,83,0.0,1000.7,6.9,13.9,217,231,20,23,8,4,236,26.6,0.0,27.7,0.0,29.7,0.0,33.2,0.0,25.9,0.0,27.51666666666667,0.0,29.8,0.0,29.137500000000003,0.0,-0.2000000000000028,0.0,Tiruchirappalli,27.4,0.0
2024-08-23 21:00:00,26.1,85,0.0,1000.1,7.4,14.9,217,223,21,23,8,4,236,26.4,0.0,27.1,0.0,29.0,0.0,33.5,0.0,25.7,0.0,27.03333333333333,0.0,29.183333333333334,0.0,29.15416666666667,0.0,-0.2999999999999971,0.0,Tiruchirappalli,27.2,0.0
2024-08-23 22:00:00,25.9,86,0.0,999.6,9.4,17.7,204,203,22,23,8,4,236,26.1,0.0,26.6,0.0,28.3,0.0,33.6,0.0,25.3,0.0,26.633333333333336,0.0,28.541666666666668,0.0,29.17916666666667,0.0,-0.2000000000000028,0.0,Tiruchirappalli,26.8,0.0
2024-08-23 23:00:00,25.6,87,0.0,999.8,9.2,17.9,202,201,23,23,8,4,236,25.9,0.0,26.4,0.0,27.7,0.0,33.3,0.0,24.9,0.0,26.28333333333333,0.0,27.9,0.0,29.20833333333334,0.0,-0.2999999999999971,0.0,Tiruchirappalli,26.5,0.0
2024-08-24 00:00:00,25.3,87,0.0,1000.1,8.0,16.3,205,207,0,24,8,5,237,25.6,0.0,26.1,0.0,27.1,0.0,32.2,0.0,24.7,0.0,25.98333333333333,0.0,27.325,0.0,29.23333333333333,0.0,-0.3000000000000007,0.0,Tiruchirappalli,26.2,0.0
2024-08-24 01:00:00,25.7,89,0.0,1001.1,6.4,11.5,238,227,1,24,8,5,237,25.3,0.0,25.9,0.0,26.6,0.0,30.2,0.0,25.7,0.0,25.83333333333333,0.0,26.95,0.0,29.23333333333333,0.0,0.3999999999999986,0.0,Tiruchirappalli,26.8,0.0
2024-08-24 02:00:00,26.9,80,0.0,1001.8,7.7,10.8,233,233,2,24,8,5,237,25.7,0.0,25.6,0.0,26.4,0.0,29.7,0.0,26.8,0.0,25.916666666666668,0.0,26.71666666666667,0.0,29.2375,0.0,1.1999999999999993,0.0,Tiruchirappalli,27.9,0.0
2024-08-24 03:00:00,28.4,73,0.0,1002.3,7.6,9.7,239,239,3,24,8,5,237,26.9,0.0,25.3,0.0,26.1,0.0,29.0,0.0,28.5,0.0,26.3,0.0,26.666666666666668,0.0,29.23333333333333,0.0,1.5,0.0,Tiruchirappalli,29.6,0.0
2024-08-24 04:00:00,29.9,65,0.0,1002.3,9.2,11.6,240,239,4,24,8,5,237,28.4,0.0,25.7,0.0,25.9,0.0,28.3,0.0,30.0,0.0,26.966666666666665,0.0,26.8,0.0,29.229166666666668,0.0,1.5,0.0,Tiruchirappalli,30.8,0.0
2024-08-24 05:00:00,31.5,59,0.0,1002.0,10.1,13.0,236,235,5,24,8,5,237,29.9,0.0,26.9,0.0,25.6,0.0,27.7,0.0,31.3,0.0,27.95,0.0,27.116666666666664,0.0,29.2375,0.0,1.6000000000000014,0.0,Tiruchirappalli,31.9,0.0
2024-08-24 06:00:00,32.8,55,0.0,1001.1,11.7,15.0,226,225,6,24,8,5,237,31.5,0.0,28.4,0.0,25.3,0.0,27.1,0.0,32.5,0.0,29.2,0.0,27.591666666666665,0.0,29.25,0.0,1.2999999999999972,0.0,Tiruchirappalli,33.1,0.0
2024-08-24 07:00:00,33.7,53,0.0,1000.0,12.8,16.9,232,232,7,24,8,5,237,32.8,0.0,29.9,0.0,25.7,0.0,26.6,0.0,33.1,0.0,30.53333333333333,0.0,28.183333333333337,0.0,29.275,0.0,0.9000000000000057,0.0,Tiruchirappalli,34.2,0.0
2024-08-24 08:00:00,34.1,52,0.0,998.9,9.2,12.0,231,228,8,24,8,5,237,33.7,0.0,31.5,0.0,26.9,0.0,26.4,0.0,33.2,0.0,31.73333333333333,0.0,28.825,0.0,29.3125,0.0,0.3999999999999986,0.0,Tiruchirappalli,34.7,0.0
2024-08-24 09:00:00,35.0,48,0.0,997.7,10.9,14.6,237,236,9,24,8,5,237,34.1,0.0,32.8,0.0,28.4,0.0,26.1,0.0,33.5,0.0,32.833333333333336,0.0,29.566666666666663,0.0,29.375,0.0,0.8999999999999986,0.0,Tiruchirappalli,35.0,0.0
2024-08-24 10:00:00,31.2,60,0.6,997.9,10.3,14.8,244,241,10,24,8,5,237,35.0,0.0,33.7,0.0,29.9,0.0,25.9,0.0,33.6,0.0,33.050000000000004,0.6,30.00833333333333,0.6000000000000035,29.275,0.6,-3.8000000000000007,0.6,Tiruchirappalli,34.1,0.0
2024-08-24 11:00:00,32.2,57,0.0,997.5,9.3,12.5,237,234,11,24,8,5,237,31.2,0.6,34.1,0.0,31.5,0.0,25.6,0.0,33.3,0.0,33.166666666666664,0.6,30.558333333333337,0.6000000000000035,29.229166666666668,0.6,1.0000000000000036,-0.6,Tiruchirappalli,30.5,1.0
2024-08-24 12:00:00,31.4,61,0.0,998.1,9.5,15.0,280,281,12,24,8,5,237,32.2,0.0,35.0,0.0,32.8,0.0,25.3,0.0,32.2,0.0,32.93333333333333,0.6,31.066666666666663,0.6000000000000035,29.19583333333333,0.6,-0.8000000000000043,0.0,Tiruchirappalli,28.8,2.3
2024-08-24 13:00:00,29.8,65,0.0,998.6,7.3,16.3,264,261,13,24,8,5,237,31.4,0.0,31.2,0.6,33.7,0.0,25.7,0.0,30.2,0.0,32.28333333333333,0.6,31.40833333333333,0.6000000000000035,29.17916666666667,0.6,-1.599999999999998,0.0,Tiruchirappalli,31.3,0.0
2024-08-24 14:00:00,29.4,65,0.0,999.2,7.0,16.3,245,235,14,24,8,5,237,29.8,0.0,32.2,0.0,34.1,0.0,26.9,0.0,29.7,0.0,31.5,0.6,31.616666666666664,0.6000000000000035,29.166666666666668,0.6,-0.4000000000000021,0.0,Tiruchirappalli,30.2,0.0
2024-08-24 15:00:00,29.1,66,0.0,1000.3,8.9,19.6,287,284,15,24,8,5,237,29.4,0.0,31.4,0.0,35.0,0.0,28.4,0.0,29.0,0.0,30.516666666666666,0.6,31.675,0.6000000000000035,29.17083333333333,0.6,-0.2999999999999971,0.0,Tiruchirappalli,28.6,0.0
2024-08-24 16:00:00,28.5,64,0.0,1001.2,12.1,23.6,286,287,16,24,8,5,237,29.1,0.0,29.8,0.0,31.2,0.6,29.9,0.0,28.3,0.0,30.066666666666663,0.0,31.558333333333337,0.6000000000000035,29.17916666666667,0.6,-0.6000000000000014,0.0,Tiruchirappalli,27.6,0.0
2024-08-24 17:00:00,27.8,66,0.0,1001.6,14.1,26.0,284,283,17,24,8,5,237,28.5,0.0,29.4,0.0,32.2,0.0,31.5,0.0,27.7,0.0,29.33333333333333,0.0,31.25,0.6000000000000035,29.183333333333334,0.6,-0.6999999999999993,0.0,Tiruchirappalli,27.2,0.0
2024-08-24 18:00:00,27.4,67,0.0,1001.2,11.6,22.2,283,275,18,24,8,5,237,27.8,0.0,29.1,0.0,31.4,0.0,32.8,0.0,27.1,0.0,28.666666666666668,0.0,30.8,0.6000000000000035,29.19583333333333,0.6,-0.4000000000000021,0.0,Tiruchirappalli,27.1,0.0
2024-08-24 19:00:00,27.1,68,0.0,1000.8,8.4,17.7,276,263,19,24,8,5,237,27.4,0.0,28.5,0.0,29.8,0.0,33.7,0.0,26.6,0.0,28.21666666666667,0.0,30.25,0.6000000000000035,29.216666666666665,0.6,-0.2999999999999971,0.0,Tiruchirappalli,27.2,0.0
2024-08-24 20:00:00,26.6,70,0.0,1000.4,8.0,18.1,275,260,20,24,8,5,237,27.1,0.0,27.8,0.0,29.4,0.0,34.1,0.0,26.4,0.0,27.75,0.0,29.625,0.6000000000000035,29.225,0.6,-0.5,0.0,Tiruchirappalli,27.2,0.0
2024-08-24 21:00:00,26.3,72,0.0,999.9,10.1,20.7,278,272,21,24,8,5,237,26.6,0.0,27.4,0.0,29.1,0.0,35.0,0.0,26.1,0.0,27.28333333333333,0.0,28.9,0.6000000000000035,29.23333333333333,0.6,-0.3000000000000007,0.0,Tiruchirappalli,27.0,0.0
2024-08-24 22:00:00,26.3,72,0.0,999.4,12.6,23.5,276,273,22,24,8,5,237,26.3,0.0,27.1,0.0,28.5,0.0,31.2,0.6,25.9,0.0,26.916666666666668,0.0,28.49166666666667,0.0,29.25,0.6,0.0,0.0,Tiruchirappalli,26.9,0.0
2024-08-24 23:00:00,26.1,73,0.0,999.9,11.2,21.6,269,266,23,24,8,5,237,26.3,0.0,26.6,0.0,27.8,0.0,32.2,0.0,25.6,0.0,26.633333333333336,0.0,27.98333333333333,0.0,29.27083333333333,0.6,-0.1999999999999993,0.0,Tiruchirappalli,26.7,0.0
2024-08-25 00:00:00,26.0,73,0.0,1000.2,10.4,20.2,269,268,0,25,8,6,238,26.1,0.0,26.3,0.0,27.4,0.0,31.4,0.0,25.3,0.0,26.4,0.0,27.53333333333333,0.0,29.3,0.6,-0.1000000000000014,0.0,Tiruchirappalli,26.5,0.0
2024-08-25 01:00:00,25.5,76,0.0,1000.7,6.6,14.6,261,257,1,25,8,6,238,26.0,0.0,26.3,0.0,27.1,0.0,29.8,0.0,25.7,0.0,26.133333333333336,0.0,27.175,0.0,29.291666666666668,0.6,-0.5,0.0,Tiruchirappalli,26.5,0.0
2024-08-25 02:00:00,26.9,72,0.0,1001.5,7.9,12.1,258,254,2,25,8,6,238,25.5,0.0,26.1,0.0,26.6,0.0,29.4,0.0,26.9,0.0,26.183333333333337,0.0,26.96666666666667,0.0,29.291666666666668,0.6,1.3999999999999986,0.0,Tiruchirappalli,27.5,0.0
2024-08-25 03:00:00,28.4,66,0.0,1002.0,10.3,14.2,243,241,3,25,8,6,238,26.9,0.0,26.0,0.0,26.3,0.0,29.1,0.0,28.4,0.0,26.53333333333333,0.0,26.90833333333333,0.0,29.291666666666668,0.6,1.5,0.0,Tiruchirappalli,29.3,0.0
2024-08-25 04:00:00,30.0,60,0.0,1001.6,12.1,15.9,245,243,4,25,8,6,238,28.4,0.0,25.5,0.0,26.3,0.0,28.5,0.0,29.9,0.0,27.149999999999995,0.0,27.03333333333333,0.0,29.29583333333333,0.6,1.6000000000000014,0.0,Tiruchirappalli,31.0,0.0
2024-08-25 05:00:00,31.5,55,0.0,1000.9,14.4,19.1,248,248,5,25,8,6,238,30.0,0.0,26.9,0.0,26.1,0.0,27.8,0.0,31.5,0.0,28.05,0.0,27.34166666666667,0.0,29.29583333333333,0.6,1.5,0.0,Tiruchirappalli,32.6,0.0
2024-08-25 06:00:00,33.3,49,0.0,1000.0,17.2,23.5,255,254,6,25,8,6,238,31.5,0.0,28.4,0.0,26.0,0.0,27.4,0.0,32.8,0.0,29.266666666666666,0.0,27.83333333333333,0.0,29.316666666666663,0.6,1.7999999999999972,0.0,Tiruchirappalli,33.8,0.0
2024-08-25 07:00:00,34.7,43,0.0,998.9,20.0,27.2,262,262,7,25,8,6,238,33.3,0.0,30.0,0.0,25.5,0.0,27.1,0.0,33.7,0.0,30.8,0.0,28.466666666666665,0.0,29.35833333333333,0.6,1.4000000000000057,0.0,Tiruchirappalli,34.4,0.0
2024-08-25 08:00:00,35.3,40,0.0,998.1,22.0,30.2,271,271,8,25,8,6,238,34.7,0.0,31.5,0.0,26.9,0.0,26.6,0.0,34.1,0.0,32.2,0.0,29.191666666666663,0.0,29.40833333333333,0.6,0.5999999999999943,0.0,Tiruchirappalli,35.0,0.0
2024-08-25 09:00:00,35.2,39,0.0,997.2,22.7,32.1,273,273,9,25,8,6,238,35.3,0.0,33.3,0.0,28.4,0.0,26.3,0.0,35.0,0.0,33.333333333333336,0.0,29.933333333333334,0.0,29.416666666666668,0.6,-0.0999999999999943,0.0,Tiruchirappalli,32.7,0.1
2024-08-25 10:00:00,35.2,39,0.0,996.6,20.4,29.2,261,261,10,25,8,6,238,35.2,0.0,34.7,0.0,30.0,0.0,26.3,0.0,31.2,0.6,34.2,0.0,30.675,0.0,29.58333333333333,0.0,0.0,0.0,Tiruchirappalli,34.1,0.0
2024-08-25 11:00:00,34.4,41,0.0,996.5,18.4,26.8,265,264,11,25,8,6,238,35.2,0.0,35.3,0.0,31.5,0.0,26.1,0.0,32.2,0.0,34.68333333333334,0.0,31.36666666666667,0.0,29.675,0.0,-0.8000000000000043,0.0,Tiruchirappalli,25.9,6.6
2024-08-25 12:00:00,33.2,47,0.0,997.0,15.1,24.9,272,273,12,25,8,6,238,34.4,0.0,35.2,0.0,33.3,0.0,26.0,0.0,31.4,0.0,34.666666666666664,0.0,31.96666666666667,0.0,29.75,0.0,-1.1999999999999955,0.0,Tiruchirappalli,25.8,1.8
2024-08-25 13:00:00,30.9,53,0.0,997.9,17.3,29.7,281,282,13,25,8,6,238,33.2,0.0,35.2,0.0,34.7,0.0,25.5,0.0,29.8,0.0,34.03333333333334,0.0,32.416666666666664,0.0,29.79583333333333,0.0,-2.3000000000000043,0.0,Tiruchirappalli,26.8,0.1
2024-08-25 14:00:00,29.8,55,0.0,998.7,19.0,32.4,287,289,14,25,8,6,238,30.9,0.0,34.4,0.0,35.3,0.0,26.9,0.0,29.4,0.0,33.11666666666667,0.0,32.65833333333333,0.0,29.8125,0.0,-1.099999999999998,0.0,Tiruchirappalli,25.5,0.0
2024-08-25 15:00:00,28.9,58,0.0,999.4,15.5,28.2,289,292,15,25,8,6,238,29.8,0.0,33.2,0.0,35.2,0.0,28.4,0.0,29.1,0.0,32.06666666666667,0.0,32.7,0.0,29.804166666666664,0.0,-0.9000000000000021,0.0,Tiruchirappalli,26.5,0.0
2024-08-25 16:00:00,28.1,61,0.0,1000.0,14.5,27.3,288,289,16,25,8,6,238,28.9,0.0,30.9,0.0,35.2,0.0,30.0,0.0,28.5,0.0,30.88333333333333,0.0,32.541666666666664,0.0,29.7875,0.0,-0.7999999999999972,0.0,Tiruchirappalli,27.0,0.0
2024-08-25 17:00:00,27.4,63,0.0,1000.3,12.4,24.1,287,287,17,25,8,6,238,28.1,0.0,29.8,0.0,34.4,0.0,31.5,0.0,27.8,0.0,29.716666666666665,0.0,32.2,0.0,29.77083333333333,0.0,-0.7000000000000028,0.0,Tiruchirappalli,26.9,0.0
2024-08-25 18:00:00,27.0,64,0.0,1000.2,13.3,26.1,285,283,18,25,8,6,238,27.4,0.0,28.9,0.0,33.2,0.0,33.3,0.0,27.4,0.0,28.683333333333334,0.0,31.675,0.0,29.754166666666663,0.0,-0.3999999999999986,0.0,Tiruchirappalli,26.5,0.0
2024-08-25 19:00:00,26.7,65,0.0,1000.0,13.8,26.3,279,276,19,25,8,6,238,27.0,0.0,28.1,0.0,30.9,0.0,34.7,0.0,27.1,0.0,27.98333333333333,0.0,31.008333333333336,0.0,29.7375,0.0,-0.3000000000000007,0.0,Tiruchirappalli,26.4,0.0
2024-08-25 20:00:00,26.1,68,0.0,999.4,11.2,22.3,273,268,20,25,8,6,238,26.7,0.0,27.4,0.0,29.8,0.0,35.3,0.0,26.6,0.0,27.36666666666667,0.0,30.241666666666664,0.0,29.71666666666667,0.0,-0.5999999999999979,0.0,Tiruchirappalli,26.5,0.0
2024-08-25 21:00:00,25.6,71,0.0,998.8,9.4,19.8,270,263,21,25,8,6,238,26.1,0.0,27.0,0.0,28.9,0.0,35.2,0.0,26.3,0.0,26.816666666666663,0.0,29.441666666666663,0.0,29.6875,0.0,-0.5,0.0,Tiruchirappalli,26.4,0.0
2024-08-25 22:00:00,25.3,72,0.0,998.3,10.8,21.6,274,268,22,25,8,6,238,25.6,0.0,26.7,0.0,28.1,0.0,35.2,0.0,26.3,0.0,26.350000000000005,0.0,28.61666666666667,0.0,29.64583333333333,0.0,-0.3000000000000007,0.0,Tiruchirappalli,26.5,0.0
2024-08-25 23:00:00,25.1,74,0.0,998.6,10.7,21.3,268,258,23,25,8,6,238,25.3,0.0,26.1,0.0,27.4,0.0,34.4,0.0,26.1,0.0,25.96666666666667,0.0,27.841666666666665,0.0,29.604166666666668,0.0,-0.1999999999999993,0.0,Tiruchirappalli,26.4,0.0
2024-08-26 00:00:00,25.0,75,0.0,998.8,11.2,22.5,276,268,0,26,8,0,239,25.1,0.0,25.6,0.0,27.0,0.0,33.2,0.0,26.0,0.0,25.633333333333336,0.0,27.15833333333333,0.0,29.5625,0.0,-0.1000000000000014,0.0,Tiruchirappalli,26.2,0.0
2024-08-26 01:00:00,25.6,73,0.0,999.3,10.5,20.6,282,278,1,26,8,0,239,25.0,0.0,25.3,0.0,26.7,0.0,30.9,0.0,25.5,0.0,25.450000000000003,0.0,26.71666666666667,0.0,29.566666666666663,0.0,0.6000000000000014,0.0,Tiruchirappalli,26.5,0.0
2024-08-26 02:00:00,27.1,70,0.0,999.8,10.1,15.6,277,272,2,26,8,0,239,25.6,0.0,25.1,0.0,26.1,0.0,29.8,0.0,26.9,0.0,25.61666666666667,0.0,26.49166666666667,0.0,29.575,0.0,1.5,0.0,Tiruchirappalli,27.7,0.0
2024-08-26 03:00:00,28.7,64,0.0,1000.4,13.0,17.7,272,270,3,26,8,0,239,27.1,0.0,25.0,0.0,25.6,0.0,28.9,0.0,28.4,0.0,26.133333333333336,0.0,26.475,0.0,29.5875,0.0,1.599999999999998,0.0,Tiruchirappalli,28.7,0.0
2024-08-26 04:00:00,30.2,60,0.0,1000.3,13.8,18.5,262,261,4,26,8,0,239,28.7,0.0,25.6,0.0,25.3,0.0,28.1,0.0,30.0,0.0,26.950000000000003,0.0,26.65,0.0,29.59583333333333,0.0,1.5,0.0,Tiruchirappalli,30.3,0.0
2024-08-26 05:00:00,32.0,53,0.0,1000.1,15.6,20.7,263,262,5,26,8,0,239,30.2,0.0,27.1,0.0,25.1,0.0,27.4,0.0,31.5,0.0,28.100000000000005,0.0,27.03333333333333,0.0,29.616666666666664,0.0,1.8000000000000007,0.0,Tiruchirappalli,31.8,0.0
2024-08-26 06:00:00,33.5,47,0.0,999.4,20.4,27.6,262,261,6,26,8,0,239,32.0,0.0,28.7,0.0,25.0,0.0,27.0,0.0,33.3,0.0,29.51666666666667,0.0,27.575,0.0,29.625,0.0,1.5,0.0,Tiruchirappalli,33.0,0.0
2024-08-26 07:00:00,33.6,48,0.5,998.6,17.0,23.3,257,257,7,26,8,0,239,33.5,0.0,30.2,0.0,25.6,0.0,26.7,0.0,34.7,0.0,30.85,0.5,28.15,0.5000000000000036,29.579166666666666,0.5,0.1000000000000014,0.5,Tiruchirappalli,34.5,0.0
2024-08-26 08:00:00,34.4,46,0.0,997.2,17.4,23.5,259,257,8,26,8,0,239,33.6,0.5,32.0,0.0,27.1,0.0,26.1,0.0,35.3,0.0,32.06666666666666,0.5,28.84166666666667,0.5000000000000036,29.541666666666668,0.5,0.7999999999999972,-0.5,Tiruchirappalli,35.2,0.0
2024-08-26 09:00:00,34.5,44,0.0,996.6,17.3,23.5,252,249,9,26,8,0,239,34.4,0.0,33.5,0.0,28.7,0.0,25.6,0.0,35.2,0.0,33.03333333333333,0.5,29.58333333333333,0.5000000000000036,29.5125,0.5,0.1000000000000014,0.0,Tiruchirappalli,35.5,0.0
2024-08-26 10:00:00,34.5,44,0.0,996.0,14.2,19.7,262,263,10,26,8,0,239,34.5,0.0,33.6,0.5,30.2,0.0,25.3,0.0,35.2,0.0,33.75,0.5,30.35,0.5000000000000036,29.48333333333333,0.5,0.0,0.0,Tiruchirappalli,32.9,0.1
2024-08-26 11:00:00,34.3,43,0.0,995.7,13.9,19.1,250,249,11,26,8,0,239,34.5,0.0,34.4,0.0,32.0,0.0,25.1,0.0,34.4,0.0,34.13333333333333,0.5,31.11666666666667,0.5000000000000036,29.479166666666668,0.5,-0.2000000000000028,0.0,Tiruchirappalli,33.4,0.0
2024-08-26 12:00:00,33.3,46,0.0,995.9,9.7,18.4,273,270,12,26,8,0,239,34.3,0.0,34.5,0.0,33.5,0.0,25.0,0.0,33.2,0.0,34.1,0.5,31.808333333333337,0.5000000000000036,29.48333333333333,0.5,-1.0,0.0,Tiruchirappalli,32.3,0.0
2024-08-26 13:00:00,31.2,50,0.0,997.2,12.6,24.1,292,294,13,26,8,0,239,33.3,0.0,34.5,0.0,33.6,0.5,25.6,0.0,30.9,0.0,33.7,0.0,32.275,0.5000000000000036,29.495833333333334,0.5,-2.099999999999998,0.0,Tiruchirappalli,30.5,0.0
2024-08-26 14:00:00,30.4,52,0.0,998.1,14.3,26.6,286,288,14,26,8,0,239,31.2,0.0,34.3,0.0,34.4,0.0,27.1,0.0,29.8,0.0,33.03333333333334,0.0,32.55,0.5000000000000036,29.52083333333333,0.5,-0.8000000000000007,0.0,Tiruchirappalli,28.8,0.0
2024-08-26 15:00:00,29.5,55,0.0,999.0,16.1,28.7,288,290,15,26,8,0,239,30.4,0.0,33.3,0.0,34.5,0.0,28.7,0.0,28.9,0.0,32.2,0.0,32.61666666666667,0.5000000000000036,29.54583333333333,0.5,-0.8999999999999986,0.0,Tiruchirappalli,28.1,0.0
2024-08-26 16:00:00,28.7,59,0.0,999.9,15.6,28.6,287,289,16,26,8,0,239,29.5,0.0,31.2,0.0,34.5,0.0,30.2,0.0,28.1,0.0,31.23333333333333,0.0,32.49166666666667,0.5000000000000036,29.570833333333336,0.5,-0.8000000000000007,0.0,Tiruchirappalli,28.5,0.0
2024-08-26 17:00:00,28.2,61,0.0,1000.0,15.4,27.9,284,286,17,26,8,0,239,28.7,0.0,30.4,0.0,34.3,0.0,32.0,0.0,27.4,0.0,30.216666666666665,0.0,32.175,0.5000000000000036,29.604166666666668,0.5,-0.5,0.0,Tiruchirappalli,28.0,0.0
2024-08-26 18:00:00,27.8,63,0.0,999.7,15.4,28.5,286,286,18,26,8,0,239,28.2,0.0,29.5,0.0,33.3,0.0,33.5,0.0,27.0,0.0,29.3,0.0,31.7,0.5000000000000036,29.6375,0.5,-0.3999999999999986,0.0,Tiruchirappalli,27.4,0.0
2024-08-26 19:00:00,27.5,64,0.0,999.4,14.1,26.5,282,274,19,26,8,0,239,27.8,0.0,28.7,0.0,31.2,0.0,33.6,0.5,26.7,0.0,28.683333333333334,0.0,31.191666666666663,0.0,29.67083333333333,0.5,-0.3000000000000007,0.0,Tiruchirappalli,26.9,0.0
2024-08-26 20:00:00,27.0,67,0.0,999.2,10.9,21.2,271,261,20,26,8,0,239,27.5,0.0,28.2,0.0,30.4,0.0,34.4,0.0,26.1,0.0,28.116666666666664,0.0,30.575,0.0,29.70833333333333,0.5,-0.5,0.0,Tiruchirappalli,26.7,0.0
2024-08-26 21:00:00,26.6,69,0.0,998.8,10.0,19.8,268,255,21,26,8,0,239,27.0,0.0,27.8,0.0,29.5,0.0,34.5,0.0,25.6,0.0,27.63333333333333,0.0,29.916666666666668,0.0,29.75,0.5,-0.3999999999999986,0.0,Tiruchirappalli,26.6,0.0
2024-08-26 22:00:00,26.3,72,0.0,998.7,10.1,19.9,275,266,22,26,8,0,239,26.6,0.0,27.5,0.0,28.7,0.0,34.5,0.0,25.3,0.0,27.23333333333333,0.0,29.23333333333333,0.0,29.791666666666668,0.5,-0.3000000000000007,0.0,Tiruchirappalli,26.7,0.0
2024-08-26 23:00:00,26.0,74,0.0,998.8,10.1,20.1,279,274,23,26,8,0,239,26.3,0.0,27.0,0.0,28.2,0.0,34.3,0.0,25.1,0.0,26.86666666666667,0.0,28.541666666666668,0.0,29.829166666666666,0.5,-0.3000000000000007,0.0,Tiruchirappalli,26.7,0.0
2024-08-27 00:00:00,26.1,74,0.0,999.0,12.1,22.4,264,258,0,27,8,1,240,26.0,0.0,26.6,0.0,27.8,0.0,33.3,0.0,25.0,0.0,26.58333333333333,0.0,27.941666666666663,0.0,29.875,0.5,0.1000000000000014,0.0,Tiruchirappalli,26.8,0.0
2024-08-27 01:00:00,26.4,72,0.0,999.7,8.8,16.5,260,251,1,27,8,1,240,26.1,0.0,26.3,0.0,27.5,0.0,31.2,0.0,25.6,0.0,26.4,0.0,27.541666666666668,0.0,29.90833333333333,0.5,0.2999999999999971,0.0,Tiruchirappalli,26.8,0.0
2024-08-27 02:00:00,27.7,68,0.0,1000.5,9.4,13.7,270,266,2,27,8,1,240,26.4,0.0,26.0,0.0,27.0,0.0,30.4,0.0,27.1,0.0,26.516666666666666,0.0,27.316666666666663,0.0,29.933333333333334,0.5,1.3000000000000007,0.0,Tiruchirappalli,27.8,0.0
2024-08-27 03:00:00,29.1,64,0.0,1000.8,13.3,18.4,271,272,3,27,8,1,240,27.7,0.0,26.1,0.0,26.6,0.0,29.5,0.0,28.7,0.0,26.933333333333337,0.0,27.28333333333333,0.0,29.95,0.5,1.400000000000002,0.0,Tiruchirappalli,29.6,0.0
2024-08-27 04:00:00,30.5,60,0.0,1000.6,14.4,19.2,265,266,4,27,8,1,240,29.1,0.0,26.4,0.0,26.3,0.0,28.7,0.0,30.2,0.0,27.633333333333336,0.0,27.433333333333337,0.0,29.9625,0.5,1.3999999999999986,0.0,Tiruchirappalli,31.8,0.0
2024-08-27 05:00:00,32.3,53,0.0,1000.4,18.4,24.9,268,269,5,27,8,1,240,30.5,0.0,27.7,0.0,26.0,0.0,28.2,0.0,32.0,0.0,28.683333333333334,0.0,27.775,0.0,29.975000000000005,0.5,1.7999999999999972,0.0,Tiruchirappalli,33.2,0.0
2024-08-27 06:00:00,33.3,51,0.0,999.8,18.4,24.9,266,266,6,27,8,1,240,32.3,0.0,29.1,0.0,26.1,0.0,27.8,0.0,33.5,0.0,29.883333333333336,0.0,28.23333333333333,0.0,29.96666666666667,0.5,1.0,0.0,Tiruchirappalli,33.9,0.0
2024-08-27 07:00:00,34.2,47,0.0,998.8,18.1,24.6,264,263,7,27,8,1,240,33.3,0.0,30.5,0.0,26.4,0.0,27.5,0.0,33.6,0.5,31.183333333333334,0.0,28.791666666666668,0.0,29.991666666666664,0.0,0.9000000000000057,0.0,Tiruchirappalli,35.0,0.0
2024-08-27 08:00:00,34.8,44,0.0,998.0,18.0,24.8,270,269,8,27,8,1,240,34.2,0.0,32.3,0.0,27.7,0.0,27.0,0.0,34.4,0.0,32.36666666666667,0.0,29.441666666666663,0.0,30.008333333333336,0.0,0.5999999999999943,0.0,Tiruchirappalli,35.7,0.0
2024-08-27 09:00:00,32.2,52,0.7,997.7,22.4,31.3,268,265,9,27,8,1,240,34.8,0.0,33.3,0.0,29.1,0.0,26.6,0.0,34.5,0.0,32.88333333333333,0.7,29.90833333333333,0.7000000000000035,29.912500000000005,0.7,-2.5999999999999943,0.7,Tiruchirappalli,28.3,0.4
2024-08-27 10:00:00,33.4,47,0.1,997.0,18.0,24.7,254,254,10,27,8,1,240,32.2,0.7,34.2,0.0,30.5,0.0,26.3,0.0,34.5,0.0,33.36666666666667,0.7999999999999999,30.5,0.8000000000000035,29.86666666666667,0.7999999999999999,1.1999999999999955,-0.6,Tiruchirappalli,31.5,0.1
2024-08-27 11:00:00,32.4,52,0.0,997.2,11.8,17.3,287,290,11,27,8,1,240,33.4,0.1,34.8,0.0,32.3,0.0,26.0,0.0,34.3,0.0,33.38333333333333,0.7999999999999999,31.03333333333333,0.8000000000000035,29.7875,0.7999999999999999,-1.0,-0.1,Tiruchirappalli,33.7,0.0
2024-08-27 12:00:00,32.6,50,0.0,998.0,14.1,22.6,241,238,12,27,8,1,240,32.4,0.0,32.2,0.7,33.3,0.0,26.1,0.0,33.3,0.0,33.266666666666666,0.7999999999999999,31.575000000000003,0.8000000000000035,29.758333333333336,0.7999999999999999,0.2000000000000028,0.0,Tiruchirappalli,32.2,0.0
2024-08-27 13:00:00,30.1,61,0.0,998.4,6.5,11.6,275,264,13,27,8,1,240,32.6,0.0,33.4,0.1,34.2,0.0,26.4,0.0,31.2,0.0,32.583333333333336,0.7999999999999999,31.88333333333333,0.8000000000000035,29.712499999999995,0.7999999999999999,-2.5,0.0,Tiruchirappalli,31.2,0.0
2024-08-27 14:00:00,29.2,62,0.0,999.9,5.8,12.4,262,240,14,27,8,1,240,30.1,0.0,32.4,0.0,34.8,0.0,27.7,0.0,30.4,0.0,31.649999999999995,0.7999999999999999,32.00833333333333,0.8000000000000035,29.6625,0.7999999999999999,-0.9000000000000021,0.0,Tiruchirappalli,30.6,0.0
2024-08-27 15:00:00,28.4,67,0.0,1000.7,6.6,12.0,263,241,15,27,8,1,240,29.2,0.0,32.6,0.0,32.2,0.7,29.1,0.0,29.5,0.0,31.016666666666666,0.1,31.950000000000003,0.8000000000000035,29.616666666666664,0.7999999999999999,-0.8000000000000007,0.0,Tiruchirappalli,30.0,0.0
2024-08-27 16:00:00,28.2,65,0.0,1001.6,5.3,14.6,260,242,16,27,8,1,240,28.4,0.0,30.1,0.0,33.4,0.1,30.5,0.0,28.7,0.0,30.149999999999995,0.0,31.75833333333333,0.8000000000000035,29.59583333333333,0.7999999999999999,-0.1999999999999993,0.0,Tiruchirappalli,29.0,0.0
2024-08-27 17:00:00,28.1,64,0.0,1001.8,7.9,17.9,261,246,17,27,8,1,240,28.2,0.0,29.2,0.0,32.4,0.0,32.3,0.0,28.2,0.0,29.433333333333337,0.0,31.40833333333333,0.8000000000000035,29.59166666666667,0.7999999999999999,-0.0999999999999978,0.0,Tiruchirappalli,27.8,0.0
2024-08-27 18:00:00,27.9,65,0.0,1001.6,11.3,21.6,267,263,18,27,8,1,240,28.1,0.0,28.4,0.0,32.6,0.0,33.3,0.0,27.8,0.0,28.649999999999995,0.0,30.95833333333333,0.8000000000000035,29.59583333333333,0.7999999999999999,-0.2000000000000028,0.0,Tiruchirappalli,27.4,0.0
2024-08-27 19:00:00,27.5,68,0.0,1000.7,11.6,22.0,266,263,19,27,8,1,240,27.9,0.0,28.2,0.0,30.1,0.0,34.2,0.0,27.5,0.0,28.21666666666667,0.0,30.4,0.8000000000000035,29.59583333333333,0.7999999999999999,-0.3999999999999986,0.0,Tiruchirappalli,26.9,0.0
2024-08-27 20:00:00,27.3,69,0.0,1000.1,11.4,20.7,263,259,20,27,8,1,240,27.5,0.0,28.1,0.0,29.2,0.0,34.8,0.0,27.0,0.0,27.9,0.0,29.775,0.8000000000000035,29.60833333333333,0.7999999999999999,-0.1999999999999993,0.0,Tiruchirappalli,26.5,0.0
2024-08-27 21:00:00,27.2,69,0.0,999.5,12.6,22.3,273,270,21,27,8,1,240,27.3,0.0,27.9,0.0,28.4,0.0,32.2,0.7,26.6,0.0,27.7,0.0,29.35833333333333,0.1000000000000035,29.633333333333336,0.7999999999999999,-0.1000000000000014,0.0,Tiruchirappalli,26.1,0.0
2024-08-27 22:00:00,26.9,70,0.0,998.9,14.4,25.7,275,273,22,27,8,1,240,27.2,0.0,27.5,0.0,28.2,0.0,33.4,0.1,26.3,0.0,27.48333333333333,0.0,28.816666666666663,0.0,29.65833333333333,0.7999999999999999,-0.3000000000000007,0.0,Tiruchirappalli,25.8,0.0
2024-08-27 23:00:00,26.4,73,0.0,999.0,14.3,25.7,281,280,23,27,8,1,240,26.9,0.0,27.3,0.0,28.1,0.0,32.4,0.0,26.0,0.0,27.2,0.0,28.316666666666663,0.0,29.675,0.7999999999999999,-0.5,0.0,Tiruchirappalli,25.7,0.0
2024-08-28 00:00:00,26.2,74,0.0,999.4,13.8,25.9,280,279,0,28,8,2,241,26.4,0.0,27.2,0.0,27.9,0.0,32.6,0.0,26.1,0.0,26.916666666666668,0.0,27.78333333333333,0.0,29.679166666666664,0.7999999999999999,-0.1999999999999993,0.0,Tiruchirappalli,25.5,0.0
2024-08-28 01:00:00,26.8,72,0.0,999.8,16.9,28.2,281,281,1,28,8,2,241,26.2,0.0,26.9,0.0,27.5,0.0,30.1,0.0,26.4,0.0,26.8,0.0,27.508333333333336,0.0,29.69583333333333,0.7999999999999999,0.6000000000000014,0.0,Tiruchirappalli,25.9,0.0
2024-08-28 02:00:00,27.5,70,0.0,1000.5,14.2,22.1,286,286,2,28,8,2,241,26.8,0.0,26.4,0.0,27.3,0.0,29.2,0.0,27.7,0.0,26.83333333333333,0.0,27.36666666666667,0.0,29.6875,0.7999999999999999,0.6999999999999993,0.0,Tiruchirappalli,27.3,0.0
2024-08-28 03:00:00,28.3,67,0.0,1001.1,14.5,21.2,285,284,3,28,8,2,241,27.5,0.0,26.2,0.0,27.2,0.0,28.4,0.0,29.1,0.0,27.01666666666667,0.0,27.35833333333333,0.0,29.65416666666667,0.7999999999999999,0.8000000000000007,0.0,Tiruchirappalli,29.1,0.0
2024-08-28 04:00:00,30.1,61,0.0,1001.3,14.6,20.4,278,279,4,28,8,2,241,28.3,0.0,26.8,0.0,26.9,0.0,28.2,0.0,30.5,0.0,27.55,0.0,27.516666666666666,0.0,29.6375,0.7999999999999999,1.8000000000000007,0.0,Tiruchirappalli,31.0,0.0
2024-08-28 05:00:00,31.2,56,0.0,1001.0,14.8,20.6,274,276,5,28,8,2,241,30.1,0.0,27.5,0.0,26.4,0.0,28.1,0.0,32.3,0.0,28.35,0.0,27.774999999999995,0.0,29.59166666666667,0.7999999999999999,1.099999999999998,0.0,Tiruchirappalli,32.7,0.0
2024-08-28 06:00:00,31.6,54,0.0,1000.2,14.0,19.4,270,271,6,28,8,2,241,31.2,0.0,28.3,0.0,26.2,0.0,27.9,0.0,33.3,0.0,29.25,0.0,28.08333333333333,0.0,29.52083333333333,0.7999999999999999,0.4000000000000021,0.0,Tiruchirappalli,34.3,0.0
2024-08-28 07:00:00,32.6,51,0.0,999.2,14.0,19.5,268,269,7,28,8,2,241,31.6,0.0,30.1,0.0,26.8,0.0,27.5,0.0,34.2,0.0,30.21666666666667,0.0,28.508333333333336,0.0,29.454166666666666,0.7999999999999999,1.0,0.0,Tiruchirappalli,35.3,0.0
2024-08-28 08:00:00,34.1,45,0.0,998.0,14.8,20.2,275,276,8,28,8,2,241,32.6,0.0,31.2,0.0,27.5,0.0,27.3,0.0,34.8,0.0,31.316666666666663,0.0,29.075,0.0,29.425,0.7999999999999999,1.5,0.0,Tiruchirappalli,35.9,0.0
2024-08-28 09:00:00,34.3,43,0.0,997.0,17.2,24.2,285,286,9,28,8,2,241,34.1,0.0,31.6,0.0,28.3,0.0,27.2,0.0,32.2,0.7,32.31666666666666,0.0,29.666666666666668,0.0,29.5125,0.1,0.1999999999999957,0.0,Tiruchirappalli,36.5,0.0
2024-08-28 10:00:00,34.0,42,0.0,996.7,18.6,26.6,279,280,10,28,8,2,241,34.3,0.0,32.6,0.0,30.1,0.0,26.9,0.0,33.4,0.1,32.96666666666667,0.0,30.258333333333336,0.0,29.5375,0.0,-0.2999999999999971,0.0,Tiruchirappalli,36.5,0.0
2024-08-28 11:00:00,32.9,47,0.0,996.8,17.6,25.9,270,269,11,28,8,2,241,34.0,0.0,34.1,0.0,31.2,0.0,26.4,0.0,32.4,0.0,33.25,0.0,30.8,0.0,29.558333333333334,0.0,-1.1000000000000014,0.0,Tiruchirappalli,35.2,0.0
2024-08-28 12:00:00,32.3,49,0.0,997.2,14.8,24.2,281,284,12,28,8,2,241,32.9,0.0,34.3,0.0,31.6,0.0,26.2,0.0,32.6,0.0,33.36666666666667,0.0,31.308333333333334,0.0,29.54583333333333,0.0,-0.6000000000000014,0.0,Tiruchirappalli,33.3,0.2
2024-08-28 13:00:00,29.9,59,0.0,998.4,10.1,17.6,270,268,13,28,8,2,241,32.3,0.0,34.0,0.0,32.6,0.0,26.8,0.0,30.1,0.0,32.916666666666664,0.0,31.566666666666663,0.0,29.537500000000005,0.0,-2.3999999999999986,0.0,Tiruchirappalli,32.5,0.0
2024-08-28 14:00:00,28.5,65,0.0,999.5,9.4,17.9,280,277,14,28,8,2,241,29.9,0.0,32.9,0.0,34.1,0.0,27.5,0.0,29.2,0.0,31.98333333333333,0.0,31.649999999999995,0.0,29.508333333333336,0.0,-1.3999999999999986,0.0,Tiruchirappalli,31.7,0.0
2024-08-28 15:00:00,27.7,70,0.0,1000.2,9.6,17.4,292,290,15,28,8,2,241,28.5,0.0,32.3,0.0,34.3,0.0,28.3,0.0,28.4,0.0,30.88333333333333,0.0,31.6,0.0,29.479166666666668,0.0,-0.8000000000000007,0.0,Tiruchirappalli,30.5,0.0
2024-08-28 16:00:00,27.8,69,0.0,1000.3,9.9,19.5,282,280,16,28,8,2,241,27.7,0.0,29.9,0.0,34.0,0.0,30.1,0.0,28.2,0.0,29.850000000000005,0.0,31.40833333333333,0.0,29.4625,0.0,0.1000000000000014,0.0,Tiruchirappalli,29.6,0.0
2024-08-28 17:00:00,27.8,67,0.0,1000.4,12.7,23.4,280,277,17,28,8,2,241,27.8,0.0,28.5,0.0,32.9,0.0,31.2,0.0,28.1,0.0,29.0,0.0,31.125,0.0,29.45,0.0,0.0,0.0,Tiruchirappalli,28.7,0.0
2024-08-28 18:00:00,27.6,67,0.0,1000.3,13.0,23.1,273,270,18,28,8,2,241,27.8,0.0,27.7,0.0,32.3,0.0,31.6,0.0,27.9,0.0,28.216666666666665,0.0,30.791666666666668,0.0,29.4375,0.0,-0.1999999999999993,0.0,Tiruchirappalli,28.1,0.0
2024-08-28 19:00:00,27.4,67,0.0,999.4,14.4,25.6,269,267,19,28,8,2,241,27.6,0.0,27.8,0.0,29.9,0.0,32.6,0.0,27.5,0.0,27.8,0.0,30.35833333333333,0.0,29.433333333333334,0.0,-0.2000000000000028,0.0,Tiruchirappalli,27.7,0.0
2024-08-28 20:00:00,27.4,67,0.0,998.6,14.8,25.6,267,267,20,28,8,2,241,27.4,0.0,27.8,0.0,28.5,0.0,34.1,0.0,27.3,0.0,27.61666666666667,0.0,29.8,0.0,29.4375,0.0,0.0,0.0,Tiruchirappalli,27.3,0.0
2024-08-28 21:00:00,27.2,68,0.0,998.2,13.0,23.0,269,268,21,28,8,2,241,27.4,0.0,27.6,0.0,27.7,0.0,34.3,0.0,27.2,0.0,27.53333333333333,0.0,29.20833333333333,0.0,29.4375,0.0,-0.1999999999999993,0.0,Tiruchirappalli,27.0,0.0
2024-08-28 22:00:00,26.8,70,0.0,998.3,12.7,22.4,276,277,22,28,8,2,241,27.2,0.0,27.4,0.0,27.8,0.0,34.0,0.0,26.9,0.0,27.366666666666664,0.0,28.60833333333333,0.0,29.433333333333334,0.0,-0.3999999999999986,0.0,Tiruchirappalli,26.7,0.0
2024-08-28 23:00:00,26.5,72,0.0,998.3,12.6,22.1,277,275,23,28,8,2,241,26.8,0.0,27.4,0.0,27.8,0.0,32.9,0.0,26.4,0.0,27.15,0.0,28.075000000000003,0.0,29.4375,0.0,-0.3000000000000007,0.0,Tiruchirappalli,26.4,0.0
2024-08-29 00:00:00,26.2,75,0.0,998.2,13.8,24.3,278,276,0,29,8,3,242,26.5,0.0,27.2,0.0,27.6,0.0,32.3,0.0,26.2,0.0,26.916666666666668,0.0,27.566666666666663,0.0,29.4375,0.0,-0.3000000000000007,0.0,Tiruchirappalli,26.1,0.0
2024-08-29 01:00:00,26.8,72,0.0,998.4,16.2,27.8,274,271,1,29,8,3,242,26.2,0.0,26.8,0.0,27.4,0.0,29.9,0.0,26.8,0.0,26.816666666666663,0.0,27.308333333333334,0.0,29.4375,0.0,0.6000000000000014,0.0,Tiruchirappalli,26.7,0.0
2024-08-29 02:00:00,27.9,69,0.0,999.3,13.7,20.6,275,275,2,29,8,3,242,26.8,0.0,26.5,0.0,27.4,0.0,28.5,0.0,27.5,0.0,26.9,0.0,27.258333333333336,0.0,29.454166666666666,0.0,1.099999999999998,0.0,Tiruchirappalli,27.8,0.0
2024-08-29 03:00:00,29.6,64,0.0,999.6,16.7,23.2,276,276,3,29,8,3,242,27.9,0.0,26.2,0.0,27.2,0.0,27.7,0.0,28.3,0.0,27.3,0.0,27.416666666666668,0.0,29.50833333333333,0.0,1.7000000000000028,0.0,Tiruchirappalli,29.5,0.0
2024-08-29 04:00:00,30.8,57,0.0,999.6,19.5,27.1,275,274,4,29,8,3,242,29.6,0.0,26.8,0.0,26.8,0.0,27.8,0.0,30.1,0.0,27.96666666666667,0.0,27.666666666666668,0.0,29.537500000000005,0.0,1.1999999999999993,0.0,Tiruchirappalli,31.8,0.0
2024-08-29 05:00:00,31.9,53,0.0,999.2,18.1,24.9,274,275,5,29,8,3,242,30.8,0.0,27.9,0.0,26.5,0.0,27.8,0.0,31.2,0.0,28.866666666666664,0.0,28.008333333333336,0.0,29.566666666666663,0.0,1.099999999999998,0.0,Tiruchirappalli,33.4,0.0
2024-08-29 06:00:00,33.1,49,0.0,998.6,19.5,26.7,272,273,6,29,8,3,242,31.9,0.0,29.6,0.0,26.2,0.0,27.6,0.0,31.6,0.0,30.01666666666667,0.0,28.46666666666667,0.0,29.629166666666663,0.0,1.2000000000000028,0.0,Tiruchirappalli,33.2,0.0
2024-08-29 07:00:00,34.2,46,0.0,997.4,20.5,27.7,272,273,7,29,8,3,242,33.1,0.0,30.8,0.0,26.8,0.0,27.4,0.0,32.6,0.0,31.25,0.0,29.03333333333333,0.0,29.69583333333333,0.0,1.1000000000000014,0.0,Tiruchirappalli,32.8,0.1
2024-08-29 08:00:00,34.7,43,0.0,995.9,20.6,27.8,273,274,8,29,8,3,242,34.2,0.0,31.9,0.0,27.9,0.0,27.4,0.0,34.1,0.0,32.38333333333333,0.0,29.641666666666666,0.0,29.72083333333333,0.0,0.5,0.0,Tiruchirappalli,33.1,0.5
2024-08-29 09:00:00,35.0,42,0.0,994.8,20.2,27.7,269,269,9,29,8,3,242,34.7,0.0,33.1,0.0,29.6,0.0,27.2,0.0,34.3,0.0,33.28333333333333,0.0,30.291666666666668,0.0,29.75,0.0,0.2999999999999971,0.0,Tiruchirappalli,34.9,0.0
2024-08-29 10:00:00,34.1,42,0.0,994.6,24.3,34.4,265,264,10,29,8,3,242,35.0,0.0,34.2,0.0,30.8,0.0,26.8,0.0,34.0,0.0,33.833333333333336,0.0,30.9,0.0,29.754166666666663,0.0,-0.8999999999999986,0.0,Tiruchirappalli,34.2,0.0
2024-08-29 11:00:00,30.5,62,1.0,995.3,19.8,28.4,269,268,11,29,8,3,242,34.1,0.0,34.7,0.0,31.9,0.0,26.5,0.0,32.9,0.0,33.6,1.0,31.23333333333333,1.0000000000000036,29.65416666666667,1.0,-3.6000000000000014,1.0,Tiruchirappalli,35.2,0.0
2024-08-29 12:00:00,28.8,72,2.3,996.1,11.0,20.8,279,289,12,29,8,3,242,30.5,1.0,35.0,0.0,33.1,0.0,26.2,0.0,32.3,0.0,32.88333333333333,3.3,31.45,3.300000000000004,29.508333333333336,3.3,-1.6999999999999993,1.2999999999999998,Tiruchirappalli,34.3,0.0
2024-08-29 13:00:00,31.3,53,0.0,997.2,18.5,31.7,278,278,13,29,8,3,242,28.8,2.3,34.1,0.0,34.2,0.0,26.8,0.0,29.9,0.0,32.4,3.3,31.825,3.300000000000004,29.566666666666663,3.3,2.5,-2.3,Tiruchirappalli,30.7,0.0
2024-08-29 14:00:00,30.2,57,0.0,998.3,14.8,25.1,291,293,14,29,8,3,242,31.3,0.0,30.5,1.0,34.7,0.0,27.9,0.0,28.5,0.0,31.649999999999995,3.3,32.016666666666666,3.300000000000004,29.6375,3.3,-1.1000000000000014,0.0,Tiruchirappalli,30.1,0.0
2024-08-29 15:00:00,28.6,67,0.0,998.5,14.7,22.8,291,298,15,29,8,3,242,30.2,0.0,28.8,2.3,35.0,0.0,29.6,0.0,27.7,0.0,30.58333333333333,3.3,31.933333333333334,3.300000000000004,29.675,3.3,-1.599999999999998,0.0,Tiruchirappalli,29.7,0.0
2024-08-29 16:00:00,27.6,70,0.0,999.1,16.6,27.6,282,283,16,29,8,3,242,28.6,0.0,31.3,0.0,34.1,0.0,30.8,0.0,27.8,0.0,29.5,3.3,31.666666666666668,3.300000000000004,29.666666666666668,3.3,-1.0,0.0,Tiruchirappalli,29.2,0.0
2024-08-29 17:00:00,27.2,71,0.0,999.1,15.4,26.7,280,281,17,29,8,3,242,27.6,0.0,30.2,0.0,30.5,1.0,31.9,0.0,27.8,0.0,28.95,2.3,31.275,3.300000000000004,29.641666666666666,3.3,-0.4000000000000021,0.0,Tiruchirappalli,28.4,0.0
2024-08-29 18:00:00,27.1,70,0.0,998.6,14.8,26.0,276,274,18,29,8,3,242,27.2,0.0,28.6,0.0,28.8,2.3,33.1,0.0,27.6,0.0,28.666666666666668,0.0,30.77500000000001,3.300000000000004,29.620833333333334,3.3,-0.0999999999999978,0.0,Tiruchirappalli,27.9,0.0
2024-08-29 19:00:00,27.2,68,0.0,998.0,15.1,26.6,271,271,19,29,8,3,242,27.1,0.0,27.6,0.0,31.3,0.0,34.2,0.0,27.4,0.0,27.98333333333333,0.0,30.191666666666663,3.300000000000004,29.6125,3.3,0.0999999999999978,0.0,Tiruchirappalli,27.6,0.0
2024-08-29 20:00:00,27.2,68,0.0,997.2,14.1,25.2,272,273,20,29,8,3,242,27.2,0.0,27.2,0.0,30.2,0.0,34.7,0.0,27.4,0.0,27.48333333333333,0.0,29.566666666666663,3.300000000000004,29.604166666666668,3.3,0.0,0.0,Tiruchirappalli,27.1,0.0
2024-08-29 21:00:00,27.0,69,0.0,996.7,13.0,23.4,266,265,21,29,8,3,242,27.2,0.0,27.1,0.0,28.6,0.0,35.0,0.0,27.2,0.0,27.216666666666665,0.0,28.9,3.300000000000004,29.59583333333333,3.3,-0.1999999999999993,0.0,Tiruchirappalli,26.6,0.0
2024-08-29 22:00:00,26.9,70,0.0,996.7,14.8,25.6,269,269,22,29,8,3,242,27.0,0.0,27.2,0.0,27.6,0.0,34.1,0.0,26.8,0.0,27.1,0.0,28.3,3.300000000000004,29.600000000000005,3.3,-0.1000000000000014,0.0,Tiruchirappalli,26.3,0.0
2024-08-29 23:00:00,26.7,72,0.0,997.5,14.0,24.5,272,271,23,29,8,3,242,26.9,0.0,27.2,0.0,27.2,0.0,30.5,1.0,26.5,0.0,27.016666666666666,0.0,27.98333333333333,2.300000000000004,29.60833333333333,3.3,-0.1999999999999993,0.0,Tiruchirappalli,26.1,0.0
2024-08-30 00:00:00,26.5,73,0.0,997.4,14.0,24.8,271,270,0,30,8,4,243,26.7,0.0,27.0,0.0,27.1,0.0,28.8,2.3,26.2,0.0,26.916666666666668,0.0,27.791666666666668,0.0,29.620833333333334,3.3,-0.1999999999999993,0.0,Tiruchirappalli,26.1,0.0
2024-08-30 01:00:00,26.5,75,0.0,997.9,12.4,22.0,266,260,1,30,8,4,243,26.5,0.0,26.9,0.0,27.2,0.0,31.3,0.0,26.8,0.0,26.8,0.0,27.391666666666666,0.0,29.60833333333333,3.3,0.0,0.0,Tiruchirappalli,26.6,0.0
2024-08-30 02:00:00,27.5,71,0.0,998.8,14.1,20.5,268,267,2,30,8,4,243,26.5,0.0,26.7,0.0,27.2,0.0,30.2,0.0,27.9,0.0,26.85,0.0,27.166666666666668,0.0,29.59166666666667,3.3,1.0,0.0,Tiruchirappalli,27.6,0.0
2024-08-30 03:00:00,29.3,64,0.0,999.4,17.3,24.5,268,269,3,30,8,4,243,27.5,0.0,26.5,0.0,27.0,0.0,28.6,0.0,29.6,0.0,27.23333333333333,0.0,27.225,0.0,29.57916666666667,3.3,1.8000000000000007,0.0,Tiruchirappalli,29.4,0.0
2024-08-30 04:00:00,31.0,58,0.0,999.6,16.9,23.0,270,271,4,30,8,4,243,29.3,0.0,26.5,0.0,26.9,0.0,27.6,0.0,30.8,0.0,27.916666666666668,0.0,27.50833333333333,0.0,29.587499999999995,3.3,1.6999999999999993,0.0,Tiruchirappalli,31.2,0.0
2024-08-30 05:00:00,32.6,53,0.0,999.4,19.8,27.4,267,267,5,30,8,4,243,31.0,0.0,27.5,0.0,26.7,0.0,27.2,0.0,31.9,0.0,28.9,0.0,27.95833333333333,0.0,29.616666666666664,3.3,1.6000000000000014,0.0,Tiruchirappalli,32.5,0.0
2024-08-30 06:00:00,33.8,49,0.0,998.7,20.9,28.6,259,259,6,30,8,4,243,32.6,0.0,29.3,0.0,26.5,0.0,27.1,0.0,33.1,0.0,30.11666666666667,0.0,28.516666666666666,0.0,29.64583333333333,3.3,1.1999999999999955,0.0,Tiruchirappalli,34.1,0.0
2024-08-30 07:00:00,34.4,47,0.0,997.2,18.7,25.6,268,268,7,30,8,4,243,33.8,0.0,31.0,0.0,26.5,0.0,27.2,0.0,34.2,0.0,31.433333333333337,0.0,29.116666666666664,0.0,29.65416666666667,3.3,0.6000000000000014,0.0,Tiruchirappalli,35.1,0.0
2024-08-30 08:00:00,35.0,45,0.0,995.7,17.0,23.1,265,264,8,30,8,4,243,34.4,0.0,32.6,0.0,27.5,0.0,27.2,0.0,34.7,0.0,32.68333333333334,0.0,29.766666666666666,0.0,29.666666666666668,3.3,0.6000000000000014,0.0,Tiruchirappalli,35.7,0.0
2024-08-30 09:00:00,32.7,51,0.1,995.5,15.1,20.9,272,273,9,30,8,4,243,35.0,0.0,33.8,0.0,29.3,0.0,27.0,0.0,35.0,0.0,33.25,0.1,30.241666666666664,0.1000000000000035,29.570833333333336,3.4,-2.299999999999997,0.1,Tiruchirappalli,35.8,0.0
2024-08-30 10:00:00,34.1,46,0.0,994.5,10.8,15.1,267,268,10,30,8,4,243,32.7,0.1,34.4,0.0,31.0,0.0,26.9,0.0,34.1,0.0,33.766666666666666,0.1,30.84166666666667,0.1000000000000035,29.57083333333333,3.4,1.3999999999999986,-0.1,Tiruchirappalli,35.2,0.0
2024-08-30 11:00:00,25.9,85,6.6,996.2,16.3,27.4,199,188,11,30,8,4,243,34.1,0.0,35.0,0.0,32.6,0.0,26.7,0.0,30.5,1.0,32.65,6.699999999999999,30.775,6.700000000000003,29.379166666666663,9.0,-8.200000000000003,6.6,Tiruchirappalli,34.3,0.0
2024-08-30 12:00:00,25.8,91,1.8,996.0,7.1,13.3,178,131,12,30,8,4,243,25.9,6.6,32.7,0.1,33.8,0.0,26.5,0.0,28.8,2.3,31.316666666666663,8.5,30.71666666666667,8.500000000000004,29.254166666666663,8.5,-0.0999999999999978,-4.8,Tiruchirappalli,34.0,0.0
2024-08-30 13:00:00,26.8,74,0.1,997.0,18.1,29.6,221,215,13,30,8,4,243,25.8,1.8,34.1,0.0,34.4,0.0,26.5,0.0,31.3,0.0,30.05,8.6,30.74166666666667,8.600000000000003,29.066666666666663,8.6,1.0,-1.7,Tiruchirappalli,32.3,0.0
2024-08-30 14:00:00,25.5,80,0.0,997.9,13.4,23.4,214,200,14,30,8,4,243,26.8,0.1,25.9,6.6,35.0,0.0,27.5,0.0,30.2,0.0,28.46666666666667,8.6,30.575000000000003,8.600000000000003,28.870833333333334,8.6,-1.3000000000000007,-0.1,Tiruchirappalli,31.0,0.0
2024-08-30 15:00:00,26.5,76,0.0,998.5,8.4,19.2,283,277,15,30,8,4,243,25.5,0.0,25.8,1.8,32.7,0.1,29.3,0.0,28.6,0.0,27.433333333333334,8.5,30.34166666666667,8.600000000000003,28.78333333333333,8.6,1.0,0.0,Tiruchirappalli,30.2,0.0
2024-08-30 16:00:00,27.0,71,0.0,999.1,13.0,23.8,270,270,16,30,8,4,243,26.5,0.0,26.8,0.1,34.1,0.0,31.0,0.0,27.6,0.0,26.25,8.5,30.008333333333336,8.600000000000003,28.75833333333333,8.6,0.5,0.0,Tiruchirappalli,29.5,0.0
2024-08-30 17:00:00,26.9,72,0.0,999.4,12.6,23.5,275,275,17,30,8,4,243,27.0,0.0,25.5,0.0,25.9,6.6,32.6,0.0,27.2,0.0,26.416666666666668,1.9,29.53333333333333,8.600000000000003,28.745833333333337,8.6,-0.1000000000000014,0.0,Tiruchirappalli,28.8,0.0
2024-08-30 18:00:00,26.5,75,0.0,998.9,14.1,25.7,276,276,18,30,8,4,243,26.9,0.0,26.5,0.0,25.8,1.8,33.8,0.0,27.1,0.0,26.53333333333333,0.1,28.925,8.600000000000003,28.72083333333333,8.6,-0.3999999999999986,0.0,Tiruchirappalli,28.2,0.0
2024-08-30 19:00:00,26.4,75,0.0,998.2,15.2,27.8,275,275,19,30,8,4,243,26.5,0.0,27.0,0.0,26.8,0.1,34.4,0.0,27.2,0.0,26.46666666666667,0.0,28.258333333333336,8.600000000000003,28.6875,8.6,-0.1000000000000014,0.0,Tiruchirappalli,27.7,0.0
2024-08-30 20:00:00,26.5,74,0.0,997.6,14.9,27.0,279,278,20,30,8,4,243,26.4,0.0,26.9,0.0,25.5,0.0,35.0,0.0,27.2,0.0,26.633333333333336,0.0,27.55,8.600000000000003,28.65833333333333,8.6,0.1000000000000014,0.0,Tiruchirappalli,27.3,0.0
2024-08-30 21:00:00,26.4,74,0.0,997.1,14.9,27.2,277,277,21,30,8,4,243,26.5,0.0,26.5,0.0,26.5,0.0,32.7,0.1,27.0,0.0,26.616666666666664,0.0,27.025,8.500000000000004,28.633333333333336,8.6,-0.1000000000000014,0.0,Tiruchirappalli,26.8,0.0
2024-08-30 22:00:00,26.5,73,0.0,997.2,16.3,28.6,276,276,22,30,8,4,243,26.4,0.0,26.4,0.0,27.0,0.0,34.1,0.0,26.9,0.0,26.53333333333333,0.0,26.391666666666666,8.500000000000004,28.616666666666664,8.6,0.1000000000000014,0.0,Tiruchirappalli,26.5,0.0
2024-08-30 23:00:00,26.4,73,0.0,997.3,17.3,29.5,271,271,23,30,8,4,243,26.5,0.0,26.5,0.0,26.9,0.0,25.9,6.6,26.7,0.0,26.45,0.0,26.433333333333334,1.900000000000004,28.604166666666668,8.6,-0.1000000000000014,0.0,Tiruchirappalli,26.3,0.0
2024-08-31 00:00:00,26.2,74,0.0,997.8,16.9,28.8,268,268,0,31,8,5,244,26.4,0.0,26.4,0.0,26.5,0.0,25.8,1.8,26.5,0.0,26.4,0.0,26.46666666666667,0.1000000000000035,28.59166666666667,8.6,-0.1999999999999993,0.0,Tiruchirappalli,26.1,0.0
2024-08-31 01:00:00,26.5,72,0.0,998.1,14.4,25.6,269,267,1,31,8,5,244,26.2,0.0,26.5,0.0,26.4,0.0,26.8,0.1,26.5,0.0,26.416666666666668,0.0,26.441666666666663,0.0,28.59166666666667,8.6,0.3000000000000007,0.0,Tiruchirappalli,26.1,0.0
2024-08-31 02:00:00,27.7,68,0.0,998.9,15.8,24.1,269,269,2,31,8,5,244,26.5,0.0,26.4,0.0,26.5,0.0,25.5,0.0,27.5,0.0,26.616666666666664,0.0,26.625,0.0,28.6,8.6,1.1999999999999993,0.0,Tiruchirappalli,27.2,0.0
2024-08-31 03:00:00,28.7,65,0.0,999.2,19.1,27.4,268,269,3,31,8,5,244,27.7,0.0,26.2,0.0,26.4,0.0,26.5,0.0,29.3,0.0,27.0,0.0,26.808333333333334,0.0,28.575,8.6,1.0,0.0,Tiruchirappalli,29.2,0.0
2024-08-31 04:00:00,30.3,60,0.0,999.1,20.2,28.4,271,271,4,31,8,5,244,28.7,0.0,26.5,0.0,26.5,0.0,27.0,0.0,31.0,0.0,27.633333333333336,0.0,27.08333333333333,0.0,28.54583333333333,8.6,1.6000000000000014,0.0,Tiruchirappalli,31.6,0.0
2024-08-31 05:00:00,31.8,54,0.0,998.6,16.1,22.0,280,280,5,31,8,5,244,30.3,0.0,27.7,0.0,26.4,0.0,26.9,0.0,32.6,0.0,28.53333333333333,0.0,27.49166666666667,0.0,28.512500000000003,8.6,1.5,0.0,Tiruchirappalli,33.7,0.0
2024-08-31 06:00:00,33.0,51,0.0,997.9,16.5,22.1,286,286,6,31,8,5,244,31.8,0.0,28.7,0.0,26.2,0.0,26.5,0.0,33.8,0.0,29.666666666666668,0.0,28.03333333333333,0.0,28.479166666666668,8.6,1.1999999999999993,0.0,Tiruchirappalli,35.1,0.0
2024-08-31 07:00:00,34.5,46,0.0,996.8,14.6,19.7,278,279,7,31,8,5,244,33.0,0.0,30.3,0.0,26.5,0.0,26.4,0.0,34.4,0.0,31.0,0.0,28.70833333333333,0.0,28.48333333333333,8.6,1.5,0.0,Tiruchirappalli,36.3,0.0
2024-08-31 08:00:00,35.2,43,0.0,995.5,16.7,22.4,276,276,8,31,8,5,244,34.5,0.0,31.8,0.0,27.7,0.0,26.5,0.0,35.0,0.0,32.25,0.0,29.433333333333334,0.0,28.491666666666664,8.6,0.7000000000000028,0.0,Tiruchirappalli,37.0,0.0
2024-08-31 09:00:00,35.5,41,0.0,994.8,16.6,22.4,275,275,9,31,8,5,244,35.2,0.0,33.0,0.0,28.7,0.0,26.4,0.0,32.7,0.1,33.38333333333333,0.0,30.191666666666663,0.0,28.60833333333333,8.5,0.2999999999999971,0.0,Tiruchirappalli,37.5,0.0
2024-08-31 10:00:00,32.9,49,0.1,995.0,16.2,22.7,269,270,10,31,8,5,244,35.5,0.0,34.5,0.0,30.3,0.0,26.5,0.0,34.1,0.0,33.81666666666667,0.1,30.725,0.1000000000000035,28.558333333333334,8.600000000000001,-2.6000000000000014,0.1,Tiruchirappalli,37.1,0.0
2024-08-31 11:00:00,33.4,47,0.0,994.8,14.7,20.9,251,248,11,31,8,5,244,32.9,0.1,35.2,0.0,31.8,0.0,26.4,0.0,25.9,6.6,34.083333333333336,0.1,31.308333333333337,0.1000000000000035,28.870833333333337,2.000000000000001,0.5,-0.1,Tiruchirappalli,36.8,0.0
2024-08-31 12:00:00,32.3,50,0.0,995.2,12.6,21.0,248,246,12,31,8,5,244,33.4,0.0,35.5,0.0,33.0,0.0,26.2,0.0,25.8,1.8,33.96666666666666,0.1,31.816666666666663,0.1000000000000035,29.141666666666666,0.2000000000000009,-1.1000000000000014,0.0,Tiruchirappalli,36.0,0.0
2024-08-31 13:00:00,30.5,63,0.0,995.9,4.7,8.7,275,293,13,31,8,5,244,32.3,0.0,32.9,0.1,34.5,0.0,26.5,0.0,26.8,0.1,33.300000000000004,0.1,32.15,0.1000000000000035,29.29583333333333,0.1000000000000009,-1.7999999999999972,0.0,Tiruchirappalli,33.5,0.0
2024-08-31 14:00:00,28.8,68,0.0,997.0,4.3,8.2,203,180,14,31,8,5,244,30.5,0.0,33.4,0.0,35.2,0.0,27.7,0.0,25.5,0.0,32.233333333333334,0.1,32.24166666666667,0.1000000000000035,29.433333333333334,0.1000000000000009,-1.6999999999999993,0.0,Tiruchirappalli,32.2,0.0
2024-08-31 15:00:00,28.1,74,0.0,998.1,5.8,10.4,270,266,15,31,8,5,244,28.8,0.0,32.3,0.0,35.5,0.0,28.7,0.0,26.5,0.0,31.0,0.1,32.19166666666667,0.1000000000000035,29.5,0.1000000000000009,-0.6999999999999993,0.0,Tiruchirappalli,30.7,0.0
2024-08-31 16:00:00,28.5,66,0.0,998.7,12.4,23.5,281,280,16,31,8,5,244,28.1,0.0,30.5,0.0,32.9,0.1,30.3,0.0,27.0,0.0,30.266666666666666,0.0,32.041666666666664,0.1000000000000035,29.5625,0.1000000000000009,0.3999999999999986,0.0,Tiruchirappalli,30.0,0.0
2024-08-31 17:00:00,28.0,67,0.0,998.5,13.8,25.1,278,277,17,31,8,5,244,28.5,0.0,28.8,0.0,33.4,0.0,31.8,0.0,26.9,0.0,29.366666666666664,0.0,31.725,0.1000000000000035,29.60833333333333,0.1000000000000009,-0.5,0.0,Tiruchirappalli,29.5,0.0
2024-08-31 18:00:00,27.4,69,0.0,997.9,13.4,25.0,277,276,18,31,8,5,244,28.0,0.0,28.1,0.0,32.3,0.0,33.0,0.0,26.5,0.0,28.55,0.0,31.258333333333336,0.1000000000000035,29.64583333333333,0.1000000000000009,-0.6000000000000014,0.0,Tiruchirappalli,29.0,0.1
2024-08-31 19:00:00,26.9,71,0.0,997.3,14.4,26.7,272,270,19,31,8,5,244,27.4,0.0,28.5,0.0,30.5,0.0,34.5,0.0,26.4,0.0,27.95,0.0,30.625,0.1000000000000035,29.666666666666668,0.1000000000000009,-0.5,0.0,Tiruchirappalli,28.5,0.0
2024-08-31 20:00:00,26.7,72,0.0,996.6,14.8,26.6,269,269,20,31,8,5,244,26.9,0.0,28.0,0.0,28.8,0.0,35.2,0.0,26.5,0.0,27.6,0.0,29.916666666666668,0.1000000000000035,29.675,0.1000000000000009,-0.1999999999999993,0.0,Tiruchirappalli,28.3,0.0
2024-08-31 21:00:00,26.6,72,0.0,996.3,14.9,27.2,262,262,21,31,8,5,244,26.7,0.0,27.4,0.0,28.1,0.0,35.5,0.0,26.4,0.0,27.35,0.0,29.175,0.1000000000000035,29.683333333333334,0.1000000000000009,-0.0999999999999978,0.0,Tiruchirappalli,27.7,0.0
2024-08-31 22:00:00,26.7,71,0.0,995.8,16.2,29.2,266,266,22,31,8,5,244,26.6,0.0,26.9,0.0,28.5,0.0,32.9,0.1,26.5,0.0,27.05,0.0,28.65833333333333,0.0,29.691666666666663,0.1000000000000009,0.0999999999999978,0.0,Tiruchirappalli,27.0,0.0
2024-08-31 23:00:00,26.7,71,0.0,996.2,16.0,28.6,264,262,23,31,8,5,244,26.7,0.0,26.7,0.0,28.0,0.0,33.4,0.0,26.4,0.0,26.83333333333333,0.0,28.100000000000005,0.0,29.704166666666666,0.1000000000000009,0.0,0.0,Tiruchirappalli,26.7,0.0
2024-09-01 00:00:00,26.8,71,0.0,996.9,13.2,24.8,261,259,0,1,9,6,245,26.7,0.0,26.6,0.0,27.4,0.0,32.3,0.0,26.2,0.0,26.73333333333333,0.0,27.641666666666666,0.0,29.729166666666668,0.1000000000000009,0.1000000000000014,0.0,Tiruchirappalli,26.4,0.0
2024-09-01 01:00:00,26.8,69,0.0,997.2,15.5,26.7,260,257,1,1,9,6,245,26.8,0.0,26.7,0.0,26.9,0.0,30.5,0.0,26.5,0.0,26.71666666666667,0.0,27.33333333333333,0.0,29.741666666666664,0.1000000000000009,0.0,0.0,Tiruchirappalli,26.9,0.0
2024-09-01 02:00:00,27.8,67,0.0,998.1,14.9,22.9,257,255,2,1,9,6,245,26.8,0.0,26.7,0.0,26.7,0.0,28.8,0.0,27.7,0.0,26.9,0.0,27.25,0.0,29.745833333333334,0.1000000000000009,1.0,0.0,Tiruchirappalli,27.9,0.0
2024-09-01 03:00:00,29.6,61,0.0,998.4,14.3,20.5,260,258,3,1,9,6,245,27.8,0.0,26.8,0.0,26.6,0.0,28.1,0.0,28.7,0.0,27.4,0.0,27.375,0.0,29.78333333333333,0.1000000000000009,1.8000000000000007,0.0,Tiruchirappalli,29.8,0.0
2024-09-01 04:00:00,31.8,53,0.0,998.5,16.8,23.0,256,255,4,1,9,6,245,29.6,0.0,26.8,0.0,26.7,0.0,28.5,0.0,30.3,0.0,28.25,0.0,27.649999999999995,0.0,29.84583333333333,0.1000000000000009,2.2,0.0,Tiruchirappalli,32.0,0.0
2024-09-01 05:00:00,33.2,48,0.0,998.5,17.2,23.1,255,254,5,1,9,6,245,31.8,0.0,27.8,0.0,26.7,0.0,28.0,0.0,31.8,0.0,29.33333333333333,0.0,28.08333333333333,0.0,29.904166666666665,0.1000000000000009,1.400000000000002,0.0,Tiruchirappalli,33.7,0.0
2024-09-01 06:00:00,33.9,47,0.0,997.8,15.5,21.0,265,266,6,1,9,6,245,33.2,0.0,29.6,0.0,26.8,0.0,27.4,0.0,33.0,0.0,30.51666666666667,0.0,28.625,0.0,29.941666666666663,0.1000000000000009,0.6999999999999957,0.0,Tiruchirappalli,35.1,0.0
2024-09-01 07:00:00,35.0,44,0.0,996.4,14.8,19.5,265,264,7,1,9,6,245,33.9,0.0,31.8,0.0,26.8,0.0,26.9,0.0,34.5,0.0,31.883333333333336,0.0,29.3,0.0,29.962499999999995,0.1000000000000009,1.1000000000000014,0.0,Tiruchirappalli,36.0,0.0
2024-09-01 08:00:00,35.7,42,0.0,995.1,13.0,17.3,270,272,8,1,9,6,245,35.0,0.0,33.2,0.0,27.8,0.0,26.7,0.0,35.2,0.0,33.2,0.0,30.05,0.0,29.98333333333333,0.1000000000000009,0.7000000000000028,0.0,Tiruchirappalli,36.7,0.0
2024-09-01 09:00:00,28.3,75,0.4,995.1,19.8,31.5,216,213,9,1,9,6,245,35.7,0.0,33.9,0.0,29.6,0.0,26.6,0.0,35.5,0.0,32.983333333333334,0.4,30.191666666666663,0.4000000000000036,29.683333333333334,0.5000000000000009,-7.400000000000002,0.4,Tiruchirappalli,37.1,0.0
2024-09-01 10:00:00,31.5,63,0.1,993.9,10.4,14.3,219,214,10,1,9,6,245,28.3,0.4,35.0,0.0,31.8,0.0,26.7,0.0,32.9,0.1,32.93333333333334,0.5,30.59166666666667,0.5000000000000036,29.625,0.5000000000000009,3.2,-0.3,Tiruchirappalli,36.9,0.0
2024-09-01 11:00:00,33.7,46,0.0,993.9,17.6,25.6,271,271,11,1,9,6,245,31.5,0.1,35.7,0.0,33.2,0.0,26.7,0.0,33.4,0.0,33.01666666666667,0.5,31.175,0.5000000000000036,29.6375,0.5000000000000009,2.200000000000003,-0.1,Tiruchirappalli,31.2,0.6
2024-09-01 12:00:00,32.2,53,0.0,994.1,13.4,21.6,267,265,12,1,9,6,245,33.7,0.0,28.3,0.4,33.9,0.0,26.8,0.0,32.3,0.0,32.733333333333334,0.5,31.625000000000004,0.5000000000000036,29.633333333333336,0.5000000000000009,-1.5,0.0,Tiruchirappalli,31.3,0.1
2024-09-01 13:00:00,31.2,57,0.0,995.0,5.8,14.4,266,266,13,1,9,6,245,32.2,0.0,31.5,0.1,35.0,0.0,26.8,0.0,30.5,0.0,32.1,0.5,31.99166666666667,0.5000000000000036,29.6625,0.5000000000000009,-1.0000000000000036,0.0,Tiruchirappalli,31.2,0.0
2024-09-01 14:00:00,30.6,58,0.0,996.0,8.0,18.7,281,278,14,1,9,6,245,31.2,0.0,33.7,0.0,35.7,0.0,27.8,0.0,28.8,0.0,31.250000000000004,0.5,32.225,0.5000000000000036,29.7375,0.5000000000000009,-0.5999999999999979,0.0,Tiruchirappalli,30.4,0.0
2024-09-01 15:00:00,30.0,60,0.0,997.3,14.0,25.3,275,270,15,1,9,6,245,30.6,0.0,32.2,0.0,28.3,0.4,29.6,0.0,28.1,0.0,31.53333333333333,0.1,32.25833333333333,0.5000000000000036,29.816666666666663,0.5000000000000009,-0.6000000000000014,0.0,Tiruchirappalli,30.2,0.0
2024-09-01 16:00:00,29.0,65,0.0,997.6,14.0,24.8,283,282,16,1,9,6,245,30.0,0.0,31.2,0.0,31.5,0.1,31.8,0.0,28.5,0.0,31.11666666666667,0.0,32.025000000000006,0.5000000000000036,29.8375,0.5000000000000009,-1.0,0.0,Tiruchirappalli,29.7,0.0
2024-09-01 17:00:00,27.8,72,0.0,998.2,14.6,25.9,280,279,17,1,9,6,245,29.0,0.0,30.6,0.0,33.7,0.0,33.2,0.0,28.0,0.0,30.13333333333333,0.0,31.575,0.5000000000000036,29.82916666666667,0.5000000000000009,-1.1999999999999993,0.0,Tiruchirappalli,29.0,0.0
2024-09-01 18:00:00,27.4,74,0.0,998.0,15.5,28.2,280,282,18,1,9,6,245,27.8,0.0,30.0,0.0,32.2,0.0,33.9,0.0,27.4,0.0,29.33333333333333,0.0,31.03333333333333,0.5000000000000036,29.82916666666667,0.5000000000000009,-0.4000000000000021,0.0,Tiruchirappalli,28.3,0.0
2024-09-01 19:00:00,26.9,76,0.0,997.4,13.9,25.8,282,280,19,1,9,6,245,27.4,0.0,29.0,0.0,31.2,0.0,35.0,0.0,26.9,0.0,28.61666666666667,0.0,30.35833333333333,0.5000000000000036,29.829166666666666,0.5000000000000009,-0.5,0.0,Tiruchirappalli,27.8,0.0
2024-09-01 20:00:00,26.5,78,0.0,997.1,15.2,27.6,277,277,20,1,9,6,245,26.9,0.0,27.8,0.0,30.6,0.0,35.7,0.0,26.7,0.0,27.933333333333334,0.0,29.59166666666667,0.5000000000000036,29.820833333333336,0.5000000000000009,-0.3999999999999986,0.0,Tiruchirappalli,27.4,0.0
2024-09-01 21:00:00,26.1,79,0.0,996.6,14.4,26.1,282,283,21,1,9,6,245,26.5,0.0,27.4,0.0,30.0,0.0,28.3,0.4,26.6,0.0,27.28333333333333,0.0,29.40833333333333,0.1000000000000035,29.8,0.5000000000000009,-0.3999999999999986,0.0,Tiruchirappalli,27.0,0.0
2024-09-01 22:00:00,25.8,81,0.0,996.4,14.1,25.8,283,283,22,1,9,6,245,26.1,0.0,26.9,0.0,29.0,0.0,31.5,0.1,26.7,0.0,26.75,0.0,28.933333333333337,0.0,29.7625,0.5000000000000009,-0.3000000000000007,0.0,Tiruchirappalli,26.9,0.0
2024-09-01 23:00:00,25.7,80,0.0,996.9,14.7,26.8,282,281,23,1,9,6,245,25.8,0.0,26.5,0.0,27.8,0.0,33.7,0.0,26.7,0.0,26.4,0.0,28.266666666666666,0.0,29.72083333333333,0.5000000000000009,-0.1000000000000014,0.0,Tiruchirappalli,26.5,0.0
2024-09-02 00:00:00,25.5,81,0.0,997.0,14.8,27.1,287,288,0,2,9,0,246,25.7,0.0,26.1,0.0,27.4,0.0,32.2,0.0,26.8,0.0,26.08333333333333,0.0,27.70833333333333,0.0,29.666666666666668,0.5000000000000009,-0.1999999999999993,0.0,Tiruchirappalli,26.2,0.0
2024-09-02 01:00:00,25.9,79,0.0,997.9,13.3,23.5,288,289,1,2,9,0,246,25.5,0.0,25.8,0.0,26.9,0.0,31.2,0.0,26.8,0.0,25.916666666666668,0.0,27.266666666666666,0.0,29.629166666666663,0.5000000000000009,0.3999999999999986,0.0,Tiruchirappalli,26.7,0.0
2024-09-02 02:00:00,27.3,73,0.0,998.9,13.1,19.0,285,286,2,2,9,0,246,25.9,0.0,25.7,0.0,26.5,0.0,30.6,0.0,27.8,0.0,26.05,0.0,26.991666666666664,0.0,29.60833333333333,0.5000000000000009,1.400000000000002,0.0,Tiruchirappalli,27.9,0.0
2024-09-02 03:00:00,29.1,66,0.0,999.2,13.0,18.1,287,289,3,2,9,0,246,27.3,0.0,25.5,0.0,26.1,0.0,30.0,0.0,29.6,0.0,26.55,0.0,26.916666666666668,0.0,29.5875,0.5000000000000009,1.8000000000000007,0.0,Tiruchirappalli,29.8,0.0
2024-09-02 04:00:00,31.0,58,0.0,999.0,15.1,20.5,281,282,4,2,9,0,246,29.1,0.0,25.9,0.0,25.8,0.0,29.0,0.0,31.8,0.0,27.416666666666668,0.0,27.08333333333333,0.0,29.554166666666664,0.5000000000000009,1.8999999999999984,0.0,Tiruchirappalli,32.7,0.0
2024-09-02 05:00:00,32.7,51,0.0,998.5,14.8,19.6,283,283,5,2,9,0,246,31.0,0.0,27.3,0.0,25.7,0.0,27.8,0.0,33.2,0.0,28.58333333333333,0.0,27.49166666666667,0.0,29.53333333333333,0.5000000000000009,1.7000000000000028,0.0,Tiruchirappalli,34.3,0.0
2024-09-02 06:00:00,34.3,47,0.0,997.6,12.3,15.9,275,275,6,2,9,0,246,32.7,0.0,29.1,0.0,25.5,0.0,27.4,0.0,33.9,0.0,30.05,0.0,28.066666666666663,0.0,29.55,0.5000000000000009,1.5999999999999943,0.0,Tiruchirappalli,35.7,0.0
2024-09-02 07:00:00,35.3,44,0.0,996.3,11.6,14.9,263,263,7,2,9,0,246,34.3,0.0,31.0,0.0,25.9,0.0,26.9,0.0,35.0,0.0,31.616666666666664,0.0,28.766666666666666,0.0,29.5625,0.5000000000000009,1.0,0.0,Tiruchirappalli,36.6,0.0
2024-09-02 08:00:00,35.9,42,0.0,995.0,12.6,16.2,269,270,8,2,9,0,246,35.3,0.0,32.7,0.0,27.3,0.0,26.5,0.0,35.7,0.0,33.050000000000004,0.0,29.55,0.0,29.570833333333336,0.5000000000000009,0.6000000000000014,0.0,Tiruchirappalli,36.8,0.0
2024-09-02 09:00:00,36.5,41,0.0,993.6,12.3,16.6,275,277,9,2,9,0,246,35.9,0.0,34.3,0.0,29.1,0.0,26.1,0.0,28.3,0.4,34.28333333333333,0.0,30.416666666666668,0.0,29.912500000000005,0.1000000000000009,0.6000000000000014,0.0,Tiruchirappalli,37.3,0.0
2024-09-02 10:00:00,36.5,40,0.0,992.9,14.2,18.9,262,261,10,2,9,0,246,36.5,0.0,35.3,0.0,31.0,0.0,25.8,0.0,31.5,0.1,35.2,0.0,31.308333333333334,0.0,30.120833333333337,0.0,0.0,0.0,Tiruchirappalli,37.6,0.0
2024-09-02 11:00:00,35.2,41,0.0,993.1,18.2,25.6,260,261,11,2,9,0,246,36.5,0.0,35.9,0.0,32.7,0.0,25.7,0.0,33.7,0.0,35.61666666666667,0.0,32.1,0.0,30.183333333333334,0.0,-1.2999999999999972,0.0,Tiruchirappalli,35.8,0.1
2024-09-02 12:00:00,33.3,48,0.2,994.1,17.2,27.3,261,260,12,2,9,0,246,35.2,0.0,36.5,0.0,34.3,0.0,25.5,0.0,32.2,0.0,35.45,0.2,32.75,0.2000000000000035,30.229166666666668,0.2000000000000009,-1.9000000000000057,0.2,Tiruchirappalli,34.5,0.2
2024-09-02 13:00:00,32.5,48,0.0,995.0,14.1,26.3,268,264,13,2,9,0,246,33.3,0.2,36.5,0.0,35.3,0.0,25.9,0.0,31.2,0.0,34.983333333333334,0.2,33.300000000000004,0.2000000000000035,30.28333333333333,0.2000000000000009,-0.7999999999999972,-0.2,Tiruchirappalli,33.0,0.0
2024-09-02 14:00:00,31.7,51,0.0,996.2,13.1,24.1,261,254,14,2,9,0,246,32.5,0.0,35.2,0.0,35.9,0.0,27.3,0.0,30.6,0.0,34.28333333333333,0.2,33.666666666666664,0.2000000000000035,30.329166666666666,0.2000000000000009,-0.8000000000000007,0.0,Tiruchirappalli,31.8,0.0
2024-09-02 15:00:00,30.5,55,0.0,997.4,9.0,19.9,264,254,15,2,9,0,246,31.7,0.0,33.3,0.2,36.5,0.0,29.1,0.0,30.0,0.0,33.28333333333333,0.2,33.78333333333333,0.2000000000000035,30.35,0.2000000000000009,-1.1999999999999993,0.0,Tiruchirappalli,30.7,0.0
2024-09-02 16:00:00,29.6,58,0.0,998.1,10.2,20.9,268,260,16,2,9,0,246,30.5,0.0,32.5,0.0,36.5,0.0,31.0,0.0,29.0,0.0,32.13333333333333,0.2,33.666666666666664,0.2000000000000035,30.375,0.2000000000000009,-0.8999999999999986,0.0,Tiruchirappalli,29.8,0.0
2024-09-02 17:00:00,28.7,62,0.0,998.7,9.7,19.1,270,266,17,2,9,0,246,29.6,0.0,31.7,0.0,35.2,0.0,32.7,0.0,27.8,0.0,31.05,0.2,33.333333333333336,0.2000000000000035,30.4125,0.2000000000000009,-0.9000000000000021,0.0,Tiruchirappalli,29.0,0.0
2024-09-02 18:00:00,28.1,65,0.0,998.6,9.7,19.4,269,268,18,2,9,0,246,28.7,0.0,30.5,0.0,33.3,0.2,34.3,0.0,27.4,0.0,30.183333333333334,0.0,32.81666666666667,0.2000000000000035,30.441666666666663,0.2000000000000009,-0.5999999999999979,0.0,Tiruchirappalli,28.5,0.0
2024-09-02 19:00:00,27.7,67,0.0,997.6,11.2,21.6,272,274,19,2,9,0,246,28.1,0.0,29.6,0.0,32.5,0.0,35.3,0.0,26.9,0.0,29.38333333333333,0.0,32.18333333333333,0.2000000000000035,30.475,0.2000000000000009,-0.4000000000000021,0.0,Tiruchirappalli,28.0,0.0
2024-09-02 20:00:00,27.3,68,0.0,997.0,12.7,23.8,274,277,20,2,9,0,246,27.7,0.0,28.7,0.0,31.7,0.0,35.9,0.0,26.5,0.0,28.65,0.0,31.466666666666665,0.2000000000000035,30.508333333333336,0.2000000000000009,-0.3999999999999986,0.0,Tiruchirappalli,27.6,0.0
2024-09-02 21:00:00,27.0,71,0.0,996.6,14.7,26.6,279,281,21,2,9,0,246,27.3,0.0,28.1,0.0,30.5,0.0,36.5,0.0,26.1,0.0,28.066666666666663,0.0,30.675,0.2000000000000035,30.54583333333333,0.2000000000000009,-0.3000000000000007,0.0,Tiruchirappalli,27.3,0.0
2024-09-02 22:00:00,26.7,73,0.0,996.3,16.6,28.9,274,272,22,2,9,0,246,27.0,0.0,27.7,0.0,29.6,0.0,36.5,0.0,25.8,0.0,27.58333333333333,0.0,29.85833333333333,0.2000000000000035,30.58333333333333,0.2000000000000009,-0.3000000000000007,0.0,Tiruchirappalli,27.2,0.0
2024-09-02 23:00:00,26.4,74,0.0,996.4,16.1,28.0,282,280,23,2,9,0,246,26.7,0.0,27.3,0.0,28.7,0.0,35.2,0.0,25.7,0.0,27.2,0.0,29.125,0.2000000000000035,30.6125,0.2000000000000009,-0.3000000000000007,0.0,Tiruchirappalli,27.0,0.0
2024-09-03 00:00:00,26.1,75,0.0,996.9,15.1,26.7,284,282,0,3,9,1,247,26.4,0.0,27.0,0.0,28.1,0.0,33.3,0.2,25.5,0.0,26.866666666666664,0.0,28.524999999999995,0.0,30.6375,0.2000000000000009,-0.2999999999999971,0.0,Tiruchirappalli,26.9,0.0
2024-09-03 01:00:00,26.7,73,0.0,997.9,17.1,28.4,278,277,1,3,9,1,247,26.1,0.0,26.7,0.0,27.7,0.0,32.5,0.0,25.9,0.0,26.700000000000003,0.0,28.041666666666668,0.0,30.67083333333333,0.2000000000000009,0.5999999999999979,0.0,Tiruchirappalli,27.2,0.0
2024-09-03 02:00:00,27.8,69,0.0,998.9,14.6,21.5,280,280,2,3,9,1,247,26.7,0.0,26.4,0.0,27.3,0.0,31.7,0.0,27.3,0.0,26.78333333333333,0.0,27.716666666666665,0.0,30.691666666666663,0.2000000000000009,1.1000000000000014,0.0,Tiruchirappalli,28.4,0.0
2024-09-03 03:00:00,29.5,63,0.0,999.4,15.5,21.7,281,282,3,3,9,1,247,27.8,0.0,26.1,0.0,27.0,0.0,30.5,0.0,29.1,0.0,27.2,0.0,27.63333333333333,0.0,30.70833333333333,0.2000000000000009,1.6999999999999993,0.0,Tiruchirappalli,29.9,0.0
2024-09-03 04:00:00,31.8,54,0.0,1000.1,16.6,22.7,272,271,4,3,9,1,247,29.5,0.0,26.7,0.0,26.7,0.0,29.6,0.0,31.0,0.0,28.05,0.0,27.816666666666663,0.0,30.741666666666664,0.2000000000000009,2.3000000000000007,0.0,Tiruchirappalli,31.5,0.0
2024-09-03 05:00:00,33.4,48,0.0,1000.2,15.5,21.0,265,267,5,3,9,1,247,31.8,0.0,27.8,0.0,26.4,0.0,28.7,0.0,32.7,0.0,29.21666666666667,0.0,28.20833333333333,0.0,30.77083333333333,0.2000000000000009,1.599999999999998,0.0,Tiruchirappalli,32.7,0.0
2024-09-03 06:00:00,33.2,50,0.0,999.7,17.3,22.7,229,227,6,3,9,1,247,33.4,0.0,29.5,0.0,26.1,0.0,28.1,0.0,34.3,0.0,30.4,0.0,28.633333333333336,0.0,30.725,0.2000000000000009,-0.1999999999999957,0.0,Tiruchirappalli,33.8,0.0
2024-09-03 07:00:00,32.8,54,0.1,998.5,14.6,18.7,199,196,7,3,9,1,247,33.2,0.0,31.8,0.0,26.7,0.0,27.7,0.0,35.3,0.0,31.416666666666668,0.1,29.058333333333337,0.1000000000000035,30.620833333333334,0.3000000000000009,-0.4000000000000057,0.1,Tiruchirappalli,35.2,0.0
2024-09-03 08:00:00,33.1,53,0.5,997.5,12.7,16.6,210,209,8,3,9,1,247,32.8,0.1,33.4,0.0,27.8,0.0,27.3,0.0,35.9,0.0,32.300000000000004,0.6,29.541666666666668,0.6000000000000035,30.504166666666663,0.8000000000000009,0.3000000000000042,0.4,Tiruchirappalli,36.5,0.0
2024-09-03 09:00:00,34.9,47,0.0,996.3,14.6,18.6,202,196,9,3,9,1,247,33.1,0.5,33.2,0.0,29.5,0.0,27.0,0.0,36.5,0.0,33.2,0.6,30.200000000000003,0.6000000000000035,30.4375,0.8000000000000009,1.7999999999999972,-0.5,Tiruchirappalli,36.7,0.0
2024-09-03 10:00:00,34.2,48,0.0,995.8,11.6,15.0,197,187,10,3,9,1,247,34.9,0.0,32.8,0.1,31.8,0.0,26.7,0.0,36.5,0.0,33.6,0.6,30.825000000000003,0.6000000000000035,30.341666666666665,0.8000000000000009,-0.6999999999999957,0.0,Tiruchirappalli,35.6,0.0
2024-09-03 11:00:00,35.2,39,0.0,995.1,10.5,14.8,247,239,11,3,9,1,247,34.2,0.0,33.1,0.5,33.4,0.0,26.4,0.0,35.2,0.0,33.9,0.6,31.558333333333334,0.6000000000000035,30.34166666666667,0.8000000000000009,1.0,0.0,Tiruchirappalli,34.5,0.0
2024-09-03 12:00:00,34.3,41,0.0,995.6,14.0,23.1,272,270,12,3,9,1,247,35.2,0.0,34.9,0.0,33.2,0.0,26.1,0.0,33.3,0.2,34.083333333333336,0.6,32.24166666666667,0.6000000000000035,30.38333333333333,0.600000000000001,-0.9000000000000057,0.0,Tiruchirappalli,32.7,0.0
2024-09-03 13:00:00,30.7,59,0.0,997.4,6.5,14.0,181,180,13,3,9,1,247,34.3,0.0,34.2,0.0,32.8,0.1,26.7,0.0,32.5,0.0,33.733333333333334,0.5,32.575,0.6000000000000035,30.308333333333334,0.600000000000001,-3.599999999999998,0.0,Tiruchirappalli,31.8,0.0
2024-09-03 14:00:00,30.1,60,0.0,998.6,7.4,16.3,205,209,14,3,9,1,247,30.7,0.0,35.2,0.0,33.1,0.5,27.8,0.0,31.7,0.0,33.233333333333334,0.0,32.76666666666667,0.6000000000000035,30.24166666666667,0.600000000000001,-0.5999999999999979,0.0,Tiruchirappalli,30.3,0.0
2024-09-03 15:00:00,29.7,61,0.0,999.2,8.0,17.7,268,265,15,3,9,1,247,30.1,0.0,34.3,0.0,34.9,0.0,29.5,0.0,30.5,0.0,32.36666666666667,0.0,32.78333333333334,0.6000000000000035,30.20833333333333,0.600000000000001,-0.4000000000000021,0.0,Tiruchirappalli,29.8,0.0
2024-09-03 16:00:00,29.2,59,0.0,1000.1,10.8,20.9,274,274,16,3,9,1,247,29.7,0.0,30.7,0.0,34.2,0.0,31.8,0.0,29.6,0.0,31.53333333333333,0.0,32.56666666666667,0.6000000000000035,30.191666666666663,0.600000000000001,-0.5,0.0,Tiruchirappalli,29.7,0.0
2024-09-03 17:00:00,28.4,62,0.0,1000.5,11.5,22.8,275,274,17,3,9,1,247,29.2,0.0,30.1,0.0,35.2,0.0,33.4,0.0,28.7,0.0,30.399999999999995,0.0,32.15,0.6000000000000035,30.179166666666664,0.600000000000001,-0.8000000000000007,0.0,Tiruchirappalli,28.9,0.0
2024-09-03 18:00:00,27.9,65,0.0,1000.3,13.3,24.8,287,289,18,3,9,1,247,28.4,0.0,29.7,0.0,34.3,0.0,33.2,0.0,28.1,0.0,29.33333333333333,0.0,31.70833333333333,0.6000000000000035,30.17083333333333,0.600000000000001,-0.5,0.0,Tiruchirappalli,28.5,0.0
2024-09-03 19:00:00,27.6,66,0.0,999.6,17.1,30.3,280,278,19,3,9,1,247,27.9,0.0,29.2,0.0,30.7,0.0,32.8,0.1,27.7,0.0,28.816666666666663,0.0,31.274999999999995,0.5000000000000036,30.166666666666668,0.600000000000001,-0.2999999999999971,0.0,Tiruchirappalli,28.0,0.0
2024-09-03 20:00:00,27.1,68,0.0,999.0,16.6,28.8,273,272,20,3,9,1,247,27.6,0.0,28.4,0.0,30.1,0.0,33.1,0.5,27.3,0.0,28.316666666666663,0.0,30.775,0.0,30.15833333333333,0.600000000000001,-0.5,0.0,Tiruchirappalli,27.7,0.0
2024-09-03 21:00:00,26.6,71,0.0,998.5,15.1,26.3,272,270,21,3,9,1,247,27.1,0.0,27.9,0.0,29.7,0.0,34.9,0.0,27.0,0.0,27.8,0.0,30.08333333333333,0.0,30.141666666666666,0.600000000000001,-0.5,0.0,Tiruchirappalli,27.3,0.0
2024-09-03 22:00:00,26.3,73,0.0,998.0,15.5,27.2,278,275,22,3,9,1,247,26.6,0.0,27.6,0.0,29.2,0.0,34.2,0.0,26.7,0.0,27.316666666666663,0.0,29.425,0.0,30.125,0.600000000000001,-0.3000000000000007,0.0,Tiruchirappalli,27.1,0.0
2024-09-03 23:00:00,26.1,74,0.0,998.1,17.1,30.0,280,278,23,3,9,1,247,26.3,0.0,27.1,0.0,28.4,0.0,35.2,0.0,26.4,0.0,26.933333333333337,0.0,28.666666666666668,0.0,30.1125,0.600000000000001,-0.1999999999999993,0.0,Tiruchirappalli,27.1,0.0
2024-09-04 00:00:00,26.1,74,0.0,998.5,18.5,32.1,280,278,0,4,9,2,248,26.1,0.0,26.6,0.0,27.9,0.0,34.3,0.0,26.1,0.0,26.633333333333336,0.0,27.98333333333333,0.0,30.1125,0.600000000000001,0.0,0.0,Tiruchirappalli,27.0,0.0
2024-09-04 01:00:00,26.6,75,0.0,999.4,15.3,26.0,289,289,1,4,9,2,248,26.1,0.0,26.3,0.0,27.6,0.0,30.7,0.0,26.7,0.0,26.46666666666667,0.0,27.641666666666666,0.0,30.10833333333333,0.600000000000001,0.5,0.0,Tiruchirappalli,27.2,0.0
2024-09-04 02:00:00,27.6,71,0.0,1000.1,16.6,24.8,287,288,2,4,9,2,248,26.6,0.0,26.1,0.0,27.1,0.0,30.1,0.0,27.8,0.0,26.55,0.0,27.433333333333334,0.0,30.1,0.600000000000001,1.0,0.0,Tiruchirappalli,28.5,0.0
2024-09-04 03:00:00,29.4,65,0.0,1000.4,18.3,25.6,284,285,3,4,9,2,248,27.6,0.0,26.1,0.0,26.6,0.0,29.7,0.0,29.5,0.0,27.016666666666666,0.0,27.40833333333333,0.0,30.09583333333333,0.600000000000001,1.7999999999999972,0.0,Tiruchirappalli,30.7,0.0
2024-09-04 04:00:00,31.2,57,0.0,1000.3,19.4,27.0,280,281,4,4,9,2,248,29.4,0.0,26.6,0.0,26.3,0.0,29.2,0.0,31.8,0.0,27.83333333333334,0.0,27.575000000000003,0.0,30.07083333333333,0.600000000000001,1.8000000000000007,0.0,Tiruchirappalli,32.6,0.0
2024-09-04 05:00:00,32.5,52,0.0,1000.1,19.1,26.0,280,281,5,4,9,2,248,31.2,0.0,27.6,0.0,26.1,0.0,28.4,0.0,33.4,0.0,28.899999999999995,0.0,27.916666666666668,0.0,30.03333333333333,0.600000000000001,1.3000000000000007,0.0,Tiruchirappalli,34.3,0.0
2024-09-04 06:00:00,34.1,46,0.0,999.3,19.3,26.6,279,279,6,4,9,2,248,32.5,0.0,29.4,0.0,26.1,0.0,27.9,0.0,33.2,0.0,30.23333333333333,0.0,28.433333333333334,0.0,30.070833333333336,0.600000000000001,1.6000000000000014,0.0,Tiruchirappalli,36.2,0.0
2024-09-04 07:00:00,35.1,44,0.0,997.8,20.5,28.1,271,271,7,4,9,2,248,34.1,0.0,31.2,0.0,26.6,0.0,27.6,0.0,32.8,0.1,31.65,0.0,29.058333333333337,0.0,30.166666666666668,0.5000000000000009,1.0,0.0,Tiruchirappalli,37.4,0.0
2024-09-04 08:00:00,35.7,41,0.0,996.6,21.3,29.6,275,275,8,4,9,2,248,35.1,0.0,32.5,0.0,27.6,0.0,27.1,0.0,33.1,0.5,33.0,0.0,29.775,0.0,30.275,0.0,0.6000000000000014,0.0,Tiruchirappalli,34.6,1.1
2024-09-04 09:00:00,35.8,39,0.0,995.7,20.8,28.8,279,280,9,4,9,2,248,35.7,0.0,34.1,0.0,29.4,0.0,26.6,0.0,34.9,0.0,34.06666666666667,0.0,30.541666666666668,0.0,30.3125,0.0,0.0999999999999943,0.0,Tiruchirappalli,34.0,0.8
2024-09-04 10:00:00,35.2,40,0.0,995.1,18.1,25.0,276,275,10,4,9,2,248,35.8,0.0,35.1,0.0,31.2,0.0,26.3,0.0,34.2,0.0,34.73333333333333,0.0,31.28333333333333,0.0,30.354166666666668,0.0,-0.5999999999999943,0.0,Tiruchirappalli,35.0,0.0
2024-09-04 11:00:00,34.3,43,0.0,994.8,16.0,22.3,279,279,11,4,9,2,248,35.2,0.0,35.7,0.0,32.5,0.0,26.1,0.0,35.2,0.0,35.03333333333333,0.0,31.96666666666667,0.0,30.316666666666663,0.0,-0.9000000000000057,0.0,Tiruchirappalli,35.6,0.0
2024-09-04 12:00:00,34.0,43,0.0,995.3,15.1,23.1,272,271,12,4,9,2,248,34.3,0.0,35.8,0.0,34.1,0.0,26.1,0.0,34.3,0.0,35.016666666666666,0.0,32.625,0.0,30.30416666666667,0.0,-0.2999999999999971,0.0,Tiruchirappalli,33.5,0.2
2024-09-04 13:00:00,32.3,46,0.0,996.6,12.5,23.3,262,258,13,4,9,2,248,34.0,0.0,35.2,0.0,35.1,0.0,26.6,0.0,30.7,0.0,34.550000000000004,0.0,33.1,0.0,30.370833333333334,0.0,-1.7000000000000028,0.0,Tiruchirappalli,33.1,0.0
2024-09-04 14:00:00,31.0,51,0.0,997.3,10.8,20.9,266,268,14,4,9,2,248,32.3,0.0,34.3,0.0,35.7,0.0,27.6,0.0,30.1,0.0,33.76666666666667,0.0,33.38333333333333,0.0,30.40833333333333,0.0,-1.2999999999999972,0.0,Tiruchirappalli,30.8,0.0
2024-09-04 15:00:00,30.2,52,0.0,998.2,13.0,24.9,268,265,15,4,9,2,248,31.0,0.0,34.0,0.0,35.8,0.0,29.4,0.0,29.7,0.0,32.833333333333336,0.0,33.45,0.0,30.42916666666667,0.0,-0.8000000000000007,0.0,Tiruchirappalli,29.8,0.0
2024-09-04 16:00:00,29.5,56,0.0,998.8,12.3,23.8,273,267,16,4,9,2,248,30.2,0.0,32.3,0.0,35.2,0.0,31.2,0.0,29.2,0.0,31.883333333333336,0.0,33.30833333333333,0.0,30.441666666666663,0.0,-0.6999999999999993,0.0,Tiruchirappalli,28.9,0.0
2024-09-04 17:00:00,28.8,59,0.0,999.1,11.6,23.1,274,263,17,4,9,2,248,29.5,0.0,31.0,0.0,34.3,0.0,32.5,0.0,28.4,0.0,30.96666666666667,0.0,33.0,0.0,30.45833333333333,0.0,-0.6999999999999993,0.0,Tiruchirappalli,28.7,0.0
2024-09-04 18:00:00,28.2,62,0.0,998.6,12.3,23.4,274,267,18,4,9,2,248,28.8,0.0,30.2,0.0,34.0,0.0,34.1,0.0,27.9,0.0,30.0,0.0,32.50833333333333,0.0,30.47083333333333,0.0,-0.6000000000000014,0.0,Tiruchirappalli,28.4,0.0
2024-09-04 19:00:00,27.7,66,0.0,998.0,11.6,22.0,272,265,19,4,9,2,248,28.2,0.0,29.5,0.0,32.3,0.0,35.1,0.0,27.6,0.0,29.23333333333333,0.0,31.891666666666666,0.0,30.475,0.0,-0.5,0.0,Tiruchirappalli,27.8,0.0
2024-09-04 20:00:00,27.3,68,0.0,997.4,12.1,22.4,265,258,20,4,9,2,248,27.7,0.0,28.8,0.0,31.0,0.0,35.7,0.0,27.1,0.0,28.616666666666664,0.0,31.191666666666663,0.0,30.48333333333333,0.0,-0.3999999999999986,0.0,Tiruchirappalli,27.3,0.0
2024-09-04 21:00:00,26.8,71,0.0,997.0,14.1,25.8,278,276,21,4,9,2,248,27.3,0.0,28.2,0.0,30.2,0.0,35.8,0.0,26.6,0.0,28.05,0.0,30.441666666666663,0.0,30.491666666666664,0.0,-0.5,0.0,Tiruchirappalli,27.1,0.0
2024-09-04 22:00:00,26.5,73,0.0,996.8,15.6,28.1,279,278,22,4,9,2,248,26.8,0.0,27.7,0.0,29.5,0.0,35.2,0.0,26.3,0.0,27.55,0.0,29.71666666666667,0.0,30.5,0.0,-0.3000000000000007,0.0,Tiruchirappalli,26.9,0.0
2024-09-04 23:00:00,26.3,74,0.0,997.1,15.9,28.3,277,275,23,4,9,2,248,26.5,0.0,27.3,0.0,28.8,0.0,34.3,0.0,26.1,0.0,27.13333333333333,0.0,29.05,0.0,30.508333333333336,0.0,-0.1999999999999993,0.0,Tiruchirappalli,26.7,0.0
2024-09-05 00:00:00,26.1,76,0.0,997.4,15.5,28.1,274,273,0,5,9,3,249,26.3,0.0,26.8,0.0,28.2,0.0,34.0,0.0,26.1,0.0,26.78333333333333,0.0,28.391666666666666,0.0,30.50833333333333,0.0,-0.1999999999999993,0.0,Tiruchirappalli,26.6,0.0
2024-09-05 01:00:00,26.1,77,0.0,997.9,13.8,23.7,279,277,1,5,9,3,249,26.1,0.0,26.5,0.0,27.7,0.0,32.3,0.0,26.6,0.0,26.51666666666667,0.0,27.875,0.0,30.4875,0.0,0.0,0.0,Tiruchirappalli,27.2,0.0
2024-09-05 02:00:00,27.2,72,0.0,998.6,15.6,23.0,284,285,2,5,9,3,249,26.1,0.0,26.3,0.0,27.3,0.0,31.0,0.0,27.6,0.0,26.5,0.0,27.558333333333334,0.0,30.47083333333333,0.0,1.099999999999998,0.0,Tiruchirappalli,28.8,0.0
2024-09-05 03:00:00,29.2,65,0.0,999.2,16.1,22.7,285,286,3,5,9,3,249,27.2,0.0,26.1,0.0,26.8,0.0,30.2,0.0,29.4,0.0,26.899999999999995,0.0,27.475,0.0,30.462499999999995,0.0,2.0,0.0,Tiruchirappalli,30.6,0.0
2024-09-05 04:00:00,31.6,53,0.0,999.1,17.6,24.5,280,281,4,5,9,3,249,29.2,0.0,26.1,0.0,26.5,0.0,29.5,0.0,31.2,0.0,27.75,0.0,27.65,0.0,30.479166666666668,0.0,2.400000000000002,0.0,Tiruchirappalli,32.9,0.0
2024-09-05 05:00:00,33.7,46,0.0,998.6,16.5,21.9,279,280,5,5,9,3,249,31.6,0.0,27.2,0.0,26.3,0.0,28.8,0.0,32.5,0.0,28.98333333333333,0.0,28.058333333333334,0.0,30.52916666666667,0.0,2.1000000000000014,0.0,Tiruchirappalli,34.9,0.0
2024-09-05 06:00:00,35.1,43,0.0,997.7,14.9,19.7,278,278,6,5,9,3,249,33.7,0.0,29.2,0.0,26.1,0.0,28.2,0.0,34.1,0.0,30.48333333333333,0.0,28.63333333333333,0.0,30.570833333333336,0.0,1.3999999999999986,0.0,Tiruchirappalli,36.4,0.0
2024-09-05 07:00:00,36.3,40,0.0,996.5,13.9,17.9,280,280,7,5,9,3,249,35.1,0.0,31.6,0.0,26.1,0.0,27.7,0.0,35.1,0.0,32.18333333333333,0.0,29.35,0.0,30.620833333333334,0.0,1.1999999999999955,0.0,Tiruchirappalli,37.8,0.0
2024-09-05 08:00:00,37.0,37,0.0,995.2,13.9,17.9,280,280,8,5,9,3,249,36.3,0.0,33.7,0.0,27.2,0.0,27.3,0.0,35.7,0.0,33.81666666666667,0.0,30.15833333333333,0.0,30.675,0.0,0.7000000000000028,0.0,Tiruchirappalli,38.1,0.0
2024-09-05 09:00:00,37.5,35,0.0,994.1,12.8,17.2,281,281,9,5,9,3,249,37.0,0.0,35.1,0.0,29.2,0.0,26.8,0.0,35.8,0.0,35.2,0.0,31.05,0.0,30.745833333333334,0.0,0.5,0.0,Tiruchirappalli,38.0,0.0
2024-09-05 10:00:00,37.1,35,0.0,993.4,13.5,17.8,278,279,10,5,9,3,249,37.5,0.0,36.3,0.0,31.6,0.0,26.5,0.0,35.2,0.0,36.11666666666667,0.0,31.933333333333337,0.0,30.825000000000003,0.0,-0.3999999999999986,0.0,Tiruchirappalli,37.7,0.0
2024-09-05 11:00:00,36.8,36,0.0,992.8,14.8,20.5,280,284,11,5,9,3,249,37.1,0.0,37.0,0.0,33.7,0.0,26.3,0.0,34.3,0.0,36.63333333333333,0.0,32.80833333333334,0.0,30.929166666666664,0.0,-0.3000000000000042,0.0,Tiruchirappalli,36.8,0.0
2024-09-05 12:00:00,36.0,37,0.0,993.2,14.2,22.1,277,279,12,5,9,3,249,36.8,0.0,37.5,0.0,35.1,0.0,26.1,0.0,34.0,0.0,36.78333333333333,0.0,33.63333333333333,0.0,31.0125,0.0,-0.7999999999999972,0.0,Tiruchirappalli,35.0,0.0
2024-09-05 13:00:00,33.5,41,0.0,994.6,13.3,24.3,262,257,13,5,9,3,249,36.0,0.0,37.1,0.0,36.3,0.0,26.1,0.0,32.3,0.0,36.31666666666666,0.0,34.25,0.0,31.0625,0.0,-2.5,0.0,Tiruchirappalli,33.5,0.0
2024-09-05 14:00:00,32.2,43,0.0,995.6,17.5,30.3,257,256,14,5,9,3,249,33.5,0.0,36.8,0.0,37.0,0.0,27.2,0.0,31.0,0.0,35.516666666666666,0.0,34.666666666666664,0.0,31.1125,0.0,-1.2999999999999972,0.0,Tiruchirappalli,31.9,0.0
2024-09-05 15:00:00,30.7,50,0.0,996.7,19.1,31.7,271,272,15,5,9,3,249,32.2,0.0,36.0,0.0,37.5,0.0,29.2,0.0,30.2,0.0,34.38333333333333,0.0,34.791666666666664,0.0,31.13333333333333,0.0,-1.5000000000000036,0.0,Tiruchirappalli,30.6,0.0
2024-09-05 16:00:00,30.0,54,0.0,997.9,13.0,24.9,272,265,16,5,9,3,249,30.7,0.0,33.5,0.0,37.1,0.0,31.6,0.0,29.5,0.0,33.2,0.0,34.65833333333333,0.0,31.154166666666665,0.0,-0.6999999999999993,0.0,Tiruchirappalli,29.9,0.0
2024-09-05 17:00:00,29.5,56,0.0,999.0,9.9,19.2,240,237,17,5,9,3,249,30.0,0.0,32.2,0.0,36.8,0.0,33.7,0.0,28.8,0.0,31.98333333333333,0.0,34.30833333333333,0.0,31.183333333333334,0.0,-0.5,0.0,Tiruchirappalli,29.4,0.0
2024-09-05 18:00:00,29.0,59,0.1,998.9,10.7,19.8,251,250,18,5,9,3,249,29.5,0.0,30.7,0.0,36.0,0.0,35.1,0.0,28.2,0.0,30.816666666666663,0.1,33.800000000000004,0.1000000000000035,31.216666666666665,0.1000000000000009,-0.5,0.1,Tiruchirappalli,28.7,0.0
2024-09-05 19:00:00,28.5,61,0.0,998.1,10.8,20.5,252,249,19,5,9,3,249,29.0,0.1,30.0,0.0,33.5,0.0,36.3,0.0,27.7,0.0,29.98333333333333,0.1,33.15,0.1000000000000035,31.25,0.1000000000000009,-0.5,-0.1,Tiruchirappalli,28.2,0.0
2024-09-05 20:00:00,28.3,61,0.0,997.3,13.7,24.1,269,272,20,5,9,3,249,28.5,0.0,29.5,0.0,32.2,0.0,37.0,0.0,27.3,0.0,29.33333333333333,0.1,32.425000000000004,0.1000000000000035,31.291666666666668,0.1000000000000009,-0.1999999999999993,0.0,Tiruchirappalli,27.9,0.0
2024-09-05 21:00:00,27.7,65,0.0,996.5,15.3,26.2,279,279,21,5,9,3,249,28.3,0.0,29.0,0.1,30.7,0.0,37.5,0.0,26.8,0.0,28.83333333333333,0.1,31.60833333333333,0.1000000000000035,31.329166666666666,0.1000000000000009,-0.6000000000000014,0.0,Tiruchirappalli,27.6,0.0
2024-09-05 22:00:00,27.0,69,0.0,996.4,17.2,30.0,280,281,22,5,9,3,249,27.7,0.0,28.5,0.0,30.0,0.0,37.1,0.0,26.5,0.0,28.33333333333333,0.1,30.766666666666666,0.1000000000000035,31.35,0.1000000000000009,-0.6999999999999993,0.0,Tiruchirappalli,27.3,0.0
2024-09-05 23:00:00,26.7,72,0.0,996.6,17.0,30.0,283,283,23,5,9,3,249,27.0,0.0,28.3,0.0,29.5,0.0,36.8,0.0,26.3,0.0,27.86666666666667,0.1,29.925,0.1000000000000035,31.366666666666664,0.1000000000000009,-0.3000000000000007,0.0,Tiruchirappalli,27.0,0.0
2024-09-06 00:00:00,26.4,74,0.0,996.8,16.0,28.2,280,279,0,6,9,4,250,26.7,0.0,27.7,0.0,29.0,0.1,36.0,0.0,26.1,0.0,27.433333333333337,0.0,29.125,0.1000000000000035,31.379166666666663,0.1000000000000009,-0.3000000000000007,0.0,Tiruchirappalli,26.9,0.0
2024-09-06 01:00:00,26.9,74,0.0,997.2,16.5,26.5,282,280,1,6,9,4,250,26.4,0.0,27.0,0.0,28.5,0.0,33.5,0.0,26.1,0.0,27.166666666666668,0.0,28.575000000000003,0.1000000000000035,31.4125,0.1000000000000009,0.5,0.0,Tiruchirappalli,27.1,0.0
2024-09-06 02:00:00,27.9,70,0.0,998.5,15.1,22.5,283,282,2,6,9,4,250,26.9,0.0,26.7,0.0,28.3,0.0,32.2,0.0,27.2,0.0,27.1,0.0,28.216666666666665,0.1000000000000035,31.441666666666663,0.1000000000000009,1.0,0.0,Tiruchirappalli,28.3,0.0
2024-09-06 03:00:00,29.8,62,0.0,999.1,16.7,23.6,278,277,3,6,9,4,250,27.9,0.0,26.4,0.0,27.7,0.0,30.7,0.0,29.2,0.0,27.450000000000003,0.0,28.141666666666666,0.1000000000000035,31.46666666666667,0.1000000000000009,1.900000000000002,0.0,Tiruchirappalli,30.3,0.0
2024-09-06 04:00:00,32.0,52,0.0,999.2,18.8,26.1,276,277,4,6,9,4,250,29.8,0.0,26.9,0.0,27.0,0.0,30.0,0.0,31.6,0.0,28.28333333333333,0.0,28.308333333333334,0.1000000000000035,31.48333333333333,0.1000000000000009,2.2,0.0,Tiruchirappalli,32.5,0.0
2024-09-06 05:00:00,33.7,46,0.0,998.9,17.1,23.2,277,278,5,6,9,4,250,32.0,0.0,27.9,0.0,26.7,0.0,29.5,0.0,33.7,0.0,29.45,0.0,28.65833333333333,0.1000000000000035,31.48333333333333,0.1000000000000009,1.7000000000000028,0.0,Tiruchirappalli,34.8,0.0
2024-09-06 06:00:00,35.1,42,0.0,998.2,15.7,21.1,278,279,6,6,9,4,250,33.7,0.0,29.8,0.0,26.4,0.0,29.0,0.1,35.1,0.0,30.9,0.0,29.166666666666668,0.0,31.48333333333333,0.1000000000000009,1.3999999999999986,0.0,Tiruchirappalli,36.8,0.0
2024-09-06 07:00:00,36.0,40,0.0,997.0,17.3,22.7,281,282,7,6,9,4,250,35.1,0.0,32.0,0.0,26.9,0.0,28.5,0.0,36.3,0.0,32.416666666666664,0.0,29.791666666666668,0.0,31.47083333333333,0.1000000000000009,0.8999999999999986,0.0,Tiruchirappalli,38.2,0.0
2024-09-06 08:00:00,36.7,38,0.0,995.6,16.4,22.2,278,279,8,6,9,4,250,36.0,0.0,33.7,0.0,27.9,0.0,28.3,0.0,37.0,0.0,33.88333333333333,0.0,30.491666666666664,0.0,31.45833333333333,0.1000000000000009,0.7000000000000028,0.0,Tiruchirappalli,38.8,0.0
2024-09-06 09:00:00,37.1,37,0.0,994.5,14.5,19.5,282,284,9,6,9,4,250,36.7,0.0,35.1,0.0,29.8,0.0,27.7,0.0,37.5,0.0,35.1,0.0,31.275,0.0,31.441666666666663,0.1000000000000009,0.3999999999999986,0.0,Tiruchirappalli,33.0,0.6
2024-09-06 10:00:00,36.9,37,0.0,993.9,13.4,17.7,265,264,10,6,9,4,250,37.1,0.0,36.0,0.0,32.0,0.0,27.0,0.0,37.1,0.0,35.916666666666664,0.0,32.1,0.0,31.433333333333334,0.1000000000000009,-0.2000000000000028,0.0,Tiruchirappalli,36.4,0.1
2024-09-06 11:00:00,31.2,61,0.6,994.7,20.2,30.1,302,305,11,6,9,4,250,36.9,0.0,36.7,0.0,33.7,0.0,26.7,0.0,36.8,0.0,35.5,0.6,32.475,0.6000000000000035,31.200000000000003,0.7000000000000008,-5.699999999999999,0.6,Tiruchirappalli,36.9,0.1
2024-09-06 12:00:00,31.3,57,0.1,994.9,7.1,11.7,313,319,12,6,9,4,250,31.2,0.6,37.1,0.0,35.1,0.0,26.4,0.0,36.0,0.0,34.86666666666667,0.7,32.88333333333333,0.7000000000000035,31.004166666666663,0.8000000000000008,0.1000000000000014,-0.5,Tiruchirappalli,33.1,0.2
2024-09-06 13:00:00,31.2,55,0.0,996.4,8.4,16.4,285,280,13,6,9,4,250,31.3,0.1,36.9,0.0,36.0,0.0,26.9,0.0,33.5,0.0,34.06666666666667,0.7,33.24166666666667,0.7000000000000035,30.90833333333333,0.8000000000000008,-0.1000000000000014,-0.1,Tiruchirappalli,30.3,0.0
2024-09-06 14:00:00,30.4,58,0.0,997.4,9.7,18.5,277,270,14,6,9,4,250,31.2,0.0,31.2,0.6,36.7,0.0,27.9,0.0,32.2,0.0,33.016666666666666,0.7,33.45,0.7000000000000035,30.83333333333333,0.8000000000000008,-0.8000000000000007,0.0,Tiruchirappalli,29.5,0.0
2024-09-06 15:00:00,30.2,59,0.0,998.0,12.6,23.8,269,265,15,6,9,4,250,30.4,0.0,31.3,0.1,37.1,0.0,29.8,0.0,30.7,0.0,31.866666666666664,0.7,33.483333333333334,0.7000000000000035,30.8125,0.8000000000000008,-0.1999999999999993,0.0,Tiruchirappalli,29.1,0.0
2024-09-06 16:00:00,29.7,57,0.0,998.8,13.0,23.4,274,273,16,6,9,4,250,30.2,0.0,31.2,0.0,36.9,0.0,32.0,0.0,30.0,0.0,30.666666666666668,0.7,33.291666666666664,0.7000000000000035,30.8,0.8000000000000008,-0.5,0.0,Tiruchirappalli,29.2,0.0
2024-09-06 17:00:00,29.0,59,0.0,999.2,14.1,25.2,284,285,17,6,9,4,250,29.7,0.0,30.4,0.0,31.2,0.6,33.7,0.0,29.5,0.0,30.3,0.1,32.9,0.7000000000000035,30.77916666666667,0.8000000000000008,-0.6999999999999993,0.0,Tiruchirappalli,29.3,0.0
2024-09-06 18:00:00,28.3,62,0.0,999.1,13.3,24.5,287,289,18,6,9,4,250,29.0,0.0,30.2,0.0,31.3,0.1,35.1,0.0,29.0,0.1,29.8,0.0,32.333333333333336,0.7000000000000035,30.75,0.7000000000000008,-0.6999999999999993,0.0,Tiruchirappalli,28.6,0.0
2024-09-06 19:00:00,27.8,65,0.0,998.4,12.9,23.6,282,283,19,6,9,4,250,28.3,0.0,29.7,0.0,31.2,0.0,36.0,0.0,28.5,0.0,29.23333333333333,0.0,31.65,0.7000000000000035,30.72083333333333,0.7000000000000008,-0.5,0.0,Tiruchirappalli,27.9,0.0
2024-09-06 20:00:00,27.4,66,0.0,998.1,13.9,24.9,281,280,20,6,9,4,250,27.8,0.0,29.0,0.0,30.4,0.0,36.7,0.0,28.3,0.0,28.73333333333333,0.0,30.875,0.7000000000000035,30.683333333333334,0.7000000000000008,-0.4000000000000021,0.0,Tiruchirappalli,27.5,0.0
2024-09-06 21:00:00,27.0,68,0.0,998.0,14.6,25.6,280,279,21,6,9,4,250,27.4,0.0,28.3,0.0,30.2,0.0,37.1,0.0,27.7,0.0,28.200000000000003,0.0,30.03333333333333,0.7000000000000035,30.65416666666667,0.7000000000000008,-0.3999999999999986,0.0,Tiruchirappalli,27.5,0.0
2024-09-06 22:00:00,26.9,70,0.0,997.7,16.0,27.4,280,279,22,6,9,4,250,27.0,0.0,27.8,0.0,29.7,0.0,36.9,0.0,27.0,0.0,27.73333333333333,0.0,29.2,0.7000000000000035,30.65,0.7000000000000008,-0.1000000000000014,0.0,Tiruchirappalli,27.3,0.0
2024-09-06 23:00:00,26.5,72,0.0,997.7,16.7,28.7,277,277,23,6,9,4,250,26.9,0.0,27.4,0.0,29.0,0.0,31.2,0.6,26.7,0.0,27.316666666666663,0.0,28.808333333333334,0.1000000000000035,30.641666666666666,0.7000000000000008,-0.3999999999999986,0.0,Tiruchirappalli,27.1,0.0
2024-09-07 00:00:00,26.2,74,0.0,997.9,16.3,28.9,276,275,0,7,9,5,251,26.5,0.0,27.0,0.0,28.3,0.0,31.3,0.1,26.4,0.0,26.96666666666667,0.0,28.383333333333336,0.0,30.633333333333336,0.7000000000000008,-0.3000000000000007,0.0,Tiruchirappalli,26.9,0.0
2024-09-07 01:00:00,26.7,73,0.0,998.1,15.4,26.3,280,281,1,7,9,5,251,26.2,0.0,26.9,0.0,27.8,0.0,31.2,0.0,26.9,0.0,26.78333333333333,0.0,28.008333333333336,0.0,30.625,0.7000000000000008,0.5,0.0,Tiruchirappalli,27.5,0.0
2024-09-07 02:00:00,27.9,69,0.0,998.9,15.4,22.7,281,281,2,7,9,5,251,26.7,0.0,26.5,0.0,27.4,0.0,30.4,0.0,27.9,0.0,26.866666666666664,0.0,27.8,0.0,30.625,0.7000000000000008,1.1999999999999993,0.0,Tiruchirappalli,28.7,0.0
2024-09-07 03:00:00,29.8,61,0.0,999.1,16.8,24.1,279,280,3,7,9,5,251,27.9,0.0,26.2,0.0,27.0,0.0,30.2,0.0,29.8,0.0,27.33333333333333,0.0,27.766666666666666,0.0,30.625,0.7000000000000008,1.900000000000002,0.0,Tiruchirappalli,30.0,0.0
2024-09-07 04:00:00,32.7,48,0.0,999.2,20.0,27.6,277,278,4,7,9,5,251,29.8,0.0,26.7,0.0,26.9,0.0,29.7,0.0,32.0,0.0,28.3,0.0,28.016666666666666,0.0,30.65416666666667,0.7000000000000008,2.900000000000002,0.0,Tiruchirappalli,32.2,0.0
2024-09-07 05:00:00,34.3,43,0.0,999.2,17.8,23.9,276,277,5,7,9,5,251,32.7,0.0,27.9,0.0,26.5,0.0,29.0,0.0,33.7,0.0,29.600000000000005,0.0,28.45833333333333,0.0,30.679166666666664,0.7000000000000008,1.5999999999999943,0.0,Tiruchirappalli,34.3,0.0
2024-09-07 06:00:00,35.7,40,0.0,998.6,16.9,22.3,272,272,6,7,9,5,251,34.3,0.0,29.8,0.0,26.2,0.0,28.3,0.0,35.1,0.0,31.183333333333334,0.0,29.075,0.0,30.70416666666667,0.7000000000000008,1.4000000000000057,0.0,Tiruchirappalli,36.2,0.0
2024-09-07 07:00:00,36.6,37,0.0,997.6,15.9,21.3,275,276,7,7,9,5,251,35.7,0.0,32.7,0.0,26.7,0.0,27.8,0.0,36.0,0.0,32.833333333333336,0.0,29.808333333333334,0.0,30.729166666666668,0.7000000000000008,0.8999999999999986,0.0,Tiruchirappalli,37.1,0.0
2024-09-07 08:00:00,36.8,36,0.0,996.3,14.5,19.1,274,276,8,7,9,5,251,36.6,0.0,34.3,0.0,27.9,0.0,27.4,0.0,36.7,0.0,34.31666666666667,0.0,30.59166666666667,0.0,30.73333333333333,0.7000000000000008,0.1999999999999957,0.0,Tiruchirappalli,37.3,0.0
2024-09-07 09:00:00,37.3,34,0.0,995.1,13.7,18.4,269,270,9,7,9,5,251,36.8,0.0,35.7,0.0,29.8,0.0,27.0,0.0,37.1,0.0,35.56666666666667,0.0,31.45,0.0,30.741666666666664,0.7000000000000008,0.5,0.0,Tiruchirappalli,38.0,0.0
2024-09-07 10:00:00,37.6,32,0.0,994.3,16.2,22.0,269,269,10,7,9,5,251,37.3,0.0,36.6,0.0,32.7,0.0,26.9,0.0,36.9,0.0,36.38333333333333,0.0,32.34166666666667,0.0,30.77083333333333,0.7000000000000008,0.3000000000000042,0.0,Tiruchirappalli,38.1,0.0
2024-09-07 11:00:00,35.8,35,0.1,995.1,16.9,23.4,272,271,11,7,9,5,251,37.6,0.0,36.8,0.0,34.3,0.0,26.5,0.0,31.2,0.6,36.63333333333333,0.1,33.11666666666667,0.1000000000000035,30.962499999999995,0.2000000000000009,-1.8000000000000045,0.1,Tiruchirappalli,36.0,0.2
2024-09-07 12:00:00,34.5,41,0.2,995.7,11.2,18.0,270,270,12,7,9,5,251,35.8,0.1,37.3,0.0,35.7,0.0,26.2,0.0,31.3,0.1,36.43333333333333,0.3,33.80833333333333,0.3000000000000036,31.09583333333333,0.3000000000000009,-1.2999999999999972,0.1,Tiruchirappalli,35.7,0.0
2024-09-07 13:00:00,33.0,44,0.0,997.3,8.7,17.7,282,287,13,7,9,5,251,34.5,0.2,37.6,0.0,36.6,0.0,26.7,0.0,31.2,0.0,35.833333333333336,0.3,34.333333333333336,0.3000000000000036,31.17083333333333,0.3000000000000009,-1.5,-0.2,Tiruchirappalli,33.3,0.0
2024-09-07 14:00:00,31.8,49,0.0,998.0,14.4,26.3,271,269,14,7,9,5,251,33.0,0.0,35.8,0.1,36.8,0.0,27.9,0.0,30.4,0.0,35.0,0.3,34.65833333333334,0.3000000000000036,31.229166666666668,0.3000000000000009,-1.1999999999999993,0.0,Tiruchirappalli,32.6,0.0
2024-09-07 15:00:00,30.7,52,0.0,999.3,13.8,24.8,279,277,15,7,9,5,251,31.8,0.0,34.5,0.2,37.3,0.0,29.8,0.0,30.2,0.0,33.9,0.3,34.733333333333334,0.3000000000000036,31.25,0.3000000000000009,-1.1000000000000014,0.0,Tiruchirappalli,31.2,0.0
2024-09-07 16:00:00,29.8,56,0.0,999.8,16.3,27.1,287,288,16,7,9,5,251,30.7,0.0,33.0,0.0,37.6,0.0,32.7,0.0,29.7,0.0,32.6,0.3,34.49166666666667,0.3000000000000036,31.254166666666663,0.3000000000000009,-0.8999999999999986,0.0,Tiruchirappalli,30.3,0.0
2024-09-07 17:00:00,29.0,59,0.0,999.7,15.8,27.6,282,282,17,7,9,5,251,29.8,0.0,31.8,0.0,35.8,0.1,34.3,0.0,29.0,0.0,31.46666666666667,0.2,34.050000000000004,0.3000000000000036,31.254166666666663,0.3000000000000009,-0.8000000000000007,0.0,Tiruchirappalli,29.6,0.0
2024-09-07 18:00:00,28.5,61,0.0,999.8,14.7,26.1,282,281,18,7,9,5,251,29.0,0.0,30.7,0.0,34.5,0.2,35.7,0.0,28.3,0.0,30.46666666666667,0.0,33.45,0.3000000000000036,31.262500000000003,0.3000000000000009,-0.5,0.0,Tiruchirappalli,28.6,0.0
2024-09-07 19:00:00,28.0,64,0.0,999.5,14.9,25.9,280,278,19,7,9,5,251,28.5,0.0,29.8,0.0,33.0,0.0,36.6,0.0,27.8,0.0,29.633333333333336,0.0,32.733333333333334,0.3000000000000036,31.27083333333333,0.3000000000000009,-0.5,0.0,Tiruchirappalli,28.4,0.0
2024-09-07 20:00:00,27.6,67,0.0,999.1,16.8,29.0,284,285,20,7,9,5,251,28.0,0.0,29.0,0.0,31.8,0.0,36.8,0.0,27.4,0.0,28.933333333333334,0.0,31.966666666666665,0.3000000000000036,31.279166666666665,0.3000000000000009,-0.3999999999999986,0.0,Tiruchirappalli,28.0,0.0
2024-09-07 21:00:00,27.3,67,0.0,998.7,16.4,28.7,285,285,21,7,9,5,251,27.6,0.0,28.5,0.0,30.7,0.0,37.3,0.0,27.0,0.0,28.366666666666664,0.0,31.133333333333336,0.3000000000000036,31.291666666666668,0.3000000000000009,-0.3000000000000007,0.0,Tiruchirappalli,27.4,0.0
2024-09-07 22:00:00,27.2,69,0.0,998.5,16.2,28.4,285,287,22,7,9,5,251,27.3,0.0,28.0,0.0,29.8,0.0,37.6,0.0,26.9,0.0,27.933333333333334,0.0,30.266666666666666,0.3000000000000036,31.304166666666664,0.3000000000000009,-0.1000000000000014,0.0,Tiruchirappalli,26.8,0.0
2024-09-07 23:00:00,27.0,70,0.0,998.7,16.7,29.1,279,277,23,7,9,5,251,27.2,0.0,27.6,0.0,29.0,0.0,35.8,0.1,26.5,0.0,27.6,0.0,29.53333333333333,0.2000000000000035,31.325,0.3000000000000009,-0.1999999999999993,0.0,Tiruchirappalli,26.3,0.0
2024-09-08 00:00:00,26.9,71,0.0,999.0,17.7,30.5,277,276,0,8,9,6,252,27.0,0.0,27.3,0.0,28.5,0.0,34.5,0.2,26.2,0.0,27.33333333333333,0.0,28.9,0.0,31.354166666666668,0.3000000000000009,-0.1000000000000014,0.0,Tiruchirappalli,26.0,0.0
2024-09-08 01:00:00,27.2,68,0.0,999.9,17.3,28.8,273,272,1,8,9,6,252,26.9,0.0,27.2,0.0,28.0,0.0,33.0,0.0,26.7,0.0,27.2,0.0,28.416666666666668,0.0,31.375,0.3000000000000009,0.3000000000000007,0.0,Tiruchirappalli,26.8,0.0
2024-09-08 02:00:00,28.4,64,0.0,1000.3,17.3,26.3,271,270,2,8,9,6,252,27.2,0.0,27.0,0.0,27.6,0.0,31.8,0.0,27.9,0.0,27.33333333333333,0.0,28.13333333333333,0.0,31.39583333333333,0.3000000000000009,1.1999999999999993,0.0,Tiruchirappalli,28.4,0.0
2024-09-08 03:00:00,29.9,59,0.0,1000.9,18.4,25.9,270,271,3,8,9,6,252,28.4,0.0,26.9,0.0,27.3,0.0,30.7,0.0,29.8,0.0,27.766666666666666,0.0,28.066666666666663,0.0,31.4,0.3000000000000009,1.5,0.0,Tiruchirappalli,30.9,0.0
2024-09-08 04:00:00,31.5,54,0.0,1000.8,17.3,24.1,269,270,4,8,9,6,252,29.9,0.0,27.2,0.0,27.2,0.0,29.8,0.0,32.7,0.0,28.48333333333333,0.0,28.20833333333333,0.0,31.350000000000005,0.3000000000000009,1.6000000000000014,0.0,Tiruchirappalli,33.3,0.0
2024-09-08 05:00:00,32.7,50,0.0,1000.1,16.9,23.1,267,268,5,8,9,6,252,31.5,0.0,28.4,0.0,27.0,0.0,29.0,0.0,34.3,0.0,29.433333333333334,0.0,28.516666666666666,0.0,31.28333333333333,0.3000000000000009,1.2000000000000028,0.0,Tiruchirappalli,35.4,0.0
2024-09-08 06:00:00,33.8,45,0.0,999.4,19.1,26.0,266,266,6,8,9,6,252,32.7,0.0,29.9,0.0,26.9,0.0,28.5,0.0,35.7,0.0,30.58333333333333,0.0,28.95833333333333,0.0,31.204166666666666,0.3000000000000009,1.0999999999999943,0.0,Tiruchirappalli,36.8,0.0
2024-09-08 07:00:00,35.2,39,0.0,998.1,20.0,27.2,264,263,7,8,9,6,252,33.8,0.0,31.5,0.0,27.2,0.0,28.0,0.0,36.6,0.0,31.916666666666668,0.0,29.558333333333334,0.0,31.14583333333333,0.3000000000000009,1.4000000000000057,0.0,Tiruchirappalli,37.7,0.0
2024-09-08 08:00:00,36.5,36,0.0,997.0,21.3,29.2,274,275,8,8,9,6,252,35.2,0.0,32.7,0.0,28.4,0.0,27.6,0.0,36.8,0.0,33.266666666666666,0.0,30.3,0.0,31.13333333333333,0.3000000000000009,1.2999999999999972,0.0,Tiruchirappalli,38.5,0.0
2024-09-08 09:00:00,36.7,35,0.0,996.1,25.3,35.0,275,275,9,8,9,6,252,36.5,0.0,33.8,0.0,29.9,0.0,27.3,0.0,37.3,0.0,34.4,0.0,31.08333333333333,0.0,31.10833333333333,0.3000000000000009,0.2000000000000028,0.0,Tiruchirappalli,38.7,0.0
2024-09-08 10:00:00,35.6,38,0.0,995.4,24.2,34.7,274,274,10,8,9,6,252,36.7,0.0,35.2,0.0,31.5,0.0,27.2,0.0,37.6,0.0,35.083333333333336,0.0,31.78333333333333,0.0,31.025,0.3000000000000009,-1.1000000000000014,0.0,Tiruchirappalli,38.1,0.0
2024-09-08 11:00:00,34.5,40,0.0,995.6,24.3,35.2,277,277,11,8,9,6,252,35.6,0.0,36.5,0.0,32.7,0.0,27.0,0.0,35.8,0.1,35.38333333333333,0.0,32.40833333333334,0.0,30.97083333333333,0.2000000000000009,-1.1000000000000014,0.0,Tiruchirappalli,38.3,0.0
2024-09-08 12:00:00,32.7,47,0.0,996.1,24.7,37.4,277,278,12,8,9,6,252,34.5,0.0,36.7,0.0,33.8,0.0,26.9,0.0,34.5,0.2,35.2,0.0,32.891666666666666,0.0,30.89583333333333,0.0,-1.7999999999999972,0.0,Tiruchirappalli,36.3,0.0
2024-09-08 13:00:00,31.8,48,0.0,997.1,20.6,32.9,286,286,13,8,9,6,252,32.7,0.0,35.6,0.0,35.2,0.0,27.2,0.0,33.0,0.0,34.63333333333333,0.0,33.275,0.0,30.84583333333333,0.0,-0.9000000000000021,0.0,Tiruchirappalli,35.0,0.0
2024-09-08 14:00:00,30.3,55,0.0,998.0,21.5,34.6,284,284,14,8,9,6,252,31.8,0.0,34.5,0.0,36.5,0.0,28.4,0.0,31.8,0.0,33.6,0.0,33.43333333333334,0.0,30.78333333333333,0.0,-1.5,0.0,Tiruchirappalli,33.5,0.0
2024-09-08 15:00:00,29.8,58,0.0,998.7,19.0,31.1,281,280,15,8,9,6,252,30.3,0.0,32.7,0.0,36.7,0.0,29.9,0.0,30.7,0.0,32.45,0.0,33.425000000000004,0.0,30.745833333333337,0.0,-0.5,0.0,Tiruchirappalli,32.3,0.0
2024-09-08 16:00:00,29.7,58,0.0,999.0,20.3,33.3,283,283,16,8,9,6,252,29.8,0.0,31.8,0.0,35.6,0.0,31.5,0.0,29.8,0.0,31.46666666666667,0.0,33.275000000000006,0.0,30.741666666666664,0.0,-0.1000000000000014,0.0,Tiruchirappalli,31.4,0.0
2024-09-08 17:00:00,28.9,62,0.0,999.2,18.7,31.0,283,286,17,8,9,6,252,29.7,0.0,30.3,0.0,34.5,0.0,32.7,0.0,29.0,0.0,30.53333333333333,0.0,32.958333333333336,0.0,30.7375,0.0,-0.8000000000000007,0.0,Tiruchirappalli,30.3,0.1
2024-09-08 18:00:00,28.5,64,0.0,999.2,19.7,32.7,278,279,18,8,9,6,252,28.9,0.0,29.8,0.0,32.7,0.0,33.8,0.0,28.5,0.0,29.83333333333333,0.0,32.51666666666667,0.0,30.7375,0.0,-0.3999999999999986,0.0,Tiruchirappalli,29.6,0.0
2024-09-08 19:00:00,28.0,66,0.0,998.5,17.0,28.7,282,283,19,8,9,6,252,28.5,0.0,29.7,0.0,31.8,0.0,35.2,0.0,28.0,0.0,29.2,0.0,31.916666666666668,0.0,30.7375,0.0,-0.5,0.0,Tiruchirappalli,29.2,0.0
2024-09-08 20:00:00,27.7,67,0.0,997.7,15.5,26.7,286,288,20,8,9,6,252,28.0,0.0,28.9,0.0,30.3,0.0,36.5,0.0,27.6,0.0,28.766666666666666,0.0,31.183333333333334,0.0,30.74166666666667,0.0,-0.3000000000000007,0.0,Tiruchirappalli,28.7,0.0
2024-09-08 21:00:00,27.3,69,0.0,997.5,17.6,30.0,280,281,21,8,9,6,252,27.7,0.0,28.5,0.0,29.8,0.0,36.7,0.0,27.3,0.0,28.35,0.0,30.4,0.0,30.741666666666664,0.0,-0.3999999999999986,0.0,Tiruchirappalli,27.9,0.0
2024-09-08 22:00:00,27.1,70,0.0,997.3,17.2,28.9,281,280,22,8,9,6,252,27.3,0.0,28.0,0.0,29.7,0.0,35.6,0.0,27.2,0.0,27.916666666666668,0.0,29.691666666666663,0.0,30.7375,0.0,-0.1999999999999993,0.0,Tiruchirappalli,27.3,0.0
2024-09-08 23:00:00,27.1,70,0.0,997.3,17.1,28.7,277,277,23,8,9,6,252,27.1,0.0,27.7,0.0,28.9,0.0,34.5,0.0,27.0,0.0,27.61666666666667,0.0,29.075,0.0,30.74166666666667,0.0,0.0,0.0,Tiruchirappalli,27.0,0.0
2024-09-09 00:00:00,27.0,70,0.0,997.7,16.2,27.8,274,274,0,9,9,0,253,27.1,0.0,27.3,0.0,28.5,0.0,32.7,0.0,26.9,0.0,27.36666666666667,0.0,28.6,0.0,30.745833333333334,0.0,-0.1000000000000014,0.0,Tiruchirappalli,26.7,0.0
2024-09-09 01:00:00,27.2,70,0.0,998.1,14.4,24.5,273,273,1,9,9,0,253,27.0,0.0,27.1,0.0,28.0,0.0,31.8,0.0,27.2,0.0,27.23333333333333,0.0,28.216666666666665,0.0,30.745833333333337,0.0,0.1999999999999993,0.0,Tiruchirappalli,26.9,0.0
2024-09-09 02:00:00,28.5,64,0.0,998.8,13.7,20.2,269,268,2,9,9,0,253,27.2,0.0,27.1,0.0,27.7,0.0,30.3,0.0,28.4,0.0,27.366666666666664,0.0,28.066666666666663,0.0,30.750000000000004,0.0,1.3000000000000007,0.0,Tiruchirappalli,28.3,0.0
2024-09-09 03:00:00,30.7,56,0.0,999.2,16.2,22.7,266,266,3,9,9,0,253,28.5,0.0,27.0,0.0,27.3,0.0,29.8,0.0,29.9,0.0,27.933333333333337,0.0,28.14166666666667,0.0,30.78333333333333,0.0,2.2,0.0,Tiruchirappalli,30.9,0.0
2024-09-09 04:00:00,32.6,49,0.0,998.9,13.9,18.4,253,253,4,9,9,0,253,30.7,0.0,27.2,0.0,27.1,0.0,29.7,0.0,31.5,0.0,28.85,0.0,28.38333333333333,0.0,30.829166666666666,0.0,1.900000000000002,0.0,Tiruchirappalli,33.3,0.0
2024-09-09 05:00:00,34.3,44,0.0,997.9,12.7,16.7,256,255,5,9,9,0,253,32.6,0.0,28.5,0.0,27.1,0.0,28.9,0.0,32.7,0.0,30.05,0.0,28.83333333333333,0.0,30.89583333333333,0.0,1.6999999999999955,0.0,Tiruchirappalli,35.1,0.0
2024-09-09 06:00:00,36.2,40,0.0,996.9,15.3,20.4,256,255,6,9,9,0,253,34.3,0.0,30.7,0.0,27.0,0.0,28.5,0.0,33.8,0.0,31.58333333333333,0.0,29.475,0.0,30.995833333333334,0.0,1.9000000000000057,0.0,Tiruchirappalli,36.5,0.0
2024-09-09 07:00:00,37.4,37,0.0,995.6,16.8,22.2,262,261,7,9,9,0,253,36.2,0.0,32.6,0.0,27.2,0.0,28.0,0.0,35.2,0.0,33.28333333333333,0.0,30.258333333333336,0.0,31.0875,0.0,1.1999999999999955,0.0,Tiruchirappalli,37.7,0.0
2024-09-09 08:00:00,34.6,45,1.1,995.2,26.4,35.7,266,265,8,9,9,0,253,37.4,0.0,34.3,0.0,28.5,0.0,27.7,0.0,36.5,0.0,34.300000000000004,1.1,30.83333333333333,1.1000000000000036,31.008333333333336,1.100000000000001,-2.799999999999997,1.1,Tiruchirappalli,38.6,0.0
2024-09-09 09:00:00,34.0,48,0.8,994.5,12.9,17.7,243,243,9,9,9,0,253,34.6,1.1,36.2,0.0,30.7,0.0,27.3,0.0,36.7,0.0,34.85,1.9,31.391666666666666,1.900000000000004,30.89583333333333,1.900000000000001,-0.6000000000000014,-0.3,Tiruchirappalli,38.7,0.0
2024-09-09 10:00:00,35.0,41,0.0,993.9,19.6,27.5,259,256,10,9,9,0,253,34.0,0.8,37.4,0.0,32.6,0.0,27.1,0.0,35.6,0.0,35.25,1.9,32.050000000000004,1.900000000000004,30.870833333333334,1.900000000000001,1.0,-0.8,Tiruchirappalli,36.6,0.4
2024-09-09 11:00:00,35.6,39,0.0,993.5,20.4,29.1,258,256,11,9,9,0,253,35.0,0.0,34.6,1.1,34.3,0.0,27.1,0.0,34.5,0.0,35.46666666666667,1.9,32.75833333333333,1.900000000000004,30.916666666666668,1.900000000000001,0.6000000000000014,0.0,Tiruchirappalli,35.5,0.0
2024-09-09 12:00:00,33.5,46,0.2,994.4,21.6,33.1,270,270,12,9,9,0,253,35.6,0.0,34.0,0.8,36.2,0.0,27.0,0.0,32.7,0.0,35.016666666666666,2.1,33.300000000000004,2.100000000000004,30.950000000000003,2.100000000000001,-2.1000000000000014,0.2,Tiruchirappalli,34.7,0.0
2024-09-09 13:00:00,33.1,45,0.0,995.3,17.3,28.4,269,268,13,9,9,0,253,33.5,0.2,35.0,0.0,37.4,0.0,27.2,0.0,31.8,0.0,34.3,2.1,33.791666666666664,2.100000000000004,31.004166666666663,2.100000000000001,-0.3999999999999986,-0.2,Tiruchirappalli,33.0,0.0
2024-09-09 14:00:00,30.8,53,0.0,996.3,21.8,35.0,279,279,14,9,9,0,253,33.1,0.0,35.6,0.0,34.6,1.1,28.5,0.0,30.3,0.0,33.666666666666664,1.0,33.983333333333334,2.100000000000004,31.025,2.100000000000001,-2.3000000000000007,0.0,Tiruchirappalli,31.6,0.3
2024-09-09 15:00:00,29.8,58,0.0,997.0,18.5,30.5,282,283,15,9,9,0,253,30.8,0.0,33.5,0.2,34.0,0.8,30.7,0.0,29.8,0.0,32.96666666666667,0.2,33.90833333333334,2.100000000000004,31.024999999999995,2.100000000000001,-1.0,0.0,Tiruchirappalli,29.1,0.7
2024-09-09 16:00:00,28.9,63,0.0,997.5,17.0,28.1,274,274,16,9,9,0,253,29.8,0.0,33.1,0.0,35.0,0.0,32.6,0.0,29.7,0.0,31.95,0.2,33.6,2.100000000000004,30.99166666666667,2.100000000000001,-0.9000000000000021,0.0,Tiruchirappalli,29.2,0.0
2024-09-09 17:00:00,28.7,63,0.0,997.7,14.8,25.9,272,274,17,9,9,0,253,28.9,0.0,30.8,0.0,35.6,0.0,34.3,0.0,28.9,0.0,30.8,0.2,33.13333333333333,2.100000000000004,30.98333333333333,2.100000000000001,-0.1999999999999993,0.0,Tiruchirappalli,29.2,0.0
2024-09-09 18:00:00,28.4,64,0.0,997.4,14.8,26.1,281,283,18,9,9,0,253,28.7,0.0,29.8,0.0,33.5,0.2,36.2,0.0,28.5,0.0,29.95,0.0,32.483333333333334,2.100000000000004,30.979166666666668,2.100000000000001,-0.3000000000000007,0.0,Tiruchirappalli,28.6,0.0
2024-09-09 19:00:00,27.8,65,0.0,997.1,14.8,26.1,285,288,19,9,9,0,253,28.4,0.0,28.9,0.0,33.1,0.0,37.4,0.0,28.0,0.0,29.066666666666663,0.0,31.683333333333334,2.100000000000004,30.97083333333333,2.100000000000001,-0.5999999999999979,0.0,Tiruchirappalli,28.2,0.0
2024-09-09 20:00:00,27.3,67,0.0,996.6,16.0,27.7,283,284,20,9,9,0,253,27.8,0.0,28.7,0.0,30.8,0.0,34.6,1.1,27.7,0.0,28.48333333333333,0.0,31.075000000000003,1.0000000000000036,30.954166666666666,2.100000000000001,-0.5,0.0,Tiruchirappalli,27.6,0.0
2024-09-09 21:00:00,27.1,68,0.0,996.4,16.5,28.8,279,280,21,9,9,0,253,27.3,0.0,28.4,0.0,29.8,0.0,34.0,0.8,27.3,0.0,28.03333333333333,0.0,30.5,0.2000000000000035,30.945833333333336,2.100000000000001,-0.1999999999999993,0.0,Tiruchirappalli,27.1,0.0
2024-09-09 22:00:00,26.9,69,0.0,996.4,14.4,25.7,275,274,22,9,9,0,253,27.1,0.0,27.8,0.0,28.9,0.0,35.0,0.0,27.1,0.0,27.700000000000003,0.0,29.825000000000003,0.2000000000000035,30.9375,2.100000000000001,-0.2000000000000028,0.0,Tiruchirappalli,26.8,0.0
2024-09-09 23:00:00,26.7,70,0.0,997.0,12.4,22.5,264,262,23,9,9,0,253,26.9,0.0,27.3,0.0,28.7,0.0,35.6,0.0,27.1,0.0,27.366666666666664,0.0,29.08333333333333,0.2000000000000035,30.92083333333333,2.100000000000001,-0.1999999999999993,0.0,Tiruchirappalli,26.4,0.0
2024-09-10 00:00:00,26.6,71,0.0,997.3,11.1,21.0,257,257,0,10,9,1,254,26.7,0.0,27.1,0.0,28.4,0.0,33.5,0.2,27.0,0.0,27.066666666666663,0.0,28.50833333333333,0.0,30.90416666666667,2.100000000000001,-0.0999999999999978,0.0,Tiruchirappalli,26.1,0.0
2024-09-10 01:00:00,27.2,69,0.0,998.2,10.4,18.4,267,268,1,10,9,1,254,26.6,0.0,26.9,0.0,27.8,0.0,33.1,0.0,27.2,0.0,26.96666666666667,0.0,28.01666666666667,0.0,30.904166666666665,2.100000000000001,0.5999999999999979,0.0,Tiruchirappalli,26.7,0.0
2024-09-10 02:00:00,28.8,65,0.0,998.8,14.1,20.2,274,276,2,10,9,1,254,27.2,0.0,26.7,0.0,27.3,0.0,30.8,0.0,28.5,0.0,27.216666666666665,0.0,27.85,0.0,30.916666666666668,2.100000000000001,1.6000000000000014,0.0,Tiruchirappalli,28.1,0.0
2024-09-10 03:00:00,30.6,59,0.0,999.2,16.3,22.0,275,276,3,10,9,1,254,28.8,0.0,26.6,0.0,27.1,0.0,29.8,0.0,30.7,0.0,27.8,0.0,27.916666666666668,0.0,30.9125,2.100000000000001,1.8000000000000007,0.0,Tiruchirappalli,30.6,0.0
2024-09-10 04:00:00,32.9,50,0.0,998.7,20.2,27.2,264,265,4,10,9,1,254,30.6,0.0,27.2,0.0,26.9,0.0,28.9,0.0,32.6,0.0,28.8,0.0,28.25,0.0,30.925,2.100000000000001,2.299999999999997,0.0,Tiruchirappalli,33.1,0.0
2024-09-10 05:00:00,34.9,42,0.0,998.1,20.4,27.7,261,261,5,10,9,1,254,32.9,0.0,28.8,0.0,26.7,0.0,28.7,0.0,34.3,0.0,30.166666666666668,0.0,28.766666666666666,0.0,30.950000000000003,2.100000000000001,2.0,0.0,Tiruchirappalli,35.3,0.0
2024-09-10 06:00:00,36.4,37,0.0,997.3,22.0,30.1,259,259,6,10,9,1,254,34.9,0.0,30.6,0.0,26.6,0.0,28.4,0.0,36.2,0.0,31.8,0.0,29.433333333333334,0.0,30.95833333333333,2.100000000000001,1.5,0.0,Tiruchirappalli,36.9,0.0
2024-09-10 07:00:00,37.8,33,0.0,995.9,24.5,33.5,267,267,7,10,9,1,254,36.4,0.0,32.9,0.0,27.2,0.0,27.8,0.0,37.4,0.0,33.56666666666666,0.0,30.266666666666666,0.0,30.975,2.100000000000001,1.3999999999999986,0.0,Tiruchirappalli,38.2,0.0
2024-09-10 08:00:00,38.1,29,0.0,994.5,9.8,37.4,271,273,8,10,9,1,254,37.8,0.0,34.9,0.0,28.8,0.0,27.3,0.0,34.6,1.1,35.11666666666667,0.0,31.166666666666668,0.0,31.120833333333334,1.0000000000000009,0.3000000000000042,0.0,Tiruchirappalli,39.4,0.0
2024-09-10 09:00:00,38.0,30,0.0,993.4,9.8,38.6,273,274,9,10,9,1,254,38.1,0.0,36.4,0.0,30.6,0.0,27.1,0.0,34.0,0.8,36.35,0.0,32.075,0.0,31.2875,0.2000000000000009,-0.1000000000000014,0.0,Tiruchirappalli,39.6,0.0
2024-09-10 10:00:00,37.7,29,0.0,993.0,26.6,37.4,271,272,10,10,9,1,254,38.0,0.0,37.8,0.0,32.9,0.0,26.9,0.0,35.0,0.0,37.15,0.0,32.975,0.0,31.4,0.2000000000000009,-0.2999999999999971,0.0,Tiruchirappalli,38.6,0.0
2024-09-10 11:00:00,36.8,31,0.0,992.8,9.8,38.5,271,272,11,10,9,1,254,37.7,0.0,38.1,0.0,34.9,0.0,26.7,0.0,35.6,0.0,37.46666666666667,0.0,33.81666666666666,0.0,31.45,0.2000000000000009,-0.9000000000000057,0.0,Tiruchirappalli,38.4,0.0
2024-09-10 12:00:00,35.0,39,0.0,993.8,24.6,36.2,280,282,12,10,9,1,254,36.8,0.0,38.0,0.0,36.4,0.0,26.6,0.0,33.5,0.2,37.23333333333333,0.0,34.51666666666667,0.0,31.5125,0.0,-1.7999999999999972,0.0,Tiruchirappalli,35.0,0.0
2024-09-10 13:00:00,33.5,39,0.0,994.8,19.7,32.6,283,285,13,10,9,1,254,35.0,0.0,37.7,0.0,37.8,0.0,27.2,0.0,33.1,0.0,36.51666666666667,0.0,35.041666666666664,0.0,31.529166666666665,0.0,-1.5,0.0,Tiruchirappalli,34.2,0.0
2024-09-10 14:00:00,31.9,47,0.0,996.1,20.7,34.4,283,283,14,10,9,1,254,33.5,0.0,36.8,0.0,38.1,0.0,28.8,0.0,30.8,0.0,35.48333333333333,0.0,35.300000000000004,0.0,31.575,0.0,-1.6000000000000014,0.0,Tiruchirappalli,33.5,0.0
2024-09-10 15:00:00,30.6,52,0.0,997.1,17.0,29.1,278,275,15,10,9,1,254,31.9,0.0,35.0,0.0,38.0,0.0,30.6,0.0,29.8,0.0,34.25,0.0,35.300000000000004,0.0,31.60833333333333,0.0,-1.2999999999999972,0.0,Tiruchirappalli,32.5,0.0
2024-09-10 16:00:00,29.9,55,0.0,998.1,17.3,29.4,285,287,16,10,9,1,254,30.6,0.0,33.5,0.0,37.7,0.0,32.9,0.0,28.9,0.0,32.95,0.0,35.050000000000004,0.0,31.649999999999995,0.0,-0.7000000000000028,0.0,Tiruchirappalli,30.9,0.0
2024-09-10 17:00:00,29.4,58,0.0,998.7,17.4,29.3,289,292,17,10,9,1,254,29.9,0.0,31.9,0.0,36.8,0.0,34.9,0.0,28.7,0.0,31.716666666666665,0.0,34.59166666666666,0.0,31.679166666666664,0.0,-0.5,0.0,Tiruchirappalli,29.9,0.0
2024-09-10 18:00:00,28.7,62,0.0,998.5,16.5,28.1,286,286,18,10,9,1,254,29.4,0.0,30.6,0.0,35.0,0.0,36.4,0.0,28.4,0.0,30.666666666666668,0.0,33.95,0.0,31.691666666666663,0.0,-0.6999999999999993,0.0,Tiruchirappalli,29.6,0.0
2024-09-10 19:00:00,28.2,65,0.0,998.2,14.6,25.5,286,286,19,10,9,1,254,28.7,0.0,29.9,0.0,33.5,0.0,37.8,0.0,27.8,0.0,29.78333333333333,0.0,33.15,0.0,31.70833333333333,0.0,-0.5,0.0,Tiruchirappalli,28.9,0.0
2024-09-10 20:00:00,27.9,65,0.0,997.7,13.4,24.3,282,278,20,10,9,1,254,28.2,0.0,29.4,0.0,31.9,0.0,38.1,0.0,27.3,0.0,29.116666666666664,0.0,32.300000000000004,0.0,31.73333333333333,0.0,-0.3000000000000007,0.0,Tiruchirappalli,28.2,0.0
2024-09-10 21:00:00,27.6,67,0.0,997.3,12.6,22.4,274,267,21,10,9,1,254,27.9,0.0,28.7,0.0,30.6,0.0,38.0,0.0,27.1,0.0,28.616666666666664,0.0,31.433333333333337,0.0,31.754166666666663,0.0,-0.2999999999999971,0.0,Tiruchirappalli,27.7,0.0
2024-09-10 22:00:00,27.3,68,0.0,997.6,10.6,19.5,267,260,22,10,9,1,254,27.6,0.0,28.2,0.0,29.9,0.0,37.7,0.0,26.9,0.0,28.183333333333334,0.0,30.566666666666663,0.0,31.77083333333333,0.0,-0.3000000000000007,0.0,Tiruchirappalli,27.3,0.0
2024-09-10 23:00:00,27.0,69,0.0,997.9,10.7,19.7,261,256,23,10,9,1,254,27.3,0.0,27.9,0.0,29.4,0.0,36.8,0.0,26.7,0.0,27.78333333333333,0.0,29.75,0.0,31.78333333333333,0.0,-0.3000000000000007,0.0,Tiruchirappalli,26.9,0.0
2024-09-11 00:00:00,26.9,69,0.0,998.2,11.7,21.5,261,259,0,11,9,2,255,27.0,0.0,27.6,0.0,28.7,0.0,35.0,0.0,26.6,0.0,27.48333333333333,0.0,29.075000000000003,0.0,31.79583333333333,0.0,-0.1000000000000014,0.0,Tiruchirappalli,26.6,0.0
2024-09-11 01:00:00,27.1,68,0.0,998.3,15.5,25.6,272,273,1,11,9,2,255,26.9,0.0,27.3,0.0,28.2,0.0,33.5,0.0,27.2,0.0,27.3,0.0,28.54166666666666,0.0,31.791666666666668,0.0,0.2000000000000028,0.0,Tiruchirappalli,26.7,0.0
2024-09-11 02:00:00,28.3,63,0.0,999.3,14.4,20.2,274,274,2,11,9,2,255,27.1,0.0,27.0,0.0,27.9,0.0,31.9,0.0,28.8,0.0,27.366666666666664,0.0,28.241666666666664,0.0,31.77083333333333,0.0,1.1999999999999993,0.0,Tiruchirappalli,28.2,0.0
2024-09-11 03:00:00,30.3,57,0.0,999.8,14.8,20.2,274,274,3,11,9,2,255,28.3,0.0,26.9,0.0,27.6,0.0,30.6,0.0,30.6,0.0,27.816666666666663,0.0,28.216666666666665,0.0,31.758333333333336,0.0,2.0,0.0,Tiruchirappalli,30.6,0.0
2024-09-11 04:00:00,32.5,50,0.0,999.8,15.2,20.2,265,265,4,11,9,2,255,30.3,0.0,27.1,0.0,27.3,0.0,29.9,0.0,32.9,0.0,28.683333333333337,0.0,28.433333333333334,0.0,31.741666666666664,0.0,2.2,0.0,Tiruchirappalli,32.7,0.0
2024-09-11 05:00:00,34.8,43,0.0,999.3,14.9,20.0,262,262,5,11,9,2,255,32.5,0.0,28.3,0.0,27.0,0.0,29.4,0.0,34.9,0.0,29.98333333333333,0.0,28.883333333333336,0.0,31.7375,0.0,2.299999999999997,0.0,Tiruchirappalli,34.9,0.0
2024-09-11 06:00:00,36.8,37,0.0,998.2,14.3,18.7,259,258,6,11,9,2,255,34.8,0.0,30.3,0.0,26.9,0.0,28.7,0.0,36.4,0.0,31.633333333333336,0.0,29.558333333333337,0.0,31.754166666666663,0.0,2.0,0.0,Tiruchirappalli,36.9,0.0
2024-09-11 07:00:00,38.2,34,0.0,996.7,14.2,18.8,263,263,7,11,9,2,255,36.8,0.0,32.5,0.0,27.1,0.0,28.2,0.0,37.8,0.0,33.483333333333334,0.0,30.391666666666666,0.0,31.77083333333333,0.0,1.4000000000000057,0.0,Tiruchirappalli,38.0,0.0
2024-09-11 08:00:00,38.8,32,0.0,995.2,14.1,18.4,266,266,8,11,9,2,255,38.2,0.0,34.8,0.0,28.3,0.0,27.9,0.0,38.1,0.0,35.23333333333333,0.0,31.3,0.0,31.8,0.0,0.5999999999999943,0.0,Tiruchirappalli,39.1,0.0
2024-09-11 09:00:00,33.0,49,0.6,995.5,22.3,33.1,272,273,9,11,9,2,255,38.8,0.0,36.8,0.0,30.3,0.0,27.6,0.0,38.0,0.0,35.68333333333333,0.6,31.75,0.6000000000000035,31.59166666666667,0.6000000000000009,-5.799999999999997,0.6,Tiruchirappalli,39.6,0.0
2024-09-11 10:00:00,36.4,36,0.1,994.8,16.3,21.9,228,221,10,11,9,2,255,33.0,0.6,38.2,0.0,32.5,0.0,27.3,0.0,37.7,0.0,36.33333333333333,0.7,32.50833333333333,0.7000000000000035,31.5375,0.7000000000000008,3.3999999999999986,-0.5,Tiruchirappalli,39.6,0.0
2024-09-11 11:00:00,36.9,35,0.1,994.9,18.4,25.6,244,239,11,11,9,2,255,36.4,0.1,38.8,0.0,34.8,0.0,27.0,0.0,36.8,0.0,36.68333333333333,0.8,33.333333333333336,0.8000000000000036,31.541666666666668,0.8000000000000009,0.5,0.0,Tiruchirappalli,39.1,0.0
2024-09-11 12:00:00,33.1,49,0.2,995.8,10.6,14.5,210,198,12,11,9,2,255,36.9,0.1,33.0,0.6,36.8,0.0,26.9,0.0,35.0,0.0,36.06666666666667,1.0,33.85,1.0000000000000036,31.4625,1.0000000000000009,-3.799999999999997,0.1,Tiruchirappalli,37.5,0.0
2024-09-11 13:00:00,30.3,60,0.0,997.6,6.2,16.9,180,173,13,11,9,2,255,33.1,0.2,36.4,0.1,38.2,0.0,27.1,0.0,33.5,0.0,34.75,1.0,34.11666666666667,1.0000000000000036,31.329166666666666,1.0000000000000009,-2.8000000000000007,-0.2,Tiruchirappalli,34.9,0.0
2024-09-11 14:00:00,29.5,62,0.0,998.3,4.8,11.4,215,207,14,11,9,2,255,30.3,0.0,36.9,0.1,38.8,0.0,28.3,0.0,31.9,0.0,33.2,1.0,34.21666666666667,1.0000000000000036,31.229166666666668,1.0000000000000009,-0.8000000000000007,0.0,Tiruchirappalli,33.6,0.0
2024-09-11 15:00:00,29.1,63,0.0,999.4,4.4,12.2,251,235,15,11,9,2,255,29.5,0.0,33.1,0.2,33.0,0.6,30.3,0.0,30.6,0.0,32.55,0.4,34.11666666666667,1.0000000000000036,31.166666666666668,1.0000000000000009,-0.3999999999999986,0.0,Tiruchirappalli,32.4,0.0
2024-09-11 16:00:00,29.2,60,0.0,1000.2,7.3,17.3,268,261,16,11,9,2,255,29.1,0.0,30.3,0.0,36.4,0.1,32.5,0.0,29.9,0.0,31.350000000000005,0.3,33.84166666666667,1.0000000000000036,31.137500000000003,1.0000000000000009,0.0999999999999978,0.0,Tiruchirappalli,31.2,0.0
2024-09-11 17:00:00,29.3,59,0.0,1000.0,10.1,20.5,269,270,17,11,9,2,255,29.2,0.0,29.5,0.0,36.9,0.1,34.8,0.0,29.4,0.0,30.08333333333333,0.2,33.38333333333333,1.0000000000000036,31.133333333333336,1.0000000000000009,0.1000000000000014,0.0,Tiruchirappalli,30.8,0.0
2024-09-11 18:00:00,28.6,63,0.0,999.5,11.0,21.1,287,289,18,11,9,2,255,29.3,0.0,29.1,0.0,33.1,0.2,36.8,0.0,28.7,0.0,29.33333333333333,0.0,32.7,1.0000000000000036,31.129166666666663,1.0000000000000009,-0.6999999999999993,0.0,Tiruchirappalli,30.4,0.0
2024-09-11 19:00:00,27.9,66,0.0,999.0,11.7,22.2,287,288,19,11,9,2,255,28.6,0.0,29.2,0.0,30.3,0.0,38.2,0.0,28.2,0.0,28.933333333333334,0.0,31.841666666666665,1.0000000000000036,31.116666666666664,1.0000000000000009,-0.7000000000000028,0.0,Tiruchirappalli,29.6,0.0
2024-09-11 20:00:00,27.5,67,0.0,998.5,14.5,25.7,288,289,20,11,9,2,255,27.9,0.0,29.3,0.0,29.5,0.0,38.8,0.0,27.9,0.0,28.6,0.0,30.899999999999995,1.0000000000000036,31.1,1.0000000000000009,-0.3999999999999986,0.0,Tiruchirappalli,28.6,0.0
2024-09-11 21:00:00,27.5,67,0.0,998.2,17.2,30.0,286,286,21,11,9,2,255,27.5,0.0,28.6,0.0,29.1,0.0,33.0,0.6,27.6,0.0,28.33333333333333,0.0,30.441666666666663,0.4000000000000036,31.09583333333333,1.0000000000000009,0.0,0.0,Tiruchirappalli,27.9,0.0
2024-09-11 22:00:00,27.3,68,0.0,998.4,17.8,30.6,279,277,22,11,9,2,255,27.5,0.0,27.9,0.0,29.2,0.0,36.4,0.1,27.3,0.0,28.01666666666667,0.0,29.683333333333334,0.3000000000000036,31.09583333333333,1.0000000000000009,-0.1999999999999993,0.0,Tiruchirappalli,27.3,0.0
2024-09-11 23:00:00,27.1,69,0.0,999.0,16.2,28.1,272,271,23,11,9,2,255,27.3,0.0,27.5,0.0,29.3,0.0,36.9,0.1,27.0,0.0,27.65,0.0,28.86666666666667,0.2000000000000035,31.1,1.0000000000000009,-0.1999999999999993,0.0,Tiruchirappalli,27.0,0.0
2024-09-12 00:00:00,26.9,70,0.0,999.2,14.0,24.5,270,269,0,12,9,3,256,27.1,0.0,27.5,0.0,28.6,0.0,33.1,0.2,26.9,0.0,27.36666666666667,0.0,28.35,0.0,31.1,1.0000000000000009,-0.2000000000000028,0.0,Tiruchirappalli,26.7,0.0
2024-09-12 01:00:00,27.5,67,0.0,1000.3,9.4,17.4,264,266,1,12,9,3,256,26.9,0.0,27.3,0.0,27.9,0.0,30.3,0.0,27.1,0.0,27.3,0.0,28.116666666666664,0.0,31.116666666666664,1.0000000000000009,0.6000000000000014,0.0,Tiruchirappalli,27.1,0.0
2024-09-12 02:00:00,28.7,62,0.0,1001.0,9.8,14.1,276,278,2,12,9,3,256,27.5,0.0,27.1,0.0,27.5,0.0,29.5,0.0,28.3,0.0,27.5,0.0,28.05,0.0,31.133333333333336,1.0000000000000009,1.1999999999999993,0.0,Tiruchirappalli,28.5,0.0
2024-09-12 03:00:00,30.0,58,0.0,1001.4,11.0,14.6,280,281,3,12,9,3,256,28.7,0.0,26.9,0.0,27.5,0.0,29.1,0.0,30.3,0.0,27.916666666666668,0.0,28.125,0.0,31.120833333333334,1.0000000000000009,1.3000000000000007,0.0,Tiruchirappalli,30.9,0.0
2024-09-12 04:00:00,32.2,51,0.0,1001.3,13.5,18.2,278,279,4,12,9,3,256,30.0,0.0,27.5,0.0,27.3,0.0,29.2,0.0,32.5,0.0,28.73333333333333,0.0,28.375,0.0,31.10833333333333,1.0000000000000009,2.200000000000003,0.0,Tiruchirappalli,33.2,0.0
2024-09-12 05:00:00,34.3,43,0.0,1000.6,18.1,24.2,274,276,5,12,9,3,256,32.2,0.0,28.7,0.0,27.1,0.0,29.3,0.0,34.8,0.0,29.933333333333334,0.0,28.791666666666668,0.0,31.0875,1.0000000000000009,2.0999999999999943,0.0,Tiruchirappalli,35.3,0.0
2024-09-12 06:00:00,36.2,38,0.0,999.1,19.4,26.3,270,270,6,12,9,3,256,34.3,0.0,30.0,0.0,26.9,0.0,28.6,0.0,36.8,0.0,31.48333333333333,0.0,29.425,0.0,31.0625,1.0000000000000009,1.9000000000000057,0.0,Tiruchirappalli,37.0,0.0
2024-09-12 07:00:00,37.1,35,0.0,997.8,19.8,26.6,268,269,7,12,9,3,256,36.2,0.0,32.2,0.0,27.5,0.0,27.9,0.0,38.2,0.0,33.083333333333336,0.0,30.191666666666663,0.0,31.016666666666666,1.0000000000000009,0.8999999999999986,0.0,Tiruchirappalli,38.3,0.0
2024-09-12 08:00:00,37.3,34,0.0,996.6,22.0,29.2,274,274,8,12,9,3,256,37.1,0.0,34.3,0.0,28.7,0.0,27.5,0.0,38.8,0.0,34.516666666666666,0.0,31.008333333333336,0.0,30.954166666666666,1.0000000000000009,0.1999999999999957,0.0,Tiruchirappalli,38.9,0.0
2024-09-12 09:00:00,38.0,32,0.0,995.5,19.4,26.5,262,259,9,12,9,3,256,37.3,0.0,36.2,0.0,30.0,0.0,27.5,0.0,33.0,0.6,35.85,0.0,31.883333333333336,0.0,31.1625,0.4000000000000009,0.7000000000000028,0.0,Tiruchirappalli,39.7,0.0
2024-09-12 10:00:00,38.1,33,0.0,995.0,17.6,24.1,272,271,10,12,9,3,256,38.0,0.0,37.1,0.0,32.2,0.0,27.3,0.0,36.4,0.1,36.833333333333336,0.0,32.78333333333333,0.0,31.23333333333333,0.3000000000000009,0.1000000000000014,0.0,Tiruchirappalli,39.1,0.0
2024-09-12 11:00:00,36.0,37,0.2,995.9,23.7,33.1,284,287,11,12,9,3,256,38.1,0.0,37.3,0.0,34.3,0.0,27.1,0.0,36.9,0.1,37.11666666666667,0.2,33.525,0.2000000000000035,31.195833333333336,0.4000000000000009,-2.1000000000000014,0.2,Tiruchirappalli,38.3,0.0
2024-09-12 12:00:00,35.7,37,0.0,996.5,18.0,26.6,272,272,12,12,9,3,256,36.0,0.2,38.0,0.0,36.2,0.0,26.9,0.0,33.1,0.2,37.03333333333334,0.2,34.25833333333333,0.2000000000000035,31.304166666666664,0.2000000000000009,-0.2999999999999971,-0.2,Tiruchirappalli,34.7,0.1
2024-09-12 13:00:00,33.3,43,0.0,997.5,14.5,23.9,254,251,13,12,9,3,256,35.7,0.0,38.1,0.0,37.1,0.0,27.5,0.0,30.3,0.0,36.4,0.2,34.74166666666667,0.2000000000000035,31.42916666666667,0.2000000000000009,-2.4000000000000057,0.0,Tiruchirappalli,34.2,0.0
2024-09-12 14:00:00,32.6,46,0.0,998.5,12.8,22.7,255,248,14,12,9,3,256,33.3,0.0,36.0,0.2,37.3,0.0,28.7,0.0,29.5,0.0,35.61666666666667,0.2,35.06666666666667,0.2000000000000035,31.558333333333334,0.2000000000000009,-0.6999999999999957,0.0,Tiruchirappalli,33.5,0.0
2024-09-12 15:00:00,31.2,51,0.0,999.2,14.6,25.1,263,260,15,12,9,3,256,32.6,0.0,35.7,0.0,38.0,0.0,30.0,0.0,29.1,0.0,34.483333333333334,0.2,35.166666666666664,0.2000000000000035,31.64583333333333,0.2000000000000009,-1.400000000000002,0.0,Tiruchirappalli,32.2,0.0
2024-09-12 16:00:00,30.3,53,0.0,999.6,14.1,24.6,282,285,16,12,9,3,256,31.2,0.0,33.3,0.0,38.1,0.0,32.2,0.0,29.2,0.0,33.18333333333334,0.2,35.00833333333333,0.2000000000000035,31.691666666666663,0.2000000000000009,-0.8999999999999986,0.0,Tiruchirappalli,31.0,0.0
2024-09-12 17:00:00,29.6,57,0.0,999.8,7.0,16.0,284,282,17,12,9,3,256,30.3,0.0,32.6,0.0,36.0,0.2,34.3,0.0,29.3,0.0,32.11666666666667,0.0,34.61666666666667,0.2000000000000035,31.704166666666666,0.2000000000000009,-0.6999999999999993,0.0,Tiruchirappalli,30.2,0.0
2024-09-12 18:00:00,28.6,62,0.0,999.8,4.2,11.6,275,250,18,12,9,3,256,29.6,0.0,31.2,0.0,35.7,0.0,36.2,0.0,28.6,0.0,30.933333333333334,0.0,33.983333333333334,0.2000000000000035,31.704166666666666,0.2000000000000009,-1.0,0.0,Tiruchirappalli,29.3,0.0
2024-09-12 19:00:00,28.4,62,0.0,999.3,5.4,11.7,252,233,19,12,9,3,256,28.6,0.0,30.3,0.0,33.3,0.0,37.1,0.0,27.9,0.0,30.11666666666667,0.0,33.25833333333333,0.2000000000000035,31.725,0.2000000000000009,-0.2000000000000028,0.0,Tiruchirappalli,28.7,0.0
2024-09-12 20:00:00,28.0,63,0.0,998.8,6.9,13.9,253,242,20,12,9,3,256,28.4,0.0,29.6,0.0,32.6,0.0,37.3,0.0,27.5,0.0,29.35,0.0,32.483333333333334,0.2000000000000035,31.745833333333334,0.2000000000000009,-0.3999999999999986,0.0,Tiruchirappalli,28.2,0.0
2024-09-12 21:00:00,27.4,66,0.0,998.6,8.4,16.3,256,250,21,12,9,3,256,28.0,0.0,28.6,0.0,31.2,0.0,38.0,0.0,27.5,0.0,28.71666666666667,0.0,31.6,0.2000000000000035,31.741666666666664,0.2000000000000009,-0.6000000000000014,0.0,Tiruchirappalli,27.7,0.0
2024-09-12 22:00:00,26.8,69,0.0,998.6,8.9,17.4,263,256,22,12,9,3,256,27.4,0.0,28.4,0.0,30.3,0.0,38.1,0.0,27.3,0.0,28.13333333333333,0.0,30.65833333333333,0.2000000000000035,31.72083333333333,0.2000000000000009,-0.5999999999999979,0.0,Tiruchirappalli,27.1,0.0
2024-09-12 23:00:00,26.3,72,0.0,998.7,8.7,17.7,272,265,23,12,9,3,256,26.8,0.0,28.0,0.0,29.6,0.0,36.0,0.2,27.1,0.0,27.58333333333333,0.0,29.85,0.0,31.6875,0.2000000000000009,-0.5,0.0,Tiruchirappalli,26.6,0.0
2024-09-13 00:00:00,26.0,74,0.0,998.9,9.4,18.8,275,268,0,13,9,4,257,26.3,0.0,27.4,0.0,28.6,0.0,35.7,0.0,26.9,0.0,27.15,0.0,29.041666666666668,0.0,31.65,0.2000000000000009,-0.3000000000000007,0.0,Tiruchirappalli,26.3,0.0
2024-09-13 01:00:00,26.8,72,0.0,999.2,11.6,20.3,277,275,1,13,9,4,257,26.0,0.0,26.8,0.0,28.4,0.0,33.3,0.0,27.5,0.0,26.883333333333336,0.0,28.500000000000004,0.0,31.620833333333337,0.2000000000000009,0.8000000000000007,0.0,Tiruchirappalli,26.6,0.0
2024-09-13 02:00:00,28.4,67,0.0,999.9,12.8,18.3,286,286,2,13,9,4,257,26.8,0.0,26.3,0.0,28.0,0.0,32.6,0.0,28.7,0.0,26.95,0.0,28.15,0.0,31.60833333333333,0.2000000000000009,1.599999999999998,0.0,Tiruchirappalli,28.1,0.0
2024-09-13 03:00:00,30.9,56,0.0,1000.5,15.7,21.8,286,286,3,13,9,4,257,28.4,0.0,26.0,0.0,27.4,0.0,31.2,0.0,30.0,0.0,27.53333333333333,0.0,28.125,0.0,31.64583333333333,0.2000000000000009,2.5,0.0,Tiruchirappalli,30.4,0.0
2024-09-13 04:00:00,33.3,46,0.0,1000.3,17.0,23.0,284,283,4,13,9,4,257,30.9,0.0,26.8,0.0,26.8,0.0,30.3,0.0,32.2,0.0,28.616666666666664,0.0,28.375,0.0,31.691666666666663,0.2000000000000009,2.3999999999999986,0.0,Tiruchirappalli,32.7,0.0
2024-09-13 05:00:00,35.4,38,0.0,999.8,16.5,21.9,279,280,5,13,9,4,257,33.3,0.0,28.4,0.0,26.3,0.0,29.6,0.0,34.3,0.0,30.13333333333333,0.0,28.85833333333333,0.0,31.7375,0.2000000000000009,2.1000000000000014,0.0,Tiruchirappalli,34.6,0.0
2024-09-13 06:00:00,36.8,34,0.0,998.9,16.3,21.7,276,278,6,13,9,4,257,35.4,0.0,30.9,0.0,26.0,0.0,28.6,0.0,36.2,0.0,31.933333333333334,0.0,29.541666666666668,0.0,31.7625,0.2000000000000009,1.3999999999999986,0.0,Tiruchirappalli,36.3,0.0
2024-09-13 07:00:00,37.7,32,0.0,997.4,17.3,23.1,273,274,7,13,9,4,257,36.8,0.0,33.3,0.0,26.8,0.0,28.4,0.0,37.1,0.0,33.74999999999999,0.0,30.316666666666663,0.0,31.787500000000005,0.2000000000000009,0.9000000000000057,0.0,Tiruchirappalli,37.5,0.0
2024-09-13 08:00:00,38.5,30,0.0,996.0,18.0,23.8,267,267,8,13,9,4,257,37.7,0.0,35.4,0.0,28.4,0.0,28.0,0.0,37.3,0.0,35.43333333333333,0.0,31.191666666666663,0.0,31.8375,0.2000000000000009,0.7999999999999972,0.0,Tiruchirappalli,37.9,0.0
2024-09-13 09:00:00,38.7,28,0.0,994.7,16.6,22.0,267,266,9,13,9,4,257,38.5,0.0,36.8,0.0,30.9,0.0,27.4,0.0,38.0,0.0,36.73333333333333,0.0,32.13333333333333,0.0,31.866666666666664,0.2000000000000009,0.2000000000000028,0.0,Tiruchirappalli,38.9,0.0
2024-09-13 10:00:00,38.1,29,0.0,994.3,18.3,24.8,287,290,10,13,9,4,257,38.7,0.0,37.7,0.0,33.3,0.0,26.8,0.0,38.1,0.0,37.53333333333334,0.0,33.075,0.0,31.866666666666664,0.2000000000000009,-0.6000000000000014,0.0,Tiruchirappalli,39.0,0.0
2024-09-13 11:00:00,38.3,26,0.0,994.1,18.5,25.7,276,277,11,13,9,4,257,38.1,0.0,38.5,0.0,35.4,0.0,26.3,0.0,36.0,0.2,38.01666666666667,0.0,34.075,0.0,31.962499999999995,0.0,0.1999999999999957,0.0,Tiruchirappalli,38.9,0.0
2024-09-13 12:00:00,36.3,31,0.0,994.7,20.6,30.4,259,258,12,13,9,4,257,38.3,0.0,38.7,0.0,36.8,0.0,26.0,0.0,35.7,0.0,37.93333333333333,0.0,34.93333333333333,0.0,31.9875,0.0,-2.0,0.0,Tiruchirappalli,37.6,0.0
2024-09-13 13:00:00,35.0,35,0.0,996.0,11.7,21.2,260,259,13,13,9,4,257,36.3,0.0,38.1,0.0,37.7,0.0,26.8,0.0,33.3,0.0,37.48333333333333,0.0,35.61666666666667,0.0,32.05833333333333,0.0,-1.2999999999999972,0.0,Tiruchirappalli,33.4,0.0
2024-09-13 14:00:00,33.5,40,0.0,997.2,17.4,29.3,275,277,14,13,9,4,257,35.0,0.0,38.3,0.0,38.5,0.0,28.4,0.0,32.6,0.0,36.65,0.0,36.04166666666666,0.0,32.09583333333334,0.0,-1.5,0.0,Tiruchirappalli,32.1,0.0
2024-09-13 15:00:00,32.3,44,0.0,998.0,9.5,19.6,257,245,15,13,9,4,257,33.5,0.0,36.3,0.0,38.7,0.0,30.9,0.0,31.2,0.0,35.583333333333336,0.0,36.15833333333333,0.0,32.141666666666666,0.0,-1.2000000000000028,0.0,Tiruchirappalli,31.2,0.0
2024-09-13 16:00:00,31.4,46,0.0,999.2,9.3,17.1,224,208,16,13,9,4,257,32.3,0.0,35.0,0.0,38.1,0.0,33.3,0.0,30.3,0.0,34.46666666666666,0.0,36.0,0.0,32.1875,0.0,-0.8999999999999986,0.0,Tiruchirappalli,30.1,0.0
2024-09-13 17:00:00,30.3,52,0.1,999.6,5.1,11.7,223,225,17,13,9,4,257,31.4,0.0,33.5,0.0,38.3,0.0,35.4,0.0,29.6,0.0,33.13333333333333,0.1,35.575,0.1000000000000035,32.21666666666667,0.1000000000000009,-1.099999999999998,0.1,Tiruchirappalli,29.3,0.0
2024-09-13 18:00:00,29.6,57,0.0,999.0,6.8,14.5,247,245,18,13,9,4,257,30.3,0.1,32.3,0.0,36.3,0.0,36.8,0.0,28.6,0.0,32.016666666666666,0.1,34.975,0.1000000000000035,32.25833333333333,0.1000000000000009,-0.6999999999999993,-0.1,Tiruchirappalli,28.7,0.0
2024-09-13 19:00:00,29.2,57,0.0,998.3,8.7,17.5,256,253,19,13,9,4,257,29.6,0.0,31.4,0.0,35.0,0.0,37.7,0.0,28.4,0.0,31.05,0.1,34.26666666666667,0.1000000000000035,32.291666666666664,0.1000000000000009,-0.4000000000000021,0.0,Tiruchirappalli,28.1,0.0
2024-09-13 20:00:00,28.7,57,0.0,998.0,10.1,19.1,268,268,20,13,9,4,257,29.2,0.0,30.3,0.1,33.5,0.0,38.5,0.0,28.0,0.0,30.25,0.1,33.45,0.1000000000000035,32.32083333333333,0.1000000000000009,-0.5,0.0,Tiruchirappalli,27.9,0.0
2024-09-13 21:00:00,27.9,61,0.0,997.5,13.4,22.8,275,275,21,13,9,4,257,28.7,0.0,29.6,0.0,32.3,0.0,38.7,0.0,27.4,0.0,29.516666666666666,0.1,32.55,0.1000000000000035,32.34166666666667,0.1000000000000009,-0.8000000000000007,0.0,Tiruchirappalli,27.3,0.0
2024-09-13 22:00:00,27.3,66,0.0,997.2,14.3,25.3,281,280,22,13,9,4,257,27.9,0.0,29.2,0.0,31.4,0.0,38.1,0.0,26.8,0.0,28.83333333333333,0.1,31.65,0.1000000000000035,32.3625,0.1000000000000009,-0.5999999999999979,0.0,Tiruchirappalli,26.7,0.0
2024-09-13 23:00:00,27.0,70,0.0,997.7,14.1,24.9,284,285,23,13,9,4,257,27.3,0.0,28.7,0.0,30.3,0.1,38.3,0.0,26.3,0.0,28.28333333333333,0.0,30.70833333333333,0.1000000000000035,32.391666666666666,0.1000000000000009,-0.3000000000000007,0.0,Tiruchirappalli,26.3,0.0
2024-09-14 00:00:00,26.7,73,0.0,998.1,14.2,25.5,286,286,0,14,9,5,258,27.0,0.0,27.9,0.0,29.6,0.0,36.3,0.0,26.0,0.0,27.8,0.0,29.90833333333333,0.1000000000000035,32.420833333333334,0.1000000000000009,-0.3000000000000007,0.0,Tiruchirappalli,26.0,0.0
2024-09-14 01:00:00,26.9,72,0.0,998.5,14.1,23.4,284,285,1,14,9,5,258,26.7,0.0,27.3,0.0,29.2,0.0,35.0,0.0,26.8,0.0,27.416666666666668,0.0,29.23333333333333,0.1000000000000035,32.425,0.1000000000000009,0.1999999999999993,0.0,Tiruchirappalli,26.6,0.0
2024-09-14 02:00:00,28.3,67,0.0,999.5,14.6,20.9,285,286,2,14,9,5,258,26.9,0.0,27.0,0.0,28.7,0.0,33.5,0.0,28.4,0.0,27.35,0.0,28.8,0.1000000000000035,32.42083333333333,0.1000000000000009,1.400000000000002,0.0,Tiruchirappalli,28.1,0.0
2024-09-14 03:00:00,30.9,55,0.0,999.9,17.2,23.8,285,286,3,14,9,5,258,28.3,0.0,26.7,0.0,27.9,0.0,32.3,0.0,30.9,0.0,27.85,0.0,28.683333333333334,0.1000000000000035,32.420833333333334,0.1000000000000009,2.599999999999998,0.0,Tiruchirappalli,30.6,0.0
2024-09-14 04:00:00,33.3,46,0.0,999.7,17.6,23.4,281,281,4,14,9,5,258,30.9,0.0,26.9,0.0,27.3,0.0,31.4,0.0,33.3,0.0,28.85,0.0,28.841666666666665,0.1000000000000035,32.420833333333334,0.1000000000000009,2.3999999999999986,0.0,Tiruchirappalli,32.9,0.0
2024-09-14 05:00:00,35.1,40,0.0,999.4,15.8,20.9,281,282,5,14,9,5,258,33.3,0.0,28.3,0.0,27.0,0.0,30.3,0.1,35.4,0.0,30.2,0.0,29.241666666666664,0.0,32.40833333333333,0.1000000000000009,1.8000000000000045,0.0,Tiruchirappalli,35.0,0.0
2024-09-14 06:00:00,36.5,36,0.0,998.3,13.4,17.4,277,278,6,14,9,5,258,35.1,0.0,30.9,0.0,26.7,0.0,29.6,0.0,36.8,0.0,31.83333333333333,0.0,29.816666666666663,0.0,32.395833333333336,0.1000000000000009,1.3999999999999986,0.0,Tiruchirappalli,35.8,0.0
2024-09-14 07:00:00,37.7,33,0.0,996.6,15.3,20.0,277,278,7,14,9,5,258,36.5,0.0,33.3,0.0,26.9,0.0,29.2,0.0,37.7,0.0,33.63333333333333,0.0,30.525,0.0,32.395833333333336,0.1000000000000009,1.2000000000000028,0.0,Tiruchirappalli,37.0,0.0
2024-09-14 08:00:00,38.6,31,0.0,995.2,16.9,22.3,273,272,8,14,9,5,258,37.7,0.0,35.1,0.0,28.3,0.0,28.7,0.0,38.5,0.0,35.35,0.0,31.35,0.0,32.4,0.1000000000000009,0.8999999999999986,0.0,Tiruchirappalli,37.8,0.0
2024-09-14 09:00:00,38.7,31,0.0,994.3,19.8,26.3,268,268,9,14,9,5,258,38.6,0.0,36.5,0.0,30.9,0.0,27.9,0.0,38.7,0.0,36.65,0.0,32.25,0.0,32.4,0.1000000000000009,0.1000000000000014,0.0,Tiruchirappalli,38.5,0.0
2024-09-14 10:00:00,36.6,36,0.4,994.4,16.9,22.9,244,243,10,14,9,5,258,38.7,0.0,37.7,0.0,33.3,0.0,27.3,0.0,38.1,0.0,37.2,0.4,33.025,0.4000000000000036,32.3375,0.5000000000000009,-2.1000000000000014,0.4,Tiruchirappalli,38.4,0.0
2024-09-14 11:00:00,35.5,39,0.0,994.8,20.5,28.4,269,269,11,14,9,5,258,36.6,0.4,38.6,0.0,35.1,0.0,27.0,0.0,38.3,0.0,37.26666666666667,0.4,33.733333333333334,0.4000000000000036,32.22083333333334,0.5000000000000009,-1.1000000000000014,-0.4,Tiruchirappalli,38.5,0.0
2024-09-14 12:00:00,34.7,41,0.0,995.4,20.5,29.6,273,273,12,14,9,5,258,35.5,0.0,38.7,0.0,36.5,0.0,26.7,0.0,36.3,0.0,36.96666666666667,0.4,34.4,0.4000000000000036,32.15416666666666,0.5000000000000009,-0.7999999999999972,0.0,Tiruchirappalli,37.1,0.0
2024-09-14 13:00:00,33.0,45,0.0,996.6,11.1,19.2,293,295,13,14,9,5,258,34.7,0.0,36.6,0.4,37.7,0.0,26.9,0.0,35.0,0.0,36.18333333333334,0.4,34.90833333333334,0.4000000000000036,32.07083333333333,0.5000000000000009,-1.7000000000000028,0.0,Tiruchirappalli,33.8,0.0
2024-09-14 14:00:00,31.6,51,0.3,997.8,8.4,15.0,305,320,14,14,9,5,258,33.0,0.0,35.5,0.0,38.6,0.0,28.3,0.0,33.5,0.0,35.01666666666667,0.7,35.18333333333334,0.7000000000000035,31.991666666666664,0.8000000000000009,-1.3999999999999986,0.3,Tiruchirappalli,33.2,0.0
2024-09-14 15:00:00,29.1,66,0.7,999.1,11.6,20.9,306,324,15,14,9,5,258,31.6,0.3,34.7,0.0,38.7,0.0,30.9,0.0,32.3,0.0,33.416666666666664,1.4,35.03333333333333,1.4000000000000037,31.85833333333333,1.5000000000000009,-2.5,0.3999999999999999,Tiruchirappalli,31.9,0.0
2024-09-14 16:00:00,29.2,62,0.0,999.4,8.4,18.1,276,280,16,14,9,5,258,29.1,0.7,33.0,0.0,36.6,0.4,33.3,0.0,31.4,0.0,32.18333333333333,1.0,34.69166666666667,1.4000000000000037,31.76666666666667,1.5000000000000009,0.0999999999999978,-0.7,Tiruchirappalli,30.6,0.0
2024-09-14 17:00:00,29.2,61,0.0,999.5,8.3,17.7,274,270,17,14,9,5,258,29.2,0.0,31.6,0.3,35.5,0.0,35.1,0.0,30.3,0.1,31.133333333333336,1.0,34.2,1.4000000000000037,31.72083333333333,1.4000000000000008,0.0,0.0,Tiruchirappalli,29.9,0.0
2024-09-14 18:00:00,28.6,63,0.0,999.3,11.3,21.9,279,279,18,14,9,5,258,29.2,0.0,29.1,0.7,34.7,0.0,36.5,0.0,29.6,0.0,30.11666666666667,1.0,33.541666666666664,1.4000000000000037,31.679166666666664,1.4000000000000008,-0.5999999999999979,0.0,Tiruchirappalli,29.3,0.0
2024-09-14 19:00:00,28.2,64,0.0,998.7,12.9,23.7,283,283,19,14,9,5,258,28.6,0.0,29.2,0.0,33.0,0.0,37.7,0.0,29.2,0.0,29.316666666666663,1.0,32.75,1.4000000000000037,31.637500000000003,1.4000000000000008,-0.4000000000000021,0.0,Tiruchirappalli,28.5,0.0
2024-09-14 20:00:00,27.6,66,0.0,998.1,13.2,24.0,283,281,20,14,9,5,258,28.2,0.0,29.2,0.0,31.6,0.3,38.6,0.0,28.7,0.0,28.65,0.7,31.83333333333333,1.4000000000000037,31.591666666666665,1.4000000000000008,-0.5999999999999979,0.0,Tiruchirappalli,28.1,0.0
2024-09-14 21:00:00,27.1,68,0.0,997.6,13.2,24.4,284,281,21,14,9,5,258,27.6,0.0,28.6,0.0,29.1,0.7,38.7,0.0,27.9,0.0,28.316666666666663,0.0,30.86666666666667,1.4000000000000037,31.558333333333334,1.4000000000000008,-0.5,0.0,Tiruchirappalli,27.5,0.0
2024-09-14 22:00:00,26.8,69,0.0,997.3,14.3,25.8,283,282,22,14,9,5,258,27.1,0.0,28.2,0.0,29.2,0.0,36.6,0.4,27.3,0.0,27.916666666666668,0.0,30.05,1.0000000000000036,31.537500000000005,1.4000000000000008,-0.3000000000000007,0.0,Tiruchirappalli,26.9,0.0
2024-09-14 23:00:00,26.4,71,0.0,997.4,15.7,27.6,282,281,23,14,9,5,258,26.8,0.0,27.6,0.0,29.2,0.0,35.5,0.0,27.0,0.0,27.45,0.0,29.291666666666668,1.0000000000000036,31.512500000000003,1.4000000000000008,-0.4000000000000021,0.0,Tiruchirappalli,26.6,0.0
2024-09-15 00:00:00,26.1,73,0.0,997.5,16.2,28.5,283,282,0,15,9,6,259,26.4,0.0,27.1,0.0,28.6,0.0,34.7,0.0,26.7,0.0,27.03333333333333,0.0,28.575,1.0000000000000036,31.4875,1.4000000000000008,-0.2999999999999971,0.0,Tiruchirappalli,26.3,0.0
2024-09-15 01:00:00,26.7,71,0.0,998.6,15.6,26.0,280,278,1,15,9,6,259,26.1,0.0,26.8,0.0,28.2,0.0,33.0,0.0,26.9,0.0,26.78333333333333,0.0,28.05,1.0000000000000036,31.479166666666668,1.4000000000000008,0.5999999999999979,0.0,Tiruchirappalli,26.7,0.0
2024-09-15 02:00:00,28.1,66,0.0,999.4,15.7,22.8,282,281,2,15,9,6,259,26.7,0.0,26.4,0.0,27.6,0.0,31.6,0.3,28.3,0.0,26.866666666666664,0.0,27.75833333333333,0.7000000000000035,31.47083333333333,1.4000000000000008,1.400000000000002,0.0,Tiruchirappalli,28.1,0.0
2024-09-15 03:00:00,30.6,55,0.0,999.9,17.5,24.5,284,284,3,15,9,6,259,28.1,0.0,26.1,0.0,27.1,0.0,29.1,0.7,30.9,0.0,27.45,0.0,27.883333333333336,0.0,31.45833333333333,1.4000000000000008,2.5,0.0,Tiruchirappalli,30.5,0.0
2024-09-15 04:00:00,33.1,45,0.0,999.5,17.5,23.8,285,284,4,15,9,6,259,30.6,0.0,26.7,0.0,26.8,0.0,29.2,0.0,33.3,0.0,28.5,0.0,28.20833333333333,0.0,31.450000000000003,1.4000000000000008,2.5,0.0,Tiruchirappalli,32.8,0.0
2024-09-15 05:00:00,35.3,38,0.0,999.0,16.9,22.2,283,282,5,15,9,6,259,33.1,0.0,28.1,0.0,26.4,0.0,29.2,0.0,35.1,0.0,29.98333333333333,0.0,28.716666666666665,0.0,31.45833333333333,1.4000000000000008,2.199999999999996,0.0,Tiruchirappalli,34.7,0.0
2024-09-15 06:00:00,36.9,34,0.0,998.1,15.3,20.1,279,278,6,15,9,6,259,35.3,0.0,30.6,0.0,26.1,0.0,28.6,0.0,36.5,0.0,31.78333333333333,0.0,29.40833333333333,0.0,31.475,1.4000000000000008,1.6000000000000014,0.0,Tiruchirappalli,36.4,0.0
2024-09-15 07:00:00,38.2,30,0.0,996.5,14.1,18.4,274,273,7,15,9,6,259,36.9,0.0,33.1,0.0,26.7,0.0,28.2,0.0,37.7,0.0,33.7,0.0,30.24166666666667,0.0,31.495833333333337,1.4000000000000008,1.3000000000000045,0.0,Tiruchirappalli,37.6,0.0
2024-09-15 08:00:00,39.4,28,0.0,995.3,14.8,19.5,273,271,8,15,9,6,259,38.2,0.0,35.3,0.0,28.1,0.0,27.6,0.0,38.6,0.0,35.583333333333336,0.0,31.225,0.0,31.52916666666667,1.4000000000000008,1.1999999999999955,0.0,Tiruchirappalli,38.5,0.0
2024-09-15 09:00:00,39.6,27,0.0,994.1,14.0,18.0,271,269,9,15,9,6,259,39.4,0.0,36.9,0.0,30.6,0.0,27.1,0.0,38.7,0.0,37.083333333333336,0.0,32.266666666666666,0.0,31.566666666666663,1.4000000000000008,0.2000000000000028,0.0,Tiruchirappalli,38.2,0.1
2024-09-15 10:00:00,38.6,28,0.0,993.6,11.9,15.8,271,272,10,15,9,6,259,39.6,0.0,38.2,0.0,33.1,0.0,26.8,0.0,36.6,0.4,38.0,0.0,33.25,0.0,31.65,1.0000000000000009,-1.0,0.0,Tiruchirappalli,39.0,0.0
2024-09-15 11:00:00,38.4,27,0.0,993.9,19.1,25.6,259,259,11,15,9,6,259,38.6,0.0,39.4,0.0,35.3,0.0,26.4,0.0,35.5,0.0,38.516666666666666,0.0,34.25,0.0,31.77083333333333,1.0000000000000009,-0.2000000000000028,0.0,Tiruchirappalli,38.6,0.0
2024-09-15 12:00:00,35.0,37,0.0,995.4,15.7,22.7,285,286,12,15,9,6,259,38.4,0.0,39.6,0.0,36.9,0.0,26.1,0.0,34.7,0.0,38.2,0.0,34.99166666666667,0.0,31.78333333333333,1.0000000000000009,-3.3999999999999986,0.0,Tiruchirappalli,37.5,0.0
2024-09-15 13:00:00,34.2,37,0.0,995.8,11.3,20.1,294,301,13,15,9,6,259,35.0,0.0,38.6,0.0,38.2,0.0,26.7,0.0,33.0,0.0,37.53333333333334,0.0,35.61666666666667,0.0,31.83333333333333,1.0000000000000009,-0.7999999999999972,0.0,Tiruchirappalli,34.5,0.0
2024-09-15 14:00:00,33.5,41,0.0,997.2,14.1,25.2,279,285,14,15,9,6,259,34.2,0.0,38.4,0.0,39.4,0.0,28.1,0.0,31.6,0.3,36.55,0.0,36.06666666666667,0.0,31.9125,0.7000000000000008,-0.7000000000000028,0.0,Tiruchirappalli,32.7,0.0
2024-09-15 15:00:00,32.5,47,0.0,998.5,9.1,16.4,303,304,15,15,9,6,259,33.5,0.0,35.0,0.0,39.6,0.0,30.6,0.0,29.1,0.7,35.36666666666667,0.0,36.225,0.0,32.05416666666667,0.0,-1.0,0.0,Tiruchirappalli,31.3,0.0
2024-09-15 16:00:00,30.9,54,0.0,999.7,8.3,12.8,302,304,16,15,9,6,259,32.5,0.0,34.2,0.0,38.6,0.0,33.1,0.0,29.2,0.0,34.083333333333336,0.0,36.04166666666666,0.0,32.125,0.0,-1.6000000000000014,0.0,Tiruchirappalli,29.8,0.0
2024-09-15 17:00:00,29.9,59,0.0,999.7,6.0,10.9,297,303,17,15,9,6,259,30.9,0.0,33.5,0.0,38.4,0.0,35.3,0.0,29.2,0.0,32.666666666666664,0.0,35.59166666666667,0.0,32.15416666666667,0.0,-1.0,0.0,Tiruchirappalli,28.9,0.0
2024-09-15 18:00:00,29.6,60,0.0,999.1,10.2,17.8,278,278,18,15,9,6,259,29.9,0.0,32.5,0.0,35.0,0.0,36.9,0.0,28.6,0.0,31.76666666666667,0.0,34.98333333333333,0.0,32.19583333333333,0.0,-0.2999999999999971,0.0,Tiruchirappalli,28.8,0.0
2024-09-15 19:00:00,28.9,62,0.0,998.4,13.5,22.7,280,279,19,15,9,6,259,29.6,0.0,30.9,0.0,34.2,0.0,38.2,0.0,28.2,0.0,30.88333333333333,0.0,34.208333333333336,0.0,32.225,0.0,-0.7000000000000028,0.0,Tiruchirappalli,28.5,0.0
2024-09-15 20:00:00,28.2,66,0.0,997.9,14.2,24.4,279,279,20,15,9,6,259,28.9,0.0,29.9,0.0,33.5,0.0,39.4,0.0,27.6,0.0,30.0,0.0,33.275,0.0,32.25,0.0,-0.6999999999999993,0.0,Tiruchirappalli,27.7,0.0
2024-09-15 21:00:00,27.7,68,0.0,997.2,15.0,26.0,280,280,21,15,9,6,259,28.2,0.0,29.6,0.0,32.5,0.0,39.6,0.0,27.1,0.0,29.2,0.0,32.28333333333333,0.0,32.275,0.0,-0.5,0.0,Tiruchirappalli,27.1,0.0
2024-09-15 22:00:00,27.3,70,0.0,997.0,15.5,26.7,284,283,22,15,9,6,259,27.7,0.0,28.9,0.0,30.9,0.0,38.6,0.0,26.8,0.0,28.600000000000005,0.0,31.341666666666665,0.0,32.29583333333333,0.0,-0.3999999999999986,0.0,Tiruchirappalli,26.8,0.0
2024-09-15 23:00:00,26.9,73,0.0,997.5,14.6,25.8,282,280,23,15,9,6,259,27.3,0.0,28.2,0.0,29.9,0.0,38.4,0.0,26.4,0.0,28.1,0.0,30.38333333333333,0.0,32.31666666666667,0.0,-0.4000000000000021,0.0,Tiruchirappalli,26.6,0.0
2024-09-16 00:00:00,26.6,75,0.0,998.1,14.5,25.4,277,276,0,16,9,0,260,26.9,0.0,27.7,0.0,29.6,0.0,35.0,0.0,26.1,0.0,27.600000000000005,0.0,29.683333333333334,0.0,32.3375,0.0,-0.2999999999999971,0.0,Tiruchirappalli,26.5,0.0
2024-09-16 01:00:00,26.7,73,0.0,998.8,14.1,22.9,277,276,1,16,9,0,260,26.6,0.0,27.3,0.0,28.9,0.0,34.2,0.0,26.7,0.0,27.23333333333333,0.0,29.058333333333334,0.0,32.3375,0.0,0.0999999999999978,0.0,Tiruchirappalli,27.1,0.0
2024-09-16 02:00:00,28.2,67,0.0,999.6,14.0,20.2,273,271,2,16,9,0,260,26.7,0.0,26.9,0.0,28.2,0.0,33.5,0.0,28.1,0.0,27.23333333333333,0.0,28.616666666666664,0.0,32.34166666666667,0.0,1.5,0.0,Tiruchirappalli,28.0,0.0
2024-09-16 03:00:00,30.6,55,0.0,999.9,17.2,23.4,280,280,3,16,9,0,260,28.2,0.0,26.6,0.0,27.7,0.0,32.5,0.0,30.6,0.0,27.71666666666667,0.0,28.45833333333333,0.0,32.34166666666666,0.0,2.400000000000002,0.0,Tiruchirappalli,30.2,0.0
2024-09-16 04:00:00,32.7,46,0.0,1000.0,16.2,21.7,282,282,4,16,9,0,260,30.6,0.0,26.7,0.0,27.3,0.0,30.9,0.0,33.1,0.0,28.616666666666664,0.0,28.60833333333333,0.0,32.325,0.0,2.1000000000000014,0.0,Tiruchirappalli,31.8,0.0
2024-09-16 05:00:00,34.9,38,0.0,999.3,15.0,19.9,290,291,5,16,9,0,260,32.7,0.0,28.2,0.0,26.9,0.0,29.9,0.0,35.3,0.0,29.950000000000003,0.0,29.025,0.0,32.30833333333333,0.0,2.199999999999996,0.0,Tiruchirappalli,33.0,0.0
2024-09-16 06:00:00,36.9,31,0.0,998.4,17.1,22.9,292,292,6,16,9,0,260,34.9,0.0,30.6,0.0,26.6,0.0,29.6,0.0,36.9,0.0,31.666666666666668,0.0,29.633333333333336,0.0,32.30833333333333,0.0,2.0,0.0,Tiruchirappalli,34.7,0.0
2024-09-16 07:00:00,38.0,28,0.0,996.9,17.7,23.5,293,294,7,16,9,0,260,36.9,0.0,32.7,0.0,26.7,0.0,28.9,0.0,38.2,0.0,33.550000000000004,0.0,30.391666666666666,0.0,32.3,0.0,1.1000000000000014,0.0,Tiruchirappalli,36.6,0.0
2024-09-16 08:00:00,39.1,25,0.0,995.4,16.6,22.0,291,292,8,16,9,0,260,38.0,0.0,34.9,0.0,28.2,0.0,28.2,0.0,39.4,0.0,35.36666666666667,0.0,31.3,0.0,32.2875,0.0,1.1000000000000014,0.0,Tiruchirappalli,37.6,0.0
2024-09-16 09:00:00,39.6,24,0.0,994.5,15.4,20.2,281,281,9,16,9,0,260,39.1,0.0,36.9,0.0,30.6,0.0,27.7,0.0,39.6,0.0,36.86666666666667,0.0,32.291666666666664,0.0,32.2875,0.0,0.5,0.0,Tiruchirappalli,38.1,0.0
2024-09-16 10:00:00,39.6,24,0.0,994.0,14.0,18.4,271,270,10,16,9,0,260,39.6,0.0,38.0,0.0,32.7,0.0,27.3,0.0,38.6,0.0,38.016666666666666,0.0,33.31666666666667,0.0,32.329166666666666,0.0,0.0,0.0,Tiruchirappalli,36.9,0.0
2024-09-16 11:00:00,39.1,25,0.0,994.3,16.3,21.7,263,264,11,16,9,0,260,39.6,0.0,39.1,0.0,34.9,0.0,26.9,0.0,38.4,0.0,38.71666666666667,0.0,34.333333333333336,0.0,32.358333333333334,0.0,-0.5,0.0,Tiruchirappalli,36.3,0.0
2024-09-16 12:00:00,37.5,26,0.0,994.9,16.2,23.0,269,269,12,16,9,0,260,39.1,0.0,39.6,0.0,36.9,0.0,26.6,0.0,35.0,0.0,38.81666666666667,0.0,35.24166666666667,0.0,32.4625,0.0,-1.6000000000000014,0.0,Tiruchirappalli,34.0,0.1
2024-09-16 13:00:00,34.9,32,0.0,995.8,11.6,21.7,251,248,13,16,9,0,260,37.5,0.0,39.6,0.0,38.0,0.0,26.7,0.0,34.2,0.0,38.3,0.0,35.925000000000004,0.0,32.49166666666667,0.0,-2.6000000000000014,0.0,Tiruchirappalli,33.4,0.0
2024-09-16 14:00:00,33.6,35,0.0,996.8,10.7,22.3,256,250,14,16,9,0,260,34.9,0.0,39.1,0.0,39.1,0.0,28.2,0.0,33.5,0.0,37.38333333333333,0.0,36.375,0.0,32.49583333333334,0.0,-1.2999999999999972,0.0,Tiruchirappalli,32.7,0.0
2024-09-16 15:00:00,32.4,41,0.0,998.3,7.4,17.0,257,241,15,16,9,0,260,33.6,0.0,37.5,0.0,39.6,0.0,30.6,0.0,32.5,0.0,36.18333333333333,0.0,36.525,0.0,32.49166666666667,0.0,-1.2000000000000028,0.0,Tiruchirappalli,31.4,0.0
2024-09-16 16:00:00,31.2,45,0.0,999.8,6.3,13.5,209,193,16,16,9,0,260,32.4,0.0,34.9,0.0,39.6,0.0,32.7,0.0,30.9,0.0,34.78333333333334,0.0,36.4,0.0,32.50416666666666,0.0,-1.1999999999999993,0.0,Tiruchirappalli,30.5,0.0
2024-09-16 17:00:00,30.8,48,0.0,1000.0,8.2,16.3,248,255,17,16,9,0,260,31.2,0.0,33.6,0.0,39.1,0.0,34.9,0.0,29.9,0.0,33.4,0.0,36.05833333333333,0.0,32.541666666666664,0.0,-0.3999999999999986,0.0,Tiruchirappalli,29.5,0.0
2024-09-16 18:00:00,30.4,50,0.0,999.4,13.0,22.4,265,273,18,16,9,0,260,30.8,0.0,32.4,0.0,37.5,0.0,36.9,0.0,29.6,0.0,32.21666666666666,0.0,35.516666666666666,0.0,32.575,0.0,-0.4000000000000021,0.0,Tiruchirappalli,28.9,0.0
2024-09-16 19:00:00,29.6,54,0.0,998.9,14.8,25.7,265,264,19,16,9,0,260,30.4,0.0,31.2,0.0,34.9,0.0,38.0,0.0,28.9,0.0,31.33333333333333,0.0,34.81666666666667,0.0,32.604166666666664,0.0,-0.7999999999999972,0.0,Tiruchirappalli,28.3,0.0
2024-09-16 20:00:00,28.6,60,0.0,998.5,14.8,24.8,269,270,20,16,9,0,260,29.6,0.0,30.8,0.0,33.6,0.0,39.1,0.0,28.2,0.0,30.5,0.0,33.94166666666666,0.0,32.62083333333334,0.0,-1.0,0.0,Tiruchirappalli,27.9,0.0
2024-09-16 21:00:00,27.9,65,0.0,998.2,14.9,24.3,277,277,21,16,9,0,260,28.6,0.0,30.4,0.0,32.4,0.0,39.6,0.0,27.7,0.0,29.75,0.0,32.96666666666667,0.0,32.62916666666667,0.0,-0.7000000000000028,0.0,Tiruchirappalli,27.6,0.0
2024-09-16 22:00:00,27.3,68,0.0,998.0,16.2,26.9,282,282,22,16,9,0,260,27.9,0.0,29.6,0.0,31.2,0.0,39.6,0.0,27.3,0.0,29.1,0.0,31.941666666666663,0.0,32.62916666666667,0.0,-0.5999999999999979,0.0,Tiruchirappalli,27.2,0.0
2024-09-16 23:00:00,27.0,70,0.0,998.2,16.7,27.9,284,284,23,16,9,0,260,27.3,0.0,28.6,0.0,30.8,0.0,39.1,0.0,26.9,0.0,28.46666666666667,0.0,30.933333333333337,0.0,32.63333333333333,0.0,-0.3000000000000007,0.0,Tiruchirappalli,27.0,0.0
2024-09-17 00:00:00,26.7,71,0.0,998.5,17.0,28.6,285,283,0,17,9,1,261,27.0,0.0,27.9,0.0,30.4,0.0,37.5,0.0,26.6,0.0,27.85,0.0,30.03333333333333,0.0,32.6375,0.0,-0.3000000000000007,0.0,Tiruchirappalli,26.7,0.0
2024-09-17 01:00:00,27.1,70,0.0,999.0,17.7,28.3,282,282,1,17,9,1,261,26.7,0.0,27.3,0.0,29.6,0.0,34.9,0.0,26.7,0.0,27.433333333333337,0.0,29.383333333333336,0.0,32.65416666666667,0.0,0.4000000000000021,0.0,Tiruchirappalli,26.9,0.0
2024-09-17 02:00:00,28.5,65,0.0,999.3,18.3,26.6,286,285,2,17,9,1,261,27.1,0.0,27.0,0.0,28.6,0.0,33.6,0.0,28.2,0.0,27.416666666666668,0.0,28.95833333333333,0.0,32.666666666666664,0.0,1.3999999999999986,0.0,Tiruchirappalli,27.9,0.0
2024-09-17 03:00:00,30.9,54,0.0,999.8,20.0,27.9,287,288,3,17,9,1,261,28.5,0.0,26.7,0.0,27.9,0.0,32.4,0.0,30.6,0.0,27.916666666666668,0.0,28.83333333333333,0.0,32.67916666666667,0.0,2.3999999999999986,0.0,Tiruchirappalli,30.1,0.0
2024-09-17 04:00:00,33.2,46,0.0,999.5,19.1,26.4,290,290,4,17,9,1,261,30.9,0.0,27.1,0.0,27.3,0.0,31.2,0.0,32.7,0.0,28.9,0.0,29.0,0.0,32.7,0.0,2.3000000000000043,0.0,Tiruchirappalli,32.6,0.0
2024-09-17 05:00:00,35.3,39,0.0,998.9,18.8,25.3,290,290,5,17,9,1,261,33.2,0.0,28.5,0.0,27.0,0.0,30.8,0.0,34.9,0.0,30.28333333333333,0.0,29.375,0.0,32.71666666666667,0.0,2.0999999999999943,0.0,Tiruchirappalli,34.6,0.0
2024-09-17 06:00:00,37.0,34,0.0,998.0,20.0,26.6,293,293,6,17,9,1,261,35.3,0.0,30.9,0.0,26.7,0.0,30.4,0.0,36.9,0.0,32.0,0.0,29.925,0.0,32.72083333333334,0.0,1.7000000000000028,0.0,Tiruchirappalli,36.2,0.0
2024-09-17 07:00:00,38.3,30,0.0,996.4,19.1,25.9,291,290,7,17,9,1,261,37.0,0.0,33.2,0.0,27.1,0.0,29.6,0.0,38.0,0.0,33.86666666666667,0.0,30.65,0.0,32.733333333333334,0.0,1.2999999999999972,0.0,Tiruchirappalli,37.1,0.0
2024-09-17 08:00:00,38.9,29,0.0,995.1,17.8,23.7,284,284,8,17,9,1,261,38.3,0.0,35.3,0.0,28.5,0.0,28.6,0.0,39.1,0.0,35.599999999999994,0.0,31.508333333333336,0.0,32.725,0.0,0.6000000000000014,0.0,Tiruchirappalli,38.0,0.0
2024-09-17 09:00:00,39.7,27,0.0,994.0,17.4,23.0,284,283,9,17,9,1,261,38.9,0.0,37.0,0.0,30.9,0.0,27.9,0.0,39.6,0.0,37.06666666666667,0.0,32.49166666666667,0.0,32.729166666666664,0.0,0.8000000000000043,0.0,Tiruchirappalli,38.5,0.0
2024-09-17 10:00:00,39.1,28,0.0,993.3,15.0,20.2,281,281,10,17,9,1,261,39.7,0.0,38.3,0.0,33.2,0.0,27.3,0.0,39.6,0.0,38.05,0.0,33.475,0.0,32.708333333333336,0.0,-0.6000000000000014,0.0,Tiruchirappalli,38.4,0.0
2024-09-17 11:00:00,38.3,29,0.0,993.1,15.7,21.4,278,281,11,17,9,1,261,39.1,0.0,38.9,0.0,35.3,0.0,27.0,0.0,39.1,0.0,38.55,0.0,34.416666666666664,0.0,32.675,0.0,-0.8000000000000043,0.0,Tiruchirappalli,38.0,0.0
2024-09-17 12:00:00,34.7,41,0.1,994.1,16.6,24.4,326,330,12,17,9,1,261,38.3,0.0,39.7,0.0,37.0,0.0,26.7,0.0,37.5,0.0,38.16666666666666,0.1,35.083333333333336,0.1000000000000035,32.55833333333333,0.1000000000000009,-3.5999999999999943,0.1,Tiruchirappalli,36.9,0.0
2024-09-17 13:00:00,34.2,38,0.0,995.3,8.9,17.9,260,256,13,17,9,1,261,34.7,0.1,39.1,0.0,38.3,0.0,27.1,0.0,34.9,0.0,37.48333333333333,0.1,35.675,0.1000000000000035,32.52916666666666,0.1000000000000009,-0.5,-0.1,Tiruchirappalli,33.7,0.0
2024-09-17 14:00:00,33.5,41,0.0,996.2,14.8,26.0,273,270,14,17,9,1,261,34.2,0.0,38.3,0.0,38.9,0.0,28.5,0.0,33.6,0.0,36.583333333333336,0.1,36.09166666666667,0.1000000000000035,32.525,0.1000000000000009,-0.7000000000000028,0.0,Tiruchirappalli,33.3,0.0
2024-09-17 15:00:00,32.2,47,0.0,997.3,4.1,11.0,251,225,15,17,9,1,261,33.5,0.0,34.7,0.1,39.7,0.0,30.9,0.0,32.4,0.0,35.333333333333336,0.1,36.2,0.1000000000000035,32.516666666666666,0.1000000000000009,-1.2999999999999972,0.0,Tiruchirappalli,32.2,0.0
2024-09-17 16:00:00,31.0,50,0.0,998.4,6.9,12.7,205,186,16,17,9,1,261,32.2,0.0,34.2,0.0,39.1,0.0,33.2,0.0,31.2,0.0,33.983333333333334,0.1,36.016666666666666,0.1000000000000035,32.50833333333333,0.1000000000000009,-1.2000000000000028,0.0,Tiruchirappalli,31.3,0.0
2024-09-17 17:00:00,30.2,52,0.0,998.9,7.9,14.2,240,240,17,17,9,1,261,31.0,0.0,33.5,0.0,38.3,0.0,35.3,0.0,30.8,0.0,32.63333333333333,0.1,35.59166666666667,0.1000000000000035,32.483333333333334,0.1000000000000009,-0.8000000000000007,0.0,Tiruchirappalli,30.6,0.0
2024-09-17 18:00:00,29.3,56,0.0,998.5,5.6,12.5,258,255,18,17,9,1,261,30.2,0.0,32.2,0.0,34.7,0.1,37.0,0.0,30.4,0.0,31.73333333333333,0.0,34.95,0.1000000000000035,32.4375,0.1000000000000009,-0.8999999999999986,0.0,Tiruchirappalli,30.0,0.0
2024-09-17 19:00:00,28.7,58,0.0,997.9,8.3,16.6,272,265,19,17,9,1,261,29.3,0.0,31.0,0.0,34.2,0.0,38.3,0.0,29.6,0.0,30.816666666666663,0.0,34.15,0.1000000000000035,32.4,0.1000000000000009,-0.6000000000000014,0.0,Tiruchirappalli,29.4,0.0
2024-09-17 20:00:00,28.2,62,0.0,997.3,11.5,20.5,271,274,20,17,9,1,261,28.7,0.0,30.2,0.0,33.5,0.0,38.9,0.0,28.6,0.0,29.933333333333334,0.0,33.25833333333333,0.1000000000000035,32.38333333333333,0.1000000000000009,-0.5,0.0,Tiruchirappalli,28.4,0.0
2024-09-17 21:00:00,27.7,64,0.0,996.9,12.7,22.1,276,278,21,17,9,1,261,28.2,0.0,29.3,0.0,32.2,0.0,39.7,0.0,27.9,0.0,29.183333333333334,0.0,32.25833333333333,0.1000000000000035,32.375,0.1000000000000009,-0.5,0.0,Tiruchirappalli,27.9,0.0
2024-09-17 22:00:00,27.1,67,0.0,996.8,13.4,23.7,283,284,22,17,9,1,261,27.7,0.0,28.7,0.0,31.0,0.0,39.1,0.0,27.3,0.0,28.53333333333333,0.0,31.258333333333336,0.1000000000000035,32.36666666666667,0.1000000000000009,-0.5999999999999979,0.0,Tiruchirappalli,27.7,0.0
2024-09-17 23:00:00,26.6,70,0.0,997.0,15.0,26.6,286,287,23,17,9,1,261,27.1,0.0,28.2,0.0,30.2,0.0,38.3,0.0,27.0,0.0,27.933333333333334,0.0,30.28333333333333,0.1000000000000035,32.35,0.1000000000000009,-0.5,0.0,Tiruchirappalli,27.6,0.0
2024-09-18 00:00:00,26.3,72,0.0,997.3,15.9,27.6,287,288,0,18,9,2,262,26.6,0.0,27.7,0.0,29.3,0.0,34.7,0.1,26.7,0.0,27.433333333333337,0.0,29.58333333333333,0.0,32.333333333333336,0.1000000000000009,-0.3000000000000007,0.0,Tiruchirappalli,27.3,0.0
2024-09-18 01:00:00,26.6,71,0.0,997.3,15.7,26.0,287,286,1,18,9,2,262,26.3,0.0,27.1,0.0,28.7,0.0,34.2,0.0,27.1,0.0,27.08333333333333,0.0,28.950000000000003,0.0,32.3125,0.1000000000000009,0.3000000000000007,0.0,Tiruchirappalli,27.9,0.0
2024-09-18 02:00:00,28.1,66,0.0,998.0,15.9,23.1,284,283,2,18,9,2,262,26.6,0.0,26.6,0.0,28.2,0.0,33.5,0.0,28.5,0.0,27.066666666666663,0.0,28.5,0.0,32.29583333333333,0.1000000000000009,1.5,0.0,Tiruchirappalli,28.7,0.0
2024-09-18 03:00:00,30.4,56,0.0,998.6,17.5,24.3,285,284,3,18,9,2,262,28.1,0.0,26.3,0.0,27.7,0.0,32.2,0.0,30.9,0.0,27.51666666666667,0.0,28.350000000000005,0.0,32.275,0.1000000000000009,2.299999999999997,0.0,Tiruchirappalli,30.9,0.0
2024-09-18 04:00:00,32.7,45,0.0,998.4,17.1,23.2,289,288,4,18,9,2,262,30.4,0.0,26.6,0.0,27.1,0.0,31.0,0.0,33.2,0.0,28.45,0.0,28.49166666666667,0.0,32.25416666666667,0.1000000000000009,2.3000000000000043,0.0,Tiruchirappalli,32.6,0.0
2024-09-18 05:00:00,34.6,37,0.0,997.7,17.6,23.1,293,293,5,18,9,2,262,32.7,0.0,28.1,0.0,26.6,0.0,30.2,0.0,35.3,0.0,29.78333333333333,0.0,28.85833333333333,0.0,32.225,0.1000000000000009,1.8999999999999984,0.0,Tiruchirappalli,34.6,0.0
2024-09-18 06:00:00,36.3,32,0.0,997.2,17.0,22.4,289,287,6,18,9,2,262,34.6,0.0,30.4,0.0,26.3,0.0,29.3,0.0,37.0,0.0,31.45,0.0,29.441666666666663,0.0,32.19583333333333,0.1000000000000009,1.6999999999999955,0.0,Tiruchirappalli,35.8,0.0
2024-09-18 07:00:00,37.5,29,0.0,996.0,14.5,19.4,288,289,7,18,9,2,262,36.3,0.0,32.7,0.0,26.6,0.0,28.7,0.0,38.3,0.0,33.266666666666666,0.0,30.175,0.0,32.1625,0.1000000000000009,1.2000000000000028,0.0,Tiruchirappalli,37.2,0.0
2024-09-18 08:00:00,37.9,27,0.0,994.6,11.0,14.5,289,289,8,18,9,2,262,37.5,0.0,34.6,0.0,28.1,0.0,28.2,0.0,38.9,0.0,34.9,0.0,30.98333333333333,0.0,32.12083333333334,0.1000000000000009,0.3999999999999986,0.0,Tiruchirappalli,38.1,0.0
2024-09-18 09:00:00,38.9,24,0.0,993.5,12.1,15.5,295,297,9,18,9,2,262,37.9,0.0,36.3,0.0,30.4,0.0,27.7,0.0,39.7,0.0,36.31666666666666,0.0,31.916666666666668,0.0,32.0875,0.1000000000000009,1.0,0.0,Tiruchirappalli,38.1,0.0
2024-09-18 10:00:00,39.0,23,0.0,992.9,7.3,9.6,290,290,10,18,9,2,262,38.9,0.0,37.5,0.0,32.7,0.0,27.1,0.0,39.1,0.0,37.36666666666667,0.0,32.90833333333333,0.0,32.083333333333336,0.1000000000000009,0.1000000000000014,0.0,Tiruchirappalli,38.1,0.1
2024-09-18 11:00:00,38.9,23,0.0,992.6,8.1,10.2,288,291,11,18,9,2,262,39.0,0.0,37.9,0.0,34.6,0.0,26.6,0.0,38.3,0.0,38.08333333333333,0.0,33.93333333333333,0.0,32.108333333333334,0.1000000000000009,-0.1000000000000014,0.0,Tiruchirappalli,34.9,0.1
2024-09-18 12:00:00,37.6,23,0.0,993.0,8.0,10.7,222,216,12,18,9,2,262,38.9,0.0,38.9,0.0,36.3,0.0,26.3,0.0,34.7,0.1,38.3,0.0,34.875,0.0,32.229166666666664,0.0,-1.2999999999999972,0.0,Tiruchirappalli,32.5,0.3
2024-09-18 13:00:00,33.4,32,0.0,993.8,6.0,8.3,175,147,13,18,9,2,262,37.6,0.0,39.0,0.0,37.5,0.0,26.6,0.0,34.2,0.0,37.61666666666667,0.0,35.44166666666666,0.0,32.19583333333333,0.0,-4.200000000000003,0.0,Tiruchirappalli,33.0,0.0
2024-09-18 14:00:00,32.1,34,0.0,994.8,7.2,14.5,186,180,14,18,9,2,262,33.4,0.0,38.9,0.0,37.9,0.0,28.1,0.0,33.5,0.0,36.65,0.0,35.775,0.0,32.1375,0.0,-1.2999999999999972,0.0,Tiruchirappalli,31.7,0.0
2024-09-18 15:00:00,31.2,50,0.0,996.5,18.7,30.6,178,179,15,18,9,2,262,32.1,0.0,37.6,0.0,38.9,0.0,30.4,0.0,32.2,0.0,35.36666666666667,0.0,35.84166666666666,0.0,32.09583333333333,0.0,-0.9000000000000021,0.0,Tiruchirappalli,30.9,0.0
2024-09-18 16:00:00,30.1,55,0.0,997.3,14.3,25.3,200,205,16,18,9,2,262,31.2,0.0,33.4,0.0,39.0,0.0,32.7,0.0,31.0,0.0,33.88333333333333,0.0,35.625,0.0,32.05833333333333,0.0,-1.099999999999998,0.0,Tiruchirappalli,29.8,0.0
2024-09-18 17:00:00,29.3,59,0.0,997.8,7.9,17.0,216,219,17,18,9,2,262,30.1,0.0,32.1,0.0,38.9,0.0,34.6,0.0,30.2,0.0,32.28333333333334,0.0,35.18333333333333,0.0,32.020833333333336,0.0,-0.8000000000000007,0.0,Tiruchirappalli,29.0,0.0
2024-09-18 18:00:00,28.7,60,0.0,997.9,5.9,14.1,238,223,18,18,9,2,262,29.3,0.0,31.2,0.0,37.6,0.0,36.3,0.0,29.3,0.0,30.8,0.0,34.550000000000004,0.0,31.995833333333334,0.0,-0.6000000000000014,0.0,Tiruchirappalli,28.6,0.0
2024-09-18 19:00:00,28.1,58,0.0,997.5,5.8,15.2,274,274,19,18,9,2,262,28.7,0.0,30.1,0.0,33.4,0.0,37.5,0.0,28.7,0.0,29.916666666666668,0.0,33.766666666666666,0.0,31.97083333333333,0.0,-0.5999999999999979,0.0,Tiruchirappalli,28.1,0.0
2024-09-18 20:00:00,27.9,56,0.0,997.0,10.2,20.1,294,302,20,18,9,2,262,28.1,0.0,29.3,0.0,32.1,0.0,37.9,0.0,28.2,0.0,29.216666666666665,0.0,32.93333333333333,0.0,31.95833333333333,0.0,-0.2000000000000028,0.0,Tiruchirappalli,27.7,0.0
2024-09-18 21:00:00,27.3,57,0.0,996.4,11.9,22.3,284,284,21,18,9,2,262,27.9,0.0,28.7,0.0,31.2,0.0,38.9,0.0,27.7,0.0,28.566666666666663,0.0,31.96666666666667,0.0,31.941666666666663,0.0,-0.5999999999999979,0.0,Tiruchirappalli,27.7,0.0
2024-09-18 22:00:00,26.7,60,0.0,996.2,14.0,25.6,272,269,22,18,9,2,262,27.3,0.0,28.1,0.0,30.1,0.0,39.0,0.0,27.1,0.0,28.0,0.0,30.941666666666663,0.0,31.925,0.0,-0.6000000000000014,0.0,Tiruchirappalli,27.6,0.0
2024-09-18 23:00:00,26.3,66,0.0,996.3,14.8,26.4,275,273,23,18,9,2,262,26.7,0.0,27.9,0.0,29.3,0.0,38.9,0.0,26.6,0.0,27.5,0.0,29.89166666666667,0.0,31.912500000000005,0.0,-0.3999999999999986,0.0,Tiruchirappalli,27.2,0.0
2024-09-19 00:00:00,26.0,71,0.0,996.6,14.9,26.6,286,285,0,19,9,3,263,26.3,0.0,27.3,0.0,28.7,0.0,37.6,0.0,26.3,0.0,27.05,0.0,28.925,0.0,31.9,0.0,-0.3000000000000007,0.0,Tiruchirappalli,27.1,0.0
2024-09-19 01:00:00,26.6,70,0.0,997.8,14.4,23.1,284,283,1,19,9,3,263,26.0,0.0,26.7,0.0,28.1,0.0,33.4,0.0,26.6,0.0,26.8,0.0,28.35833333333333,0.0,31.899999999999995,0.0,0.6000000000000014,0.0,Tiruchirappalli,27.7,0.0
2024-09-19 02:00:00,28.1,64,0.0,998.5,15.0,21.6,281,281,2,19,9,3,263,26.6,0.0,26.3,0.0,27.9,0.0,32.1,0.0,28.1,0.0,26.83333333333333,0.0,28.025,0.0,31.9,0.0,1.5,0.0,Tiruchirappalli,28.7,0.0
2024-09-19 03:00:00,30.6,53,0.0,998.9,15.7,21.4,290,290,3,19,9,3,263,28.1,0.0,26.0,0.0,27.3,0.0,31.2,0.0,30.4,0.0,27.383333333333336,0.0,27.975000000000005,0.0,31.90833333333333,0.0,2.5,0.0,Tiruchirappalli,30.7,0.0
2024-09-19 04:00:00,32.9,44,0.0,998.9,13.8,18.5,291,290,4,19,9,3,263,30.6,0.0,26.6,0.0,26.7,0.0,30.1,0.0,32.7,0.0,28.416666666666668,0.0,28.20833333333333,0.0,31.916666666666668,0.0,2.299999999999997,0.0,Tiruchirappalli,32.7,0.0
2024-09-19 05:00:00,35.0,37,0.0,998.6,12.7,16.4,285,285,5,19,9,3,263,32.9,0.0,28.1,0.0,26.3,0.0,29.3,0.0,34.6,0.0,29.866666666666664,0.0,28.683333333333334,0.0,31.933333333333334,0.0,2.1000000000000014,0.0,Tiruchirappalli,35.0,0.0
2024-09-19 06:00:00,35.8,33,0.0,997.5,11.5,14.8,284,284,6,19,9,3,263,35.0,0.0,30.6,0.0,26.0,0.0,28.7,0.0,36.3,0.0,31.5,0.0,29.275,0.0,31.9125,0.0,0.7999999999999972,0.0,Tiruchirappalli,36.7,0.0
2024-09-19 07:00:00,37.0,30,0.0,996.3,10.1,13.1,286,287,7,19,9,3,263,35.8,0.0,32.9,0.0,26.6,0.0,28.1,0.0,37.5,0.0,33.233333333333334,0.0,30.01666666666667,0.0,31.89166666666667,0.0,1.2000000000000028,0.0,Tiruchirappalli,37.8,0.0
2024-09-19 08:00:00,37.8,27,0.0,994.8,10.5,13.4,294,297,8,19,9,3,263,37.0,0.0,35.0,0.0,28.1,0.0,27.9,0.0,37.9,0.0,34.85,0.0,30.841666666666665,0.0,31.8875,0.0,0.7999999999999972,0.0,Tiruchirappalli,38.1,0.0
2024-09-19 09:00:00,38.5,25,0.0,993.8,9.0,11.6,292,293,9,19,9,3,263,37.8,0.0,35.8,0.0,30.6,0.0,27.3,0.0,38.9,0.0,36.16666666666666,0.0,31.774999999999995,0.0,31.870833333333334,0.0,0.7000000000000028,0.0,Tiruchirappalli,38.9,0.0
2024-09-19 10:00:00,38.4,25,0.0,993.2,6.6,8.5,282,283,10,19,9,3,263,38.5,0.0,37.0,0.0,32.9,0.0,26.7,0.0,39.0,0.0,37.083333333333336,0.0,32.75,0.0,31.84583333333333,0.0,-0.1000000000000014,0.0,Tiruchirappalli,39.1,0.0
2024-09-19 11:00:00,38.5,24,0.0,993.1,7.7,10.2,280,281,11,19,9,3,263,38.4,0.0,37.8,0.0,35.0,0.0,26.3,0.0,38.9,0.0,37.66666666666666,0.0,33.766666666666666,0.0,31.829166666666666,0.0,0.1000000000000014,0.0,Tiruchirappalli,38.2,0.0
2024-09-19 12:00:00,37.1,26,0.0,993.3,9.3,13.2,281,283,12,19,9,3,263,38.5,0.0,38.5,0.0,35.8,0.0,26.0,0.0,37.6,0.0,37.88333333333333,0.0,34.69166666666666,0.0,31.808333333333334,0.0,-1.3999999999999986,0.0,Tiruchirappalli,33.9,0.0
2024-09-19 13:00:00,33.8,33,0.0,994.7,6.1,14.1,267,270,13,19,9,3,263,37.1,0.0,38.4,0.0,37.0,0.0,26.6,0.0,33.4,0.0,37.35,0.0,35.291666666666664,0.0,31.825,0.0,-3.3000000000000043,0.0,Tiruchirappalli,32.3,0.0
2024-09-19 14:00:00,33.2,35,0.0,995.7,6.0,10.9,264,237,14,19,9,3,263,33.8,0.0,38.5,0.0,37.8,0.0,28.1,0.0,32.1,0.0,36.583333333333336,0.0,35.71666666666666,0.0,31.870833333333334,0.0,-0.5999999999999943,0.0,Tiruchirappalli,31.1,0.0
2024-09-19 15:00:00,31.9,42,0.0,997.1,13.8,23.4,157,152,15,19,9,3,263,33.2,0.0,37.1,0.0,38.5,0.0,30.6,0.0,31.2,0.0,35.483333333333334,0.0,35.825,0.0,31.9,0.0,-1.3000000000000045,0.0,Tiruchirappalli,30.3,0.0
2024-09-19 16:00:00,30.6,55,0.0,998.3,10.7,19.0,195,200,16,19,9,3,263,31.9,0.0,33.8,0.0,38.4,0.0,32.9,0.0,30.1,0.0,34.18333333333333,0.0,35.63333333333333,0.0,31.92083333333333,0.0,-1.2999999999999972,0.0,Tiruchirappalli,29.4,0.0
2024-09-19 17:00:00,29.9,52,0.0,998.5,8.6,16.8,239,237,17,19,9,3,263,30.6,0.0,33.2,0.0,38.5,0.0,35.0,0.0,29.3,0.0,32.75,0.0,35.208333333333336,0.0,31.94583333333333,0.0,-0.7000000000000028,0.0,Tiruchirappalli,28.7,0.0
2024-09-19 18:00:00,29.3,51,0.0,998.1,7.7,17.4,248,233,18,19,9,3,263,29.9,0.0,31.9,0.0,37.1,0.0,35.8,0.0,28.7,0.0,31.450000000000003,0.0,34.666666666666664,0.0,31.97083333333333,0.0,-0.5999999999999979,0.0,Tiruchirappalli,28.4,0.0
2024-09-19 19:00:00,28.5,55,0.0,997.6,6.5,16.2,270,270,19,19,9,3,263,29.3,0.0,30.6,0.0,33.8,0.0,37.0,0.0,28.1,0.0,30.566666666666663,0.0,33.958333333333336,0.0,31.9875,0.0,-0.8000000000000007,0.0,Tiruchirappalli,27.8,0.0
2024-09-19 20:00:00,28.1,57,0.0,997.0,10.9,21.3,276,279,20,19,9,3,263,28.5,0.0,29.9,0.0,33.2,0.0,37.8,0.0,27.9,0.0,29.71666666666667,0.0,33.15,0.0,31.995833333333334,0.0,-0.3999999999999986,0.0,Tiruchirappalli,27.4,0.0
2024-09-19 21:00:00,27.5,57,0.0,996.6,13.4,23.6,278,276,21,19,9,3,263,28.1,0.0,29.3,0.0,31.9,0.0,38.5,0.0,27.3,0.0,28.98333333333333,0.0,32.233333333333334,0.0,32.00416666666666,0.0,-0.6000000000000014,0.0,Tiruchirappalli,27.3,0.0
2024-09-19 22:00:00,26.9,60,0.0,996.2,14.9,26.2,279,278,22,19,9,3,263,27.5,0.0,28.5,0.0,30.6,0.0,38.4,0.0,26.7,0.0,28.36666666666667,0.0,31.275,0.0,32.0125,0.0,-0.6000000000000014,0.0,Tiruchirappalli,27.1,0.0
2024-09-19 23:00:00,26.6,62,0.0,996.4,15.7,27.9,281,281,23,19,9,3,263,26.9,0.0,28.1,0.0,29.9,0.0,38.5,0.0,26.3,0.0,27.816666666666663,0.0,30.28333333333333,0.0,32.025,0.0,-0.2999999999999971,0.0,Tiruchirappalli,27.1,0.0
2024-09-20 00:00:00,26.3,64,0.0,996.8,16.0,28.2,284,284,0,20,9,4,264,26.6,0.0,27.5,0.0,29.3,0.0,37.1,0.0,26.0,0.0,27.316666666666663,0.0,29.383333333333336,0.0,32.0375,0.0,-0.3000000000000007,0.0,Tiruchirappalli,26.9,0.0
2024-09-20 01:00:00,26.7,66,0.0,997.6,15.9,25.4,288,288,1,20,9,4,264,26.3,0.0,26.9,0.0,28.5,0.0,33.8,0.0,26.6,0.0,27.016666666666666,0.0,28.791666666666668,0.0,32.041666666666664,0.0,0.3999999999999986,0.0,Tiruchirappalli,27.4,0.0
2024-09-20 02:00:00,28.1,63,0.0,998.2,15.7,22.9,283,281,2,20,9,4,264,26.7,0.0,26.6,0.0,28.1,0.0,33.2,0.0,28.1,0.0,27.016666666666666,0.0,28.36666666666667,0.0,32.041666666666664,0.0,1.400000000000002,0.0,Tiruchirappalli,28.7,0.0
2024-09-20 03:00:00,30.5,52,0.0,998.6,17.1,24.0,279,277,3,20,9,4,264,28.1,0.0,26.3,0.0,27.5,0.0,31.9,0.0,30.6,0.0,27.516666666666666,0.0,28.25,0.0,32.0375,0.0,2.3999999999999986,0.0,Tiruchirappalli,30.6,0.0
2024-09-20 04:00:00,32.8,44,0.0,998.7,17.0,23.1,284,283,4,20,9,4,264,30.5,0.0,26.7,0.0,26.9,0.0,30.6,0.0,32.9,0.0,28.5,0.0,28.433333333333337,0.0,32.03333333333334,0.0,2.299999999999997,0.0,Tiruchirappalli,32.7,0.0
2024-09-20 05:00:00,34.7,38,0.0,998.1,14.8,19.7,285,284,5,20,9,4,264,32.8,0.0,28.1,0.0,26.6,0.0,29.9,0.0,35.0,0.0,29.85,0.0,28.83333333333333,0.0,32.020833333333336,0.0,1.9000000000000057,0.0,Tiruchirappalli,34.5,0.0
2024-09-20 06:00:00,36.4,33,0.0,997.3,12.3,15.9,276,277,6,20,9,4,264,34.7,0.0,30.5,0.0,26.3,0.0,29.3,0.0,35.8,0.0,31.53333333333333,0.0,29.425,0.0,32.04583333333333,0.0,1.6999999999999955,0.0,Tiruchirappalli,36.0,0.0
2024-09-20 07:00:00,37.6,30,0.0,996.1,10.1,13.0,273,274,7,20,9,4,264,36.4,0.0,32.8,0.0,26.7,0.0,28.5,0.0,37.0,0.0,33.35,0.0,30.183333333333334,0.0,32.07083333333333,0.0,1.2000000000000028,0.0,Tiruchirappalli,37.4,0.0
2024-09-20 08:00:00,38.5,27,0.0,994.7,9.0,11.5,268,268,8,20,9,4,264,37.6,0.0,34.7,0.0,28.1,0.0,28.1,0.0,37.8,0.0,35.083333333333336,0.0,31.05,0.0,32.1,0.0,0.8999999999999986,0.0,Tiruchirappalli,38.4,0.0
2024-09-20 09:00:00,38.2,26,0.1,993.8,7.2,9.4,272,276,9,20,9,4,264,38.5,0.0,36.4,0.0,30.5,0.0,27.5,0.0,38.5,0.0,36.36666666666667,0.1,31.941666666666663,0.1000000000000035,32.0875,0.1000000000000009,-0.2999999999999971,0.1,Tiruchirappalli,39.0,0.0
2024-09-20 10:00:00,39.0,24,0.0,993.1,8.8,11.3,277,279,10,20,9,4,264,38.2,0.1,37.6,0.0,32.8,0.0,26.9,0.0,38.4,0.0,37.4,0.1,32.95,0.1000000000000035,32.112500000000004,0.1000000000000009,0.7999999999999972,-0.1,Tiruchirappalli,38.7,0.0
2024-09-20 11:00:00,38.6,24,0.0,992.9,8.8,11.4,259,258,11,20,9,4,264,39.0,0.0,38.5,0.0,34.7,0.0,26.6,0.0,38.5,0.0,38.05,0.1,33.95,0.1000000000000035,32.11666666666667,0.1000000000000009,-0.3999999999999986,0.0,Tiruchirappalli,37.9,0.0
2024-09-20 12:00:00,37.5,24,0.0,993.0,9.5,13.6,259,259,12,20,9,4,264,38.6,0.0,38.2,0.1,36.4,0.0,26.3,0.0,37.1,0.0,38.23333333333333,0.1,34.88333333333333,0.1000000000000035,32.13333333333333,0.1000000000000009,-1.1000000000000014,0.0,Tiruchirappalli,36.3,0.0
2024-09-20 13:00:00,34.5,29,0.0,994.8,13.0,23.5,265,265,13,20,9,4,264,37.5,0.0,39.0,0.0,37.6,0.0,26.7,0.0,33.8,0.0,37.71666666666667,0.1,35.53333333333334,0.1000000000000035,32.1625,0.1000000000000009,-3.0,0.0,Tiruchirappalli,34.4,0.0
2024-09-20 14:00:00,32.7,35,0.0,995.9,5.3,15.1,258,242,14,20,9,4,264,34.5,0.0,38.6,0.0,38.5,0.0,28.1,0.0,33.2,0.0,36.75,0.1,35.916666666666664,0.1000000000000035,32.141666666666666,0.1000000000000009,-1.7999999999999972,0.0,Tiruchirappalli,33.3,0.0
2024-09-20 15:00:00,31.3,44,0.0,997.4,10.6,17.2,160,152,15,20,9,4,264,32.7,0.0,37.5,0.0,38.2,0.1,30.5,0.0,31.9,0.0,35.6,0.0,35.983333333333334,0.1000000000000035,32.11666666666667,0.1000000000000009,-1.400000000000002,0.0,Tiruchirappalli,31.8,0.0
2024-09-20 16:00:00,29.8,59,0.0,998.2,7.6,13.0,186,180,16,20,9,4,264,31.3,0.0,34.5,0.0,39.0,0.0,32.8,0.0,30.6,0.0,34.06666666666667,0.0,35.73333333333333,0.1000000000000035,32.083333333333336,0.1000000000000009,-1.5,0.0,Tiruchirappalli,31.1,0.0
2024-09-20 17:00:00,28.9,63,0.0,998.7,3.8,7.7,233,229,17,20,9,4,264,29.8,0.0,32.7,0.0,38.6,0.0,34.7,0.0,29.9,0.0,32.45,0.0,35.25,0.1000000000000035,32.041666666666664,0.1000000000000009,-0.9000000000000021,0.0,Tiruchirappalli,30.1,0.0
2024-09-20 18:00:00,28.8,57,0.0,998.4,6.2,14.1,266,263,18,20,9,4,264,28.9,0.0,31.3,0.0,37.5,0.0,36.4,0.0,29.3,0.0,31.0,0.0,34.61666666666667,0.1000000000000035,32.020833333333336,0.1000000000000009,-0.0999999999999978,0.0,Tiruchirappalli,29.5,0.0
2024-09-20 19:00:00,28.5,56,0.0,997.9,11.7,20.7,263,261,19,20,9,4,264,28.8,0.0,29.8,0.0,34.5,0.0,37.6,0.0,28.5,0.0,30.0,0.0,33.858333333333334,0.1000000000000035,32.020833333333336,0.1000000000000009,-0.3000000000000007,0.0,Tiruchirappalli,28.8,0.0
2024-09-20 20:00:00,27.7,61,0.0,997.5,12.2,21.2,270,270,20,20,9,4,264,28.5,0.0,28.9,0.0,32.7,0.0,38.5,0.0,28.1,0.0,29.166666666666668,0.0,32.958333333333336,0.1000000000000035,32.00416666666667,0.1000000000000009,-0.8000000000000007,0.0,Tiruchirappalli,28.2,0.0
2024-09-20 21:00:00,27.1,65,0.0,997.0,14.5,24.8,283,284,21,20,9,4,264,27.7,0.0,28.8,0.0,31.3,0.0,38.2,0.1,27.5,0.0,28.46666666666667,0.0,32.03333333333333,0.0,31.9875,0.1000000000000009,-0.5999999999999979,0.0,Tiruchirappalli,28.0,0.0
2024-09-20 22:00:00,26.8,67,0.0,996.6,16.8,27.8,280,280,22,20,9,4,264,27.1,0.0,28.5,0.0,29.8,0.0,39.0,0.0,26.9,0.0,27.966666666666665,0.0,31.016666666666666,0.0,31.98333333333333,0.1000000000000009,-0.3000000000000007,0.0,Tiruchirappalli,27.7,0.0
2024-09-20 23:00:00,26.6,69,0.0,996.7,16.8,28.1,280,279,23,20,9,4,264,26.8,0.0,27.7,0.0,28.9,0.0,38.6,0.0,26.6,0.0,27.58333333333333,0.0,30.016666666666666,0.0,31.98333333333333,0.1000000000000009,-0.1999999999999993,0.0,Tiruchirappalli,27.3,0.0
2024-09-21 00:00:00,26.5,69,0.0,996.9,16.5,28.0,283,281,0,21,9,5,265,26.6,0.0,27.1,0.0,28.8,0.0,37.5,0.0,26.3,0.0,27.2,0.0,29.1,0.0,31.991666666666664,0.1000000000000009,-0.1000000000000014,0.0,Tiruchirappalli,27.0,0.0
2024-09-21 01:00:00,27.1,67,0.0,997.4,16.2,25.7,288,287,1,21,9,5,265,26.5,0.0,26.8,0.0,28.5,0.0,34.5,0.0,26.7,0.0,26.96666666666667,0.0,28.48333333333333,0.0,32.00833333333333,0.1000000000000009,0.6000000000000014,0.0,Tiruchirappalli,27.1,0.0
2024-09-21 02:00:00,28.0,65,0.0,998.3,17.8,25.7,288,288,2,21,9,5,265,27.1,0.0,26.6,0.0,27.7,0.0,32.7,0.0,28.1,0.0,27.01666666666667,0.0,28.09166666666667,0.0,32.00416666666667,0.1000000000000009,0.8999999999999986,0.0,Tiruchirappalli,28.3,0.0
2024-09-21 03:00:00,30.2,57,0.0,999.0,18.2,25.8,289,288,3,21,9,5,265,28.0,0.0,26.5,0.0,27.1,0.0,31.3,0.0,30.5,0.0,27.53333333333333,0.0,28.0,0.0,31.99166666666667,0.1000000000000009,2.2,0.0,Tiruchirappalli,30.5,0.0
2024-09-21 04:00:00,31.8,50,0.0,999.0,19.0,26.3,289,289,4,21,9,5,265,30.2,0.0,27.1,0.0,26.8,0.0,29.8,0.0,32.8,0.0,28.36666666666667,0.0,28.16666666666667,0.0,31.95,0.1000000000000009,1.6000000000000014,0.0,Tiruchirappalli,32.7,0.0
2024-09-21 05:00:00,33.0,45,0.0,998.6,16.9,22.9,289,290,5,21,9,5,265,31.8,0.0,28.0,0.0,26.6,0.0,28.9,0.0,34.7,0.0,29.433333333333337,0.0,28.508333333333336,0.0,31.879166666666663,0.1000000000000009,1.1999999999999993,0.0,Tiruchirappalli,34.7,0.0
2024-09-21 06:00:00,34.7,40,0.0,997.7,15.4,20.7,290,291,6,21,9,5,265,33.0,0.0,30.2,0.0,26.5,0.0,28.8,0.0,36.4,0.0,30.8,0.0,29.0,0.0,31.808333333333337,0.1000000000000009,1.7000000000000028,0.0,Tiruchirappalli,36.1,0.0
2024-09-21 07:00:00,36.6,33,0.0,996.5,14.3,19.0,295,295,7,21,9,5,265,34.7,0.0,31.8,0.0,27.1,0.0,28.5,0.0,37.6,0.0,32.38333333333333,0.0,29.675,0.0,31.76666666666667,0.1000000000000009,1.8999999999999984,0.0,Tiruchirappalli,37.2,0.0
2024-09-21 08:00:00,37.6,30,0.0,995.3,14.0,18.3,292,293,8,21,9,5,265,36.6,0.0,33.0,0.0,28.0,0.0,27.7,0.0,38.5,0.0,33.98333333333333,0.0,30.5,0.0,31.729166666666668,0.1000000000000009,1.0,0.0,Tiruchirappalli,38.1,0.0
2024-09-21 09:00:00,38.1,29,0.0,994.2,12.1,16.2,283,282,9,21,9,5,265,37.6,0.0,34.7,0.0,30.2,0.0,27.1,0.0,38.2,0.1,35.300000000000004,0.0,31.416666666666668,0.0,31.725,0.0,0.5,0.0,Tiruchirappalli,38.2,0.0
2024-09-21 10:00:00,36.9,31,0.0,993.9,10.5,14.2,277,278,10,21,9,5,265,38.1,0.0,36.6,0.0,31.8,0.0,26.8,0.0,39.0,0.0,36.15,0.0,32.25833333333333,0.0,31.6375,0.0,-1.2000000000000028,0.0,Tiruchirappalli,37.8,0.0
2024-09-21 11:00:00,36.3,32,0.0,993.8,13.8,18.2,278,277,11,21,9,5,265,36.9,0.0,37.6,0.0,33.0,0.0,26.6,0.0,38.6,0.0,36.7,0.0,33.06666666666667,0.0,31.541666666666668,0.0,-0.6000000000000014,0.0,Tiruchirappalli,37.2,0.0
2024-09-21 12:00:00,34.0,39,0.1,994.2,11.6,17.1,263,263,12,21,9,5,265,36.3,0.0,38.1,0.0,34.7,0.0,26.5,0.0,37.5,0.0,36.583333333333336,0.1,33.69166666666667,0.1000000000000035,31.39583333333333,0.1000000000000009,-2.299999999999997,0.1,Tiruchirappalli,36.4,0.0
2024-09-21 13:00:00,33.4,39,0.0,995.1,8.9,18.0,254,249,13,21,9,5,265,34.0,0.1,36.9,0.0,36.6,0.0,27.1,0.0,34.5,0.0,36.05,0.1,34.21666666666666,0.1000000000000035,31.35,0.1000000000000009,-0.6000000000000014,-0.1,Tiruchirappalli,34.3,0.0
2024-09-21 14:00:00,32.7,41,0.0,996.4,17.4,28.7,258,257,14,21,9,5,265,33.4,0.0,36.3,0.0,37.6,0.0,28.0,0.0,32.7,0.0,35.23333333333333,0.1,34.60833333333333,0.1000000000000035,31.350000000000005,0.1000000000000009,-0.6999999999999957,0.0,Tiruchirappalli,33.5,0.0
2024-09-21 15:00:00,31.4,46,0.0,997.6,16.9,27.7,279,282,15,21,9,5,265,32.7,0.0,34.0,0.1,38.1,0.0,30.2,0.0,31.3,0.0,34.11666666666667,0.1,34.708333333333336,0.1000000000000035,31.354166666666668,0.1000000000000009,-1.3000000000000045,0.0,Tiruchirappalli,31.6,0.0
2024-09-21 16:00:00,30.5,49,0.0,998.7,11.8,20.6,289,293,16,21,9,5,265,31.4,0.0,33.4,0.0,36.9,0.0,31.8,0.0,29.8,0.0,33.050000000000004,0.1,34.6,0.1000000000000035,31.383333333333336,0.1000000000000009,-0.8999999999999986,0.0,Tiruchirappalli,30.9,0.0
2024-09-21 17:00:00,29.5,53,0.0,998.9,6.4,13.6,292,297,17,21,9,5,265,30.5,0.0,32.7,0.0,36.3,0.0,33.0,0.0,28.9,0.0,31.916666666666668,0.1,34.30833333333334,0.1000000000000035,31.40833333333333,0.1000000000000009,-1.0,0.0,Tiruchirappalli,29.9,0.0
2024-09-21 18:00:00,28.9,54,0.0,998.6,4.8,11.4,257,243,18,21,9,5,265,29.5,0.0,31.4,0.0,34.0,0.1,34.7,0.0,28.8,0.0,31.066666666666663,0.0,33.825,0.1000000000000035,31.4125,0.1000000000000009,-0.6000000000000014,0.0,Tiruchirappalli,29.5,0.0
2024-09-21 19:00:00,28.3,56,0.0,998.0,7.4,14.5,263,256,19,21,9,5,265,28.9,0.0,30.5,0.0,33.4,0.0,36.6,0.0,28.5,0.0,30.216666666666665,0.0,33.13333333333333,0.1000000000000035,31.404166666666665,0.1000000000000009,-0.5999999999999979,0.0,Tiruchirappalli,28.7,0.0
2024-09-21 20:00:00,27.9,59,0.0,997.3,9.7,17.4,276,274,20,21,9,5,265,28.3,0.0,29.5,0.0,32.7,0.0,37.6,0.0,27.7,0.0,29.416666666666668,0.0,32.325,0.1000000000000035,31.412500000000005,0.1000000000000009,-0.4000000000000021,0.0,Tiruchirappalli,28.3,0.0
2024-09-21 21:00:00,27.6,60,0.0,996.5,13.6,23.6,282,281,21,21,9,5,265,27.9,0.0,28.9,0.0,31.4,0.0,38.1,0.0,27.1,0.0,28.78333333333333,0.0,31.45,0.1000000000000035,31.433333333333334,0.1000000000000009,-0.2999999999999971,0.0,Tiruchirappalli,28.4,0.0
2024-09-21 22:00:00,27.2,61,0.0,996.4,15.3,26.8,285,285,22,21,9,5,265,27.6,0.0,28.3,0.0,30.5,0.0,36.9,0.0,26.8,0.0,28.23333333333333,0.0,30.641666666666666,0.1000000000000035,31.45,0.1000000000000009,-0.4000000000000021,0.0,Tiruchirappalli,28.3,0.0
2024-09-21 23:00:00,27.0,64,0.0,996.3,15.8,27.2,288,287,23,21,9,5,265,27.2,0.0,27.9,0.0,29.5,0.0,36.3,0.0,26.6,0.0,27.816666666666663,0.0,29.866666666666664,0.1000000000000035,31.46666666666667,0.1000000000000009,-0.1999999999999993,0.0,Tiruchirappalli,27.8,0.0
2024-09-22 00:00:00,26.7,66,0.0,996.9,16.2,27.9,284,283,0,22,9,6,266,27.0,0.0,27.6,0.0,28.9,0.0,34.0,0.1,26.5,0.0,27.45,0.0,29.25833333333333,0.0,31.475000000000005,0.1000000000000009,-0.3000000000000007,0.0,Tiruchirappalli,27.5,0.0
2024-09-22 01:00:00,26.9,66,0.0,996.8,14.7,23.9,282,281,1,22,9,6,266,26.7,0.0,27.2,0.0,28.3,0.0,33.4,0.0,27.1,0.0,27.21666666666667,0.0,28.71666666666667,0.0,31.46666666666667,0.1000000000000009,0.1999999999999993,0.0,Tiruchirappalli,27.6,0.0
2024-09-22 02:00:00,27.9,62,0.0,997.8,13.9,19.9,290,291,2,22,9,6,266,26.9,0.0,27.0,0.0,27.9,0.0,32.7,0.0,28.0,0.0,27.21666666666667,0.0,28.316666666666663,0.0,31.4625,0.1000000000000009,1.0,0.0,Tiruchirappalli,28.9,0.0
2024-09-22 03:00:00,30.1,53,0.0,998.2,16.8,23.1,285,285,3,22,9,6,266,27.9,0.0,26.7,0.0,27.6,0.0,31.4,0.0,30.2,0.0,27.633333333333336,0.0,28.20833333333333,0.0,31.45833333333333,0.1000000000000009,2.200000000000003,0.0,Tiruchirappalli,31.2,0.0
2024-09-22 04:00:00,32.6,44,0.0,998.3,17.1,23.1,284,285,4,22,9,6,266,30.1,0.0,26.9,0.0,27.2,0.0,30.5,0.0,31.8,0.0,28.53333333333333,0.0,28.38333333333333,0.0,31.491666666666664,0.1000000000000009,2.5,0.0,Tiruchirappalli,33.3,0.0
2024-09-22 05:00:00,34.6,36,0.0,997.7,16.4,21.7,285,285,5,22,9,6,266,32.6,0.0,27.9,0.0,27.0,0.0,29.5,0.0,33.0,0.0,29.8,0.0,28.808333333333334,0.0,31.558333333333334,0.1000000000000009,2.0,0.0,Tiruchirappalli,35.0,0.0
2024-09-22 06:00:00,36.2,32,0.0,996.9,15.6,20.9,285,285,6,22,9,6,266,34.6,0.0,30.1,0.0,26.7,0.0,28.9,0.0,34.7,0.0,31.383333333333336,0.0,29.416666666666668,0.0,31.620833333333334,0.1000000000000009,1.6000000000000014,0.0,Tiruchirappalli,36.5,0.0
2024-09-22 07:00:00,37.1,29,0.0,995.6,14.8,19.6,284,284,7,22,9,6,266,36.2,0.0,32.6,0.0,26.9,0.0,28.3,0.0,36.6,0.0,33.083333333333336,0.0,30.15,0.0,31.641666666666666,0.1000000000000009,0.8999999999999986,0.0,Tiruchirappalli,37.5,0.0
2024-09-22 08:00:00,38.0,27,0.0,994.3,14.6,18.7,289,290,8,22,9,6,266,37.1,0.0,34.6,0.0,27.9,0.0,27.9,0.0,37.6,0.0,34.766666666666666,0.0,30.99166666666667,0.0,31.65833333333333,0.1000000000000009,0.8999999999999986,0.0,Tiruchirappalli,37.2,0.0
2024-09-22 09:00:00,38.5,26,0.0,993.2,12.7,16.8,293,295,9,22,9,6,266,38.0,0.0,36.2,0.0,30.1,0.0,27.6,0.0,38.1,0.0,36.16666666666666,0.0,31.9,0.0,31.675,0.1000000000000009,0.5,0.0,Tiruchirappalli,37.2,0.0
2024-09-22 10:00:00,38.4,26,0.0,992.6,11.6,15.0,294,296,10,22,9,6,266,38.5,0.0,37.1,0.0,32.6,0.0,27.2,0.0,36.9,0.0,37.13333333333333,0.0,32.833333333333336,0.0,31.7375,0.1000000000000009,-0.1000000000000014,0.0,Tiruchirappalli,32.8,1.0
2024-09-22 11:00:00,38.0,27,0.0,992.3,12.1,16.0,278,280,11,22,9,6,266,38.4,0.0,38.0,0.0,34.6,0.0,27.0,0.0,36.3,0.0,37.7,0.0,33.75,0.0,31.808333333333334,0.1000000000000009,-0.3999999999999986,0.0,Tiruchirappalli,32.9,0.0
2024-09-22 12:00:00,36.9,29,0.0,992.4,13.0,18.3,248,246,12,22,9,6,266,38.0,0.0,38.5,0.0,36.2,0.0,26.7,0.0,34.0,0.1,37.81666666666666,0.0,34.6,0.0,31.929166666666664,0.0,-1.1000000000000014,0.0,Tiruchirappalli,31.9,0.0
2024-09-22 13:00:00,33.7,37,0.0,994.3,6.4,11.7,252,254,13,22,9,6,266,36.9,0.0,38.4,0.0,37.1,0.0,26.9,0.0,33.4,0.0,37.25,0.0,35.166666666666664,0.0,31.941666666666663,0.0,-3.199999999999996,0.0,Tiruchirappalli,30.1,0.0
2024-09-22 14:00:00,33.3,36,0.0,995.2,12.4,22.1,263,260,14,22,9,6,266,33.7,0.0,38.0,0.0,38.0,0.0,27.9,0.0,32.7,0.0,36.46666666666667,0.0,35.61666666666667,0.0,31.966666666666665,0.0,-0.4000000000000057,0.0,Tiruchirappalli,29.2,0.0
2024-09-22 15:00:00,32.2,40,0.0,996.1,10.2,19.2,264,252,15,22,9,6,266,33.3,0.0,36.9,0.0,38.5,0.0,30.1,0.0,31.4,0.0,35.416666666666664,0.0,35.791666666666664,0.0,32.0,0.0,-1.0999999999999943,0.0,Tiruchirappalli,27.9,0.1
2024-09-22 16:00:00,31.3,44,0.0,997.3,5.6,12.4,240,220,16,22,9,6,266,32.2,0.0,33.7,0.0,38.4,0.0,32.6,0.0,30.5,0.0,34.233333333333334,0.0,35.68333333333334,0.0,32.03333333333333,0.0,-0.9000000000000021,0.0,Tiruchirappalli,27.3,0.2
2024-09-22 17:00:00,30.6,49,0.0,997.5,6.6,13.2,241,229,17,22,9,6,266,31.3,0.0,33.3,0.0,38.0,0.0,34.6,0.0,29.5,0.0,33.0,0.0,35.35,0.0,32.079166666666666,0.0,-0.6999999999999993,0.0,Tiruchirappalli,26.9,0.0
2024-09-22 18:00:00,30.0,55,0.0,997.4,10.9,18.4,264,262,18,22,9,6,266,30.6,0.0,32.2,0.0,36.9,0.0,36.2,0.0,28.9,0.0,31.850000000000005,0.0,34.833333333333336,0.0,32.125,0.0,-0.6000000000000014,0.0,Tiruchirappalli,26.9,0.0
2024-09-22 19:00:00,29.4,58,0.0,996.6,12.6,20.2,269,268,19,22,9,6,266,30.0,0.0,31.3,0.0,33.7,0.0,37.1,0.0,28.3,0.0,31.133333333333336,0.0,34.19166666666667,0.0,32.170833333333334,0.0,-0.6000000000000014,0.0,Tiruchirappalli,26.8,0.0
2024-09-22 20:00:00,28.4,63,0.0,995.7,15.3,24.6,281,279,20,22,9,6,266,29.4,0.0,30.6,0.0,33.3,0.0,38.0,0.0,27.9,0.0,30.316666666666663,0.0,33.391666666666666,0.0,32.19166666666666,0.0,-1.0,0.0,Tiruchirappalli,26.6,0.0
2024-09-22 21:00:00,27.9,66,0.0,995.3,16.0,26.0,284,284,21,22,9,6,266,28.4,0.0,30.0,0.0,32.2,0.0,38.5,0.0,27.6,0.0,29.6,0.0,32.50833333333333,0.0,32.20416666666667,0.0,-0.5,0.0,Tiruchirappalli,26.1,0.0
2024-09-22 22:00:00,27.7,68,0.0,995.2,16.4,27.9,281,279,22,22,9,6,266,27.9,0.0,29.4,0.0,31.3,0.0,38.4,0.0,27.2,0.0,29.0,0.0,31.616666666666664,0.0,32.225,0.0,-0.1999999999999993,0.0,Tiruchirappalli,25.8,0.0
2024-09-22 23:00:00,27.6,69,0.0,995.4,17.8,29.1,279,278,23,22,9,6,266,27.7,0.0,28.4,0.0,30.6,0.0,38.0,0.0,27.0,0.0,28.5,0.0,30.75,0.0,32.25,0.0,-0.0999999999999978,0.0,Tiruchirappalli,25.5,0.0
2024-09-23 00:00:00,27.3,71,0.0,995.9,15.7,26.5,285,286,0,23,9,0,267,27.6,0.0,27.9,0.0,30.0,0.0,36.9,0.0,26.7,0.0,28.05,0.0,29.950000000000003,0.0,32.275,0.0,-0.3000000000000007,0.0,Tiruchirappalli,25.3,0.0
2024-09-23 01:00:00,27.9,69,0.0,996.6,13.1,20.5,292,291,1,23,9,0,267,27.3,0.0,27.7,0.0,29.4,0.0,33.7,0.0,26.9,0.0,27.8,0.0,29.466666666666665,0.0,32.31666666666667,0.0,0.5999999999999979,0.0,Tiruchirappalli,26.5,0.0
2024-09-23 02:00:00,28.7,65,0.0,997.3,15.2,22.3,284,284,2,23,9,0,267,27.9,0.0,27.6,0.0,28.4,0.0,33.3,0.0,27.9,0.0,27.850000000000005,0.0,29.08333333333333,0.0,32.35,0.0,0.8000000000000007,0.0,Tiruchirappalli,27.7,0.0
2024-09-23 03:00:00,30.9,56,0.0,997.6,18.6,25.9,279,279,3,23,9,0,267,28.7,0.0,27.3,0.0,27.9,0.0,32.2,0.0,30.1,0.0,28.35,0.0,28.975,0.0,32.38333333333333,0.0,2.2,0.0,Tiruchirappalli,29.5,0.0
2024-09-23 04:00:00,32.6,50,0.0,997.6,17.7,23.9,282,282,4,23,9,0,267,30.9,0.0,27.9,0.0,27.7,0.0,31.3,0.0,32.6,0.0,29.166666666666668,0.0,29.08333333333333,0.0,32.38333333333333,0.0,1.7000000000000028,0.0,Tiruchirappalli,31.1,0.0
2024-09-23 05:00:00,34.6,43,0.0,997.2,16.1,21.3,286,286,5,23,9,0,267,32.6,0.0,28.7,0.0,27.6,0.0,30.6,0.0,34.6,0.0,30.33333333333333,0.0,29.416666666666668,0.0,32.38333333333333,0.0,2.0,0.0,Tiruchirappalli,32.8,0.0
2024-09-23 06:00:00,35.8,39,0.0,996.5,13.3,17.4,283,283,6,23,9,0,267,34.6,0.0,30.9,0.0,27.3,0.0,30.0,0.0,36.2,0.0,31.75,0.0,29.9,0.0,32.36666666666667,0.0,1.1999999999999955,0.0,Tiruchirappalli,34.2,0.0
2024-09-23 07:00:00,37.2,36,0.0,995.1,12.5,16.5,280,282,7,23,9,0,267,35.8,0.0,32.6,0.0,27.9,0.0,29.4,0.0,37.1,0.0,33.300000000000004,0.0,30.55,0.0,32.37083333333333,0.0,1.4000000000000057,0.0,Tiruchirappalli,35.0,0.0
2024-09-23 08:00:00,38.1,34,0.0,993.7,11.7,15.3,279,281,8,23,9,0,267,37.2,0.0,34.6,0.0,28.7,0.0,28.4,0.0,38.0,0.0,34.86666666666667,0.0,31.35833333333333,0.0,32.375,0.0,0.8999999999999986,0.0,Tiruchirappalli,36.0,0.0
2024-09-23 09:00:00,38.1,33,0.0,992.6,10.6,13.9,260,260,9,23,9,0,267,38.1,0.0,35.8,0.0,30.9,0.0,27.9,0.0,38.5,0.0,36.06666666666667,0.0,32.208333333333336,0.0,32.358333333333334,0.0,0.0,0.0,Tiruchirappalli,36.1,0.0
2024-09-23 10:00:00,38.1,33,0.1,991.7,15.3,20.0,252,251,10,23,9,0,267,38.1,0.0,37.2,0.0,32.6,0.0,27.7,0.0,38.4,0.0,36.98333333333334,0.1,33.075,0.1000000000000035,32.34583333333333,0.1000000000000009,0.0,0.1,Tiruchirappalli,33.1,0.5
2024-09-23 11:00:00,34.9,42,0.1,992.7,14.4,20.2,274,274,11,23,9,0,267,38.1,0.1,38.1,0.0,34.6,0.0,27.6,0.0,38.0,0.0,37.03333333333333,0.2,33.68333333333333,0.2000000000000035,32.21666666666667,0.2000000000000009,-3.200000000000003,0.0,Tiruchirappalli,33.3,0.3
2024-09-23 12:00:00,32.5,50,0.3,993.8,9.7,13.7,225,222,12,23,9,0,267,34.9,0.1,38.1,0.0,35.8,0.0,27.3,0.0,36.9,0.0,36.48333333333333,0.5,34.11666666666667,0.5000000000000036,32.03333333333334,0.5000000000000009,-2.3999999999999986,0.1999999999999999,Tiruchirappalli,32.3,0.1
2024-09-23 13:00:00,33.0,43,0.0,994.4,9.7,16.6,292,297,13,23,9,0,267,32.5,0.3,38.1,0.1,37.2,0.0,27.9,0.0,33.7,0.0,35.78333333333333,0.5,34.541666666666664,0.5000000000000036,32.00416666666667,0.5000000000000009,0.5,-0.3,Tiruchirappalli,27.9,0.4
2024-09-23 14:00:00,31.7,50,0.0,995.7,11.2,20.1,303,320,14,23,9,0,267,33.0,0.0,34.9,0.1,38.1,0.0,28.7,0.0,33.3,0.0,34.71666666666667,0.5,34.791666666666664,0.5000000000000036,31.9375,0.5000000000000009,-1.3000000000000007,0.0,Tiruchirappalli,28.0,0.3
2024-09-23 15:00:00,30.9,53,0.0,996.8,16.5,27.3,282,286,15,23,9,0,267,31.7,0.0,32.5,0.3,38.1,0.0,30.9,0.0,32.2,0.0,33.516666666666666,0.5,34.791666666666664,0.5000000000000036,31.88333333333333,0.5000000000000009,-0.8000000000000007,0.0,Tiruchirappalli,25.1,12.2
2024-09-23 16:00:00,29.8,58,0.0,997.2,17.0,27.2,277,275,16,23,9,0,267,30.9,0.0,33.0,0.0,38.1,0.1,32.6,0.0,31.3,0.0,32.13333333333333,0.4,34.55833333333333,0.5000000000000036,31.820833333333336,0.5000000000000009,-1.099999999999998,0.0,Tiruchirappalli,25.4,1.5
2024-09-23 17:00:00,29.0,62,0.0,997.5,17.1,27.8,280,278,17,23,9,0,267,29.8,0.0,31.7,0.0,34.9,0.1,34.6,0.0,30.6,0.0,31.15,0.3,34.09166666666667,0.5000000000000036,31.754166666666663,0.5000000000000009,-0.8000000000000007,0.0,Tiruchirappalli,25.2,0.1
2024-09-23 18:00:00,28.6,64,0.0,997.3,19.7,31.7,278,278,18,23,9,0,267,29.0,0.0,30.9,0.0,32.5,0.3,35.8,0.0,30.0,0.0,30.5,0.0,33.49166666666667,0.5000000000000036,31.695833333333336,0.5000000000000009,-0.3999999999999986,0.0,Tiruchirappalli,24.9,0.0
2024-09-23 19:00:00,28.1,66,0.0,996.5,19.7,32.1,279,278,19,23,9,0,267,28.6,0.0,29.8,0.0,33.0,0.0,37.2,0.0,29.4,0.0,29.683333333333337,0.0,32.733333333333334,0.5000000000000036,31.641666666666666,0.5000000000000009,-0.5,0.0,Tiruchirappalli,24.7,0.0
2024-09-23 20:00:00,27.7,69,0.0,995.9,20.3,33.5,282,283,20,23,9,0,267,28.1,0.0,29.0,0.0,31.7,0.0,38.1,0.0,28.4,0.0,29.016666666666666,0.0,31.866666666666664,0.5000000000000036,31.6125,0.5000000000000009,-0.4000000000000021,0.0,Tiruchirappalli,24.4,0.0
2024-09-23 21:00:00,27.7,68,0.0,995.6,20.5,34.1,284,285,21,23,9,0,267,27.7,0.0,28.6,0.0,30.9,0.0,38.1,0.0,27.9,0.0,28.48333333333333,0.0,31.0,0.5000000000000036,31.604166666666668,0.5000000000000009,0.0,0.0,Tiruchirappalli,24.4,0.0
2024-09-23 22:00:00,27.6,68,0.0,995.2,20.3,33.6,283,283,22,23,9,0,267,27.7,0.0,28.1,0.0,29.8,0.0,38.1,0.1,27.7,0.0,28.116666666666664,0.0,30.125,0.4000000000000036,31.6,0.5000000000000009,-0.0999999999999978,0.0,Tiruchirappalli,24.3,0.0
2024-09-23 23:00:00,27.2,69,0.0,995.5,20.5,33.7,280,280,23,23,9,0,267,27.6,0.0,27.7,0.0,29.0,0.0,34.9,0.1,27.6,0.0,27.816666666666663,0.0,29.48333333333333,0.3000000000000035,31.58333333333333,0.5000000000000009,-0.4000000000000021,0.0,Tiruchirappalli,24.2,0.0
2024-09-24 00:00:00,27.1,70,0.0,996.0,19.8,33.1,282,282,0,24,9,1,268,27.2,0.0,27.7,0.0,28.6,0.0,32.5,0.3,27.3,0.0,27.566666666666663,0.0,29.03333333333333,0.0,31.575000000000003,0.5000000000000009,-0.0999999999999978,0.0,Tiruchirappalli,24.4,0.0
2024-09-24 01:00:00,27.7,65,0.0,996.1,22.3,35.9,280,279,1,24,9,1,268,27.1,0.0,27.6,0.0,28.1,0.0,33.0,0.0,27.9,0.0,27.5,0.0,28.59166666666667,0.0,31.566666666666663,0.5000000000000009,0.5999999999999979,0.0,Tiruchirappalli,25.3,0.1
2024-09-24 02:00:00,28.7,61,0.0,996.9,20.2,30.4,275,274,2,24,9,1,268,27.7,0.0,27.2,0.0,27.7,0.0,31.7,0.0,28.7,0.0,27.666666666666668,0.0,28.341666666666665,0.0,31.566666666666663,0.5000000000000009,1.0,0.0,Tiruchirappalli,26.0,0.0
2024-09-24 03:00:00,30.7,52,0.0,997.1,22.7,32.5,274,274,3,24,9,1,268,28.7,0.0,27.1,0.0,27.7,0.0,30.9,0.0,30.9,0.0,28.166666666666668,0.0,28.325,0.0,31.558333333333337,0.5000000000000009,2.0,0.0,Tiruchirappalli,27.2,0.0
2024-09-24 04:00:00,32.7,47,0.0,997.0,21.9,29.9,279,279,4,24,9,1,268,30.7,0.0,27.7,0.0,27.6,0.0,29.8,0.0,32.6,0.0,29.016666666666666,0.0,28.566666666666663,0.0,31.5625,0.5000000000000009,2.000000000000004,0.0,Tiruchirappalli,29.1,0.0
2024-09-24 05:00:00,35.0,39,0.0,996.3,20.8,28.5,279,280,5,24,9,1,268,32.7,0.0,28.7,0.0,27.2,0.0,29.0,0.0,34.6,0.0,30.316666666666663,0.0,29.066666666666663,0.0,31.579166666666666,0.5000000000000009,2.299999999999997,0.0,Tiruchirappalli,30.8,0.0
2024-09-24 06:00:00,36.7,34,0.0,995.4,21.1,28.7,277,278,6,24,9,1,268,35.0,0.0,30.7,0.0,27.1,0.0,28.6,0.0,35.8,0.0,31.916666666666668,0.0,29.74166666666667,0.0,31.61666666666667,0.5000000000000009,1.7000000000000028,0.0,Tiruchirappalli,31.8,0.1
2024-09-24 07:00:00,37.8,30,0.0,994.3,22.0,29.6,273,274,7,24,9,1,268,36.7,0.0,32.7,0.0,27.7,0.0,28.1,0.0,37.2,0.0,33.6,0.0,30.55,0.0,31.641666666666666,0.5000000000000009,1.0999999999999943,0.0,Tiruchirappalli,32.9,0.0
2024-09-24 08:00:00,38.1,28,0.0,992.8,22.3,30.1,281,284,8,24,9,1,268,37.8,0.0,35.0,0.0,28.7,0.0,27.7,0.0,38.1,0.0,35.166666666666664,0.0,31.416666666666668,0.0,31.641666666666666,0.5000000000000009,0.3000000000000042,0.0,Tiruchirappalli,33.8,0.0
2024-09-24 09:00:00,38.9,26,0.0,991.5,23.2,31.8,274,276,9,24,9,1,268,38.1,0.0,36.7,0.0,30.7,0.0,27.7,0.0,38.1,0.0,36.53333333333334,0.0,32.35,0.0,31.675,0.5000000000000009,0.7999999999999972,0.0,Tiruchirappalli,34.0,0.0
2024-09-24 10:00:00,39.1,26,0.0,990.8,20.1,27.7,257,255,10,24,9,1,268,38.9,0.0,37.8,0.0,32.7,0.0,27.6,0.0,38.1,0.1,37.6,0.0,33.30833333333333,0.0,31.71666666666667,0.4000000000000009,0.2000000000000028,0.0,Tiruchirappalli,32.6,0.1
2024-09-24 11:00:00,38.2,27,0.0,991.2,16.1,22.4,251,250,11,24,9,1,268,39.1,0.0,38.1,0.0,35.0,0.0,27.2,0.0,34.9,0.1,38.13333333333333,0.0,34.225,0.0,31.854166666666668,0.3000000000000009,-0.8999999999999986,0.0,Tiruchirappalli,31.8,0.0
2024-09-24 12:00:00,33.9,45,0.0,992.6,15.6,22.6,194,195,12,24,9,1,268,38.2,0.0,38.9,0.0,36.7,0.0,27.1,0.0,32.5,0.3,37.66666666666666,0.0,34.791666666666664,0.0,31.9125,0.0,-4.300000000000004,0.0,Tiruchirappalli,31.1,0.0
2024-09-24 13:00:00,32.3,41,0.0,993.8,11.6,21.3,268,265,13,24,9,1,268,33.9,0.0,39.1,0.0,37.8,0.0,27.7,0.0,33.0,0.0,36.75,0.0,35.175000000000004,0.0,31.88333333333333,0.0,-1.6000000000000014,0.0,Tiruchirappalli,30.9,0.0
2024-09-24 14:00:00,31.1,45,0.0,994.7,11.9,22.6,279,273,14,24,9,1,268,32.3,0.0,38.2,0.0,38.1,0.0,28.7,0.0,31.7,0.0,35.583333333333336,0.0,35.375,0.0,31.85833333333333,0.0,-1.1999999999999955,0.0,Tiruchirappalli,29.9,0.0
2024-09-24 15:00:00,30.3,47,0.0,995.8,13.3,23.8,273,273,15,24,9,1,268,31.1,0.0,33.9,0.0,38.9,0.0,30.7,0.0,30.9,0.0,34.15,0.0,35.34166666666667,0.0,31.83333333333333,0.0,-0.8000000000000007,0.0,Tiruchirappalli,28.8,0.0
2024-09-24 16:00:00,29.4,52,0.0,996.6,15.2,26.3,283,284,16,24,9,1,268,30.3,0.0,32.3,0.0,39.1,0.0,32.7,0.0,29.8,0.0,32.53333333333333,0.0,35.06666666666666,0.0,31.816666666666663,0.0,-0.9000000000000021,0.0,Tiruchirappalli,28.0,0.0
2024-09-24 17:00:00,28.7,56,0.0,996.9,14.7,26.5,282,281,17,24,9,1,268,29.4,0.0,31.1,0.0,38.2,0.0,35.0,0.0,29.0,0.0,30.950000000000003,0.0,34.541666666666664,0.0,31.804166666666664,0.0,-0.6999999999999993,0.0,Tiruchirappalli,27.3,0.0
2024-09-24 18:00:00,28.4,57,0.0,996.8,14.7,26.1,281,281,18,24,9,1,268,28.7,0.0,30.3,0.0,33.9,0.0,36.7,0.0,28.6,0.0,30.03333333333333,0.0,33.85,0.0,31.79583333333333,0.0,-0.3000000000000007,0.0,Tiruchirappalli,26.4,0.0
2024-09-24 19:00:00,27.8,60,0.0,996.1,15.5,26.6,283,283,19,24,9,1,268,28.4,0.0,29.4,0.0,32.3,0.0,37.8,0.0,28.1,0.0,29.28333333333333,0.0,33.016666666666666,0.0,31.78333333333333,0.0,-0.5999999999999979,0.0,Tiruchirappalli,26.1,0.0
2024-09-24 20:00:00,27.4,63,0.0,995.6,17.5,29.7,281,279,20,24,9,1,268,27.8,0.0,28.7,0.0,31.1,0.0,38.1,0.0,27.7,0.0,28.666666666666668,0.0,32.125,0.0,31.77083333333333,0.0,-0.4000000000000021,0.0,Tiruchirappalli,25.7,0.0
2024-09-24 21:00:00,27.3,64,0.0,995.3,18.3,30.9,281,280,21,24,9,1,268,27.4,0.0,28.4,0.0,30.3,0.0,38.9,0.0,27.7,0.0,28.166666666666668,0.0,31.15833333333333,0.0,31.754166666666663,0.0,-0.0999999999999978,0.0,Tiruchirappalli,25.4,0.0
2024-09-24 22:00:00,27.1,65,0.0,995.3,18.2,31.1,280,279,22,24,9,1,268,27.3,0.0,27.8,0.0,29.4,0.0,39.1,0.0,27.6,0.0,27.78333333333333,0.0,30.15833333333333,0.0,31.73333333333333,0.0,-0.1999999999999993,0.0,Tiruchirappalli,25.1,0.0
2024-09-24 23:00:00,27.1,65,0.0,995.5,17.7,30.4,275,274,23,24,9,1,268,27.1,0.0,27.4,0.0,28.7,0.0,38.2,0.0,27.2,0.0,27.516666666666666,0.0,29.23333333333333,0.0,31.729166666666668,0.0,0.0,0.0,Tiruchirappalli,24.9,0.1
2024-09-25 00:00:00,26.9,66,0.0,995.8,17.9,30.4,280,279,0,25,9,2,269,27.1,0.0,27.3,0.0,28.4,0.0,33.9,0.0,27.1,0.0,27.266666666666666,0.0,28.65,0.0,31.72083333333333,0.0,-0.2000000000000028,0.0,Tiruchirappalli,25.2,0.1
2024-09-25 01:00:00,27.4,64,0.0,996.2,18.0,29.3,279,278,1,25,9,2,269,26.9,0.0,27.1,0.0,27.8,0.0,32.3,0.0,27.7,0.0,27.2,0.0,28.241666666666664,0.0,31.70833333333333,0.0,0.5,0.0,Tiruchirappalli,26.0,0.1
2024-09-25 02:00:00,28.7,60,0.0,997.1,16.8,24.6,277,275,2,25,9,2,269,27.4,0.0,27.1,0.0,27.4,0.0,31.1,0.0,28.7,0.0,27.416666666666668,0.0,28.041666666666668,0.0,31.70833333333333,0.0,1.3000000000000007,0.0,Tiruchirappalli,26.7,0.1
2024-09-25 03:00:00,30.6,53,0.0,997.8,17.8,25.1,273,273,3,25,9,2,269,28.7,0.0,26.9,0.0,27.3,0.0,30.3,0.0,30.7,0.0,27.966666666666665,0.0,28.066666666666663,0.0,31.704166666666666,0.0,1.900000000000002,0.0,Tiruchirappalli,28.5,0.1
2024-09-25 04:00:00,32.7,44,0.0,997.6,20.2,27.6,274,274,4,25,9,2,269,30.6,0.0,27.4,0.0,27.1,0.0,29.4,0.0,32.7,0.0,28.899999999999995,0.0,28.34166666666667,0.0,31.704166666666666,0.0,2.1000000000000014,0.0,Tiruchirappalli,30.5,0.0
2024-09-25 05:00:00,34.5,39,0.0,997.1,17.3,23.1,275,275,5,25,9,2,269,32.7,0.0,28.7,0.0,27.1,0.0,28.7,0.0,35.0,0.0,30.133333333333336,0.0,28.825,0.0,31.683333333333334,0.0,1.7999999999999972,0.0,Tiruchirappalli,32.2,0.0
2024-09-25 06:00:00,36.0,35,0.0,996.1,15.6,20.7,278,278,6,25,9,2,269,34.5,0.0,30.6,0.0,26.9,0.0,28.4,0.0,36.7,0.0,31.649999999999995,0.0,29.45833333333333,0.0,31.654166666666665,0.0,1.5,0.0,Tiruchirappalli,33.3,0.0
2024-09-25 07:00:00,37.4,32,0.0,994.9,14.7,19.4,277,276,7,25,9,2,269,36.0,0.0,32.7,0.0,27.4,0.0,27.8,0.0,37.8,0.0,33.31666666666667,0.0,30.25833333333333,0.0,31.637500000000003,0.0,1.3999999999999986,0.0,Tiruchirappalli,34.5,0.0
2024-09-25 08:00:00,38.4,28,0.0,993.6,15.1,20.0,273,272,8,25,9,2,269,37.4,0.0,34.5,0.0,28.7,0.0,27.4,0.0,38.1,0.0,34.93333333333333,0.0,31.175,0.0,31.65,0.0,1.0,0.0,Tiruchirappalli,35.1,0.0
2024-09-25 09:00:00,39.0,25,0.0,992.6,17.6,23.6,270,270,9,25,9,2,269,38.4,0.0,36.0,0.0,30.6,0.0,27.3,0.0,38.9,0.0,36.333333333333336,0.0,32.15,0.0,31.65416666666667,0.0,0.6000000000000014,0.0,Tiruchirappalli,34.7,0.0
2024-09-25 10:00:00,38.7,24,0.0,992.1,19.1,26.0,267,267,10,25,9,2,269,39.0,0.0,37.4,0.0,32.7,0.0,27.1,0.0,39.1,0.0,37.333333333333336,0.0,33.11666666666667,0.0,31.6375,0.0,-0.2999999999999971,0.0,Tiruchirappalli,31.5,1.0
2024-09-25 11:00:00,37.9,26,0.0,992.0,14.1,19.5,274,274,11,25,9,2,269,38.7,0.0,38.4,0.0,34.5,0.0,27.1,0.0,38.2,0.0,37.9,0.0,34.016666666666666,0.0,31.625,0.0,-0.8000000000000043,0.0,Tiruchirappalli,32.6,0.1
2024-09-25 12:00:00,36.3,31,0.0,992.6,15.7,23.4,274,274,12,25,9,2,269,37.9,0.0,39.0,0.0,36.0,0.0,26.9,0.0,33.9,0.0,37.95,0.0,34.8,0.0,31.725,0.0,-1.6000000000000014,0.0,Tiruchirappalli,30.8,0.0
2024-09-25 13:00:00,34.4,38,0.0,993.9,16.6,28.6,272,267,13,25,9,2,269,36.3,0.0,38.7,0.0,37.4,0.0,27.4,0.0,32.3,0.0,37.45,0.0,35.38333333333333,0.0,31.8125,0.0,-1.8999999999999984,0.0,Tiruchirappalli,30.4,0.0
2024-09-25 14:00:00,33.3,43,0.0,995.3,9.9,18.3,244,232,14,25,9,2,269,34.4,0.0,37.9,0.0,38.4,0.0,28.7,0.0,31.1,0.0,36.6,0.0,35.766666666666666,0.0,31.90416666666667,0.0,-1.1000000000000014,0.0,Tiruchirappalli,29.6,0.0
2024-09-25 15:00:00,31.8,49,0.0,995.9,6.9,14.1,210,194,15,25,9,2,269,33.3,0.0,36.3,0.0,39.0,0.0,30.6,0.0,30.3,0.0,35.4,0.0,35.86666666666667,0.0,31.96666666666667,0.0,-1.4999999999999964,0.0,Tiruchirappalli,28.8,0.0
2024-09-25 16:00:00,31.1,51,0.0,996.6,10.6,20.2,267,266,16,25,9,2,269,31.8,0.0,34.4,0.0,38.7,0.0,32.7,0.0,29.4,0.0,34.13333333333333,0.0,35.733333333333334,0.0,32.0375,0.0,-0.6999999999999993,0.0,Tiruchirappalli,28.1,0.0
2024-09-25 17:00:00,30.1,56,0.0,997.0,13.0,21.8,286,292,17,25,9,2,269,31.1,0.0,33.3,0.0,37.9,0.0,34.5,0.0,28.7,0.0,32.833333333333336,0.0,35.36666666666667,0.0,32.09583333333334,0.0,-1.0,0.0,Tiruchirappalli,27.2,0.0
2024-09-25 18:00:00,29.5,59,0.0,997.0,11.9,21.3,275,281,18,25,9,2,269,30.1,0.0,31.8,0.0,36.3,0.0,36.0,0.0,28.4,0.0,31.7,0.0,34.825,0.0,32.14166666666667,0.0,-0.6000000000000014,0.0,Tiruchirappalli,26.6,0.0
2024-09-25 19:00:00,28.8,62,0.0,996.6,13.6,23.0,282,282,19,25,9,2,269,29.5,0.0,31.1,0.0,34.4,0.0,37.4,0.0,27.8,0.0,30.76666666666667,0.0,34.108333333333334,0.0,32.18333333333333,0.0,-0.6999999999999993,0.0,Tiruchirappalli,26.2,0.0
2024-09-25 20:00:00,28.2,66,0.0,996.1,14.5,24.8,283,281,20,25,9,2,269,28.8,0.0,30.1,0.0,33.3,0.0,38.4,0.0,27.4,0.0,29.916666666666668,0.0,33.25833333333333,0.0,32.21666666666667,0.0,-0.6000000000000014,0.0,Tiruchirappalli,25.4,0.0
2024-09-25 21:00:00,28.0,67,0.0,995.5,13.9,24.5,283,281,21,25,9,2,269,28.2,0.0,29.5,0.0,31.8,0.0,39.0,0.0,27.3,0.0,29.28333333333333,0.0,32.34166666666666,0.0,32.24583333333334,0.0,-0.1999999999999993,0.0,Tiruchirappalli,25.1,0.0
2024-09-25 22:00:00,27.7,68,0.0,995.2,14.3,25.0,288,289,22,25,9,2,269,28.0,0.0,28.8,0.0,31.1,0.0,38.7,0.0,27.1,0.0,28.71666666666667,0.0,31.425,0.0,32.270833333333336,0.0,-0.3000000000000007,0.0,Tiruchirappalli,24.9,0.0
2024-09-25 23:00:00,27.3,70,0.0,995.3,14.3,24.9,290,291,23,25,9,2,269,27.7,0.0,28.2,0.0,30.1,0.0,37.9,0.0,27.1,0.0,28.25,0.0,30.541666666666668,0.0,32.27916666666667,0.0,-0.3999999999999986,0.0,Tiruchirappalli,24.4,0.0
2024-09-26 00:00:00,27.0,72,0.0,995.4,13.8,23.9,286,286,0,26,9,3,270,27.3,0.0,28.0,0.0,29.5,0.0,36.3,0.0,26.9,0.0,27.83333333333333,0.0,29.766666666666666,0.0,32.28333333333334,0.0,-0.3000000000000007,0.0,Tiruchirappalli,24.8,0.0
2024-09-26 01:00:00,27.1,72,0.0,996.4,12.2,19.4,287,286,1,26,9,3,270,27.0,0.0,27.7,0.0,28.8,0.0,34.4,0.0,27.4,0.0,27.55,0.0,29.15833333333333,0.0,32.270833333333336,0.0,0.1000000000000014,0.0,Tiruchirappalli,25.1,0.0
2024-09-26 02:00:00,28.3,67,0.0,997.6,12.8,18.4,291,292,2,26,9,3,270,27.1,0.0,27.3,0.0,28.2,0.0,33.3,0.0,28.7,0.0,27.566666666666663,0.0,28.74166666666667,0.0,32.25416666666667,0.0,1.1999999999999993,0.0,Tiruchirappalli,27.0,0.0
2024-09-26 03:00:00,30.5,57,0.0,998.0,14.3,19.8,287,287,3,26,9,3,270,28.3,0.0,27.0,0.0,28.0,0.0,31.8,0.0,30.6,0.0,27.98333333333333,0.0,28.633333333333336,0.0,32.25,0.0,2.2,0.0,Tiruchirappalli,29.2,0.0
2024-09-26 04:00:00,32.7,48,0.0,998.2,14.1,18.6,283,283,4,26,9,3,270,30.5,0.0,27.1,0.0,27.7,0.0,31.1,0.0,32.7,0.0,28.816666666666663,0.0,28.766666666666666,0.0,32.25,0.0,2.200000000000003,0.0,Tiruchirappalli,31.1,0.0
2024-09-26 05:00:00,34.7,42,0.0,997.6,11.3,14.6,286,287,5,26,9,3,270,32.7,0.0,28.3,0.0,27.3,0.0,30.1,0.0,34.5,0.0,30.05,0.0,29.15,0.0,32.25833333333333,0.0,2.0,0.0,Tiruchirappalli,32.6,0.0
2024-09-26 06:00:00,36.1,37,0.0,996.7,8.8,11.3,279,282,6,26,9,3,270,34.7,0.0,30.5,0.0,27.0,0.0,29.5,0.0,36.0,0.0,31.566666666666663,0.0,29.700000000000003,0.0,32.2625,0.0,1.3999999999999986,0.0,Tiruchirappalli,33.7,0.1
2024-09-26 07:00:00,37.2,34,0.0,995.6,9.8,12.6,274,276,7,26,9,3,270,36.1,0.0,32.7,0.0,27.1,0.0,28.8,0.0,37.4,0.0,33.25000000000001,0.0,30.4,0.0,32.25416666666666,0.0,1.1000000000000014,0.0,Tiruchirappalli,34.5,0.2
2024-09-26 08:00:00,38.1,32,0.0,994.2,10.4,13.5,271,272,8,26,9,3,270,37.2,0.0,34.7,0.0,28.3,0.0,28.2,0.0,38.4,0.0,34.88333333333333,0.0,31.225000000000005,0.0,32.24166666666667,0.0,0.8999999999999986,0.0,Tiruchirappalli,34.6,0.2
2024-09-26 09:00:00,38.2,31,0.0,993.2,11.3,14.7,259,260,9,26,9,3,270,38.1,0.0,36.1,0.0,30.5,0.0,28.0,0.0,39.0,0.0,36.16666666666666,0.0,32.075,0.0,32.208333333333336,0.0,0.1000000000000014,0.0,Tiruchirappalli,34.8,0.1
2024-09-26 10:00:00,37.8,32,0.0,992.7,12.1,15.8,270,273,10,26,9,3,270,38.2,0.0,37.2,0.0,32.7,0.0,27.7,0.0,38.7,0.0,37.01666666666667,0.0,32.91666666666667,0.0,32.170833333333334,0.0,-0.4000000000000057,0.0,Tiruchirappalli,34.3,0.0
2024-09-26 11:00:00,37.2,32,0.0,992.6,9.5,13.1,268,270,11,26,9,3,270,37.8,0.0,38.1,0.0,34.7,0.0,27.3,0.0,37.9,0.0,37.43333333333334,0.0,33.74166666666667,0.0,32.141666666666666,0.0,-0.5999999999999943,0.0,Tiruchirappalli,33.9,0.1
2024-09-26 12:00:00,36.4,33,0.0,993.2,9.8,15.0,238,235,12,26,9,3,270,37.2,0.0,38.2,0.0,36.1,0.0,27.0,0.0,36.3,0.0,37.48333333333333,0.0,34.525,0.0,32.145833333333336,0.0,-0.8000000000000043,0.0,Tiruchirappalli,32.9,0.1
2024-09-26 13:00:00,34.3,39,0.0,994.5,9.4,18.3,247,244,13,26,9,3,270,36.4,0.0,37.8,0.0,37.2,0.0,27.1,0.0,34.4,0.0,37.0,0.0,35.125,0.0,32.141666666666666,0.0,-2.1000000000000014,0.0,Tiruchirappalli,31.4,0.0
2024-09-26 14:00:00,33.5,40,0.0,995.9,8.9,16.6,207,193,14,26,9,3,270,34.3,0.0,37.2,0.0,38.1,0.0,28.3,0.0,33.3,0.0,36.23333333333333,0.0,35.55833333333333,0.0,32.15,0.0,-0.7999999999999972,0.0,Tiruchirappalli,30.0,0.2
2024-09-26 15:00:00,31.6,53,0.0,997.1,10.1,17.0,190,183,15,26,9,3,270,33.5,0.0,36.4,0.0,38.2,0.0,30.5,0.0,31.8,0.0,35.13333333333333,0.0,35.65,0.0,32.141666666666666,0.0,-1.8999999999999984,0.0,Tiruchirappalli,26.5,3.6
2024-09-26 16:00:00,30.9,59,0.0,998.2,4.8,10.3,205,205,16,26,9,3,270,31.6,0.0,34.3,0.0,37.8,0.0,32.7,0.0,31.1,0.0,33.983333333333334,0.0,35.5,0.0,32.13333333333333,0.0,-0.7000000000000028,0.0,Tiruchirappalli,26.2,0.0
2024-09-26 17:00:00,29.9,64,0.0,998.6,4.0,8.3,221,216,17,26,9,3,270,30.9,0.0,33.5,0.0,37.2,0.0,34.7,0.0,30.1,0.0,32.76666666666666,0.0,35.1,0.0,32.125,0.0,-1.0,0.0,Tiruchirappalli,26.0,0.0
2024-09-26 18:00:00,29.5,69,0.0,998.4,3.5,5.8,214,189,18,26,9,3,270,29.9,0.0,31.6,0.0,36.4,0.0,36.1,0.0,29.5,0.0,31.616666666666664,0.0,34.550000000000004,0.0,32.125,0.0,-0.3999999999999986,0.0,Tiruchirappalli,25.9,0.0
2024-09-26 19:00:00,28.7,71,0.0,998.0,3.7,6.9,219,215,19,26,9,3,270,29.5,0.0,30.9,0.0,34.3,0.0,37.2,0.0,28.8,0.0,30.683333333333334,0.0,33.84166666666667,0.0,32.12083333333333,0.0,-0.8000000000000007,0.0,Tiruchirappalli,25.7,0.0
2024-09-26 20:00:00,28.3,71,0.0,997.7,3.5,8.6,202,204,20,26,9,3,270,28.7,0.0,29.9,0.0,33.5,0.0,38.1,0.0,28.2,0.0,29.816666666666663,0.0,33.025,0.0,32.125,0.0,-0.3999999999999986,0.0,Tiruchirappalli,25.0,0.0
2024-09-26 21:00:00,28.4,69,0.0,997.5,2.5,7.0,224,240,21,26,9,3,270,28.3,0.0,29.5,0.0,31.6,0.0,38.2,0.0,28.0,0.0,29.28333333333333,0.0,32.208333333333336,0.0,32.141666666666666,0.0,0.0999999999999978,0.0,Tiruchirappalli,24.9,0.0
2024-09-26 22:00:00,28.3,66,0.0,997.2,4.9,10.8,267,272,22,26,9,3,270,28.4,0.0,28.7,0.0,30.9,0.0,37.8,0.0,27.7,0.0,28.85,0.0,31.416666666666668,0.0,32.166666666666664,0.0,-0.0999999999999978,0.0,Tiruchirappalli,24.5,0.0
2024-09-26 23:00:00,27.8,63,0.0,997.4,6.3,13.9,274,273,23,26,9,3,270,28.3,0.0,28.3,0.0,29.9,0.0,37.2,0.0,27.3,0.0,28.5,0.0,30.633333333333336,0.0,32.1875,0.0,-0.5,0.0,Tiruchirappalli,24.6,0.0
2024-09-27 00:00:00,27.5,65,0.0,997.9,5.7,11.9,260,252,0,27,9,4,271,27.8,0.0,28.4,0.0,29.5,0.0,36.4,0.0,27.0,0.0,28.166666666666668,0.0,29.89166666666667,0.0,32.208333333333336,0.0,-0.3000000000000007,0.0,Tiruchirappalli,24.9,0.0
2024-09-27 01:00:00,27.6,68,0.0,998.5,7.4,13.4,276,266,1,27,9,4,271,27.5,0.0,28.3,0.0,28.7,0.0,34.3,0.0,27.1,0.0,27.98333333333333,0.0,29.33333333333333,0.0,32.229166666666664,0.0,0.1000000000000014,0.0,Tiruchirappalli,25.9,0.0
2024-09-27 02:00:00,28.9,64,0.0,999.0,10.3,14.4,279,277,2,27,9,4,271,27.6,0.0,27.8,0.0,28.3,0.0,33.5,0.0,28.3,0.0,28.08333333333333,0.0,28.95,0.0,32.25416666666667,0.0,1.2999999999999972,0.0,Tiruchirappalli,27.8,0.0
2024-09-27 03:00:00,31.2,54,0.0,999.7,11.5,15.5,285,284,3,27,9,4,271,28.9,0.0,27.5,0.0,28.4,0.0,31.6,0.0,30.5,0.0,28.55,0.0,28.916666666666668,0.0,32.28333333333333,0.0,2.3000000000000007,0.0,Tiruchirappalli,29.9,0.0
2024-09-27 04:00:00,33.3,46,0.0,999.9,10.5,13.7,286,286,4,27,9,4,271,31.2,0.0,27.6,0.0,28.3,0.0,30.9,0.0,32.7,0.0,29.383333333333336,0.0,29.116666666666664,0.0,32.30833333333334,0.0,2.099999999999998,0.0,Tiruchirappalli,31.6,0.0
2024-09-27 05:00:00,35.0,42,0.0,999.8,9.3,11.9,293,294,5,27,9,4,271,33.3,0.0,28.9,0.0,27.8,0.0,29.9,0.0,34.7,0.0,30.58333333333333,0.0,29.541666666666668,0.0,32.32083333333333,0.0,1.7000000000000028,0.0,Tiruchirappalli,33.2,0.0
2024-09-27 06:00:00,36.5,39,0.0,998.9,6.6,8.4,304,305,6,27,9,4,271,35.0,0.0,31.2,0.0,27.5,0.0,29.5,0.0,36.1,0.0,32.083333333333336,0.0,30.125,0.0,32.3375,0.0,1.5,0.0,Tiruchirappalli,34.2,0.1
2024-09-27 07:00:00,37.5,36,0.0,997.6,4.3,5.4,330,338,7,27,9,4,271,36.5,0.0,33.3,0.0,27.6,0.0,28.7,0.0,37.2,0.0,33.73333333333333,0.0,30.85833333333333,0.0,32.35,0.0,1.0,0.0,Tiruchirappalli,34.7,0.1
2024-09-27 08:00:00,37.2,36,0.0,996.2,1.3,1.8,315,326,8,27,9,4,271,37.5,0.0,35.0,0.0,28.9,0.0,28.3,0.0,38.1,0.0,35.11666666666667,0.0,31.600000000000005,0.0,32.3125,0.0,-0.2999999999999971,0.0,Tiruchirappalli,35.3,0.0
2024-09-27 09:00:00,37.2,36,0.0,995.8,9.8,11.6,354,355,9,27,9,4,271,37.2,0.0,36.5,0.0,31.2,0.0,28.4,0.0,38.2,0.0,36.11666666666667,0.0,32.333333333333336,0.0,32.270833333333336,0.0,0.0,0.0,Tiruchirappalli,33.4,1.0
2024-09-27 10:00:00,32.8,53,1.0,996.0,14.1,19.3,359,356,10,27,9,4,271,37.2,0.0,37.5,0.0,33.3,0.0,28.3,0.0,37.8,0.0,36.03333333333333,1.0,32.708333333333336,1.0000000000000036,32.0625,1.0000000000000009,-4.400000000000006,1.0,Tiruchirappalli,32.6,0.2
2024-09-27 11:00:00,32.9,51,0.0,995.8,14.1,18.8,81,83,11,27,9,4,271,32.8,1.0,37.2,0.0,35.0,0.0,27.8,0.0,37.2,0.0,35.68333333333333,1.0,33.13333333333333,1.0000000000000036,31.88333333333333,1.0000000000000009,0.1000000000000014,-1.0,Tiruchirappalli,32.9,0.0
2024-09-27 12:00:00,31.9,56,0.0,996.6,9.8,13.0,117,120,12,27,9,4,271,32.9,0.0,37.2,0.0,36.5,0.0,27.5,0.0,36.4,0.0,34.916666666666664,1.0,33.5,1.0000000000000036,31.695833333333336,1.0000000000000009,-1.0,0.0,Tiruchirappalli,31.7,0.0
2024-09-27 13:00:00,30.1,59,0.0,998.0,11.8,20.2,185,189,13,27,9,4,271,31.9,0.0,32.8,1.0,37.5,0.0,27.6,0.0,34.3,0.0,33.68333333333334,1.0,33.708333333333336,1.0000000000000036,31.52083333333333,1.0000000000000009,-1.7999999999999972,0.0,Tiruchirappalli,31.3,0.0
2024-09-27 14:00:00,29.2,63,0.0,998.5,9.3,17.0,171,161,14,27,9,4,271,30.1,0.0,32.9,0.0,37.2,0.0,28.9,0.0,33.5,0.0,32.35,1.0,33.733333333333334,1.0000000000000036,31.34166666666667,1.0000000000000009,-0.9000000000000021,0.0,Tiruchirappalli,30.9,0.0
2024-09-27 15:00:00,27.9,70,0.1,1000.0,11.4,18.6,243,259,15,27,9,4,271,29.2,0.0,31.9,0.0,37.2,0.0,31.2,0.0,31.6,0.0,30.8,1.1,33.458333333333336,1.1000000000000036,31.1875,1.100000000000001,-1.3000000000000007,0.1,Tiruchirappalli,29.9,0.0
2024-09-27 16:00:00,27.3,78,0.2,1000.4,4.9,8.6,285,309,16,27,9,4,271,27.9,0.1,30.1,0.0,32.8,1.0,33.3,0.0,30.9,0.0,29.883333333333336,0.3,32.958333333333336,1.3000000000000036,31.037500000000005,1.300000000000001,-0.5999999999999979,0.1,Tiruchirappalli,28.9,0.0
2024-09-27 17:00:00,26.9,83,0.0,1000.5,2.8,2.0,355,50,17,27,9,4,271,27.3,0.2,29.2,0.0,32.9,0.0,35.0,0.0,29.9,0.0,28.88333333333333,0.3,32.28333333333334,1.3000000000000036,30.9125,1.300000000000001,-0.4000000000000021,-0.2,Tiruchirappalli,28.3,0.0
2024-09-27 18:00:00,26.9,84,0.0,1000.5,5.6,8.2,80,84,18,27,9,4,271,26.9,0.0,27.9,0.1,31.9,0.0,36.5,0.0,29.5,0.0,28.05,0.3,31.48333333333333,1.3000000000000036,30.804166666666664,1.300000000000001,0.0,0.0,Tiruchirappalli,27.6,0.0
2024-09-27 19:00:00,26.8,80,0.0,999.9,5.7,10.7,81,81,19,27,9,4,271,26.9,0.0,27.3,0.2,30.1,0.0,37.5,0.0,28.7,0.0,27.5,0.3,30.591666666666665,1.3000000000000036,30.725,1.300000000000001,-0.0999999999999978,0.0,Tiruchirappalli,27.2,0.0
2024-09-27 20:00:00,26.6,79,0.0,999.3,4.9,9.3,80,80,20,27,9,4,271,26.8,0.0,26.9,0.0,29.2,0.0,37.2,0.0,28.3,0.0,27.066666666666663,0.3,29.70833333333333,1.3000000000000036,30.654166666666665,1.300000000000001,-0.1999999999999993,0.0,Tiruchirappalli,27.0,0.0
2024-09-27 21:00:00,26.1,82,0.0,999.0,3.9,8.7,63,53,21,27,9,4,271,26.6,0.0,26.9,0.0,27.9,0.1,37.2,0.0,28.4,0.0,26.766666666666666,0.2,28.78333333333333,1.3000000000000036,30.558333333333334,1.300000000000001,-0.5,0.0,Tiruchirappalli,26.7,0.0
2024-09-27 22:00:00,25.8,86,0.0,998.9,3.8,8.0,38,19,22,27,9,4,271,26.1,0.0,26.8,0.0,27.3,0.2,32.8,1.0,28.3,0.0,26.51666666666667,0.0,28.2,0.3000000000000036,30.454166666666666,1.300000000000001,-0.3000000000000007,0.0,Tiruchirappalli,26.5,0.0
2024-09-27 23:00:00,25.5,90,0.0,998.9,5.3,9.5,25,12,23,27,9,4,271,25.8,0.0,26.6,0.0,26.9,0.0,32.9,0.0,27.8,0.0,26.28333333333333,0.0,27.58333333333333,0.3000000000000036,30.35833333333333,1.300000000000001,-0.3000000000000007,0.0,Tiruchirappalli,26.2,0.0
2024-09-28 00:00:00,25.3,91,0.0,999.3,4.4,9.0,43,35,0,28,9,5,272,25.5,0.0,26.1,0.0,26.9,0.0,31.9,0.0,27.5,0.0,26.016666666666666,0.0,27.03333333333333,0.3000000000000036,30.266666666666666,1.300000000000001,-0.1999999999999993,0.0,Tiruchirappalli,26.0,0.0
2024-09-28 01:00:00,26.5,78,0.0,999.9,3.8,5.1,48,45,1,28,9,5,272,25.3,0.0,25.8,0.0,26.8,0.0,30.1,0.0,27.6,0.0,25.966666666666665,0.0,26.73333333333333,0.3000000000000036,30.22083333333333,1.300000000000001,1.1999999999999993,0.0,Tiruchirappalli,26.4,0.0
2024-09-28 02:00:00,27.7,72,0.0,1001.2,3.8,4.8,70,71,2,28,9,5,272,26.5,0.0,25.5,0.0,26.6,0.0,29.2,0.0,28.9,0.0,26.15,0.0,26.60833333333333,0.3000000000000036,30.17083333333333,1.300000000000001,1.1999999999999993,0.0,Tiruchirappalli,27.8,0.0
2024-09-28 03:00:00,29.5,64,0.0,1001.6,3.5,4.4,55,51,3,28,9,5,272,27.7,0.0,25.3,0.0,26.1,0.0,27.9,0.1,31.2,0.0,26.71666666666667,0.0,26.741666666666664,0.2000000000000035,30.1,1.300000000000001,1.8000000000000007,0.0,Tiruchirappalli,29.7,0.0
2024-09-28 04:00:00,31.1,57,0.0,1001.6,3.3,4.2,47,45,4,28,9,5,272,29.5,0.0,26.5,0.0,25.8,0.0,27.3,0.2,33.3,0.0,27.6,0.0,27.058333333333337,0.0,30.00833333333333,1.300000000000001,1.6000000000000014,0.0,Tiruchirappalli,31.8,0.0
2024-09-28 05:00:00,32.8,51,0.0,1001.2,3.4,4.2,47,43,5,28,9,5,272,31.1,0.0,27.7,0.0,25.5,0.0,26.9,0.0,35.0,0.0,28.816666666666663,0.0,27.55,0.0,29.916666666666668,1.300000000000001,1.6999999999999955,0.0,Tiruchirappalli,33.4,0.0
2024-09-28 06:00:00,34.2,46,0.0,1000.7,3.5,4.4,63,62,6,28,9,5,272,32.8,0.0,29.5,0.0,25.3,0.0,26.9,0.0,36.5,0.0,30.3,0.0,28.15833333333333,0.0,29.82083333333333,1.300000000000001,1.4000000000000057,0.0,Tiruchirappalli,34.4,0.0
2024-09-28 07:00:00,35.0,44,0.0,999.3,4.7,6.0,57,58,7,28,9,5,272,34.2,0.0,31.1,0.0,26.5,0.0,26.8,0.0,37.5,0.0,31.71666666666667,0.0,28.84166666666667,0.0,29.716666666666665,1.300000000000001,0.7999999999999972,0.0,Tiruchirappalli,35.4,0.0
2024-09-28 08:00:00,36.0,40,0.0,997.5,6.3,8.2,68,70,8,28,9,5,272,35.0,0.0,32.8,0.0,27.7,0.0,26.6,0.0,37.2,0.0,33.1,0.0,29.625,0.0,29.666666666666668,1.300000000000001,1.0,0.0,Tiruchirappalli,36.0,0.0
2024-09-28 09:00:00,36.1,39,0.0,996.5,11.8,14.7,63,63,9,28,9,5,272,36.0,0.0,34.2,0.0,29.5,0.0,26.1,0.0,37.2,0.0,34.2,0.0,30.45833333333333,0.0,29.620833333333334,1.300000000000001,0.1000000000000014,0.0,Tiruchirappalli,36.1,0.0
2024-09-28 10:00:00,33.1,50,0.5,996.4,10.9,15.0,61,63,10,28,9,5,272,36.1,0.0,35.0,0.0,31.1,0.0,25.8,0.0,32.8,1.0,34.53333333333333,0.5,31.066666666666663,0.5000000000000036,29.633333333333336,0.8000000000000009,-3.0,0.5,Tiruchirappalli,36.9,0.0
2024-09-28 11:00:00,33.3,49,0.3,996.5,13.2,17.3,73,73,11,28,9,5,272,33.1,0.5,36.0,0.0,32.8,0.0,25.5,0.0,32.9,0.0,34.61666666666667,0.8,31.71666666666667,0.8000000000000036,29.65,1.100000000000001,0.1999999999999957,-0.2,Tiruchirappalli,34.1,0.2
2024-09-28 12:00:00,32.3,53,0.1,997.1,10.9,15.0,79,81,12,28,9,5,272,33.3,0.3,36.1,0.0,34.2,0.0,25.3,0.0,31.9,0.0,34.300000000000004,0.9,32.300000000000004,0.9000000000000036,29.666666666666668,1.2000000000000008,-1.0,-0.1999999999999999,Tiruchirappalli,31.4,0.1
2024-09-28 13:00:00,27.9,76,0.4,998.1,10.4,17.8,125,134,13,28,9,5,272,32.3,0.1,33.1,0.5,35.0,0.0,26.5,0.0,30.1,0.0,33.11666666666667,1.3,32.416666666666664,1.3000000000000036,29.575000000000003,1.600000000000001,-4.399999999999999,0.3,Tiruchirappalli,30.9,0.3
2024-09-28 14:00:00,28.0,77,0.3,999.6,6.3,9.7,158,198,14,28,9,5,272,27.9,0.4,33.3,0.3,36.0,0.0,27.7,0.0,29.2,0.0,31.78333333333333,1.6,32.44166666666667,1.6000000000000036,29.525,1.900000000000001,0.1000000000000014,-0.1,Tiruchirappalli,29.6,0.0
2024-09-28 15:00:00,25.1,96,12.2,1001.7,7.3,13.7,199,203,15,28,9,5,272,28.0,0.3,32.3,0.1,36.1,0.0,29.5,0.0,27.9,0.1,29.95,13.8,32.075,13.800000000000002,29.40833333333333,14.0,-2.8999999999999986,11.9,Tiruchirappalli,28.9,0.0
2024-09-28 16:00:00,25.4,91,1.5,1002.2,8.3,15.2,104,96,16,28,9,5,272,25.1,12.2,27.9,0.4,33.1,0.5,31.1,0.0,27.3,0.2,28.66666666666666,14.8,31.6,15.300000000000002,29.329166666666666,15.3,0.2999999999999971,-10.7,Tiruchirappalli,28.3,0.0
2024-09-28 17:00:00,25.2,94,0.1,1002.3,5.0,5.2,256,283,17,28,9,5,272,25.4,1.5,28.0,0.3,33.3,0.3,32.8,0.0,26.9,0.0,27.316666666666663,14.599999999999998,30.966666666666665,15.400000000000002,29.25833333333333,15.4,-0.1999999999999993,-1.4,Tiruchirappalli,26.2,2.8
2024-09-28 18:00:00,24.9,96,0.0,1002.4,7.9,13.8,306,297,18,28,9,5,272,25.2,0.1,25.1,12.2,32.3,0.1,34.2,0.0,26.9,0.0,26.08333333333333,14.499999999999998,30.191666666666663,15.400000000000002,29.175,15.4,-0.3000000000000007,-0.1,Tiruchirappalli,26.0,0.0
2024-09-28 19:00:00,24.7,96,0.0,1000.8,4.1,7.3,308,308,19,28,9,5,272,24.9,0.0,25.4,1.5,27.9,0.4,35.0,0.0,26.8,0.0,25.55,14.099999999999998,29.33333333333333,15.400000000000002,29.0875,15.4,-0.1999999999999993,0.0,Tiruchirappalli,25.6,0.0
2024-09-28 20:00:00,24.4,97,0.0,1001.1,6.4,12.7,303,299,20,28,9,5,272,24.7,0.0,25.2,0.1,28.0,0.3,36.0,0.0,26.6,0.0,24.95,13.8,28.366666666666664,15.400000000000002,28.995833333333334,15.4,-0.3000000000000007,0.0,Tiruchirappalli,25.7,0.0
2024-09-28 21:00:00,24.4,97,0.0,1000.6,2.7,6.7,316,312,21,28,9,5,272,24.4,0.0,24.9,0.0,25.1,12.2,36.1,0.0,26.1,0.0,24.83333333333333,1.6,27.391666666666666,15.400000000000002,28.925,15.4,0.0,0.0,Tiruchirappalli,25.7,0.0
2024-09-28 22:00:00,24.3,97,0.0,1000.4,3.1,8.0,310,298,22,28,9,5,272,24.4,0.0,24.7,0.0,25.4,1.5,33.1,0.5,25.8,0.0,24.649999999999995,0.1,26.65833333333333,14.900000000000002,28.8625,15.4,-0.0999999999999978,0.0,Tiruchirappalli,26.0,0.0
2024-09-28 23:00:00,24.2,97,0.0,1000.6,2.2,4.6,318,294,23,28,9,5,272,24.3,0.0,24.4,0.0,25.2,0.1,33.3,0.3,25.5,0.0,24.48333333333333,0.0,25.899999999999995,14.6,28.808333333333337,15.4,-0.1000000000000014,0.0,Tiruchirappalli,25.7,0.0
2024-09-29 00:00:00,24.4,96,0.0,1000.9,2.4,5.7,302,283,0,29,9,6,273,24.2,0.0,24.4,0.0,24.9,0.0,32.3,0.1,25.3,0.0,24.399999999999995,0.0,25.24166666666667,14.500000000000002,28.77083333333333,15.4,0.1999999999999993,0.0,Tiruchirappalli,25.4,0.0
2024-09-29 01:00:00,25.3,90,0.1,1001.5,1.9,3.2,27,34,1,29,9,6,273,24.4,0.0,24.3,0.0,24.7,0.0,27.9,0.4,26.5,0.0,24.5,0.1,25.025,14.2,28.72083333333333,15.5,0.9000000000000021,0.1,Tiruchirappalli,26.0,0.0
2024-09-29 02:00:00,26.0,85,0.0,1002.6,5.6,7.3,50,45,2,29,9,6,273,25.3,0.1,24.2,0.0,24.4,0.0,28.0,0.3,27.7,0.0,24.766666666666666,0.1,24.85833333333333,13.900000000000002,28.65,15.5,0.6999999999999993,-0.1,Tiruchirappalli,27.6,0.0
2024-09-29 03:00:00,27.2,77,0.0,1003.1,4.7,6.0,5,4,3,29,9,6,273,26.0,0.0,24.4,0.0,24.4,0.0,25.1,12.2,29.5,0.0,25.23333333333333,0.1,25.03333333333333,1.7000000000000035,28.55416666666667,15.5,1.1999999999999993,0.0,Tiruchirappalli,29.7,0.0
2024-09-29 04:00:00,29.1,69,0.0,1003.2,4.5,5.5,19,14,4,29,9,6,273,27.2,0.0,25.3,0.1,24.3,0.0,25.4,1.5,31.1,0.0,26.03333333333333,0.1,25.341666666666665,0.2000000000000035,28.47083333333333,15.5,1.900000000000002,0.0,Tiruchirappalli,31.8,0.0
2024-09-29 05:00:00,30.8,64,0.0,1002.1,3.9,4.8,63,62,5,29,9,6,273,29.1,0.0,26.0,0.0,24.2,0.0,25.2,0.1,32.8,0.0,27.133333333333336,0.1,25.808333333333334,0.1000000000000035,28.3875,15.5,1.6999999999999993,0.0,Tiruchirappalli,33.6,0.0
2024-09-29 06:00:00,31.8,60,0.1,1001.4,6.2,7.9,110,111,6,29,9,6,273,30.8,0.0,27.2,0.0,24.4,0.0,24.9,0.0,34.2,0.0,28.366666666666664,0.2,26.383333333333336,0.2000000000000035,28.2875,15.6,1.0,0.1,Tiruchirappalli,34.7,0.0
2024-09-29 07:00:00,32.9,56,0.0,1000.1,6.9,9.1,107,107,7,29,9,6,273,31.8,0.1,29.1,0.0,25.3,0.1,24.7,0.0,35.0,0.0,29.63333333333333,0.1,27.066666666666663,0.2000000000000035,28.200000000000003,15.6,1.099999999999998,-0.1,Tiruchirappalli,35.8,0.0
2024-09-29 08:00:00,33.8,52,0.0,999.1,9.6,12.4,109,110,8,29,9,6,273,32.9,0.0,30.8,0.0,26.0,0.0,24.4,0.0,36.0,0.0,30.933333333333334,0.1,27.85,0.2000000000000035,28.10833333333333,15.6,0.8999999999999986,0.0,Tiruchirappalli,36.9,0.0
2024-09-29 09:00:00,34.0,50,0.0,998.0,10.9,14.2,106,106,9,29,9,6,273,33.8,0.0,31.8,0.1,27.2,0.0,24.4,0.0,36.1,0.0,32.06666666666667,0.1,28.65,0.2000000000000035,28.02083333333333,15.6,0.2000000000000028,0.0,Tiruchirappalli,36.8,0.0
2024-09-29 10:00:00,32.6,54,0.1,997.4,14.9,19.4,98,98,10,29,9,6,273,34.0,0.0,32.9,0.0,29.1,0.0,24.3,0.0,33.1,0.5,32.65,0.2,29.34166666666667,0.3000000000000036,28.0,15.2,-1.3999999999999986,0.1,Tiruchirappalli,32.0,0.4
2024-09-29 11:00:00,31.8,57,0.0,997.6,14.8,20.1,96,96,11,29,9,6,273,32.6,0.1,33.8,0.0,30.8,0.0,24.2,0.0,33.3,0.3,32.81666666666667,0.2,29.975000000000005,0.3000000000000036,27.9375,14.9,-0.8000000000000007,-0.1,Tiruchirappalli,31.1,0.4
2024-09-29 12:00:00,31.1,59,0.0,997.8,12.4,17.6,92,90,12,29,9,6,273,31.8,0.0,34.0,0.0,31.8,0.1,24.4,0.0,32.3,0.1,32.7,0.1,30.53333333333333,0.3000000000000036,27.8875,14.8,-0.6999999999999993,0.0,Tiruchirappalli,29.3,0.7
2024-09-29 13:00:00,30.9,56,0.0,999.0,11.6,20.3,104,105,13,29,9,6,273,31.1,0.0,32.6,0.1,32.9,0.0,25.3,0.1,27.9,0.4,32.36666666666667,0.1,31.0,0.2000000000000035,28.0125,14.4,-0.2000000000000028,0.0,Tiruchirappalli,26.1,5.5
2024-09-29 14:00:00,29.9,62,0.0,1000.2,13.6,23.4,106,105,14,29,9,6,273,30.9,0.0,31.8,0.0,33.8,0.0,26.0,0.0,28.0,0.3,31.716666666666665,0.1,31.325,0.2000000000000035,28.091666666666665,14.1,-1.0,0.0,Tiruchirappalli,26.3,0.2
2024-09-29 15:00:00,28.8,70,0.0,1001.4,13.7,22.9,106,106,15,29,9,6,273,29.9,0.0,31.1,0.0,34.0,0.0,27.2,0.0,25.1,12.2,30.85,0.1,31.45833333333333,0.2000000000000035,28.245833333333334,1.9,-1.099999999999998,0.0,Tiruchirappalli,26.1,0.2
2024-09-29 16:00:00,28.0,75,0.0,1001.9,10.3,18.4,102,102,16,29,9,6,273,28.8,0.0,30.9,0.0,32.6,0.1,29.1,0.0,25.4,1.5,30.08333333333333,0.0,31.36666666666667,0.2000000000000035,28.354166666666668,0.4,-0.8000000000000007,0.0,Tiruchirappalli,24.9,4.4
2024-09-29 17:00:00,27.3,79,0.0,1001.8,5.8,12.8,93,92,17,29,9,6,273,28.0,0.0,29.9,0.0,31.8,0.0,30.8,0.0,25.2,0.1,29.33333333333333,0.0,31.075000000000003,0.2000000000000035,28.441666666666663,0.3,-0.6999999999999993,0.0,Tiruchirappalli,25.1,0.2
2024-09-29 18:00:00,26.4,86,0.0,1001.7,4.7,8.1,84,74,18,29,9,6,273,27.3,0.0,28.8,0.0,31.1,0.0,31.8,0.1,24.9,0.0,28.55,0.0,30.625,0.1000000000000035,28.504166666666663,0.3,-0.9000000000000021,0.0,Tiruchirappalli,24.8,0.8
2024-09-29 19:00:00,26.1,87,0.0,1001.1,3.6,7.0,64,33,19,29,9,6,273,26.4,0.0,28.0,0.0,30.9,0.0,32.9,0.0,24.7,0.0,27.75,0.0,30.058333333333337,0.1000000000000035,28.5625,0.3,-0.2999999999999971,0.0,Tiruchirappalli,24.8,0.2
2024-09-29 20:00:00,25.7,90,0.0,1000.7,4.2,6.1,45,12,20,29,9,6,273,26.1,0.0,27.3,0.0,29.9,0.0,33.8,0.0,24.4,0.0,27.05,0.0,29.383333333333336,0.1000000000000035,28.61666666666667,0.3,-0.4000000000000021,0.0,Tiruchirappalli,24.5,0.2
2024-09-29 21:00:00,25.4,91,0.0,1000.5,4.3,6.7,44,22,21,29,9,6,273,25.7,0.0,26.4,0.0,28.8,0.0,34.0,0.0,24.4,0.0,26.48333333333333,0.0,28.666666666666668,0.1000000000000035,28.65833333333333,0.3,-0.3000000000000007,0.0,Tiruchirappalli,24.5,0.3
2024-09-29 22:00:00,25.1,93,0.0,1000.1,3.3,4.3,15,331,22,29,9,6,273,25.4,0.0,26.1,0.0,28.0,0.0,32.6,0.1,24.3,0.0,26.0,0.0,28.041666666666668,0.0,28.691666666666663,0.3,-0.2999999999999971,0.0,Tiruchirappalli,24.3,0.2
2024-09-29 23:00:00,24.9,94,0.1,1000.4,1.9,2.5,172,197,23,29,9,6,273,25.1,0.0,25.7,0.0,27.3,0.0,31.8,0.0,24.2,0.0,25.6,0.1,27.466666666666665,0.1000000000000035,28.72083333333333,0.4,-0.2000000000000028,0.1,Tiruchirappalli,24.3,0.2
2024-09-30 00:00:00,25.2,92,0.1,1001.2,5.6,8.6,147,151,0,30,9,0,274,24.9,0.1,25.4,0.0,26.4,0.0,31.1,0.0,24.4,0.0,25.4,0.2,26.975,0.2000000000000035,28.754166666666663,0.5,0.3000000000000007,0.0,Tiruchirappalli,24.2,0.1
2024-09-30 01:00:00,26.0,86,0.1,1002.1,3.6,5.6,111,99,1,30,9,0,274,25.2,0.1,25.1,0.0,26.1,0.0,30.9,0.0,25.3,0.1,25.383333333333336,0.3,26.566666666666663,0.3000000000000036,28.78333333333333,0.5,0.8000000000000007,0.0,Tiruchirappalli,24.1,1.8
2024-09-30 02:00:00,26.7,83,0.1,1002.6,5.2,6.8,125,121,2,30,9,0,274,26.0,0.1,24.9,0.1,25.7,0.0,29.9,0.0,26.0,0.0,25.55,0.4,26.3,0.4000000000000036,28.8125,0.6000000000000001,0.6999999999999993,0.0,Tiruchirappalli,24.8,1.6
2024-09-30 03:00:00,28.5,73,0.1,1003.0,5.5,7.0,119,117,3,30,9,0,274,26.7,0.1,25.2,0.1,25.4,0.0,28.8,0.0,27.2,0.0,26.066666666666663,0.5,26.274999999999995,0.5000000000000036,28.866666666666664,0.7000000000000001,1.8000000000000007,0.0,Tiruchirappalli,26.6,0.1
2024-09-30 04:00:00,30.5,63,0.0,1003.1,5.8,7.2,96,95,4,30,9,0,274,28.5,0.1,26.0,0.1,25.1,0.0,28.0,0.0,29.1,0.0,26.96666666666667,0.5,26.48333333333333,0.5000000000000036,28.925,0.7000000000000001,2.0,-0.1,Tiruchirappalli,28.5,0.0
2024-09-30 05:00:00,32.2,54,0.0,1002.5,7.1,8.9,97,96,5,30,9,0,274,30.5,0.0,26.7,0.1,24.9,0.1,27.3,0.0,30.8,0.0,28.183333333333334,0.4,26.891666666666666,0.5000000000000036,28.98333333333333,0.7000000000000001,1.7000000000000028,0.0,Tiruchirappalli,30.1,0.0
2024-09-30 06:00:00,33.3,49,0.0,1001.6,7.5,9.6,98,98,6,30,9,0,274,32.2,0.0,28.5,0.1,25.2,0.1,26.4,0.0,31.8,0.1,29.53333333333333,0.3,27.46666666666667,0.5000000000000036,29.04583333333333,0.6000000000000001,1.0999999999999943,0.0,Tiruchirappalli,31.5,0.0
2024-09-30 07:00:00,34.5,46,0.0,1000.2,9.1,11.7,101,100,7,30,9,0,274,33.3,0.0,30.5,0.0,26.0,0.1,26.1,0.0,32.9,0.0,30.95,0.2,28.166666666666668,0.5000000000000036,29.1125,0.6000000000000001,1.2000000000000028,0.0,Tiruchirappalli,32.3,0.0
2024-09-30 08:00:00,35.1,45,0.0,998.6,8.6,11.1,83,79,8,30,9,0,274,34.5,0.0,32.2,0.0,26.7,0.1,25.7,0.0,33.8,0.0,32.35,0.1,28.95,0.5000000000000036,29.166666666666668,0.6000000000000001,0.6000000000000014,0.0,Tiruchirappalli,32.7,0.0
2024-09-30 09:00:00,34.7,45,0.0,997.3,9.2,12.1,85,86,9,30,9,0,274,35.1,0.0,33.3,0.0,28.5,0.1,25.4,0.0,34.0,0.0,33.38333333333333,0.0,29.725,0.5000000000000036,29.195833333333336,0.6000000000000001,-0.3999999999999986,0.0,Tiruchirappalli,32.9,0.0
2024-09-30 10:00:00,31.5,59,1.0,997.3,9.7,13.3,106,108,10,30,9,0,274,34.7,0.0,34.5,0.0,30.5,0.0,25.1,0.0,32.6,0.1,33.550000000000004,1.0,30.25833333333333,1.5000000000000036,29.15,1.5,-3.200000000000003,1.0,Tiruchirappalli,32.8,0.0
2024-09-30 11:00:00,32.6,52,0.1,997.2,9.3,12.3,58,53,11,30,9,0,274,31.5,1.0,35.1,0.0,32.2,0.0,24.9,0.1,31.8,0.0,33.61666666666667,1.1,30.9,1.5000000000000036,29.183333333333334,1.6,1.1000000000000014,-0.9,Tiruchirappalli,32.1,0.0
2024-09-30 12:00:00,30.8,59,0.0,998.1,13.6,19.9,127,126,12,30,9,0,274,32.6,0.1,34.7,0.0,33.3,0.0,25.2,0.1,31.1,0.0,33.2,1.1,31.36666666666667,1.4000000000000037,29.17083333333333,1.6,-1.8000000000000007,-0.1,Tiruchirappalli,31.2,0.0
2024-09-30 13:00:00,30.4,59,0.0,998.4,9.0,16.8,106,102,13,30,9,0,274,30.8,0.0,31.5,1.0,34.5,0.0,26.0,0.1,30.9,0.0,32.516666666666666,1.1,31.73333333333333,1.3000000000000036,29.15,1.6,-0.4000000000000021,0.0,Tiruchirappalli,29.2,0.0
2024-09-30 14:00:00,29.6,63,0.0,999.0,8.1,16.8,111,107,14,30,9,0,274,30.4,0.0,32.6,0.1,35.1,0.0,26.7,0.1,29.9,0.0,31.6,1.1,31.975000000000005,1.2000000000000035,29.137500000000003,1.6,-0.7999999999999972,0.0,Tiruchirappalli,28.0,0.0
2024-09-30 15:00:00,28.8,67,0.0,1000.3,8.0,16.3,127,124,15,30,9,0,274,29.6,0.0,30.8,0.0,34.7,0.0,28.5,0.1,28.8,0.0,30.61666666666667,1.1,32.00000000000001,1.1000000000000036,29.1375,1.6,-0.8000000000000007,0.0,Tiruchirappalli,25.8,0.0
2024-09-30 16:00:00,28.1,72,0.0,1001.0,7.1,14.5,136,135,16,30,9,0,274,28.8,0.0,30.4,0.0,31.5,1.0,30.5,0.0,28.0,0.0,30.05,0.1,31.8,1.1000000000000036,29.141666666666666,1.6,-0.6999999999999993,0.0,Tiruchirappalli,25.8,0.0
2024-09-30 17:00:00,27.2,76,0.0,1000.8,6.0,13.6,127,123,17,30,9,0,274,28.1,0.0,29.6,0.0,32.6,0.1,32.2,0.0,27.3,0.0,29.149999999999995,0.0,31.38333333333333,1.1000000000000036,29.137500000000003,1.6,-0.9000000000000021,0.0,Tiruchirappalli,26.0,0.0
2024-09-30 18:00:00,26.6,79,0.0,1000.6,5.5,13.2,125,126,18,30,9,0,274,27.2,0.0,28.8,0.0,30.8,0.0,33.3,0.0,26.4,0.0,28.450000000000003,0.0,30.825,1.1000000000000036,29.14583333333333,1.6,-0.5999999999999979,0.0,Tiruchirappalli,26.0,0.0
2024-09-30 19:00:00,26.2,81,0.0,1000.3,5.5,13.1,128,128,19,30,9,0,274,26.6,0.0,28.1,0.0,30.4,0.0,34.5,0.0,26.1,0.0,27.75,0.0,30.13333333333333,1.1000000000000036,29.15,1.6,-0.4000000000000021,0.0,Tiruchirappalli,25.7,0.0
2024-09-30 20:00:00,25.4,86,0.0,1000.0,4.5,9.4,122,119,20,30,9,0,274,26.2,0.0,27.2,0.0,29.6,0.0,35.1,0.0,25.7,0.0,27.05,0.0,29.325000000000003,1.1000000000000036,29.1375,1.6,-0.8000000000000007,0.0,Tiruchirappalli,25.6,0.0
2024-09-30 21:00:00,25.1,88,0.0,999.5,3.4,8.4,105,84,21,30,9,0,274,25.4,0.0,26.6,0.0,28.8,0.0,34.7,0.0,25.4,0.0,26.433333333333334,0.0,28.525,1.1000000000000036,29.125,1.6,-0.2999999999999971,0.0,Tiruchirappalli,25.5,0.0
2024-09-30 22:00:00,24.9,89,0.0,999.4,4.8,10.9,97,75,22,30,9,0,274,25.1,0.0,26.2,0.0,28.1,0.0,31.5,1.0,25.1,0.0,25.9,0.0,27.975000000000005,0.1000000000000035,29.116666666666664,1.6,-0.2000000000000028,0.0,Tiruchirappalli,25.4,0.0
2024-09-30 23:00:00,24.4,92,0.0,999.3,5.1,9.0,96,84,23,30,9,0,274,24.9,0.0,25.4,0.0,27.2,0.0,32.6,0.1,24.9,0.1,25.433333333333337,0.0,27.291666666666668,0.0,29.09583333333333,1.5000000000000002,-0.5,0.0,Tiruchirappalli,25.4,0.0
2024-10-01 00:00:00,24.8,89,0.0,999.6,2.5,5.6,117,86,0,1,10,1,275,24.4,0.0,25.1,0.0,26.6,0.0,30.8,0.0,25.2,0.1,25.133333333333336,0.0,26.791666666666668,0.0,29.079166666666666,1.4,0.4000000000000021,0.0,Tiruchirappalli,25.4,0.0
2024-10-01 01:00:00,25.1,87,0.0,1000.1,0.6,3.6,117,342,1,1,10,1,275,24.8,0.0,24.9,0.0,26.2,0.0,30.4,0.0,26.0,0.1,24.95,0.0,26.35,0.0,29.041666666666668,1.3,0.3000000000000007,0.0,Tiruchirappalli,25.3,0.0
2024-10-01 02:00:00,27.0,79,0.0,1000.7,1.8,2.5,98,79,2,1,10,1,275,25.1,0.0,24.4,0.0,25.4,0.0,29.6,0.0,26.7,0.1,25.216666666666665,0.0,26.13333333333333,0.0,29.05416666666667,1.2000000000000002,1.8999999999999984,0.0,Tiruchirappalli,26.1,0.0
2024-10-01 03:00:00,29.2,69,0.0,1001.2,6.3,8.1,127,125,3,1,10,1,275,27.0,0.0,24.8,0.0,25.1,0.0,28.8,0.0,28.5,0.1,25.9,0.0,26.166666666666668,0.0,29.08333333333333,1.1,2.2,0.0,Tiruchirappalli,27.3,0.0
2024-10-01 04:00:00,31.1,60,0.0,1001.4,5.2,6.8,119,117,4,1,10,1,275,29.2,0.0,25.1,0.0,24.9,0.0,28.1,0.0,30.5,0.0,26.933333333333334,0.0,26.416666666666668,0.0,29.10833333333333,1.1,1.900000000000002,0.0,Tiruchirappalli,27.9,0.0
2024-10-01 05:00:00,32.6,53,0.0,1000.5,6.1,7.8,132,133,5,1,10,1,275,31.1,0.0,27.0,0.0,24.4,0.0,27.2,0.0,32.2,0.0,28.3,0.0,26.86666666666667,0.0,29.125,1.1,1.5,0.0,Tiruchirappalli,29.6,0.0
2024-10-01 06:00:00,33.7,49,0.1,999.4,7.6,9.7,145,144,6,1,10,1,275,32.6,0.0,29.2,0.0,24.8,0.0,26.6,0.0,33.3,0.0,29.78333333333333,0.1,27.45833333333333,0.1000000000000035,29.141666666666666,1.2,1.1000000000000014,0.1,Tiruchirappalli,30.2,0.0
2024-10-01 07:00:00,34.5,47,0.2,998.1,7.8,10.0,141,142,7,1,10,1,275,33.7,0.1,31.1,0.0,25.1,0.0,26.2,0.0,34.5,0.0,31.350000000000005,0.3,28.15,0.3000000000000036,29.141666666666666,1.4,0.7999999999999972,0.1,Tiruchirappalli,31.1,0.0
2024-10-01 08:00:00,34.6,47,0.2,997.1,7.7,9.6,142,143,8,1,10,1,275,34.5,0.2,32.6,0.0,27.0,0.0,25.4,0.0,35.1,0.0,32.61666666666667,0.5,28.916666666666668,0.5000000000000036,29.120833333333334,1.6,0.1000000000000014,0.0,Tiruchirappalli,31.4,0.0
2024-10-01 09:00:00,34.8,47,0.1,996.3,8.0,10.2,148,149,9,1,10,1,275,34.6,0.2,33.7,0.1,29.2,0.0,25.1,0.0,34.7,0.0,33.550000000000004,0.6000000000000001,29.725000000000005,0.6000000000000036,29.125,1.7,0.1999999999999957,-0.1,Tiruchirappalli,31.3,0.0
2024-10-01 10:00:00,34.3,48,0.0,995.6,8.9,11.5,151,151,10,1,10,1,275,34.8,0.1,34.5,0.2,31.1,0.0,24.9,0.0,31.5,1.0,34.083333333333336,0.6000000000000001,30.50833333333333,0.6000000000000036,29.241666666666664,0.7000000000000001,-0.5,-0.1,Tiruchirappalli,31.1,0.0
2024-10-01 11:00:00,33.9,49,0.1,995.6,10.3,13.6,148,149,11,1,10,1,275,34.3,0.0,34.6,0.2,32.6,0.0,24.4,0.0,32.6,0.1,34.300000000000004,0.7000000000000001,31.3,0.7000000000000036,29.29583333333333,0.7000000000000001,-0.3999999999999986,0.1,Tiruchirappalli,30.9,0.0
2024-10-01 12:00:00,32.9,52,0.1,996.2,11.8,17.0,144,144,12,1,10,1,275,33.9,0.1,34.8,0.1,33.7,0.1,24.8,0.0,30.8,0.0,34.166666666666664,0.7000000000000001,31.975,0.8000000000000036,29.38333333333333,0.8,-1.0,0.0,Tiruchirappalli,30.1,0.0
2024-10-01 13:00:00,31.4,56,0.0,997.3,10.6,17.7,160,157,13,1,10,1,275,32.9,0.1,34.3,0.0,34.5,0.2,25.1,0.0,30.4,0.0,33.65,0.5,32.5,0.8000000000000036,29.425,0.8,-1.5,-0.1,Tiruchirappalli,28.2,0.0
2024-10-01 14:00:00,30.0,62,0.2,998.7,7.6,13.6,163,172,14,1,10,1,275,31.4,0.0,33.9,0.1,34.6,0.2,27.0,0.0,29.6,0.0,32.88333333333333,0.5,32.75,1.0000000000000036,29.441666666666663,1.0,-1.3999999999999986,0.2,Tiruchirappalli,27.7,0.0
2024-10-01 15:00:00,26.5,90,3.6,1000.3,7.5,5.8,277,310,15,1,10,1,275,30.0,0.2,32.9,0.1,34.8,0.1,29.2,0.0,28.8,0.0,31.5,4.0,32.525,4.600000000000003,29.34583333333333,4.6,-3.5,3.4,Tiruchirappalli,27.3,0.0
2024-10-01 16:00:00,26.2,93,0.0,1001.0,9.8,16.7,72,47,16,1,10,1,275,26.5,3.6,31.4,0.0,34.3,0.0,31.1,0.0,28.1,0.0,30.15,4.0,32.11666666666667,4.600000000000003,29.266666666666666,4.6,-0.3000000000000007,-3.6,Tiruchirappalli,26.8,0.0
2024-10-01 17:00:00,26.0,96,0.0,1001.3,6.9,11.5,76,41,17,1,10,1,275,26.2,0.0,30.0,0.2,33.9,0.1,32.6,0.0,27.2,0.0,28.83333333333333,3.9,31.566666666666663,4.600000000000003,29.216666666666665,4.6,-0.1999999999999993,0.0,Tiruchirappalli,26.6,0.0
2024-10-01 18:00:00,25.9,95,0.0,1001.1,2.4,6.9,137,48,18,1,10,1,275,26.0,0.0,26.5,3.6,32.9,0.1,33.7,0.1,26.6,0.0,27.666666666666668,3.8,30.916666666666668,4.500000000000004,29.1875,4.6,-0.1000000000000014,0.0,Tiruchirappalli,26.3,0.0
2024-10-01 19:00:00,25.7,95,0.0,1000.4,3.7,9.7,152,113,19,1,10,1,275,25.9,0.0,26.2,0.0,31.4,0.0,34.5,0.2,26.2,0.0,26.71666666666667,3.8,30.183333333333334,4.300000000000004,29.166666666666668,4.6,-0.1999999999999993,0.0,Tiruchirappalli,26.3,0.0
2024-10-01 20:00:00,25.0,94,0.0,999.6,5.8,11.4,186,175,20,1,10,1,275,25.7,0.0,26.0,0.0,30.0,0.2,34.6,0.2,25.4,0.0,25.883333333333336,3.6,29.38333333333333,4.100000000000003,29.15,4.6,-0.6999999999999993,0.0,Tiruchirappalli,25.9,0.0
2024-10-01 21:00:00,24.9,91,0.0,999.1,5.3,14.5,195,190,21,1,10,1,275,25.0,0.0,25.9,0.0,26.5,3.6,34.8,0.1,25.1,0.0,25.616666666666664,0.0,28.558333333333326,4.000000000000004,29.141666666666666,4.6,-0.1000000000000014,0.0,Tiruchirappalli,25.4,0.0
2024-10-01 22:00:00,24.5,93,0.0,998.7,5.1,14.9,198,197,22,1,10,1,275,24.9,0.0,25.7,0.0,26.2,0.0,34.3,0.0,24.9,0.0,25.33333333333333,0.0,27.741666666666664,4.000000000000004,29.125,4.6,-0.3999999999999986,0.0,Tiruchirappalli,25.1,0.0
2024-10-01 23:00:00,24.6,93,0.0,999.4,6.3,16.5,198,195,23,1,10,1,275,24.5,0.0,25.0,0.0,26.0,0.0,33.9,0.1,24.4,0.0,25.1,0.0,26.966666666666665,3.900000000000004,29.133333333333336,4.6,0.1000000000000014,0.0,Tiruchirappalli,24.5,0.0
2024-10-02 00:00:00,24.9,91,0.0,999.7,7.2,17.8,203,205,0,2,10,2,276,24.6,0.0,24.9,0.0,25.9,0.0,32.9,0.1,24.8,0.0,24.933333333333334,0.0,26.3,3.8000000000000034,29.1375,4.6,0.2999999999999971,0.0,Tiruchirappalli,24.1,0.0
2024-10-02 01:00:00,25.9,84,0.0,1000.5,9.1,17.1,205,207,1,2,10,2,276,24.9,0.0,24.5,0.0,25.7,0.0,31.4,0.0,25.1,0.0,24.96666666666667,0.0,25.84166666666667,3.8000000000000034,29.17083333333333,4.6,1.0,0.0,Tiruchirappalli,25.0,0.0
2024-10-02 02:00:00,27.8,77,0.0,1001.2,8.5,12.4,210,209,2,2,10,2,276,25.9,0.0,24.6,0.0,25.0,0.0,30.0,0.2,27.0,0.0,25.433333333333334,0.0,25.65833333333333,3.600000000000004,29.204166666666666,4.6,1.900000000000002,0.0,Tiruchirappalli,26.2,0.0
2024-10-02 03:00:00,29.9,67,0.0,1001.5,13.0,17.7,207,206,3,2,10,2,276,27.8,0.0,24.9,0.0,24.9,0.0,26.5,3.6,29.2,0.0,26.266666666666666,0.0,25.941666666666663,0.0,29.23333333333333,4.6,2.099999999999998,0.0,Tiruchirappalli,27.9,0.0
2024-10-02 04:00:00,31.6,58,0.0,1001.5,14.2,19.1,201,201,4,2,10,2,276,29.9,0.0,25.9,0.0,24.5,0.0,26.2,0.0,31.1,0.0,27.45,0.0,26.391666666666666,0.0,29.254166666666663,4.6,1.7000000000000028,0.0,Tiruchirappalli,29.7,0.0
2024-10-02 05:00:00,33.2,52,0.0,1000.6,14.5,19.2,203,203,5,2,10,2,276,31.6,0.0,27.8,0.0,24.6,0.0,26.0,0.0,32.6,0.0,28.883333333333336,0.0,26.991666666666664,0.0,29.279166666666665,4.6,1.6000000000000014,0.0,Tiruchirappalli,31.0,0.0
2024-10-02 06:00:00,34.2,49,0.1,1000.0,15.4,20.3,202,203,6,2,10,2,276,33.2,0.0,29.9,0.0,24.9,0.0,25.9,0.0,33.7,0.1,30.433333333333337,0.1,27.683333333333334,0.1000000000000035,29.3,4.6000000000000005,1.0,0.1,Tiruchirappalli,32.3,0.0
2024-10-02 07:00:00,34.7,49,0.1,998.9,14.2,18.8,197,196,7,2,10,2,276,34.2,0.1,31.6,0.0,25.9,0.0,25.7,0.0,34.5,0.2,31.9,0.2,28.433333333333337,0.2000000000000035,29.308333333333337,4.5,0.5,0.0,Tiruchirappalli,33.3,0.0
2024-10-02 08:00:00,35.3,48,0.0,997.8,13.8,18.1,197,195,8,2,10,2,276,34.7,0.1,33.2,0.0,27.8,0.0,25.0,0.0,34.6,0.2,33.150000000000006,0.2,29.291666666666668,0.2000000000000035,29.3375,4.3,0.5999999999999943,-0.1,Tiruchirappalli,31.6,0.1
2024-10-02 09:00:00,33.4,53,1.0,996.9,15.9,21.3,214,218,9,2,10,2,276,35.3,0.0,34.2,0.1,29.9,0.0,24.9,0.0,34.8,0.1,33.733333333333334,1.2,30.000000000000004,1.2000000000000035,29.279166666666665,5.2,-1.8999999999999984,1.0,Tiruchirappalli,26.5,7.5
2024-10-02 10:00:00,32.6,60,0.2,996.5,6.9,9.3,234,247,10,2,10,2,276,33.4,1.0,34.7,0.1,31.6,0.0,24.5,0.0,34.3,0.0,33.900000000000006,1.4,30.675,1.4000000000000037,29.20833333333333,5.4,-0.7999999999999972,-0.8,Tiruchirappalli,27.8,0.1
2024-10-02 11:00:00,32.9,53,0.0,996.7,13.8,18.9,187,186,11,2,10,2,276,32.6,0.2,35.3,0.0,33.2,0.0,24.6,0.0,33.9,0.1,33.85,1.4,31.36666666666667,1.4000000000000037,29.166666666666668,5.3,0.2999999999999971,-0.2,Tiruchirappalli,28.5,0.1
2024-10-02 12:00:00,31.7,58,0.0,997.4,12.1,18.2,194,195,12,2,10,2,276,32.9,0.0,33.4,1.0,34.2,0.1,24.9,0.0,32.9,0.1,33.43333333333333,1.2999999999999998,31.933333333333334,1.4000000000000037,29.11666666666667,5.2,-1.1999999999999993,0.0,Tiruchirappalli,26.9,2.8
2024-10-02 13:00:00,31.3,58,0.0,997.9,9.3,18.7,177,172,13,2,10,2,276,31.7,0.0,32.6,0.2,34.7,0.1,25.9,0.0,31.4,0.0,32.86666666666667,1.2,32.38333333333333,1.4000000000000037,29.1125,5.2,-0.3999999999999986,0.0,Tiruchirappalli,25.5,0.3
2024-10-02 14:00:00,30.9,57,0.0,999.2,13.3,24.1,180,178,14,2,10,2,276,31.3,0.0,32.9,0.0,35.3,0.0,27.8,0.0,30.0,0.2,32.13333333333333,1.2,32.641666666666666,1.4000000000000037,29.149999999999995,5.0,-0.4000000000000021,0.0,Tiruchirappalli,24.4,2.0
2024-10-02 15:00:00,29.9,62,0.0,1000.3,16.3,27.5,186,185,15,2,10,2,276,30.9,0.0,31.7,0.0,33.4,1.0,29.9,0.0,26.5,3.6,31.55,0.2,32.641666666666666,1.4000000000000037,29.291666666666668,1.4,-1.0,0.0,Tiruchirappalli,24.4,1.0
2024-10-02 16:00:00,28.9,68,0.0,1001.1,14.7,25.1,187,186,16,2,10,2,276,29.9,0.0,31.3,0.0,32.6,0.2,31.6,0.0,26.2,0.0,30.933333333333326,0.0,32.416666666666664,1.4000000000000037,29.40416666666667,1.4,-1.0,0.0,Tiruchirappalli,23.5,4.5
2024-10-02 17:00:00,28.3,71,0.0,1001.4,13.2,23.1,194,195,17,2,10,2,276,28.9,0.0,30.9,0.0,32.9,0.0,33.2,0.0,26.0,0.0,30.166666666666668,0.0,32.00833333333333,1.4000000000000037,29.5,1.4,-0.5999999999999979,0.0,Tiruchirappalli,23.6,0.6
2024-10-02 18:00:00,27.6,75,0.0,1001.0,12.0,21.6,201,201,18,2,10,2,276,28.3,0.0,29.9,0.0,31.7,0.0,34.2,0.1,25.9,0.0,29.48333333333333,0.0,31.45833333333333,1.3000000000000034,29.570833333333336,1.4,-0.6999999999999993,0.0,Tiruchirappalli,23.7,0.0
2024-10-02 19:00:00,27.2,77,0.0,1000.2,11.1,20.3,206,209,19,2,10,2,276,27.6,0.0,28.9,0.0,31.3,0.0,34.7,0.1,25.7,0.0,28.8,0.0,30.83333333333333,1.2000000000000035,29.633333333333336,1.4,-0.4000000000000021,0.0,Tiruchirappalli,23.7,0.1
2024-10-02 20:00:00,27.0,78,0.0,999.8,9.6,18.1,214,217,20,2,10,2,276,27.2,0.0,28.3,0.0,30.9,0.0,35.3,0.0,25.0,0.0,28.15,0.0,30.141666666666666,1.2000000000000035,29.71666666666667,1.4,-0.1999999999999993,0.0,Tiruchirappalli,23.8,0.3
2024-10-02 21:00:00,26.7,79,0.0,999.5,8.3,16.2,221,222,21,2,10,2,276,27.0,0.0,27.6,0.0,29.9,0.0,33.4,1.0,24.9,0.0,27.616666666666664,0.0,29.58333333333333,0.2000000000000035,29.791666666666668,1.4,-0.3000000000000007,0.0,Tiruchirappalli,23.8,0.2
2024-10-02 22:00:00,26.5,79,0.0,999.3,8.6,16.4,216,213,22,2,10,2,276,26.7,0.0,27.2,0.0,28.9,0.0,32.6,0.2,24.5,0.0,27.21666666666667,0.0,29.075000000000003,0.0,29.875,1.4,-0.1999999999999993,0.0,Tiruchirappalli,23.8,0.5
2024-10-02 23:00:00,26.2,80,0.0,999.4,7.4,15.4,223,219,23,2,10,2,276,26.5,0.0,27.0,0.0,28.3,0.0,32.9,0.0,24.6,0.0,26.866666666666664,0.0,28.516666666666666,0.0,29.941666666666663,1.4,-0.3000000000000007,0.0,Tiruchirappalli,23.8,0.6
2024-10-03 00:00:00,26.0,82,0.0,999.3,6.5,13.3,228,210,0,3,10,3,277,26.2,0.0,26.7,0.0,27.6,0.0,31.7,0.0,24.9,0.0,26.600000000000005,0.0,28.041666666666668,0.0,29.9875,1.4,-0.1999999999999993,0.0,Tiruchirappalli,23.8,1.0
2024-10-03 01:00:00,26.4,82,0.0,1000.5,7.8,13.9,219,209,1,3,10,3,277,26.0,0.0,26.5,0.0,27.2,0.0,31.3,0.0,25.9,0.0,26.466666666666665,0.0,27.63333333333333,0.0,30.008333333333336,1.4,0.3999999999999986,0.0,Tiruchirappalli,24.2,0.0
2024-10-03 02:00:00,27.8,76,0.0,1001.0,9.4,13.3,229,228,2,3,10,3,277,26.4,0.0,26.2,0.0,27.0,0.0,30.9,0.0,27.8,0.0,26.6,0.0,27.375,0.0,30.00833333333333,1.4,1.400000000000002,0.0,Tiruchirappalli,25.1,0.0
2024-10-03 03:00:00,29.7,67,0.0,1001.3,10.0,13.3,254,253,3,3,10,3,277,27.8,0.0,26.0,0.0,26.7,0.0,29.9,0.0,29.9,0.0,27.1,0.0,27.35833333333333,0.0,30.0,1.4,1.8999999999999984,0.0,Tiruchirappalli,26.3,0.0
2024-10-03 04:00:00,31.8,57,0.0,1001.2,13.0,17.4,263,264,4,3,10,3,277,29.7,0.0,26.4,0.0,26.5,0.0,28.9,0.0,31.6,0.0,27.98333333333333,0.0,27.6,0.0,30.00833333333333,1.4,2.1000000000000014,0.0,Tiruchirappalli,27.3,0.1
2024-10-03 05:00:00,33.4,51,0.0,1000.7,13.5,17.9,273,274,5,3,10,3,277,31.8,0.0,27.8,0.0,26.2,0.0,28.3,0.0,33.2,0.0,29.183333333333326,0.0,28.024999999999995,0.0,30.01666666666667,1.4,1.599999999999998,0.0,Tiruchirappalli,28.3,0.2
2024-10-03 06:00:00,34.4,48,0.0,1000.0,12.5,16.4,274,275,6,3,10,3,277,33.4,0.0,29.7,0.0,26.0,0.0,27.6,0.0,34.2,0.1,30.58333333333333,0.0,28.59166666666667,0.0,30.025,1.2999999999999998,1.0,0.0,Tiruchirappalli,28.5,0.0
2024-10-03 07:00:00,35.4,43,0.0,998.6,12.3,16.0,273,273,7,3,10,3,277,34.4,0.0,31.8,0.0,26.4,0.0,27.2,0.0,34.7,0.1,32.083333333333336,0.0,29.275,0.0,30.054166666666664,1.2,1.0,0.0,Tiruchirappalli,29.6,0.0
2024-10-03 08:00:00,36.0,41,0.0,997.4,11.5,15.1,273,273,8,3,10,3,277,35.4,0.0,33.4,0.0,27.8,0.0,27.0,0.0,35.3,0.0,33.45,0.0,30.025,0.0,30.08333333333333,1.2,0.6000000000000014,0.0,Tiruchirappalli,30.3,0.0
2024-10-03 09:00:00,36.1,41,0.0,996.2,10.3,13.4,266,266,9,3,10,3,277,36.0,0.0,34.4,0.0,29.7,0.0,26.7,0.0,33.4,1.0,34.516666666666666,0.0,30.808333333333334,0.0,30.195833333333336,0.2,0.1000000000000014,0.0,Tiruchirappalli,30.8,0.1
2024-10-03 10:00:00,36.9,38,0.0,995.1,7.4,9.5,238,231,10,3,10,3,277,36.1,0.0,35.4,0.0,31.8,0.0,26.5,0.0,32.6,0.2,35.36666666666667,0.0,31.675,0.0,30.375,0.0,0.7999999999999972,0.0,Tiruchirappalli,30.7,0.0
2024-10-03 11:00:00,34.1,45,0.2,996.2,11.2,15.1,255,255,11,3,10,3,277,36.9,0.0,36.0,0.0,33.4,0.0,26.2,0.0,32.9,0.0,35.483333333333334,0.2,32.333333333333336,0.2000000000000035,30.425,0.2,-2.799999999999997,0.2,Tiruchirappalli,30.6,0.0
2024-10-03 12:00:00,31.4,59,0.1,997.5,11.1,16.6,199,202,12,3,10,3,277,34.1,0.2,36.1,0.0,34.4,0.0,26.0,0.0,31.7,0.0,34.983333333333334,0.3,32.78333333333333,0.3000000000000036,30.4125,0.3,-2.700000000000003,-0.1,Tiruchirappalli,29.8,0.0
2024-10-03 13:00:00,30.9,56,0.3,997.7,5.8,6.5,156,129,13,3,10,3,277,31.4,0.1,36.9,0.0,35.4,0.0,26.4,0.0,31.3,0.0,34.233333333333334,0.6,33.15833333333333,0.6000000000000035,30.39583333333333,0.6,-0.5,0.1999999999999999,Tiruchirappalli,26.5,0.0
2024-10-03 14:00:00,29.6,66,0.0,998.7,6.8,10.7,151,155,14,3,10,3,277,30.9,0.3,34.1,0.2,36.0,0.0,27.8,0.0,30.9,0.0,33.166666666666664,0.6,33.30833333333333,0.6000000000000035,30.34166666666667,0.6,-1.2999999999999972,-0.3,Tiruchirappalli,26.4,0.0
2024-10-03 15:00:00,28.9,68,0.0,999.8,7.0,14.5,175,184,15,3,10,3,277,29.6,0.0,31.4,0.1,36.1,0.0,29.7,0.0,29.9,0.0,31.96666666666667,0.6,33.24166666666667,0.6000000000000035,30.3,0.6,-0.7000000000000028,0.0,Tiruchirappalli,26.2,0.0
2024-10-03 16:00:00,28.3,71,0.0,1000.5,3.9,12.3,184,202,16,3,10,3,277,28.9,0.0,30.9,0.3,36.9,0.0,31.8,0.0,28.9,0.0,30.53333333333333,0.6,32.95,0.6000000000000035,30.274999999999995,0.6,-0.5999999999999979,0.0,Tiruchirappalli,26.1,0.0
2024-10-03 17:00:00,26.2,88,2.8,1001.7,3.2,5.1,129,56,17,3,10,3,277,28.3,0.0,29.6,0.0,34.1,0.2,33.4,0.0,28.3,0.0,29.21666666666667,3.2,32.35,3.4000000000000035,30.1875,3.4,-2.1000000000000014,2.8,Tiruchirappalli,25.6,0.0
2024-10-03 18:00:00,26.0,90,0.0,1001.3,5.2,5.6,92,29,18,3,10,3,277,26.2,2.8,28.9,0.0,31.4,0.1,34.4,0.0,27.6,0.0,28.316666666666663,3.1,31.649999999999995,3.4000000000000035,30.120833333333334,3.4,-0.1999999999999993,-2.8,Tiruchirappalli,25.0,0.2
2024-10-03 19:00:00,25.6,94,0.0,1000.6,1.0,3.9,202,329,19,3,10,3,277,26.0,0.0,28.3,0.0,30.9,0.3,35.4,0.0,27.2,0.0,27.433333333333334,2.8,30.83333333333333,3.4000000000000035,30.054166666666664,3.4,-0.3999999999999986,0.0,Tiruchirappalli,24.6,2.1
2024-10-03 20:00:00,25.7,95,0.0,999.8,3.5,11.0,185,165,20,3,10,3,277,25.6,0.0,26.2,2.8,29.6,0.0,36.0,0.0,27.0,0.0,26.78333333333333,2.8,29.975,3.4000000000000035,30.0,3.4,0.0999999999999978,0.0,Tiruchirappalli,24.1,1.7
2024-10-03 21:00:00,25.7,93,0.0,999.1,4.6,12.6,204,219,21,3,10,3,277,25.7,0.0,26.0,0.0,28.9,0.0,36.1,0.0,26.7,0.0,26.25,2.8,29.10833333333333,3.4000000000000035,29.95833333333333,3.4,0.0,0.0,Tiruchirappalli,23.5,6.4
2024-10-03 22:00:00,26.0,91,0.0,998.7,5.0,13.4,208,215,22,3,10,3,277,25.7,0.0,25.6,0.0,28.3,0.0,36.9,0.0,26.5,0.0,25.86666666666667,2.8,28.2,3.4000000000000035,29.9375,3.4,0.3000000000000007,0.0,Tiruchirappalli,23.5,0.3
2024-10-03 23:00:00,25.7,93,0.0,998.8,4.0,10.7,243,262,23,3,10,3,277,26.0,0.0,25.7,0.0,26.2,2.8,34.1,0.2,26.2,0.0,25.78333333333333,0.0,27.5,3.200000000000004,29.916666666666668,3.4,-0.3000000000000007,0.0,Tiruchirappalli,23.5,1.3
2024-10-04 00:00:00,25.4,95,0.0,999.2,4.3,10.6,291,294,0,4,10,4,278,25.7,0.0,25.7,0.0,26.0,0.0,31.4,0.1,26.0,0.0,25.683333333333334,0.0,27.0,3.100000000000004,29.891666666666666,3.4,-0.3000000000000007,0.0,Tiruchirappalli,23.2,3.1
2024-10-04 01:00:00,26.0,91,0.0,999.5,5.4,10.5,287,291,1,4,10,4,278,25.4,0.0,26.0,0.0,25.6,0.0,30.9,0.3,26.4,0.0,25.75,0.0,26.59166666666667,2.800000000000004,29.875,3.4,0.6000000000000014,0.0,Tiruchirappalli,23.9,0.0
2024-10-04 02:00:00,27.6,80,0.0,1000.3,5.1,8.5,282,278,2,4,10,4,278,26.0,0.0,25.7,0.0,25.7,0.0,29.6,0.0,27.8,0.0,26.066666666666663,0.0,26.425,2.800000000000004,29.86666666666667,3.4,1.6000000000000014,0.0,Tiruchirappalli,25.2,0.0
2024-10-04 03:00:00,29.7,69,0.0,1000.8,8.7,11.7,265,264,3,4,10,4,278,27.6,0.0,25.4,0.0,25.7,0.0,28.9,0.0,29.7,0.0,26.73333333333333,0.0,26.49166666666667,2.800000000000004,29.866666666666664,3.4,2.099999999999998,0.0,Tiruchirappalli,27.7,0.0
2024-10-04 04:00:00,31.8,60,0.0,1001.1,9.6,12.6,266,266,4,4,10,4,278,29.7,0.0,26.0,0.0,26.0,0.0,28.3,0.0,31.8,0.0,27.7,0.0,26.78333333333333,2.800000000000004,29.86666666666667,3.4,2.1000000000000014,0.0,Tiruchirappalli,29.4,0.0
2024-10-04 05:00:00,33.6,52,0.0,1000.5,9.4,12.3,265,266,5,4,10,4,278,31.8,0.0,27.6,0.0,25.7,0.0,26.2,2.8,33.4,0.0,29.01666666666667,0.0,27.4,0.0,29.875,3.4,1.8000000000000007,0.0,Tiruchirappalli,30.8,0.0
2024-10-04 06:00:00,34.7,49,0.0,999.8,8.3,10.7,265,268,6,4,10,4,278,33.6,0.0,29.7,0.0,25.4,0.0,26.0,0.0,34.4,0.0,30.566666666666663,0.0,28.125,0.0,29.8875,3.4,1.1000000000000014,0.0,Tiruchirappalli,31.6,0.1
2024-10-04 07:00:00,35.8,45,0.0,998.4,6.5,8.3,271,275,7,4,10,4,278,34.7,0.0,31.8,0.0,26.0,0.0,25.6,0.0,35.4,0.0,32.2,0.0,28.975,0.0,29.90416666666667,3.4,1.0999999999999943,0.0,Tiruchirappalli,32.2,0.1
2024-10-04 08:00:00,36.9,42,0.0,996.6,6.7,8.5,277,279,8,4,10,4,278,35.8,0.0,33.6,0.0,27.6,0.0,25.7,0.0,36.0,0.0,33.75,0.0,29.90833333333333,0.0,29.941666666666663,3.4,1.1000000000000014,0.0,Tiruchirappalli,33.0,0.0
2024-10-04 09:00:00,36.8,40,0.0,995.7,3.7,4.7,242,247,9,4,10,4,278,36.9,0.0,34.7,0.0,29.7,0.0,25.7,0.0,36.1,0.0,34.93333333333334,0.0,30.83333333333333,0.0,29.97083333333333,3.4,-0.1000000000000014,0.0,Tiruchirappalli,32.4,0.0
2024-10-04 10:00:00,32.0,59,0.4,995.9,19.4,25.5,144,143,10,4,10,4,278,36.8,0.0,35.8,0.0,31.8,0.0,26.0,0.0,36.9,0.0,34.96666666666667,0.4,31.33333333333333,0.4000000000000036,29.766666666666666,3.8,-4.799999999999997,0.4,Tiruchirappalli,27.3,5.6
2024-10-04 11:00:00,31.1,65,0.4,996.8,8.5,11.8,172,174,11,4,10,4,278,32.0,0.4,36.9,0.0,33.6,0.0,25.7,0.0,34.1,0.2,34.55,0.8,31.78333333333333,0.8000000000000036,29.641666666666666,4.0,-0.8999999999999986,0.0,Tiruchirappalli,27.8,0.1
2024-10-04 12:00:00,29.3,71,0.7,997.8,6.7,9.5,255,254,12,4,10,4,278,31.1,0.4,36.8,0.0,34.7,0.0,25.4,0.0,31.4,0.1,33.65,1.5,32.108333333333334,1.5000000000000036,29.554166666666664,4.6,-1.8000000000000007,0.2999999999999999,Tiruchirappalli,27.6,0.0
2024-10-04 13:00:00,26.1,92,5.5,998.6,2.0,1.5,45,5,13,4,10,4,278,29.3,0.7,32.0,0.4,35.8,0.0,26.0,0.0,30.9,0.3,32.03333333333334,7.0,32.11666666666667,7.000000000000004,29.354166666666668,9.8,-3.2,4.8,Tiruchirappalli,27.1,0.0
2024-10-04 14:00:00,26.3,93,0.2,999.3,3.4,9.8,302,313,14,4,10,4,278,26.1,5.5,31.1,0.4,36.9,0.0,27.6,0.0,29.6,0.0,30.26666666666667,7.2,32.00833333333333,7.200000000000004,29.21666666666667,10.0,0.1999999999999993,-5.3,Tiruchirappalli,26.5,0.0
2024-10-04 15:00:00,26.1,94,0.2,1000.5,3.3,6.9,276,234,15,4,10,4,278,26.3,0.2,29.3,0.7,36.8,0.0,29.7,0.0,28.9,0.0,28.48333333333333,7.4,31.70833333333333,7.400000000000004,29.1,10.2,-0.1999999999999993,0.0,Tiruchirappalli,26.0,1.5
2024-10-04 16:00:00,24.9,98,4.4,1001.7,11.9,20.6,313,322,16,4,10,4,278,26.1,0.2,26.1,5.5,32.0,0.4,31.8,0.0,28.3,0.0,27.3,11.4,31.13333333333333,11.800000000000004,28.95833333333333,14.6,-1.2000000000000028,4.2,Tiruchirappalli,25.8,0.5
2024-10-04 17:00:00,25.1,94,0.2,1001.4,4.9,13.1,277,253,17,4,10,4,278,24.9,4.4,26.3,0.2,31.1,0.4,33.6,0.0,26.2,2.8,26.3,11.2,30.425,12.000000000000004,28.9125,12.0,0.2000000000000028,-4.2,Tiruchirappalli,25.4,0.1
2024-10-04 18:00:00,24.8,95,0.8,1001.5,10.6,19.9,294,304,18,4,10,4,278,25.1,0.2,26.1,0.2,29.3,0.7,34.7,0.0,26.0,0.0,25.55,11.3,29.6,12.800000000000004,28.8625,12.8,-0.3000000000000007,0.6000000000000001,Tiruchirappalli,24.7,0.7
2024-10-04 19:00:00,24.8,94,0.2,1000.7,9.6,18.0,247,233,19,4,10,4,278,24.8,0.8,24.9,4.4,26.1,5.5,35.8,0.0,25.6,0.0,25.33333333333333,6.000000000000001,28.683333333333337,13.000000000000004,28.829166666666666,13.0,0.0,-0.6000000000000001,Tiruchirappalli,24.5,0.1
2024-10-04 20:00:00,24.5,97,0.2,1000.4,5.9,12.2,287,293,20,4,10,4,278,24.8,0.2,25.1,0.2,26.3,0.2,36.9,0.0,25.7,0.0,25.03333333333333,6.000000000000001,27.649999999999995,13.200000000000005,28.77916666666667,13.2,-0.3000000000000007,0.0,Tiruchirappalli,24.2,0.1
2024-10-04 21:00:00,24.5,97,0.3,999.6,10.9,20.7,267,263,21,4,10,4,278,24.5,0.2,24.8,0.8,26.1,0.2,36.8,0.0,25.7,0.0,24.76666666666667,6.1000000000000005,26.625,13.500000000000004,28.729166666666668,13.5,0.0,0.0999999999999999,Tiruchirappalli,23.7,1.1
2024-10-04 22:00:00,24.3,96,0.2,998.8,12.7,24.0,287,286,22,4,10,4,278,24.5,0.3,24.8,0.2,24.9,4.4,32.0,0.4,26.0,0.0,24.666666666666668,1.9,25.98333333333333,13.300000000000004,28.65833333333333,13.7,-0.1999999999999993,-0.0999999999999999,Tiruchirappalli,23.8,0.1
2024-10-04 23:00:00,24.3,94,0.2,998.5,14.1,25.5,285,280,23,4,10,4,278,24.3,0.2,24.5,0.2,25.1,0.2,31.1,0.4,25.7,0.0,24.53333333333333,1.9,25.416666666666668,13.100000000000003,28.6,13.9,0.0,0.0,Tiruchirappalli,23.8,0.0
2024-10-05 00:00:00,24.2,94,0.1,999.2,11.5,21.9,279,272,0,5,10,5,279,24.3,0.2,24.5,0.3,24.8,0.8,29.3,0.7,25.4,0.0,24.433333333333334,1.2,24.991666666666664,12.500000000000004,28.55,14.0,-0.1000000000000014,-0.1,Tiruchirappalli,23.7,0.0
2024-10-05 01:00:00,24.1,96,1.8,1000.3,9.8,20.9,273,263,1,5,10,5,279,24.2,0.1,24.3,0.2,24.8,0.2,26.1,5.5,26.0,0.0,24.316666666666663,2.8,24.825000000000003,8.800000000000004,28.47083333333333,15.8,-0.0999999999999978,1.7,Tiruchirappalli,24.1,0.0
2024-10-05 02:00:00,24.8,97,1.6,1000.8,10.3,19.3,275,267,2,5,10,5,279,24.1,1.8,24.3,0.2,24.5,0.2,26.3,0.2,27.6,0.0,24.366666666666664,4.2,24.700000000000003,10.200000000000005,28.354166666666668,17.4,0.6999999999999993,-0.1999999999999999,Tiruchirappalli,25.3,0.0
2024-10-05 03:00:00,26.6,85,0.1,1001.3,13.8,19.7,279,278,3,5,10,5,279,24.8,1.6,24.2,0.1,24.5,0.3,26.1,0.2,29.7,0.0,24.71666666666667,4.0,24.741666666666664,10.100000000000003,28.225000000000005,17.5,1.8000000000000007,-1.5,Tiruchirappalli,27.1,0.0
2024-10-05 04:00:00,28.5,75,0.0,1001.7,14.4,19.9,279,279,4,5,10,5,279,26.6,0.1,24.1,1.8,24.3,0.2,24.9,4.4,31.8,0.0,25.416666666666668,3.8,25.041666666666668,5.700000000000004,28.0875,17.5,1.8999999999999984,-0.1,Tiruchirappalli,28.8,0.0
2024-10-05 05:00:00,30.1,65,0.0,1001.6,14.6,19.8,286,286,5,5,10,5,279,28.5,0.0,24.8,1.6,24.3,0.2,25.1,0.2,33.6,0.0,26.383333333333336,3.6,25.45833333333333,5.500000000000004,27.941666666666663,17.5,1.6000000000000014,0.0,Tiruchirappalli,29.5,0.0
2024-10-05 06:00:00,31.5,59,0.0,1000.6,13.8,18.6,286,286,6,5,10,5,279,30.1,0.0,26.6,0.1,24.2,0.1,24.8,0.8,34.7,0.0,27.600000000000005,3.5,26.016666666666666,4.700000000000004,27.808333333333334,17.5,1.3999999999999986,0.0,Tiruchirappalli,30.7,0.0
2024-10-05 07:00:00,32.3,55,0.0,999.0,13.4,17.7,285,285,7,5,10,5,279,31.5,0.0,28.5,0.0,24.1,1.8,24.8,0.2,35.8,0.0,28.96666666666667,1.7000000000000002,26.641666666666666,4.500000000000004,27.6625,17.5,0.7999999999999972,0.0,Tiruchirappalli,31.5,0.1
2024-10-05 08:00:00,32.7,53,0.0,997.9,12.3,16.2,285,284,8,5,10,5,279,32.3,0.0,30.1,0.0,24.8,1.6,24.5,0.2,36.9,0.0,30.28333333333333,0.1,27.325000000000003,4.300000000000003,27.4875,17.5,0.4000000000000057,0.0,Tiruchirappalli,31.5,0.1
2024-10-05 09:00:00,32.9,52,0.0,997.0,10.8,14.4,285,285,9,5,10,5,279,32.7,0.0,31.5,0.0,26.6,0.1,24.5,0.3,36.8,0.0,31.33333333333333,0.0,28.024999999999995,4.000000000000004,27.325000000000003,17.5,0.1999999999999957,0.0,Tiruchirappalli,28.9,1.0
2024-10-05 10:00:00,32.8,51,0.0,996.8,9.9,13.2,287,286,10,5,10,5,279,32.9,0.0,32.3,0.0,28.5,0.0,24.3,0.2,32.0,0.4,32.050000000000004,0.0,28.73333333333333,3.800000000000004,27.35833333333333,17.1,-0.1000000000000014,0.0,Tiruchirappalli,27.1,0.1
2024-10-05 11:00:00,32.1,54,0.0,996.9,9.9,13.1,289,289,11,5,10,5,279,32.8,0.0,32.7,0.0,30.1,0.0,24.3,0.2,31.1,0.4,32.38333333333333,0.0,29.383333333333336,3.600000000000004,27.4,16.7,-0.6999999999999957,0.0,Tiruchirappalli,27.5,0.1
2024-10-05 12:00:00,31.2,59,0.0,997.6,6.6,12.1,293,291,12,5,10,5,279,32.1,0.0,32.9,0.0,31.5,0.0,24.2,0.1,29.3,0.7,32.333333333333336,0.0,29.96666666666667,3.500000000000004,27.479166666666668,16.0,-0.9000000000000021,0.0,Tiruchirappalli,27.2,0.0
2024-10-05 13:00:00,29.2,72,0.0,998.4,4.8,5.5,32,45,13,5,10,5,279,31.2,0.0,32.8,0.0,32.3,0.0,24.1,1.8,26.1,5.5,31.816666666666663,0.0,30.391666666666666,1.7000000000000035,27.60833333333333,10.5,-2.0,0.0,Tiruchirappalli,27.0,0.0
2024-10-05 14:00:00,28.0,74,0.0,999.6,14.0,22.0,123,123,14,5,10,5,279,29.2,0.0,32.1,0.0,32.7,0.0,24.8,1.6,26.3,0.2,31.03333333333333,0.0,30.65833333333333,0.1000000000000035,27.679166666666664,10.3,-1.1999999999999993,0.0,Tiruchirappalli,26.1,0.0
2024-10-05 15:00:00,25.8,84,0.0,1000.3,7.6,14.4,152,152,15,5,10,5,279,28.0,0.0,31.2,0.0,32.9,0.0,26.6,0.1,26.1,0.2,29.85,0.0,30.59166666666667,0.0,27.666666666666668,10.1,-2.2,0.0,Tiruchirappalli,25.8,0.0
2024-10-05 16:00:00,25.8,87,0.0,1001.2,6.7,13.9,178,177,16,5,10,5,279,25.8,0.0,29.2,0.0,32.8,0.0,28.5,0.0,24.9,4.4,28.683333333333334,0.0,30.36666666666667,0.0,27.704166666666666,5.699999999999999,0.0,0.0,Tiruchirappalli,25.6,0.0
2024-10-05 17:00:00,26.0,86,0.0,1001.2,7.1,13.4,244,254,17,5,10,5,279,25.8,0.0,28.0,0.0,32.1,0.0,30.1,0.0,25.1,0.2,27.666666666666668,0.0,30.025,0.0,27.74166666666667,5.499999999999999,0.1999999999999993,0.0,Tiruchirappalli,25.3,1.9
2024-10-05 18:00:00,26.0,84,0.0,1000.8,5.5,12.2,250,247,18,5,10,5,279,26.0,0.0,25.8,0.0,31.2,0.0,31.5,0.0,24.8,0.8,26.8,0.0,29.566666666666663,0.0,27.791666666666668,4.699999999999999,0.0,0.0,Tiruchirappalli,24.8,1.0
2024-10-05 19:00:00,25.7,83,0.0,1000.0,7.6,15.3,270,262,19,5,10,5,279,26.0,0.0,25.8,0.0,29.2,0.0,32.3,0.0,24.8,0.2,26.216666666666665,0.0,29.016666666666666,0.0,27.829166666666666,4.499999999999999,-0.3000000000000007,0.0,Tiruchirappalli,24.1,0.6
2024-10-05 20:00:00,25.6,83,0.0,999.7,8.2,15.9,264,256,20,5,10,5,279,25.7,0.0,26.0,0.0,28.0,0.0,32.7,0.0,24.5,0.2,25.816666666666663,0.0,28.425,0.0,27.875,4.299999999999999,-0.0999999999999978,0.0,Tiruchirappalli,24.0,0.3
2024-10-05 21:00:00,25.5,83,0.0,998.8,7.7,15.7,273,271,21,5,10,5,279,25.6,0.0,26.0,0.0,25.8,0.0,32.9,0.0,24.5,0.3,25.76666666666667,0.0,27.808333333333337,0.0,27.916666666666668,3.999999999999999,-0.1000000000000014,0.0,Tiruchirappalli,23.7,0.0
2024-10-05 22:00:00,25.4,84,0.0,998.6,6.7,14.2,274,270,22,5,10,5,279,25.5,0.0,25.7,0.0,25.8,0.0,32.8,0.0,24.3,0.2,25.7,0.0,27.191666666666663,0.0,27.962499999999995,3.8,-0.1000000000000014,0.0,Tiruchirappalli,23.8,0.0
2024-10-05 23:00:00,25.4,85,0.0,998.7,5.6,12.6,272,268,23,5,10,5,279,25.4,0.0,25.6,0.0,26.0,0.0,32.1,0.0,24.3,0.2,25.6,0.0,26.63333333333333,0.0,28.008333333333336,3.599999999999999,0.0,0.0,Tiruchirappalli,23.5,0.7
2024-10-06 00:00:00,25.4,85,0.0,998.8,6.8,13.9,275,273,0,6,10,6,280,25.4,0.0,25.5,0.0,26.0,0.0,31.2,0.0,24.2,0.1,25.5,0.0,26.15,0.0,28.058333333333334,3.499999999999999,0.0,0.0,Tiruchirappalli,23.4,0.3
2024-10-06 01:00:00,25.3,84,0.0,999.9,9.3,16.8,283,279,1,6,10,6,280,25.4,0.0,25.4,0.0,25.7,0.0,29.2,0.0,24.1,1.8,25.433333333333334,0.0,25.825,0.0,28.10833333333333,1.6999999999999993,-0.0999999999999978,0.0,Tiruchirappalli,23.8,0.0
2024-10-06 02:00:00,26.1,81,0.0,1000.8,7.2,11.0,274,269,2,6,10,6,280,25.3,0.0,25.4,0.0,25.6,0.0,28.0,0.0,24.8,1.6,25.516666666666666,0.0,25.666666666666668,0.0,28.1625,0.0999999999999991,0.8000000000000007,0.0,Tiruchirappalli,25.0,0.0
2024-10-06 03:00:00,27.3,75,0.0,1001.6,8.0,11.0,280,278,3,6,10,6,280,26.1,0.0,25.4,0.0,25.5,0.0,25.8,0.0,26.6,0.1,25.816666666666663,0.0,25.791666666666668,0.0,28.191666666666663,0.0,1.1999999999999993,0.0,Tiruchirappalli,26.5,0.0
2024-10-06 04:00:00,27.9,72,0.0,1001.8,10.5,14.1,286,286,4,6,10,6,280,27.3,0.0,25.3,0.0,25.4,0.0,25.8,0.0,28.5,0.0,26.23333333333333,0.0,25.966666666666665,0.0,28.166666666666668,0.0,0.5999999999999979,0.0,Tiruchirappalli,27.5,0.2
2024-10-06 05:00:00,29.6,65,0.0,1001.5,9.5,12.5,300,299,5,6,10,6,280,27.9,0.0,26.1,0.0,25.4,0.0,26.0,0.0,30.1,0.0,26.933333333333334,0.0,26.266666666666666,0.0,28.14583333333333,0.0,1.7000000000000028,0.0,Tiruchirappalli,28.7,0.2
2024-10-06 06:00:00,30.2,62,0.0,1000.2,8.2,10.7,299,299,6,6,10,6,280,29.6,0.0,27.3,0.0,25.4,0.0,26.0,0.0,31.5,0.0,27.73333333333333,0.0,26.616666666666664,0.0,28.09166666666667,0.0,0.5999999999999979,0.0,Tiruchirappalli,29.8,0.3
2024-10-06 07:00:00,31.1,59,0.0,999.2,6.3,8.1,309,309,7,6,10,6,280,30.2,0.0,27.9,0.0,25.3,0.0,25.7,0.0,32.3,0.0,28.7,0.0,27.066666666666663,0.0,28.041666666666668,0.0,0.9000000000000021,0.0,Tiruchirappalli,28.8,0.3
2024-10-06 08:00:00,31.4,56,0.0,998.3,4.8,5.9,340,340,8,6,10,6,280,31.1,0.0,29.6,0.0,26.1,0.0,25.6,0.0,32.7,0.0,29.58333333333333,0.0,27.55,0.0,27.9875,0.0,0.2999999999999971,0.0,Tiruchirappalli,29.7,0.3
2024-10-06 09:00:00,31.3,56,0.0,997.3,3.3,4.1,358,354,9,6,10,6,280,31.4,0.0,30.2,0.0,27.3,0.0,25.5,0.0,32.9,0.0,30.25,0.0,28.03333333333333,0.0,27.92083333333333,0.0,-0.0999999999999978,0.0,Tiruchirappalli,28.8,0.2
2024-10-06 10:00:00,31.1,56,0.0,996.7,1.7,2.3,45,41,10,6,10,6,280,31.3,0.0,31.1,0.0,27.9,0.0,25.4,0.0,32.8,0.0,30.78333333333333,0.0,28.508333333333336,0.0,27.85,0.0,-0.1999999999999993,0.0,Tiruchirappalli,28.2,0.3
2024-10-06 11:00:00,30.9,57,0.0,997.3,2.6,3.2,153,164,11,6,10,6,280,31.1,0.0,31.4,0.0,29.6,0.0,25.4,0.0,32.1,0.0,31.0,0.0,28.96666666666667,0.0,27.8,0.0,-0.2000000000000028,0.0,Tiruchirappalli,27.7,0.2
2024-10-06 12:00:00,30.1,65,0.0,997.8,1.2,2.4,171,231,12,6,10,6,280,30.9,0.0,31.3,0.0,30.2,0.0,25.4,0.0,31.2,0.0,30.98333333333333,0.0,29.35833333333333,0.0,27.754166666666663,0.0,-0.7999999999999972,0.0,Tiruchirappalli,27.1,0.1
2024-10-06 13:00:00,28.2,70,0.0,998.8,7.0,12.3,218,215,13,6,10,6,280,30.1,0.0,31.1,0.0,31.1,0.0,25.3,0.0,29.2,0.0,30.5,0.0,29.6,0.0,27.7125,0.0,-1.900000000000002,0.0,Tiruchirappalli,26.0,0.4
2024-10-06 14:00:00,27.7,71,0.0,999.5,4.3,9.3,212,213,14,6,10,6,280,28.2,0.0,30.9,0.0,31.4,0.0,26.1,0.0,28.0,0.0,29.883333333333336,0.0,29.73333333333333,0.0,27.7,0.0,-0.5,0.0,Tiruchirappalli,25.6,0.6
2024-10-06 15:00:00,27.3,73,0.0,1000.4,3.6,8.8,215,213,15,6,10,6,280,27.7,0.0,30.1,0.0,31.3,0.0,27.3,0.0,25.8,0.0,29.21666666666667,0.0,29.73333333333333,0.0,27.762500000000003,0.0,-0.3999999999999986,0.0,Tiruchirappalli,25.0,0.8
2024-10-06 16:00:00,26.8,77,0.0,1000.8,3.1,6.8,177,144,16,6,10,6,280,27.3,0.0,28.2,0.0,31.1,0.0,27.9,0.0,25.8,0.0,28.5,0.0,29.64166666666667,0.0,27.804166666666664,0.0,-0.5,0.0,Tiruchirappalli,25.1,0.1
2024-10-06 17:00:00,26.6,77,0.0,1001.1,5.9,12.8,164,153,17,6,10,6,280,26.8,0.0,27.7,0.0,30.9,0.0,29.6,0.0,26.0,0.0,27.78333333333333,0.0,29.391666666666666,0.0,27.829166666666666,0.0,-0.1999999999999993,0.0,Tiruchirappalli,24.7,1.0
2024-10-06 18:00:00,26.3,77,0.0,1001.0,5.6,13.8,187,187,18,6,10,6,280,26.6,0.0,27.3,0.0,30.1,0.0,30.2,0.0,26.0,0.0,27.15,0.0,29.066666666666663,0.0,27.841666666666665,0.0,-0.3000000000000007,0.0,Tiruchirappalli,24.4,0.4
2024-10-06 19:00:00,26.3,75,0.0,1000.3,4.8,12.0,201,211,19,6,10,6,280,26.3,0.0,26.8,0.0,28.2,0.0,31.1,0.0,25.7,0.0,26.83333333333333,0.0,28.666666666666668,0.0,27.86666666666667,0.0,0.0,0.0,Tiruchirappalli,23.9,0.5
2024-10-06 20:00:00,25.9,79,0.0,1000.2,3.7,10.2,228,247,20,6,10,6,280,26.3,0.0,26.6,0.0,27.7,0.0,31.4,0.0,25.6,0.0,26.53333333333333,0.0,28.20833333333333,0.0,27.879166666666663,0.0,-0.4000000000000021,0.0,Tiruchirappalli,23.7,1.1
2024-10-06 21:00:00,25.4,82,0.0,999.5,3.3,9.4,232,234,21,6,10,6,280,25.9,0.0,26.3,0.0,27.3,0.0,31.3,0.0,25.5,0.0,26.216666666666665,0.0,27.71666666666667,0.0,27.875,0.0,-0.5,0.0,Tiruchirappalli,23.6,0.4
2024-10-06 22:00:00,25.1,87,0.0,999.6,3.6,9.4,230,221,22,6,10,6,280,25.4,0.0,26.3,0.0,26.8,0.0,31.1,0.0,25.4,0.0,25.933333333333334,0.0,27.216666666666665,0.0,27.8625,0.0,-0.2999999999999971,0.0,Tiruchirappalli,23.6,0.5
2024-10-06 23:00:00,24.5,91,0.0,999.8,4.2,8.0,243,220,23,6,10,6,280,25.1,0.0,25.9,0.0,26.6,0.0,30.9,0.0,25.4,0.0,25.58333333333333,0.0,26.683333333333334,0.0,27.825,0.0,-0.6000000000000014,0.0,Tiruchirappalli,23.7,0.1
2024-10-07 00:00:00,24.1,93,0.0,1000.3,3.5,7.1,251,215,0,7,10,0,281,24.5,0.0,25.4,0.0,26.3,0.0,30.1,0.0,25.4,0.0,25.21666666666667,0.0,26.183333333333334,0.0,27.77083333333333,0.0,-0.3999999999999986,0.0,Tiruchirappalli,23.5,0.1
2024-10-07 01:00:00,25.0,87,0.0,1000.9,4.6,8.7,291,291,1,7,10,0,281,24.1,0.0,25.1,0.0,26.3,0.0,28.2,0.0,25.3,0.0,25.0,0.0,25.916666666666668,0.0,27.758333333333336,0.0,0.8999999999999986,0.0,Tiruchirappalli,24.2,0.2
2024-10-07 02:00:00,26.2,82,0.0,1001.9,5.0,7.1,263,255,2,7,10,0,281,25.0,0.0,24.5,0.0,25.9,0.0,27.7,0.0,26.1,0.0,25.05,0.0,25.791666666666668,0.0,27.7625,0.0,1.1999999999999993,0.0,Tiruchirappalli,24.8,0.1
2024-10-07 03:00:00,27.9,73,0.0,1002.5,2.7,3.4,317,312,3,7,10,0,281,26.2,0.0,24.1,0.0,25.4,0.0,27.3,0.0,27.3,0.0,25.46666666666667,0.0,25.841666666666665,0.0,27.787500000000005,0.0,1.6999999999999993,0.0,Tiruchirappalli,25.8,0.1
2024-10-07 04:00:00,29.7,64,0.0,1002.7,4.1,5.1,63,61,4,7,10,0,281,27.9,0.0,25.0,0.0,25.1,0.0,26.8,0.0,27.9,0.0,26.23333333333333,0.0,26.08333333333333,0.0,27.8625,0.0,1.8000000000000007,0.0,Tiruchirappalli,27.1,0.2
2024-10-07 05:00:00,31.0,58,0.0,1002.2,6.1,7.9,66,66,5,7,10,0,281,29.7,0.0,26.2,0.0,24.5,0.0,26.6,0.0,29.6,0.0,27.316666666666663,0.0,26.450000000000003,0.0,27.92083333333333,0.0,1.3000000000000007,0.0,Tiruchirappalli,28.3,0.2
2024-10-07 06:00:00,32.3,55,0.0,1001.3,6.0,7.6,87,87,6,7,10,0,281,31.0,0.0,27.9,0.0,24.1,0.0,26.3,0.0,30.2,0.0,28.683333333333334,0.0,26.95,0.0,28.008333333333336,0.0,1.2999999999999972,0.0,Tiruchirappalli,29.3,0.1
2024-10-07 07:00:00,33.3,51,0.0,999.6,7.4,9.4,85,83,7,7,10,0,281,32.3,0.0,29.7,0.0,25.0,0.0,26.3,0.0,31.1,0.0,30.066666666666663,0.0,27.53333333333333,0.0,28.1,0.0,1.0,0.0,Tiruchirappalli,29.8,0.1
2024-10-07 08:00:00,31.6,55,0.1,998.8,11.3,14.7,121,124,8,7,10,0,281,33.3,0.0,31.0,0.0,26.2,0.0,25.9,0.0,31.4,0.0,30.96666666666667,0.1,28.008333333333336,0.1000000000000035,28.10833333333333,0.0999999999999991,-1.6999999999999955,0.1,Tiruchirappalli,30.4,0.0
2024-10-07 09:00:00,26.5,86,7.5,998.6,9.5,15.3,141,143,9,7,10,0,281,31.6,0.1,32.3,0.0,27.9,0.0,25.4,0.0,31.3,0.0,30.73333333333333,7.6,28.1,7.600000000000003,27.90833333333333,7.599999999999999,-5.100000000000001,7.4,Tiruchirappalli,28.4,0.6
2024-10-07 10:00:00,27.8,81,0.1,998.5,8.4,11.7,149,152,10,7,10,0,281,26.5,7.5,33.3,0.0,29.7,0.0,25.1,0.0,31.1,0.0,30.41666666666666,7.699999999999999,28.325,7.700000000000003,27.77083333333333,7.699999999999998,1.3000000000000007,-7.4,Tiruchirappalli,28.1,0.0
2024-10-07 11:00:00,28.5,74,0.1,998.9,11.1,15.0,135,137,11,7,10,0,281,27.8,0.1,31.6,0.1,31.0,0.0,24.5,0.0,30.9,0.0,30.0,7.8,28.65833333333333,7.800000000000003,27.67083333333333,7.799999999999999,0.6999999999999993,0.0,Tiruchirappalli,27.8,0.1
2024-10-07 12:00:00,26.9,82,2.8,999.4,5.5,9.3,131,128,12,7,10,0,281,28.5,0.1,26.5,7.5,32.3,0.0,24.1,0.0,30.1,0.0,29.1,10.6,28.891666666666666,10.600000000000003,27.5375,10.599999999999998,-1.6000000000000014,2.7,Tiruchirappalli,26.7,0.4
2024-10-07 13:00:00,25.5,96,0.3,1000.0,1.5,3.8,180,291,13,7,10,0,281,26.9,2.8,27.8,0.1,33.3,0.0,25.0,0.0,28.2,0.0,27.8,10.9,28.933333333333334,10.900000000000004,27.425,10.9,-1.3999999999999986,-2.5,Tiruchirappalli,26.1,0.1
2024-10-07 14:00:00,24.4,95,2.0,1001.6,8.2,15.1,128,113,14,7,10,0,281,25.5,0.3,28.5,0.1,31.6,0.1,26.2,0.0,27.7,0.0,26.6,12.8,28.78333333333333,12.900000000000004,27.2875,12.9,-1.1000000000000014,1.7,Tiruchirappalli,25.3,1.5
2024-10-07 15:00:00,24.4,96,1.0,1002.5,5.7,8.6,129,118,15,7,10,0,281,24.4,2.0,26.9,2.8,26.5,7.5,27.9,0.0,27.3,0.0,26.25,6.3,28.49166666666667,13.900000000000004,27.166666666666668,13.9,0.0,-1.0,Tiruchirappalli,24.4,7.7
2024-10-07 16:00:00,23.5,98,4.5,1003.1,7.9,12.8,101,93,16,7,10,0,281,24.4,1.0,25.5,0.3,27.8,0.1,29.7,0.0,26.8,0.0,25.53333333333333,10.7,27.975,18.4,27.02916666666667,18.4,-0.8999999999999986,3.5,Tiruchirappalli,24.1,8.0
2024-10-07 17:00:00,23.6,98,0.6,1003.1,5.7,8.0,52,41,17,7,10,0,281,23.5,4.5,24.4,2.0,28.5,0.1,31.0,0.0,26.6,0.0,24.716666666666665,11.2,27.35833333333333,19.000000000000004,26.904166666666665,19.0,0.1000000000000014,-3.9,Tiruchirappalli,23.9,0.1
2024-10-07 18:00:00,23.7,97,0.0,1002.7,1.8,1.3,34,315,18,7,10,0,281,23.6,0.6,24.4,1.0,26.9,2.8,32.3,0.0,26.3,0.0,24.183333333333334,8.4,26.641666666666666,19.000000000000004,26.79583333333333,19.0,0.0999999999999978,-0.6,Tiruchirappalli,23.7,1.5
2024-10-07 19:00:00,23.7,96,0.1,1001.8,2.3,3.9,114,122,19,7,10,0,281,23.7,0.0,23.5,4.5,25.5,0.3,33.3,0.0,26.3,0.0,23.883333333333336,8.2,25.84166666666667,19.1,26.6875,19.1,0.0,0.1,Tiruchirappalli,23.6,5.8
2024-10-07 20:00:00,23.8,97,0.3,1001.2,1.6,1.8,336,333,20,7,10,0,281,23.7,0.1,23.6,0.6,24.4,2.0,31.6,0.1,25.9,0.0,23.78333333333333,6.5,25.191666666666663,19.3,26.6,19.4,0.1000000000000014,0.1999999999999999,Tiruchirappalli,23.5,0.1
2024-10-07 21:00:00,23.8,98,0.2,1000.6,3.6,5.6,4,6,21,7,10,0,281,23.8,0.3,23.7,0.0,24.4,1.0,26.5,7.5,25.4,0.0,23.683333333333334,5.7,24.966666666666665,12.000000000000004,26.53333333333333,19.6,0.0,-0.0999999999999999,Tiruchirappalli,23.4,0.1
2024-10-07 22:00:00,23.8,97,0.5,1000.6,3.1,4.9,28,24,22,7,10,0,281,23.8,0.2,23.7,0.1,23.5,4.5,27.8,0.1,25.1,0.0,23.73333333333333,1.7,24.633333333333336,12.400000000000004,26.479166666666668,20.1,0.0,0.3,Tiruchirappalli,23.2,0.1
2024-10-07 23:00:00,23.8,98,0.6,1000.6,1.5,2.9,356,346,23,7,10,0,281,23.8,0.5,23.8,0.3,23.6,0.6,28.5,0.1,24.5,0.0,23.766666666666666,1.7000000000000002,24.24166666666667,12.900000000000004,26.45,20.7,0.0,0.0999999999999999,Tiruchirappalli,23.1,0.0
2024-10-08 00:00:00,23.8,98,1.0,1001.1,2.3,3.8,335,315,0,8,10,1,282,23.8,0.6,23.8,0.2,23.7,0.0,26.9,2.8,24.1,0.0,23.78333333333333,2.7,23.98333333333333,11.100000000000003,26.4375,21.7,0.0,0.4,Tiruchirappalli,22.8,0.0
2024-10-08 01:00:00,24.2,92,0.0,1001.8,5.7,8.0,322,323,1,8,10,1,282,23.8,1.0,23.8,0.5,23.7,0.1,25.5,0.3,25.0,0.0,23.86666666666667,2.6,23.875,10.800000000000002,26.404166666666665,21.7,0.3999999999999986,-1.0,Tiruchirappalli,23.5,0.9
2024-10-08 02:00:00,25.1,89,0.0,1002.6,5.1,6.8,17,18,2,8,10,1,282,24.2,0.0,23.8,0.6,23.8,0.3,24.4,2.0,26.2,0.0,24.08333333333333,2.3,23.933333333333334,8.800000000000002,26.35833333333333,21.7,0.9000000000000021,0.0,Tiruchirappalli,23.8,2.6
2024-10-08 03:00:00,26.3,82,0.0,1003.2,6.0,7.7,37,37,3,8,10,1,282,25.1,0.0,23.8,1.0,23.8,0.2,24.4,1.0,27.9,0.0,24.5,2.1,24.091666666666665,7.800000000000003,26.291666666666668,21.7,1.1999999999999993,0.0,Tiruchirappalli,25.1,0.8
2024-10-08 04:00:00,27.3,78,0.1,1003.4,3.2,4.1,45,47,4,8,10,1,282,26.3,0.0,24.2,0.0,23.8,0.5,23.5,4.5,29.7,0.0,25.08333333333333,1.7000000000000002,24.40833333333333,3.4000000000000035,26.191666666666663,21.8,1.0,0.1,Tiruchirappalli,26.1,0.2
2024-10-08 05:00:00,28.3,74,0.2,1003.3,5.0,6.4,47,49,5,8,10,1,282,27.3,0.1,25.1,0.0,23.8,0.6,23.6,0.6,31.0,0.0,25.83333333333333,1.3,24.8,3.000000000000004,26.079166666666666,22.0,1.0,0.1,Tiruchirappalli,27.3,0.2
2024-10-08 06:00:00,28.5,73,0.0,1002.4,3.9,4.8,37,37,6,8,10,1,282,28.3,0.2,26.3,0.0,23.8,1.0,23.7,0.0,32.3,0.0,26.616666666666664,0.3000000000000001,25.200000000000003,3.000000000000004,25.92083333333333,22.0,0.1999999999999993,-0.2,Tiruchirappalli,28.4,0.3
2024-10-08 07:00:00,29.6,68,0.0,1001.1,4.5,5.6,29,29,7,8,10,1,282,28.5,0.0,27.3,0.1,24.2,0.0,23.7,0.1,33.3,0.0,27.51666666666667,0.3000000000000001,25.691666666666663,2.9000000000000035,25.766666666666666,22.0,1.1000000000000014,0.0,Tiruchirappalli,29.0,0.1
2024-10-08 08:00:00,30.3,65,0.0,999.7,3.9,5.0,41,43,8,8,10,1,282,29.6,0.0,28.3,0.2,25.1,0.0,23.8,0.3,31.6,0.1,28.383333333333336,0.3000000000000001,26.23333333333333,2.600000000000004,25.7125,21.9,0.6999999999999993,0.0,Tiruchirappalli,30.4,0.2
2024-10-08 09:00:00,30.8,62,0.1,998.9,2.8,3.5,75,79,9,8,10,1,282,30.3,0.0,28.5,0.0,26.3,0.0,23.8,0.2,26.5,7.5,29.133333333333336,0.4000000000000001,26.816666666666663,2.500000000000004,25.891666666666666,14.499999999999998,0.5,0.1,Tiruchirappalli,29.1,1.3
2024-10-08 10:00:00,30.7,62,0.0,998.0,3.6,4.6,111,110,10,8,10,1,282,30.8,0.1,29.6,0.0,27.3,0.1,23.8,0.5,27.8,0.1,29.7,0.3000000000000001,27.391666666666666,2.000000000000004,26.012500000000003,14.4,-0.1000000000000014,-0.1,Tiruchirappalli,26.7,2.9
2024-10-08 11:00:00,30.6,62,0.0,998.1,4.7,5.9,72,67,11,8,10,1,282,30.7,0.0,30.3,0.0,28.3,0.2,23.8,0.6,28.5,0.1,30.08333333333333,0.1000000000000001,27.95833333333333,1.4000000000000037,26.1,14.3,-0.0999999999999978,0.0,Tiruchirappalli,26.4,0.9
2024-10-08 12:00:00,29.8,67,0.0,998.8,4.0,7.7,60,51,12,8,10,1,282,30.6,0.0,30.8,0.1,28.5,0.0,23.8,1.0,26.9,2.8,30.3,0.1000000000000001,28.45833333333333,0.4000000000000036,26.22083333333333,11.499999999999998,-0.8000000000000007,0.0,Tiruchirappalli,26.1,0.6
2024-10-08 13:00:00,26.5,86,0.0,1000.4,7.2,12.5,47,25,13,8,10,1,282,29.8,0.0,30.7,0.0,29.6,0.0,24.2,0.0,25.5,0.3,29.78333333333333,0.1000000000000001,28.65,0.4000000000000036,26.262500000000003,11.199999999999998,-3.3000000000000007,0.0,Tiruchirappalli,26.5,0.0
2024-10-08 14:00:00,26.4,88,0.0,1001.2,2.3,7.1,52,4,14,8,10,1,282,26.5,0.0,30.6,0.0,30.3,0.0,25.1,0.0,24.4,2.0,29.133333333333336,0.1000000000000001,28.758333333333336,0.4000000000000036,26.34583333333333,9.199999999999998,-0.1000000000000014,0.0,Tiruchirappalli,26.1,0.3
2024-10-08 15:00:00,26.2,91,0.0,1001.7,3.1,9.3,81,69,15,8,10,1,282,26.4,0.0,29.8,0.0,30.8,0.1,26.3,0.0,24.4,1.0,28.366666666666664,0.0,28.75,0.4000000000000036,26.42083333333333,8.199999999999998,-0.1999999999999993,0.0,Tiruchirappalli,24.8,4.1
2024-10-08 16:00:00,26.1,91,0.0,1002.3,3.6,6.4,98,117,16,8,10,1,282,26.2,0.0,26.5,0.0,30.7,0.0,27.3,0.1,23.5,4.5,27.6,0.0,28.65,0.3000000000000036,26.529166666666665,3.6999999999999993,-0.0999999999999978,0.0,Tiruchirappalli,24.4,2.0
2024-10-08 17:00:00,25.6,94,0.0,1002.3,4.0,6.3,110,120,17,8,10,1,282,26.1,0.0,26.4,0.0,30.6,0.0,28.3,0.2,23.6,0.6,26.76666666666667,0.0,28.425,0.1000000000000035,26.6125,3.0999999999999988,-0.5,0.0,Tiruchirappalli,24.3,0.0
2024-10-08 18:00:00,25.0,96,0.2,1001.7,2.9,4.5,104,47,18,8,10,1,282,25.6,0.0,26.2,0.0,29.8,0.0,28.5,0.0,23.7,0.0,25.96666666666667,0.2000000000000001,28.133333333333336,0.3000000000000036,26.666666666666668,3.299999999999999,-0.6000000000000014,0.2,Tiruchirappalli,24.2,0.0
2024-10-08 19:00:00,24.6,98,2.1,1001.1,7.5,8.8,33,11,19,8,10,1,282,25.0,0.2,26.1,0.0,26.5,0.0,29.6,0.0,23.7,0.1,25.65,2.3000000000000003,27.716666666666665,2.400000000000004,26.704166666666666,5.299999999999999,-0.3999999999999986,1.9,Tiruchirappalli,23.7,0.0
2024-10-08 20:00:00,24.1,100,1.7,1000.6,6.7,11.4,74,66,20,8,10,1,282,24.6,2.1,25.6,0.0,26.4,0.0,30.3,0.0,23.8,0.3,25.266666666666666,4.0,27.200000000000003,4.100000000000003,26.71666666666667,6.699999999999999,-0.5,-0.4000000000000001,Tiruchirappalli,23.5,0.0
2024-10-08 21:00:00,23.5,99,6.4,1000.5,5.7,8.0,59,41,21,8,10,1,282,24.1,1.7,25.0,0.2,26.2,0.0,30.8,0.1,23.8,0.2,24.816666666666663,10.4,26.59166666666667,10.400000000000004,26.70416666666667,12.9,-0.6000000000000014,4.7,Tiruchirappalli,23.9,0.0
2024-10-08 22:00:00,23.5,97,0.3,1000.1,0.4,1.2,117,297,22,8,10,1,282,23.5,6.4,24.6,2.1,26.1,0.0,30.7,0.0,23.8,0.5,24.383333333333336,10.7,25.99166666666667,10.700000000000005,26.691666666666663,12.7,0.0,-6.1000000000000005,Tiruchirappalli,23.8,0.1
2024-10-08 23:00:00,23.5,97,1.3,999.8,0.8,2.4,167,225,23,8,10,1,282,23.5,0.3,24.1,1.7,25.6,0.0,30.6,0.0,23.8,0.6,24.03333333333333,12.0,25.4,12.000000000000004,26.67916666666667,13.4,0.0,1.0,Tiruchirappalli,23.8,0.5
2024-10-09 00:00:00,23.2,97,3.1,1000.7,4.2,6.4,45,36,0,9,10,2,283,23.5,1.3,23.5,6.4,25.0,0.2,29.8,0.0,23.8,1.0,23.73333333333333,14.900000000000002,24.85,15.100000000000003,26.654166666666665,15.5,-0.3000000000000007,1.8,Tiruchirappalli,23.8,0.4
2024-10-09 01:00:00,23.9,96,0.0,1000.5,1.8,4.7,16,6,1,9,10,2,283,23.2,3.1,23.5,0.3,24.6,2.1,26.5,0.0,24.2,0.0,23.616666666666664,12.8,24.63333333333333,15.100000000000003,26.64166666666667,15.5,0.6999999999999993,-3.1,Tiruchirappalli,24.2,2.1
2024-10-09 02:00:00,25.2,89,0.0,1001.7,2.7,3.7,23,23,2,9,10,2,283,23.9,0.0,23.5,1.3,24.1,1.7,26.4,0.0,25.1,0.0,23.8,11.1,24.53333333333333,15.100000000000003,26.64583333333333,15.5,1.3000000000000007,0.0,Tiruchirappalli,24.3,1.9
2024-10-09 03:00:00,27.7,74,0.0,1002.0,2.3,2.9,86,86,3,9,10,2,283,25.2,0.0,23.2,3.1,23.5,6.4,26.2,0.0,26.3,0.0,24.5,4.7,24.65833333333333,15.100000000000003,26.70416666666667,15.5,2.5,0.0,Tiruchirappalli,25.1,0.5
2024-10-09 04:00:00,29.4,69,0.0,1001.6,2.3,2.7,67,67,4,9,10,2,283,27.7,0.0,23.9,0.0,23.5,0.3,26.1,0.0,27.3,0.1,25.48333333333333,4.4,24.933333333333334,15.100000000000003,26.791666666666668,15.4,1.6999999999999993,0.0,Tiruchirappalli,26.3,0.0
2024-10-09 05:00:00,30.8,62,0.0,1001.3,5.4,6.8,93,90,5,9,10,2,283,29.4,0.0,25.2,0.0,23.5,1.3,25.6,0.0,28.3,0.2,26.7,3.1,25.366666666666664,15.100000000000003,26.89583333333333,15.2,1.400000000000002,0.0,Tiruchirappalli,26.5,0.0
2024-10-09 06:00:00,31.6,58,0.1,1000.5,6.1,7.7,102,102,6,9,10,2,283,30.8,0.0,27.7,0.0,23.2,3.1,25.0,0.2,28.5,0.0,28.100000000000005,0.1,25.916666666666668,15.000000000000004,27.025,15.3,0.8000000000000007,0.1,Tiruchirappalli,26.1,0.8
2024-10-09 07:00:00,32.2,58,0.1,999.5,5.2,6.6,127,124,7,9,10,2,283,31.6,0.1,29.4,0.0,23.9,0.0,24.6,2.1,29.6,0.0,29.48333333333333,0.2,26.55,13.000000000000004,27.133333333333336,15.4,0.6000000000000014,0.0,Tiruchirappalli,26.7,0.6
2024-10-09 08:00:00,33.0,53,0.0,997.6,7.0,8.7,94,91,8,9,10,2,283,32.2,0.1,30.8,0.0,25.2,0.0,24.1,1.7,30.3,0.0,30.78333333333333,0.2,27.291666666666668,11.300000000000004,27.245833333333334,15.4,0.7999999999999972,-0.1,Tiruchirappalli,27.1,1.0
2024-10-09 09:00:00,32.4,54,0.0,996.9,11.3,13.9,127,129,9,9,10,2,283,33.0,0.0,31.6,0.1,27.7,0.0,23.5,6.4,30.8,0.1,31.566666666666663,0.2,28.03333333333333,4.900000000000004,27.3125,15.3,-0.6000000000000014,0.0,Tiruchirappalli,27.5,0.1
2024-10-09 10:00:00,27.3,84,5.6,997.7,9.0,13.4,168,165,10,9,10,2,283,32.4,0.0,32.2,0.1,29.4,0.0,23.5,0.3,30.7,0.0,31.216666666666665,5.8,28.35,10.200000000000005,27.17083333333333,20.9,-5.099999999999998,5.6,Tiruchirappalli,27.4,0.0
2024-10-09 11:00:00,27.8,81,0.1,996.8,6.8,9.3,136,127,11,9,10,2,283,27.3,5.6,33.0,0.0,30.8,0.0,23.5,1.3,30.6,0.0,30.71666666666667,5.9,28.70833333333333,9.000000000000004,27.05416666666667,21.0,0.5,-5.5,Tiruchirappalli,26.5,0.3
2024-10-09 12:00:00,27.6,81,0.0,997.2,6.7,8.9,115,110,12,9,10,2,283,27.8,0.1,32.4,0.0,31.6,0.1,23.2,3.1,29.8,0.0,30.05,5.8,29.075,5.900000000000003,26.9625,21.0,-0.1999999999999993,-0.1,Tiruchirappalli,25.9,0.4
2024-10-09 13:00:00,27.1,80,0.0,998.1,4.9,10.3,105,94,13,9,10,2,283,27.6,0.0,27.3,5.6,32.2,0.1,23.9,0.0,26.5,0.0,29.2,5.699999999999999,29.34166666666667,5.900000000000003,26.9875,21.0,-0.5,0.0,Tiruchirappalli,25.1,0.4
2024-10-09 14:00:00,26.5,84,0.0,998.9,3.4,9.0,103,93,14,9,10,2,283,27.1,0.0,27.8,0.1,33.0,0.0,25.2,0.0,26.4,0.0,28.116666666666664,5.699999999999999,29.45,5.900000000000003,26.991666666666664,21.0,-0.6000000000000014,0.0,Tiruchirappalli,24.9,0.6
2024-10-09 15:00:00,26.0,87,1.5,1000.0,4.1,8.5,108,77,15,9,10,2,283,26.5,0.0,27.6,0.0,32.4,0.0,27.7,0.0,26.2,0.0,27.05,7.199999999999999,29.308333333333334,7.400000000000004,26.98333333333333,22.5,-0.5,1.5,Tiruchirappalli,24.6,1.4
2024-10-09 16:00:00,25.8,94,0.5,1000.2,4.6,9.4,150,169,16,9,10,2,283,26.0,1.5,27.1,0.0,27.3,5.6,29.4,0.0,26.1,0.0,26.8,2.1,29.008333333333336,7.900000000000004,26.97083333333333,23.0,-0.1999999999999993,-1.0,Tiruchirappalli,24.4,0.5
2024-10-09 17:00:00,25.4,94,0.1,1000.4,3.8,8.8,184,197,17,9,10,2,283,25.8,0.5,26.5,0.0,27.8,0.1,30.8,0.0,25.6,0.0,26.4,2.1,28.558333333333334,8.000000000000004,26.9625,23.1,-0.4000000000000021,-0.4,Tiruchirappalli,24.2,1.8
2024-10-09 18:00:00,24.7,94,0.7,1000.4,4.9,9.8,210,213,18,9,10,2,283,25.4,0.1,26.0,1.5,27.6,0.0,31.6,0.1,25.0,0.2,25.916666666666668,2.8,27.98333333333333,8.600000000000003,26.950000000000003,23.6,-0.6999999999999993,0.6,Tiruchirappalli,24.0,1.2
2024-10-09 19:00:00,24.5,94,0.1,999.5,2.5,3.3,276,300,19,9,10,2,283,24.7,0.7,25.8,0.5,27.1,0.0,32.2,0.1,24.6,2.1,25.48333333333333,2.9,27.341666666666665,8.600000000000005,26.945833333333336,21.6,-0.1999999999999993,-0.6,Tiruchirappalli,23.9,1.5
2024-10-09 20:00:00,24.2,96,0.1,998.9,3.3,6.6,323,324,20,9,10,2,283,24.5,0.1,25.4,0.1,26.5,0.0,33.0,0.0,24.1,1.7,25.1,3.0,26.60833333333333,8.700000000000005,26.95,20.0,-0.3000000000000007,0.0,Tiruchirappalli,23.8,1.1
2024-10-09 21:00:00,23.7,98,1.1,998.4,6.2,13.4,263,255,21,9,10,2,283,24.2,0.1,24.7,0.7,26.0,1.5,32.4,0.0,23.5,6.4,24.71666666666667,2.6,25.883333333333336,9.800000000000004,26.95833333333333,14.7,-0.5,1.0,Tiruchirappalli,23.7,0.2
2024-10-09 22:00:00,23.8,98,0.1,998.0,4.2,8.3,281,282,22,9,10,2,283,23.7,1.1,24.5,0.1,25.8,0.5,27.3,5.6,23.5,0.3,24.383333333333336,2.2,25.59166666666667,4.300000000000003,26.97083333333333,14.499999999999998,0.1000000000000014,-1.0,Tiruchirappalli,23.5,0.1
2024-10-09 23:00:00,23.8,98,0.0,998.0,2.2,5.7,316,312,23,9,10,2,283,23.8,0.1,24.2,0.1,25.4,0.1,27.8,0.1,23.5,1.3,24.116666666666664,2.1,25.25833333333333,4.200000000000004,26.98333333333333,13.2,0.0,-0.1,Tiruchirappalli,23.3,0.1
2024-10-10 00:00:00,23.7,97,0.0,998.3,3.7,5.9,325,325,0,10,10,3,284,23.8,0.0,23.7,1.1,24.7,0.7,27.6,0.0,23.2,3.1,23.950000000000003,1.4000000000000004,24.933333333333337,4.200000000000004,27.004166666666663,10.099999999999998,-0.1000000000000014,0.0,Tiruchirappalli,23.2,0.1
2024-10-10 01:00:00,24.1,96,0.0,999.6,2.7,6.3,290,266,1,10,10,3,284,23.7,0.0,23.8,0.1,24.5,0.1,27.1,0.0,23.9,0.0,23.883333333333336,1.3000000000000005,24.683333333333334,4.200000000000004,27.0125,10.099999999999998,0.4000000000000021,0.0,Tiruchirappalli,23.4,0.9
2024-10-10 02:00:00,25.3,88,0.0,1000.2,5.9,7.9,287,282,2,10,10,3,284,24.1,0.0,23.8,0.0,24.2,0.1,26.5,0.0,25.2,0.0,24.066666666666663,1.2000000000000002,24.58333333333333,4.200000000000004,27.016666666666666,10.099999999999998,1.1999999999999993,0.0,Tiruchirappalli,23.7,0.4
2024-10-10 03:00:00,27.1,79,0.0,1000.6,6.3,7.9,333,333,3,10,10,3,284,25.3,0.0,23.7,0.0,23.7,1.1,26.0,1.5,27.7,0.0,24.633333333333336,0.1,24.675,2.700000000000004,26.991666666666664,10.099999999999998,1.8000000000000007,0.0,Tiruchirappalli,24.9,0.2
2024-10-10 04:00:00,28.8,72,0.0,1000.7,5.2,6.7,2,2,4,10,10,3,284,27.1,0.0,24.1,0.0,23.8,0.1,25.8,0.5,29.4,0.0,25.46666666666667,0.0,24.925,2.200000000000004,26.96666666666667,10.099999999999998,1.6999999999999993,0.0,Tiruchirappalli,25.7,0.2
2024-10-10 05:00:00,29.5,70,0.0,1000.4,3.8,4.9,39,41,5,10,10,3,284,28.8,0.0,25.3,0.0,23.8,0.0,25.4,0.1,30.8,0.0,26.416666666666668,0.0,25.266666666666666,2.100000000000004,26.912500000000005,10.099999999999998,0.6999999999999993,0.0,Tiruchirappalli,26.3,0.1
2024-10-10 06:00:00,30.7,66,0.0,999.3,3.8,4.7,40,41,6,10,10,3,284,29.5,0.0,27.1,0.0,23.7,0.0,24.7,0.7,31.6,0.1,27.58333333333333,0.0,25.76666666666667,1.400000000000004,26.875,9.999999999999998,1.1999999999999993,0.0,Tiruchirappalli,27.6,0.1
2024-10-10 07:00:00,31.5,63,0.1,997.4,6.0,7.5,82,83,7,10,10,3,284,30.7,0.0,28.8,0.0,24.1,0.0,24.5,0.1,32.2,0.1,28.816666666666663,0.1,26.350000000000005,1.4000000000000037,26.84583333333333,9.999999999999998,0.8000000000000007,0.1,Tiruchirappalli,29.2,0.1
2024-10-10 08:00:00,31.5,60,0.1,996.5,7.7,9.6,99,99,8,10,10,3,284,31.5,0.1,29.5,0.0,25.3,0.0,24.2,0.1,33.0,0.0,29.85,0.2,26.95833333333333,1.4000000000000037,26.78333333333333,10.1,0.0,0.0,Tiruchirappalli,29.2,0.0
2024-10-10 09:00:00,28.9,73,1.0,996.2,13.4,18.1,85,85,9,10,10,3,284,31.5,0.1,30.7,0.0,27.1,0.0,23.7,1.1,32.4,0.0,30.15,1.2,27.391666666666666,1.3000000000000036,26.6375,11.1,-2.6000000000000014,0.9,Tiruchirappalli,29.0,0.2
2024-10-10 10:00:00,27.1,79,0.1,995.9,12.6,17.5,110,110,10,10,10,3,284,28.9,1.0,31.5,0.1,28.8,0.0,23.8,0.1,27.3,5.6,29.866666666666664,1.3,27.666666666666668,1.3000000000000036,26.629166666666663,5.6,-1.7999999999999972,-0.9,Tiruchirappalli,28.7,0.1
2024-10-10 11:00:00,27.5,78,0.1,996.2,6.7,9.2,132,134,11,10,10,3,284,27.1,0.1,31.5,0.1,29.5,0.0,23.8,0.0,27.8,0.1,29.53333333333333,1.4,27.975000000000005,1.4000000000000037,26.616666666666664,5.6,0.3999999999999986,0.0,Tiruchirappalli,27.0,0.9
2024-10-10 12:00:00,27.2,79,0.0,996.3,5.4,7.5,197,201,12,10,10,3,284,27.5,0.1,28.9,1.0,30.7,0.0,23.7,0.0,27.6,0.0,28.950000000000003,1.4,28.266666666666666,1.4000000000000037,26.6,5.6,-0.3000000000000007,-0.1,Tiruchirappalli,26.4,0.3
2024-10-10 13:00:00,27.0,82,0.0,997.3,0.9,2.5,90,191,13,10,10,3,284,27.2,0.0,27.1,0.1,31.5,0.1,24.1,0.0,27.1,0.0,28.200000000000003,1.2999999999999998,28.508333333333336,1.4000000000000037,26.59583333333333,5.6,-0.1999999999999993,0.0,Tiruchirappalli,25.4,0.5
2024-10-10 14:00:00,26.1,90,0.0,998.3,2.2,2.4,54,9,14,10,10,3,284,27.0,0.0,27.5,0.1,31.5,0.1,25.3,0.0,26.5,0.0,27.3,1.2,28.575,1.4000000000000037,26.57916666666667,5.6,-0.8999999999999986,0.0,Tiruchirappalli,25.0,0.3
2024-10-10 15:00:00,25.8,92,0.0,999.2,2.2,3.1,80,76,15,10,10,3,284,26.1,0.0,27.2,0.0,28.9,1.0,27.1,0.0,26.0,1.5,26.78333333333333,0.2,28.466666666666665,1.4000000000000037,26.570833333333336,4.1,-0.3000000000000007,0.0,Tiruchirappalli,24.5,0.0
2024-10-10 16:00:00,25.6,94,0.0,999.8,2.5,3.7,145,184,16,10,10,3,284,25.8,0.0,27.0,0.0,27.1,0.1,28.8,0.0,25.8,0.5,26.53333333333333,0.1,28.200000000000003,1.4000000000000037,26.5625,3.599999999999999,-0.1999999999999993,0.0,Tiruchirappalli,24.3,0.0
2024-10-10 17:00:00,25.3,90,1.9,999.7,4.9,9.9,136,129,17,10,10,3,284,25.6,0.0,26.1,0.0,27.5,0.1,29.5,0.0,25.4,0.1,26.166666666666668,1.9,27.850000000000005,3.300000000000004,26.558333333333334,5.399999999999999,-0.3000000000000007,1.9,Tiruchirappalli,24.2,0.0
2024-10-10 18:00:00,24.8,94,1.0,999.5,2.5,3.9,133,120,18,10,10,3,284,25.3,1.9,25.8,0.0,27.2,0.0,30.7,0.0,24.7,0.7,25.766666666666666,2.9,27.35833333333333,4.300000000000003,26.5625,5.699999999999999,-0.5,-0.8999999999999999,Tiruchirappalli,24.3,0.0
2024-10-10 19:00:00,24.1,98,0.6,999.1,7.9,12.0,136,137,19,10,10,3,284,24.8,1.0,25.6,0.0,27.0,0.0,31.5,0.1,24.5,0.1,25.28333333333333,3.5,26.741666666666664,4.800000000000003,26.54583333333333,6.199999999999999,-0.6999999999999993,-0.4,Tiruchirappalli,23.8,0.0
2024-10-10 20:00:00,24.0,97,0.3,998.1,2.7,3.6,147,160,20,10,10,3,284,24.1,0.6,25.3,1.9,26.1,0.0,31.5,0.1,24.2,0.1,24.933333333333334,3.8,26.116666666666664,5.000000000000004,26.5375,6.4,-0.1000000000000014,-0.3,Tiruchirappalli,23.5,0.0
2024-10-10 21:00:00,23.7,99,0.0,997.5,2.5,3.0,197,201,21,10,10,3,284,24.0,0.3,24.8,1.0,25.8,0.0,28.9,1.0,23.7,1.1,24.58333333333333,3.8,25.683333333333334,4.000000000000004,26.5375,5.299999999999999,-0.3000000000000007,-0.3,Tiruchirappalli,23.6,0.0
2024-10-10 22:00:00,23.8,98,0.0,997.5,2.7,6.0,307,302,22,10,10,3,284,23.7,0.0,24.1,0.6,25.6,0.0,27.1,0.1,23.8,0.1,24.28333333333333,3.8,25.40833333333333,3.900000000000004,26.5375,5.199999999999999,0.1000000000000014,0.0,Tiruchirappalli,23.3,0.0
2024-10-10 23:00:00,23.5,98,0.7,997.8,2.3,3.3,299,252,23,10,10,3,284,23.8,0.0,24.0,0.3,25.3,1.9,27.5,0.1,23.8,0.0,23.98333333333333,2.6,25.075,4.500000000000004,26.524999999999995,5.9,-0.3000000000000007,0.7,Tiruchirappalli,23.1,0.0
2024-10-11 00:00:00,23.4,97,0.3,997.9,2.9,6.5,42,68,0,11,10,4,285,23.5,0.7,23.7,0.0,24.8,1.0,27.2,0.0,23.7,0.0,23.75,1.9,24.758333333333336,4.800000000000003,26.512500000000003,6.199999999999999,-0.1000000000000014,-0.3999999999999999,Tiruchirappalli,23.1,0.0
2024-10-11 01:00:00,23.8,96,0.0,998.7,2.7,6.8,11,42,1,11,10,4,285,23.4,0.3,23.8,0.0,24.1,0.6,27.0,0.0,24.1,0.0,23.700000000000003,1.2999999999999998,24.491666666666664,4.800000000000003,26.5,6.199999999999999,0.4000000000000021,-0.3,Tiruchirappalli,24.0,0.0
2024-10-11 02:00:00,25.0,88,0.0,999.6,3.6,6.1,341,327,2,11,10,4,285,23.8,0.0,23.5,0.7,24.0,0.3,26.1,0.0,25.3,0.0,23.86666666666667,1.0,24.4,4.800000000000003,26.4875,6.199999999999999,1.1999999999999993,0.0,Tiruchirappalli,24.7,0.0
2024-10-11 03:00:00,26.5,82,0.0,1000.2,4.6,6.2,353,351,3,11,10,4,285,25.0,0.0,23.4,0.3,23.7,0.0,25.8,0.0,27.1,0.0,24.33333333333333,1.0,24.45833333333333,4.800000000000003,26.4625,6.199999999999999,1.5,0.0,Tiruchirappalli,25.7,0.0
2024-10-11 04:00:00,27.5,78,0.2,1000.5,5.8,7.5,8,9,4,11,10,4,285,26.5,0.0,23.8,0.0,23.8,0.0,25.6,0.0,28.8,0.0,24.95,1.2,24.616666666666664,5.000000000000004,26.40833333333333,6.4,1.0,0.2,Tiruchirappalli,27.7,0.0
2024-10-11 05:00:00,28.7,75,0.2,1000.1,5.3,6.9,28,28,5,11,10,4,285,27.5,0.2,25.0,0.0,23.5,0.7,25.3,1.9,29.5,0.0,25.816666666666663,0.7,24.899999999999995,3.300000000000004,26.375,6.6,1.1999999999999993,0.0,Tiruchirappalli,29.7,0.0
2024-10-11 06:00:00,29.8,69,0.3,998.8,7.6,9.7,72,71,6,11,10,4,285,28.7,0.2,26.5,0.0,23.4,0.3,24.8,1.0,30.7,0.0,26.883333333333336,0.7,25.316666666666663,2.600000000000003,26.3375,6.9,1.1000000000000014,0.0999999999999999,Tiruchirappalli,30.9,0.0
2024-10-11 07:00:00,28.8,73,0.3,998.1,5.5,6.8,27,23,7,11,10,4,285,29.8,0.3,27.5,0.2,23.8,0.0,24.1,0.6,31.5,0.1,27.71666666666667,1.0,25.70833333333333,2.300000000000004,26.225,7.099999999999999,-1.0,0.0,Tiruchirappalli,31.6,0.0
2024-10-11 08:00:00,29.7,70,0.3,996.9,2.6,3.1,126,146,8,11,10,4,285,28.8,0.3,28.7,0.2,25.0,0.0,24.0,0.3,31.5,0.1,28.5,1.3,26.183333333333334,2.300000000000004,26.15,7.299999999999999,0.8999999999999986,0.0,Tiruchirappalli,31.9,0.1
2024-10-11 09:00:00,28.8,74,0.2,996.1,6.8,8.8,91,92,9,11,10,4,285,29.7,0.3,29.8,0.3,26.5,0.0,23.7,0.0,28.9,1.0,28.883333333333336,1.5,26.60833333333333,2.500000000000004,26.14583333333333,6.499999999999999,-0.8999999999999986,-0.0999999999999999,Tiruchirappalli,32.1,0.1
2024-10-11 10:00:00,28.2,76,0.3,995.9,7.5,9.9,78,75,10,11,10,4,285,28.8,0.2,28.8,0.3,27.5,0.2,23.8,0.0,27.1,0.1,29.0,1.6,26.975,2.800000000000004,26.191666666666663,6.699999999999998,-0.6000000000000014,0.0999999999999999,Tiruchirappalli,31.9,0.1
2024-10-11 11:00:00,27.7,78,0.2,996.2,4.2,6.1,122,133,11,11,10,4,285,28.2,0.3,29.7,0.3,28.7,0.2,23.5,0.7,27.5,0.1,28.83333333333333,1.6,27.325,2.300000000000004,26.200000000000003,6.799999999999999,-0.5,-0.0999999999999999,Tiruchirappalli,31.4,0.0
2024-10-11 12:00:00,27.1,81,0.1,996.8,4.8,7.3,110,105,12,11,10,4,285,27.7,0.2,28.8,0.2,29.8,0.3,23.4,0.3,27.2,0.0,28.383333333333336,1.4,27.633333333333336,2.100000000000004,26.19583333333333,6.899999999999999,-0.5999999999999979,-0.1,Tiruchirappalli,29.9,0.0
2024-10-11 13:00:00,26.0,88,0.4,997.4,9.1,16.6,139,144,13,11,10,4,285,27.1,0.1,28.2,0.3,28.8,0.3,23.8,0.0,27.0,0.0,27.916666666666668,1.5,27.816666666666663,2.500000000000004,26.154166666666665,7.299999999999999,-1.1000000000000014,0.3,Tiruchirappalli,28.7,0.0
2024-10-11 14:00:00,25.6,95,0.6,998.7,3.4,9.2,138,148,14,11,10,4,285,26.0,0.4,27.7,0.2,29.7,0.3,25.0,0.0,26.1,0.0,27.23333333333333,1.7999999999999998,27.86666666666667,3.100000000000004,26.13333333333333,7.899999999999999,-0.3999999999999986,0.1999999999999999,Tiruchirappalli,28.0,0.0
2024-10-11 15:00:00,25.0,97,0.8,999.6,3.5,4.0,58,21,15,11,10,4,285,25.6,0.6,27.1,0.1,28.8,0.2,26.5,0.0,25.8,0.0,26.6,2.4,27.74166666666667,3.900000000000004,26.1,8.7,-0.6000000000000014,0.2,Tiruchirappalli,27.2,0.0
2024-10-11 16:00:00,25.1,93,0.1,1000.1,1.2,1.1,81,321,16,11,10,4,285,25.0,0.8,26.0,0.4,28.2,0.3,27.5,0.2,25.6,0.0,26.08333333333333,2.2,27.541666666666668,3.800000000000004,26.079166666666666,8.799999999999999,0.1000000000000014,-0.7000000000000001,Tiruchirappalli,26.6,0.0
2024-10-11 17:00:00,24.7,94,1.0,1000.0,4.6,7.8,310,301,17,11,10,4,285,25.1,0.1,25.6,0.6,27.7,0.2,28.7,0.2,25.3,1.9,25.58333333333334,3.0,27.20833333333333,4.600000000000003,26.05416666666667,7.899999999999999,-0.4000000000000021,0.9,Tiruchirappalli,26.1,0.0
2024-10-11 18:00:00,24.4,98,0.4,999.9,2.3,4.2,280,266,18,11,10,4,285,24.7,1.0,25.0,0.8,27.1,0.1,29.8,0.3,24.8,1.0,25.13333333333333,3.3,26.758333333333336,4.700000000000004,26.0375,7.299999999999999,-0.3000000000000007,-0.6,Tiruchirappalli,25.8,0.0
2024-10-11 19:00:00,23.9,99,0.5,999.3,5.8,9.6,286,286,19,11,10,4,285,24.4,0.4,25.1,0.1,26.0,0.4,28.8,0.3,24.1,0.6,24.78333333333333,3.4,26.35,4.900000000000004,26.02916666666667,7.199999999999999,-0.5,0.0999999999999999,Tiruchirappalli,25.4,0.0
2024-10-11 20:00:00,23.7,98,1.1,998.6,4.5,8.3,283,272,20,11,10,4,285,23.9,0.5,24.7,1.0,25.6,0.6,29.7,0.3,24.0,0.3,24.46666666666667,3.9,25.850000000000005,5.700000000000003,26.01666666666667,7.999999999999999,-0.1999999999999993,0.6000000000000001,Tiruchirappalli,25.2,0.0
2024-10-11 21:00:00,23.6,99,0.4,998.0,5.4,11.3,269,255,21,11,10,4,285,23.7,1.1,24.4,0.4,25.0,0.8,28.8,0.2,23.7,0.0,24.23333333333333,3.5,25.416666666666668,5.900000000000004,26.0125,8.399999999999999,-0.0999999999999978,-0.7000000000000001,Tiruchirappalli,25.0,0.0
2024-10-11 22:00:00,23.6,98,0.5,998.0,7.2,14.1,280,273,22,11,10,4,285,23.6,0.4,23.9,0.5,25.1,0.1,28.2,0.3,23.8,0.0,23.98333333333333,3.9,25.03333333333333,6.100000000000003,26.004166666666663,8.899999999999999,0.0,0.0999999999999999,Tiruchirappalli,24.8,0.0
2024-10-11 23:00:00,23.7,96,0.1,998.3,6.5,11.6,300,294,23,11,10,4,285,23.6,0.5,23.7,1.1,24.7,1.0,27.7,0.2,23.5,0.7,23.816666666666663,3.0,24.700000000000003,6.000000000000004,26.012500000000003,8.3,0.0999999999999978,-0.4,Tiruchirappalli,24.4,0.0
2024-10-12 00:00:00,23.5,98,0.1,998.8,5.4,10.6,281,270,0,12,10,5,286,23.7,0.1,23.6,0.4,24.4,0.4,27.1,0.1,23.4,0.3,23.666666666666668,2.7,24.4,6.000000000000004,26.016666666666666,8.1,-0.1999999999999993,0.0,Tiruchirappalli,24.2,0.0
2024-10-12 01:00:00,24.2,96,0.2,999.8,7.0,10.4,306,305,1,12,10,5,286,23.5,0.1,23.6,0.5,23.9,0.5,26.0,0.4,23.8,0.0,23.71666666666667,2.4000000000000004,24.25,5.800000000000003,26.03333333333333,8.299999999999999,0.6999999999999993,0.1,Tiruchirappalli,24.6,0.0
2024-10-12 02:00:00,24.8,93,0.1,1000.6,9.0,12.0,319,317,2,12,10,5,286,24.2,0.2,23.7,0.1,23.7,1.1,25.6,0.6,25.0,0.0,23.9,1.4,24.183333333333334,5.300000000000003,26.025,8.399999999999999,0.6000000000000014,-0.1,Tiruchirappalli,25.7,0.0
2024-10-12 03:00:00,25.8,86,0.1,1000.7,9.5,12.4,347,346,3,12,10,5,286,24.8,0.1,23.5,0.1,23.6,0.4,25.0,0.8,26.5,0.0,24.26666666666667,1.1,24.25,4.600000000000004,25.995833333333334,8.5,1.0,0.0,Tiruchirappalli,27.2,0.0
2024-10-12 04:00:00,27.1,80,0.2,1001.1,7.2,9.4,7,6,4,12,10,5,286,25.8,0.1,24.2,0.2,23.6,0.5,25.1,0.1,27.5,0.2,24.85,0.8,24.416666666666668,4.700000000000003,25.979166666666668,8.5,1.3000000000000007,0.1,Tiruchirappalli,29.0,0.0
2024-10-12 05:00:00,28.3,75,0.2,1000.8,7.8,10.2,32,32,5,12,10,5,286,27.1,0.2,24.8,0.1,23.7,0.1,24.7,1.0,28.7,0.2,25.616666666666664,0.9000000000000001,24.716666666666665,3.900000000000004,25.962499999999995,8.499999999999998,1.1999999999999993,0.0,Tiruchirappalli,30.7,0.0
2024-10-12 06:00:00,29.3,70,0.1,999.6,7.0,8.9,40,40,6,12,10,5,286,28.3,0.2,25.8,0.1,23.5,0.1,24.4,0.4,29.8,0.3,26.58333333333333,0.9,25.125,3.600000000000004,25.941666666666663,8.3,1.0,-0.1,Tiruchirappalli,31.6,0.0
2024-10-12 07:00:00,29.8,69,0.1,998.4,5.8,7.8,42,39,7,12,10,5,286,29.3,0.1,27.1,0.2,24.2,0.2,23.9,0.5,28.8,0.3,27.51666666666667,0.8,25.61666666666667,3.200000000000004,25.98333333333333,8.1,0.5,0.0,Tiruchirappalli,32.1,0.4
2024-10-12 08:00:00,30.4,65,0.0,997.4,6.8,8.4,43,42,8,12,10,5,286,29.8,0.1,28.3,0.2,24.8,0.1,23.7,1.1,29.7,0.3,28.45,0.7000000000000001,26.175,2.100000000000004,26.0125,7.799999999999999,0.5999999999999979,-0.1,Tiruchirappalli,32.8,0.1
2024-10-12 09:00:00,28.4,74,0.6,997.1,9.8,13.0,56,55,9,12,10,5,286,30.4,0.0,29.3,0.1,25.8,0.1,23.6,0.4,28.8,0.2,28.88333333333333,1.2000000000000002,26.575000000000003,2.300000000000004,25.995833333333337,8.2,-2.0,0.6,Tiruchirappalli,33.2,0.0
2024-10-12 10:00:00,28.1,75,0.0,996.9,6.5,8.7,14,6,10,12,10,5,286,28.4,0.6,29.8,0.1,27.1,0.2,23.6,0.5,28.2,0.3,29.05,1.0,26.95,1.8000000000000038,25.991666666666664,7.899999999999999,-0.2999999999999971,-0.6,Tiruchirappalli,32.9,0.0
2024-10-12 11:00:00,27.8,75,0.1,996.9,8.5,11.7,61,61,11,12,10,5,286,28.1,0.0,30.4,0.0,28.3,0.2,23.7,0.1,27.7,0.2,28.96666666666667,0.9,27.291666666666668,1.8000000000000036,25.995833333333334,7.799999999999999,-0.3000000000000007,0.1,Tiruchirappalli,32.4,0.0
2024-10-12 12:00:00,26.7,80,0.4,997.9,3.6,5.4,86,93,12,12,10,5,286,27.8,0.1,28.4,0.6,29.3,0.1,23.5,0.1,27.1,0.1,28.53333333333333,1.2,27.558333333333334,2.100000000000004,25.979166666666668,8.1,-1.1000000000000014,0.3,Tiruchirappalli,30.8,0.0
2024-10-12 13:00:00,26.1,90,0.1,998.3,3.9,8.5,72,68,13,12,10,5,286,26.7,0.4,28.1,0.0,29.8,0.1,24.2,0.2,26.0,0.4,27.916666666666668,1.2000000000000002,27.71666666666667,2.000000000000004,25.98333333333333,7.799999999999999,-0.5999999999999979,-0.3,Tiruchirappalli,28.5,0.1
2024-10-12 14:00:00,25.3,95,1.5,999.2,4.7,7.6,142,176,14,12,10,5,286,26.1,0.1,27.8,0.1,30.4,0.0,24.8,0.1,25.6,0.6,27.066666666666663,2.7,27.758333333333336,3.4000000000000035,25.97083333333333,8.7,-0.8000000000000007,1.4,Tiruchirappalli,27.8,0.0
2024-10-12 15:00:00,24.4,98,7.7,1000.4,4.6,5.4,186,225,15,12,10,5,286,25.3,1.5,26.7,0.4,28.4,0.6,25.8,0.1,25.0,0.8,26.4,9.8,27.641666666666666,11.000000000000004,25.945833333333336,15.599999999999998,-0.9000000000000021,6.2,Tiruchirappalli,26.8,0.0
2024-10-12 16:00:00,24.1,99,8.0,1001.2,5.4,7.4,167,172,16,12,10,5,286,24.4,7.7,26.1,0.1,28.1,0.0,27.1,0.2,25.1,0.1,25.73333333333333,17.8,27.39166666666667,18.800000000000004,25.90416666666667,23.5,-0.2999999999999971,0.2999999999999998,Tiruchirappalli,26.3,0.0
2024-10-12 17:00:00,23.9,98,0.1,1001.2,5.8,9.2,181,196,17,12,10,5,286,24.1,8.0,25.3,1.5,27.8,0.1,28.3,0.2,24.7,1.0,25.08333333333333,17.799999999999997,27.025,18.700000000000006,25.870833333333334,22.6,-0.2000000000000028,-7.9,Tiruchirappalli,25.6,0.0
2024-10-12 18:00:00,23.7,99,1.5,1001.1,7.0,12.7,259,273,18,12,10,5,286,23.9,0.1,24.4,7.7,26.7,0.4,29.3,0.1,24.4,0.4,24.58333333333333,18.9,26.558333333333334,20.100000000000005,25.841666666666665,23.7,-0.1999999999999993,1.4,Tiruchirappalli,25.2,0.0
2024-10-12 19:00:00,23.6,97,5.8,1000.3,5.9,8.8,211,211,19,12,10,5,286,23.7,1.5,24.1,8.0,26.1,0.1,29.8,0.1,23.9,0.5,24.166666666666668,24.6,26.041666666666668,25.800000000000004,25.829166666666666,29.0,-0.0999999999999978,4.3,Tiruchirappalli,24.9,0.0
2024-10-12 20:00:00,23.5,97,0.1,999.6,2.8,5.4,217,225,20,12,10,5,286,23.6,5.8,23.9,0.1,25.3,1.5,30.4,0.0,23.7,1.1,23.866666666666664,23.2,25.46666666666667,25.9,25.82083333333333,28.0,-0.1000000000000014,-5.7,Tiruchirappalli,24.8,0.0
2024-10-12 21:00:00,23.4,99,0.1,999.2,6.1,8.5,291,294,21,12,10,5,286,23.5,0.1,23.7,1.5,24.4,7.7,28.4,0.6,23.6,0.4,23.7,15.599999999999998,25.05,25.40000000000001,25.8125,27.7,-0.1000000000000014,0.0,Tiruchirappalli,24.9,0.0
2024-10-12 22:00:00,23.2,98,0.1,999.3,7.4,13.4,296,302,22,12,10,5,286,23.4,0.1,23.6,5.8,24.1,8.0,28.1,0.0,23.6,0.5,23.55,7.699999999999998,24.641666666666666,25.500000000000004,25.79583333333333,27.3,-0.1999999999999993,0.0,Tiruchirappalli,24.8,0.0
2024-10-12 23:00:00,23.1,98,0.0,999.2,4.5,9.5,321,317,23,12,10,5,286,23.2,0.1,23.5,0.1,23.9,0.1,27.8,0.1,23.7,0.1,23.416666666666668,7.599999999999999,24.25,25.4,25.77083333333333,27.2,-0.0999999999999978,-0.1,Tiruchirappalli,24.5,0.0
2024-10-13 00:00:00,22.8,98,0.0,999.8,3.6,9.4,306,290,0,13,10,6,287,23.1,0.0,23.4,0.1,23.7,1.5,26.7,0.4,23.5,0.1,23.266666666666666,6.099999999999998,23.925,25.000000000000004,25.741666666666664,27.1,-0.3000000000000007,0.0,Tiruchirappalli,24.4,0.0
2024-10-13 01:00:00,23.5,97,0.9,999.6,4.6,7.3,329,324,1,13,10,6,287,22.8,0.0,23.2,0.1,23.6,5.8,26.1,0.1,24.2,0.2,23.25,1.1999999999999993,23.70833333333333,25.800000000000004,25.7125,27.8,0.6999999999999993,0.9,Tiruchirappalli,25.7,0.0
2024-10-13 02:00:00,23.8,96,2.6,1000.7,4.4,7.1,339,339,2,13,10,6,287,23.5,0.9,23.1,0.0,23.5,0.1,25.3,1.5,24.8,0.1,23.3,3.6999999999999993,23.58333333333333,26.9,25.67083333333333,30.3,0.3000000000000007,1.7000000000000002,Tiruchirappalli,26.3,0.0
2024-10-13 03:00:00,25.1,90,0.8,1001.4,2.5,3.3,279,266,3,13,10,6,287,23.8,2.6,22.8,0.0,23.4,0.1,24.4,7.7,25.8,0.1,23.58333333333333,4.4,23.641666666666666,20.000000000000004,25.64166666666667,31.0,1.3000000000000007,-1.8,Tiruchirappalli,27.6,0.0
2024-10-13 04:00:00,26.1,83,0.2,1001.6,7.1,9.1,335,336,4,13,10,6,287,25.1,0.8,23.5,0.9,23.2,0.1,24.1,8.0,27.1,0.2,24.066666666666663,4.5,23.808333333333334,12.200000000000005,25.6,31.0,1.0,-0.6000000000000001,Tiruchirappalli,29.1,0.0
2024-10-13 05:00:00,27.3,78,0.2,1001.4,7.1,9.0,354,353,5,13,10,6,287,26.1,0.2,23.8,2.6,23.1,0.0,23.9,0.1,28.3,0.2,24.766666666666666,4.699999999999999,24.09166666666667,12.300000000000004,25.558333333333337,31.0,1.1999999999999993,0.0,Tiruchirappalli,30.7,0.0
2024-10-13 06:00:00,28.4,73,0.3,1000.6,4.5,5.6,354,353,6,13,10,6,287,27.3,0.2,25.1,0.8,22.8,0.0,23.7,1.5,29.3,0.1,25.700000000000003,5.0,24.48333333333333,11.100000000000003,25.52083333333333,31.2,1.099999999999998,0.0999999999999999,Tiruchirappalli,31.8,0.0
2024-10-13 07:00:00,29.0,72,0.1,999.2,4.6,5.6,331,324,7,13,10,6,287,28.4,0.3,26.1,0.2,23.5,0.9,23.6,5.8,29.8,0.1,26.61666666666667,4.199999999999999,24.933333333333334,5.400000000000004,25.4875,31.2,0.6000000000000014,-0.1999999999999999,Tiruchirappalli,32.6,0.0
2024-10-13 08:00:00,30.4,65,0.2,997.9,3.1,3.5,298,294,8,13,10,6,287,29.0,0.1,27.3,0.2,23.8,2.6,23.5,0.1,30.4,0.0,27.716666666666665,1.7999999999999992,25.50833333333333,5.500000000000004,25.4875,31.4,1.3999999999999986,0.1,Tiruchirappalli,32.6,0.0
2024-10-13 09:00:00,29.1,70,1.3,997.5,3.1,3.5,28,40,9,13,10,6,287,30.4,0.2,28.4,0.3,25.1,0.8,23.4,0.1,28.4,0.6,28.383333333333336,2.299999999999999,25.98333333333333,6.700000000000004,25.516666666666666,32.1,-1.2999999999999972,1.1,Tiruchirappalli,32.0,0.0
2024-10-13 10:00:00,26.7,83,2.9,997.8,10.3,15.7,54,55,10,13,10,6,287,29.1,1.3,29.0,0.1,26.1,0.2,23.2,0.1,28.1,0.0,28.48333333333333,4.999999999999999,26.275,9.500000000000004,25.45833333333333,35.0,-2.400000000000002,1.6,Tiruchirappalli,31.4,0.2
2024-10-13 11:00:00,26.4,87,0.9,997.6,6.9,10.1,78,75,11,13,10,6,287,26.7,2.9,30.4,0.2,27.3,0.2,23.1,0.0,27.8,0.1,28.33333333333333,5.699999999999999,26.55,10.400000000000004,25.4,35.8,-0.3000000000000007,-2.0,Tiruchirappalli,30.5,0.0
2024-10-13 12:00:00,26.1,87,0.6,998.5,1.9,2.7,138,163,12,13,10,6,287,26.4,0.9,29.1,1.3,28.4,0.3,22.8,0.0,26.7,0.4,27.95,5.999999999999999,26.825,11.000000000000004,25.375,36.0,-0.2999999999999971,-0.3,Tiruchirappalli,28.8,0.2
2024-10-13 13:00:00,26.5,87,0.0,998.5,4.2,4.8,138,155,13,13,10,6,287,26.1,0.6,26.7,2.9,29.0,0.1,23.5,0.9,26.1,0.1,27.53333333333333,5.9,27.075,10.100000000000003,25.39166666666667,35.9,0.3999999999999986,-0.6,Tiruchirappalli,28.4,0.0
2024-10-13 14:00:00,26.1,88,0.3,999.7,3.1,5.2,180,193,14,13,10,6,287,26.5,0.0,26.4,0.9,30.4,0.2,23.8,2.6,25.3,1.5,26.816666666666663,5.999999999999999,27.266666666666666,7.800000000000004,25.425,34.7,-0.3999999999999986,0.3,Tiruchirappalli,27.2,0.0
2024-10-13 15:00:00,24.8,97,4.1,1000.7,3.3,4.7,122,103,15,13,10,6,287,26.1,0.3,26.1,0.6,29.1,1.3,25.1,0.8,24.4,7.7,26.1,8.799999999999999,27.24166666666667,11.100000000000003,25.441666666666663,31.1,-1.3000000000000007,3.8,Tiruchirappalli,27.2,0.1
2024-10-13 16:00:00,24.4,95,2.0,1001.1,3.4,7.4,202,177,16,13,10,6,287,24.8,4.1,26.5,0.0,26.7,2.9,26.1,0.2,24.1,8.0,25.71666666666667,7.899999999999999,27.1,12.900000000000004,25.454166666666666,25.1,-0.4000000000000021,-2.1,Tiruchirappalli,26.6,0.1
2024-10-13 17:00:00,24.3,97,0.0,1000.4,1.7,3.1,126,139,17,13,10,6,287,24.4,2.0,26.1,0.3,26.4,0.9,27.3,0.2,23.9,0.1,25.366666666666664,6.999999999999998,26.85,12.700000000000005,25.47083333333333,25.0,-0.0999999999999978,-2.0,Tiruchirappalli,26.2,0.0
2024-10-13 18:00:00,24.2,96,0.0,1000.2,5.7,10.6,240,242,18,13,10,6,287,24.3,0.0,24.8,4.1,26.1,0.6,28.4,0.3,23.7,1.5,25.05,6.399999999999999,26.5,12.400000000000004,25.49166666666667,23.5,-0.1000000000000014,0.0,Tiruchirappalli,25.2,0.0
2024-10-13 19:00:00,23.7,98,0.0,999.0,3.4,9.5,269,270,19,13,10,6,287,24.2,0.0,24.4,2.0,26.5,0.0,29.0,0.1,23.6,5.8,24.58333333333333,6.399999999999999,26.058333333333334,12.300000000000004,25.495833333333337,17.699999999999996,-0.5,0.0,Tiruchirappalli,23.8,3.4
2024-10-13 20:00:00,23.5,99,0.0,998.6,4.1,8.7,278,272,20,13,10,6,287,23.7,0.0,24.3,0.0,26.1,0.3,30.4,0.2,23.5,0.1,24.15,6.099999999999999,25.48333333333333,12.100000000000003,25.495833333333337,17.599999999999998,-0.1999999999999993,0.0,Tiruchirappalli,23.5,0.9
2024-10-13 21:00:00,23.9,98,0.0,998.2,5.1,11.6,306,315,21,13,10,6,287,23.5,0.0,24.2,0.0,24.8,4.1,29.1,1.3,23.4,0.1,24.0,1.9999999999999991,25.05,10.800000000000004,25.51666666666667,17.499999999999996,0.3999999999999986,0.0,Tiruchirappalli,23.5,0.1
2024-10-13 22:00:00,23.8,98,0.1,998.1,3.8,10.9,310,319,22,13,10,6,287,23.9,0.0,23.7,0.0,24.4,2.0,26.7,2.9,23.2,0.1,23.9,0.0999999999999991,24.808333333333334,8.000000000000004,25.541666666666668,17.5,-0.0999999999999978,0.1,Tiruchirappalli,23.7,0.1
2024-10-13 23:00:00,23.8,98,0.5,997.9,5.6,12.6,297,292,23,13,10,6,287,23.8,0.1,23.5,0.0,24.3,0.0,26.4,0.9,23.1,0.0,23.816666666666663,0.5999999999999991,24.591666666666665,7.600000000000003,25.570833333333336,18.0,0.0,0.4,Tiruchirappalli,23.7,0.1
2024-10-14 00:00:00,23.8,98,0.4,998.3,6.5,14.1,276,264,0,14,10,0,288,23.8,0.5,23.9,0.0,24.2,0.0,26.1,0.6,22.8,0.0,23.75,0.9999999999999992,24.4,7.400000000000004,25.6125,18.4,0.0,-0.0999999999999999,Tiruchirappalli,23.5,0.0
2024-10-14 01:00:00,24.2,97,2.1,999.4,5.7,9.5,309,305,1,14,10,0,288,23.8,0.4,23.8,0.1,23.7,0.0,26.5,0.0,23.5,0.9,23.83333333333333,3.099999999999999,24.20833333333333,9.500000000000004,25.64166666666667,19.6,0.3999999999999986,1.7000000000000002,Tiruchirappalli,24.7,0.0
2024-10-14 02:00:00,24.3,98,1.9,1000.4,6.8,11.2,298,299,2,14,10,0,288,24.2,2.1,23.8,0.5,23.5,0.0,26.1,0.3,23.8,2.6,23.96666666666667,4.999999999999999,24.058333333333334,11.100000000000003,25.6625,18.9,0.1000000000000014,-0.2000000000000001,Tiruchirappalli,25.0,0.0
2024-10-14 03:00:00,25.1,92,0.5,1001.2,5.5,7.8,292,287,3,14,10,0,288,24.3,1.9,23.8,0.4,23.9,0.0,24.8,4.1,25.1,0.8,24.166666666666668,5.499999999999999,24.08333333333333,7.5000000000000036,25.6625,18.6,0.8000000000000007,-1.4,Tiruchirappalli,25.9,0.0
2024-10-14 04:00:00,26.3,85,0.0,1001.4,5.9,8.0,288,288,4,14,10,0,288,25.1,0.5,24.2,2.1,23.8,0.1,24.4,2.0,26.1,0.2,24.58333333333333,5.4,24.241666666666664,5.500000000000004,25.67083333333333,18.4,1.1999999999999993,-0.5,Tiruchirappalli,27.0,0.1
2024-10-14 05:00:00,26.5,83,0.0,1001.3,6.2,8.3,286,287,5,14,10,0,288,26.3,0.0,24.3,1.9,23.8,0.5,24.3,0.0,27.3,0.2,25.03333333333333,4.9,24.425,5.500000000000004,25.6375,18.2,0.1999999999999993,0.0,Tiruchirappalli,28.3,0.1
2024-10-14 06:00:00,26.1,87,0.8,1000.1,10.0,14.0,288,287,6,14,10,0,288,26.5,0.0,25.1,0.5,23.8,0.4,24.2,0.0,28.4,0.3,25.416666666666668,5.299999999999999,24.58333333333333,6.300000000000003,25.541666666666668,18.7,-0.3999999999999986,0.8,Tiruchirappalli,29.2,0.0
2024-10-14 07:00:00,26.7,85,0.6,999.3,7.7,10.9,297,298,7,14,10,0,288,26.1,0.8,26.3,0.0,24.2,2.1,23.7,0.0,29.0,0.1,25.83333333333334,3.799999999999999,24.83333333333333,6.900000000000004,25.445833333333336,19.2,0.5999999999999979,-0.2,Tiruchirappalli,29.5,0.1
2024-10-14 08:00:00,27.1,81,1.0,998.5,6.2,8.8,290,287,8,14,10,0,288,26.7,0.6,26.5,0.0,24.3,1.9,23.5,0.0,30.4,0.2,26.3,2.899999999999999,25.133333333333336,7.900000000000004,25.308333333333334,20.0,0.4000000000000021,0.4,Tiruchirappalli,29.6,0.2
2024-10-14 09:00:00,27.5,77,0.1,997.7,8.0,11.4,289,286,9,14,10,0,288,27.1,1.0,26.1,0.8,25.1,0.5,23.9,0.0,29.1,1.3,26.700000000000003,2.499999999999999,25.433333333333334,8.000000000000004,25.241666666666664,18.8,0.3999999999999986,-0.9,Tiruchirappalli,29.5,0.1
2024-10-14 10:00:00,27.4,75,0.0,997.5,11.4,16.1,281,281,10,14,10,0,288,27.5,0.1,26.7,0.6,26.3,0.0,23.8,0.1,26.7,2.9,26.883333333333336,2.499999999999999,25.73333333333333,7.900000000000004,25.27083333333333,15.9,-0.1000000000000014,-0.1,Tiruchirappalli,29.5,0.2
2024-10-14 11:00:00,26.5,82,0.3,997.5,7.4,13.1,268,264,11,14,10,0,288,27.4,0.0,27.1,1.0,26.5,0.0,23.8,0.5,26.4,0.9,26.883333333333336,2.799999999999999,25.95833333333333,7.700000000000004,25.275,15.299999999999995,-0.8999999999999986,0.3,Tiruchirappalli,29.5,0.1
2024-10-14 12:00:00,25.9,87,0.4,997.7,9.6,17.3,251,244,12,14,10,0,288,26.5,0.3,27.5,0.1,26.1,0.8,23.8,0.4,26.1,0.6,26.85,2.399999999999999,26.133333333333336,7.700000000000004,25.266666666666666,15.099999999999998,-0.6000000000000014,0.1,Tiruchirappalli,27.6,1.9
2024-10-14 13:00:00,25.1,95,0.4,998.5,4.0,11.3,269,262,13,14,10,0,288,25.9,0.4,27.4,0.0,26.7,0.6,24.2,2.1,26.5,0.0,26.58333333333333,2.199999999999999,26.20833333333333,6.000000000000004,25.20833333333334,15.499999999999998,-0.7999999999999972,0.0,Tiruchirappalli,27.9,0.0
2024-10-14 14:00:00,24.9,95,0.6,999.1,5.0,13.1,261,249,14,14,10,0,288,25.1,0.4,26.5,0.3,27.1,1.0,24.3,1.9,26.1,0.3,26.216666666666665,1.799999999999999,26.258333333333336,4.700000000000004,25.15833333333333,15.8,-0.2000000000000028,0.1999999999999999,Tiruchirappalli,27.7,0.0
2024-10-14 15:00:00,24.6,96,1.4,999.9,5.3,13.7,260,252,15,14,10,0,288,24.9,0.6,25.9,0.4,27.5,0.1,25.1,0.5,24.8,4.1,25.73333333333333,3.0999999999999988,26.216666666666665,5.600000000000003,25.15,13.1,-0.2999999999999971,0.7999999999999999,Tiruchirappalli,26.3,0.0
2024-10-14 16:00:00,24.4,96,0.5,1000.8,6.6,15.5,267,254,16,14,10,0,288,24.6,1.4,25.1,0.4,27.4,0.0,26.3,0.0,24.4,2.0,25.23333333333333,3.5999999999999988,26.058333333333334,6.100000000000003,25.15,11.599999999999998,-0.2000000000000028,-0.8999999999999999,Tiruchirappalli,25.8,0.0
2024-10-14 17:00:00,24.2,97,1.8,1000.6,7.7,15.8,269,258,17,14,10,0,288,24.4,0.5,24.9,0.6,26.5,0.3,26.5,0.0,24.3,0.0,24.85,5.1,25.86666666666667,7.900000000000004,25.14583333333333,13.399999999999997,-0.1999999999999993,1.3,Tiruchirappalli,25.4,0.0
2024-10-14 18:00:00,24.0,97,1.2,1000.3,5.9,13.3,270,270,18,14,10,0,288,24.2,1.8,24.6,1.4,25.9,0.4,26.1,0.8,24.2,0.0,24.53333333333333,5.899999999999999,25.691666666666663,8.300000000000004,25.1375,14.6,-0.1999999999999993,-0.6000000000000001,Tiruchirappalli,25.1,0.6
2024-10-14 19:00:00,23.9,98,1.5,999.3,6.2,14.4,258,255,19,14,10,0,288,24.0,1.2,24.4,0.5,25.1,0.4,26.7,0.6,23.7,0.0,24.33333333333333,6.999999999999998,25.45833333333333,9.200000000000005,25.14583333333333,16.099999999999998,-0.1000000000000014,0.3,Tiruchirappalli,24.8,0.8
2024-10-14 20:00:00,23.8,98,1.1,998.5,7.3,16.1,263,263,20,14,10,0,288,23.9,1.5,24.2,1.8,24.9,0.6,27.1,1.0,23.5,0.0,24.15,7.499999999999999,25.183333333333334,9.300000000000004,25.15833333333333,17.199999999999996,-0.0999999999999978,-0.3999999999999999,Tiruchirappalli,24.6,0.7
2024-10-14 21:00:00,23.7,98,0.2,997.8,8.3,17.3,274,272,21,14,10,0,288,23.8,1.1,24.0,1.2,24.6,1.4,27.5,0.1,23.9,0.0,24.0,6.3,24.866666666666664,9.400000000000004,25.149999999999995,17.4,-0.1000000000000014,-0.9000000000000001,Tiruchirappalli,24.6,0.1
2024-10-14 22:00:00,23.5,98,0.1,997.5,9.1,18.3,265,260,22,14,10,0,288,23.7,0.2,23.9,1.5,24.4,0.5,27.4,0.0,23.8,0.1,23.85,5.899999999999999,24.541666666666668,9.500000000000004,25.1375,17.4,-0.1999999999999993,-0.1,Tiruchirappalli,24.4,0.2
2024-10-14 23:00:00,23.3,97,0.1,997.7,8.4,17.8,263,261,23,14,10,0,288,23.5,0.1,23.8,1.1,24.2,1.8,26.5,0.3,23.8,0.5,23.700000000000003,4.199999999999998,24.275,9.300000000000002,25.11666666666667,17.0,-0.1999999999999993,0.0,Tiruchirappalli,23.9,0.0
2024-10-15 00:00:00,23.2,97,0.1,998.0,8.1,16.7,269,266,0,15,10,1,289,23.3,0.1,23.7,0.2,24.0,1.2,25.9,0.4,23.8,0.4,23.566666666666663,3.099999999999999,24.05,9.000000000000005,25.09166666666667,16.7,-0.1000000000000014,0.0,Tiruchirappalli,23.6,0.0
2024-10-15 01:00:00,23.4,97,0.9,998.7,10.0,19.1,261,252,1,15,10,1,289,23.2,0.1,23.5,0.1,23.9,1.5,25.1,0.4,24.2,2.1,23.48333333333333,2.499999999999999,23.90833333333333,9.500000000000004,25.058333333333334,15.499999999999998,0.1999999999999993,0.8,Tiruchirappalli,24.1,0.1
2024-10-15 02:00:00,23.7,96,0.4,999.8,9.8,18.7,271,264,2,15,10,1,289,23.4,0.9,23.3,0.1,23.8,1.1,24.9,0.6,24.3,1.9,23.46666666666667,1.799999999999999,23.808333333333334,9.300000000000004,25.03333333333333,13.999999999999998,0.3000000000000007,-0.5,Tiruchirappalli,24.7,0.2
2024-10-15 03:00:00,24.9,91,0.2,1000.9,8.1,13.0,274,271,3,15,10,1,289,23.7,0.4,23.2,0.1,23.7,0.2,24.6,1.4,25.1,0.5,23.666666666666668,1.799999999999999,23.83333333333333,8.100000000000005,25.024999999999995,13.7,1.1999999999999993,-0.2,Tiruchirappalli,26.3,0.0
2024-10-15 04:00:00,25.7,87,0.2,1001.0,10.8,15.5,275,274,4,15,10,1,289,24.9,0.2,23.4,0.9,23.5,0.1,24.4,0.5,26.3,0.0,24.03333333333333,1.899999999999999,23.941666666666663,7.800000000000004,25.0,13.9,0.8000000000000007,0.0,Tiruchirappalli,27.7,0.0
2024-10-15 05:00:00,26.3,84,0.1,1000.8,11.9,16.4,271,272,5,15,10,1,289,25.7,0.2,23.7,0.4,23.3,0.1,24.2,1.8,26.5,0.0,24.53333333333333,1.8999999999999988,24.116666666666664,6.100000000000003,24.991666666666664,14.0,0.6000000000000014,-0.1,Tiruchirappalli,29.2,0.0
2024-10-15 06:00:00,27.6,76,0.1,999.7,13.6,18.6,290,290,6,15,10,1,289,26.3,0.1,24.9,0.2,23.2,0.1,24.0,1.2,26.1,0.8,25.266666666666666,1.899999999999999,24.416666666666668,5.000000000000004,25.054166666666664,13.3,1.3000000000000007,0.0,Tiruchirappalli,30.3,0.2
2024-10-15 07:00:00,29.2,70,0.1,998.3,9.8,12.9,289,288,7,15,10,1,289,27.6,0.1,25.7,0.2,23.4,0.9,23.9,1.5,26.7,0.6,26.23333333333333,1.099999999999999,24.85833333333333,3.600000000000004,25.15833333333333,12.8,1.599999999999998,0.0,Tiruchirappalli,31.0,0.1
2024-10-15 08:00:00,29.2,71,0.0,997.6,7.0,9.2,291,288,8,15,10,1,289,29.2,0.1,26.3,0.1,23.7,0.4,23.8,1.1,27.1,1.0,27.15,0.699999999999999,25.308333333333334,2.500000000000004,25.245833333333334,11.8,0.0,-0.1,Tiruchirappalli,31.2,0.2
2024-10-15 09:00:00,29.0,71,0.2,996.7,4.9,6.2,263,262,9,15,10,1,289,29.2,0.0,27.6,0.1,24.9,0.2,23.7,0.2,27.5,0.1,27.83333333333333,0.699999999999999,25.75,2.500000000000004,25.308333333333334,11.9,-0.1999999999999993,0.2,Tiruchirappalli,31.2,0.1
2024-10-15 10:00:00,28.7,73,0.1,996.6,5.6,7.0,266,264,10,15,10,1,289,29.0,0.2,29.2,0.1,25.7,0.2,23.5,0.1,27.4,0.0,28.33333333333333,0.599999999999999,26.183333333333334,2.500000000000004,25.3625,12.0,-0.3000000000000007,-0.1,Tiruchirappalli,30.8,0.1
2024-10-15 11:00:00,27.0,85,0.9,996.8,8.7,14.6,268,265,11,15,10,1,289,28.7,0.1,29.2,0.0,26.3,0.1,23.3,0.1,26.5,0.3,28.45,1.399999999999999,26.491666666666664,3.300000000000004,25.38333333333333,12.599999999999998,-1.6999999999999993,0.8,Tiruchirappalli,29.9,0.1
2024-10-15 12:00:00,26.4,89,0.3,997.7,6.7,12.4,268,268,12,15,10,1,289,27.0,0.9,29.0,0.2,27.6,0.1,23.2,0.1,25.9,0.4,28.25,1.5999999999999988,26.758333333333336,3.500000000000004,25.404166666666665,12.499999999999998,-0.6000000000000014,-0.6000000000000001,Tiruchirappalli,27.6,3.2
2024-10-15 13:00:00,25.4,96,0.5,998.4,4.0,7.7,245,216,13,15,10,1,289,26.4,0.3,28.7,0.1,29.2,0.1,23.4,0.9,25.1,0.4,27.61666666666667,1.999999999999999,26.925,3.100000000000004,25.41666666666666,12.599999999999998,-1.0,0.2,Tiruchirappalli,26.3,0.0
2024-10-15 14:00:00,25.0,96,0.3,998.8,4.5,9.5,256,223,14,15,10,1,289,25.4,0.5,27.0,0.9,29.2,0.0,23.7,0.4,24.9,0.6,26.916666666666668,2.299999999999999,27.03333333333333,3.000000000000004,25.42083333333333,12.3,-0.3999999999999986,-0.2,Tiruchirappalli,25.8,0.0
2024-10-15 15:00:00,24.5,96,0.0,999.9,4.6,10.8,270,249,15,15,10,1,289,25.0,0.3,26.4,0.3,29.0,0.2,24.9,0.2,24.6,1.4,26.166666666666668,2.0999999999999988,27.0,2.800000000000004,25.41666666666666,10.9,-0.5,-0.3,Tiruchirappalli,25.5,0.0
2024-10-15 16:00:00,24.3,96,0.0,1000.5,6.0,9.4,293,303,16,15,10,1,289,24.5,0.0,25.4,0.5,28.7,0.1,25.7,0.2,24.4,0.5,25.433333333333334,1.999999999999999,26.883333333333336,2.600000000000004,25.4125,10.4,-0.1999999999999993,0.0,Tiruchirappalli,25.1,0.0
2024-10-15 17:00:00,24.2,96,0.0,1000.3,4.8,10.0,300,312,17,15,10,1,289,24.3,0.0,25.0,0.3,27.0,0.9,26.3,0.1,24.2,1.8,24.96666666666667,1.0999999999999988,26.70833333333333,2.500000000000004,25.4125,8.6,-0.1000000000000014,0.0,Tiruchirappalli,24.7,0.4
2024-10-15 18:00:00,24.3,96,0.0,999.9,4.2,11.5,284,282,18,15,10,1,289,24.2,0.0,24.5,0.0,26.4,0.3,27.6,0.1,24.0,1.2,24.616666666666664,0.7999999999999987,26.433333333333334,2.400000000000004,25.425,7.399999999999999,0.1000000000000014,0.0,Tiruchirappalli,24.2,3.5
2024-10-15 19:00:00,23.8,97,0.0,999.3,3.9,10.9,309,323,19,15,10,1,289,24.3,0.0,24.3,0.0,25.4,0.5,29.2,0.1,23.9,1.5,24.35,0.2999999999999987,25.98333333333333,2.300000000000004,25.42083333333333,5.899999999999999,-0.5,0.0,Tiruchirappalli,23.9,0.1
2024-10-15 20:00:00,23.5,98,0.0,998.6,4.1,8.4,320,319,20,15,10,1,289,23.8,0.0,24.2,0.0,25.0,0.3,29.2,0.0,23.8,1.1,24.1,0.0,25.508333333333336,2.300000000000004,25.40833333333333,4.799999999999998,-0.3000000000000007,0.0,Tiruchirappalli,23.3,0.6
2024-10-15 21:00:00,23.6,98,0.0,998.5,3.9,5.6,329,338,21,15,10,1,289,23.5,0.0,24.3,0.0,24.5,0.0,29.0,0.2,23.7,0.2,23.95,0.0,25.058333333333334,2.100000000000004,25.404166666666665,4.599999999999998,0.1000000000000014,0.0,Tiruchirappalli,23.1,0.1
2024-10-15 22:00:00,23.3,99,0.0,998.1,4.3,6.5,316,318,22,15,10,1,289,23.6,0.0,23.8,0.0,24.3,0.0,28.7,0.1,23.5,0.1,23.78333333333333,0.0,24.60833333333333,2.000000000000004,25.39583333333333,4.499999999999998,-0.3000000000000007,0.0,Tiruchirappalli,23.0,0.0
2024-10-15 23:00:00,23.1,98,0.0,998.1,4.9,7.3,295,278,23,15,10,1,289,23.3,0.0,23.5,0.0,24.2,0.0,27.0,0.9,23.3,0.1,23.600000000000005,0.0,24.28333333333333,1.1000000000000036,25.3875,4.399999999999999,-0.1999999999999993,0.0,Tiruchirappalli,22.7,0.0
2024-10-16 00:00:00,23.1,98,0.0,998.4,3.8,10.0,285,273,0,16,10,2,290,23.1,0.0,23.6,0.0,24.3,0.0,26.4,0.3,23.2,0.1,23.4,0.0,24.00833333333333,0.8000000000000036,25.38333333333333,4.299999999999998,0.0,0.0,Tiruchirappalli,23.0,0.0
2024-10-16 01:00:00,24.0,96,0.0,998.7,8.4,16.9,285,280,1,16,10,2,290,23.1,0.0,23.3,0.0,23.8,0.0,25.4,0.5,23.4,0.9,23.433333333333334,0.0,23.891666666666666,0.3000000000000036,25.40833333333333,3.3999999999999986,0.8999999999999986,0.0,Tiruchirappalli,23.7,1.2
2024-10-16 02:00:00,24.7,94,0.0,999.7,7.0,16.7,271,257,2,16,10,2,290,24.0,0.0,23.1,0.0,23.5,0.0,25.0,0.3,23.7,0.4,23.633333333333336,0.0,23.86666666666667,0.0,25.450000000000003,2.9999999999999987,0.6999999999999993,0.0,Tiruchirappalli,24.3,0.1
2024-10-16 03:00:00,25.7,90,0.0,1000.6,9.9,14.6,267,265,3,16,10,2,290,24.7,0.0,23.1,0.0,23.6,0.0,24.5,0.0,24.9,0.2,23.98333333333333,0.0,23.96666666666667,0.0,25.48333333333333,2.7999999999999985,1.0,0.0,Tiruchirappalli,25.4,0.1
2024-10-16 04:00:00,27.7,80,0.0,1000.8,11.9,16.5,264,264,4,16,10,2,290,25.7,0.0,24.0,0.0,23.3,0.0,24.3,0.0,25.7,0.2,24.71666666666667,0.0,24.25,0.0,25.566666666666663,2.5999999999999988,2.0,0.0,Tiruchirappalli,27.0,0.3
2024-10-16 05:00:00,29.7,69,0.0,1000.2,12.7,16.8,276,277,5,16,10,2,290,27.7,0.0,24.7,0.0,23.1,0.0,24.2,0.0,26.3,0.1,25.816666666666663,0.0,24.70833333333333,0.0,25.70833333333333,2.4999999999999987,2.0,0.0,Tiruchirappalli,27.7,0.1
2024-10-16 06:00:00,30.9,63,0.0,999.1,12.6,16.6,280,281,6,16,10,2,290,29.7,0.0,25.7,0.0,23.1,0.0,24.3,0.0,27.6,0.1,27.11666666666667,0.0,25.258333333333336,0.0,25.84583333333333,2.3999999999999986,1.1999999999999993,0.0,Tiruchirappalli,28.8,0.1
2024-10-16 07:00:00,31.6,58,0.0,997.8,13.1,17.3,279,279,7,16,10,2,290,30.9,0.0,27.7,0.0,24.0,0.0,23.8,0.0,29.2,0.1,28.383333333333336,0.0,25.90833333333333,0.0,25.94583333333333,2.2999999999999985,0.7000000000000028,0.0,Tiruchirappalli,29.8,0.1
2024-10-16 08:00:00,31.9,57,0.1,996.1,12.8,17.1,273,273,8,16,10,2,290,31.6,0.0,29.7,0.0,24.7,0.0,23.5,0.0,29.2,0.0,29.58333333333333,0.0999999999999987,26.60833333333333,0.1000000000000036,26.058333333333337,2.3999999999999986,0.2999999999999971,0.1,Tiruchirappalli,30.6,0.1
2024-10-16 09:00:00,32.1,55,0.1,995.2,14.1,19.0,266,266,9,16,10,2,290,31.9,0.1,30.9,0.0,25.7,0.0,23.6,0.0,29.0,0.2,30.65,0.1999999999999987,27.316666666666663,0.2000000000000036,26.1875,2.299999999999999,0.2000000000000028,0.0,Tiruchirappalli,30.8,0.1
2024-10-16 10:00:00,31.9,55,0.1,995.1,14.1,19.5,264,264,10,16,10,2,290,32.1,0.1,31.6,0.0,27.7,0.0,23.3,0.0,28.7,0.1,31.35,0.2999999999999987,28.03333333333333,0.3000000000000036,26.320833333333336,2.2999999999999985,-0.2000000000000028,0.0,Tiruchirappalli,30.5,0.1
2024-10-16 11:00:00,31.4,57,0.0,995.6,12.5,18.9,259,258,11,16,10,2,290,31.9,0.1,31.9,0.1,29.7,0.0,23.1,0.0,27.0,0.9,31.633333333333336,0.2999999999999987,28.725,0.3000000000000036,26.504166666666663,1.3999999999999986,-0.5,-0.1,Tiruchirappalli,29.2,0.1
2024-10-16 12:00:00,29.9,63,0.0,996.0,8.7,17.5,233,228,12,16,10,2,290,31.4,0.0,32.1,0.1,30.9,0.0,23.1,0.0,26.4,0.3,31.466666666666665,0.2999999999999987,29.291666666666668,0.3000000000000036,26.65,1.0999999999999983,-1.5,0.0,Tiruchirappalli,26.7,1.2
2024-10-16 13:00:00,28.7,65,0.0,996.5,12.3,23.8,270,266,13,16,10,2,290,29.9,0.0,31.9,0.1,31.6,0.0,24.0,0.0,25.4,0.5,30.98333333333333,0.2999999999999987,29.683333333333337,0.3000000000000036,26.787500000000005,0.5999999999999984,-1.1999999999999993,0.0,Tiruchirappalli,26.1,0.0
2024-10-16 14:00:00,28.0,67,0.0,997.6,13.1,24.2,266,261,14,16,10,2,290,28.7,0.0,31.4,0.0,31.9,0.1,24.7,0.0,25.0,0.3,30.33333333333333,0.1999999999999987,29.95833333333333,0.3000000000000036,26.912500000000005,0.2999999999999985,-0.6999999999999993,0.0,Tiruchirappalli,25.7,0.0
2024-10-16 15:00:00,27.2,70,0.0,998.8,12.2,22.6,265,257,15,16,10,2,290,28.0,0.0,29.9,0.0,32.1,0.1,25.7,0.0,24.5,0.0,29.516666666666666,0.0999999999999987,30.08333333333333,0.3000000000000036,27.025,0.2999999999999985,-0.8000000000000007,0.0,Tiruchirappalli,25.5,0.0
2024-10-16 16:00:00,26.6,72,0.0,999.5,11.2,21.6,260,254,16,16,10,2,290,27.2,0.0,28.7,0.0,31.9,0.1,27.7,0.0,24.3,0.0,28.63333333333333,0.0,29.991666666666664,0.3000000000000036,27.120833333333334,0.2999999999999985,-0.5999999999999979,0.0,Tiruchirappalli,25.1,0.0
2024-10-16 17:00:00,26.1,74,0.0,999.2,10.9,21.5,261,257,17,16,10,2,290,26.6,0.0,28.0,0.0,31.4,0.0,29.7,0.0,24.2,0.0,27.75,0.0,29.691666666666663,0.3000000000000036,27.200000000000003,0.2999999999999985,-0.5,0.0,Tiruchirappalli,24.7,0.0
2024-10-16 18:00:00,25.8,76,0.0,999.0,11.9,23.1,267,266,18,16,10,2,290,26.1,0.0,27.2,0.0,29.9,0.0,30.9,0.0,24.3,0.0,27.066666666666663,0.0,29.266666666666666,0.3000000000000036,27.2625,0.2999999999999985,-0.3000000000000007,0.0,Tiruchirappalli,25.2,0.0
2024-10-16 19:00:00,25.4,76,0.0,998.7,11.7,23.0,269,267,19,16,10,2,290,25.8,0.0,26.6,0.0,28.7,0.0,31.6,0.0,23.8,0.0,26.516666666666666,0.0,28.75,0.3000000000000036,27.329166666666666,0.2999999999999985,-0.4000000000000021,0.0,Tiruchirappalli,25.1,0.0
2024-10-16 20:00:00,25.2,76,0.0,997.9,12.4,23.9,269,268,20,16,10,2,290,25.4,0.0,26.1,0.0,28.0,0.0,31.9,0.1,23.5,0.0,26.05,0.0,28.191666666666663,0.2000000000000036,27.4,0.2999999999999985,-0.1999999999999993,0.0,Tiruchirappalli,24.2,0.0
2024-10-16 21:00:00,25.0,77,0.0,997.4,12.1,23.6,272,270,21,16,10,2,290,25.2,0.0,25.8,0.0,27.2,0.0,32.1,0.1,23.6,0.0,25.683333333333334,0.0,27.6,0.1000000000000036,27.45833333333333,0.2999999999999985,-0.1999999999999993,0.0,Tiruchirappalli,24.1,0.0
2024-10-16 22:00:00,24.8,79,0.0,997.1,10.4,20.4,266,261,22,16,10,2,290,25.0,0.0,25.4,0.0,26.6,0.0,31.9,0.1,23.3,0.0,25.383333333333336,0.0,27.00833333333333,0.0,27.52083333333333,0.2999999999999985,-0.1999999999999993,0.0,Tiruchirappalli,24.3,0.0
2024-10-16 23:00:00,24.4,81,0.0,997.3,7.7,16.8,266,258,23,16,10,2,290,24.8,0.0,25.2,0.0,26.1,0.0,31.4,0.0,23.1,0.0,25.1,0.0,26.425,0.0,27.575000000000003,0.2999999999999985,-0.4000000000000021,0.0,Tiruchirappalli,24.0,0.0
2024-10-17 00:00:00,24.2,83,0.0,997.8,6.1,15.0,275,265,0,17,10,3,291,24.4,0.0,25.0,0.0,25.8,0.0,29.9,0.0,23.1,0.0,24.83333333333333,0.0,25.950000000000003,0.0,27.620833333333334,0.2999999999999985,-0.1999999999999993,0.0,Tiruchirappalli,24.2,0.0
2024-10-17 01:00:00,24.6,82,0.0,998.6,9.4,17.8,269,266,1,17,10,3,291,24.2,0.0,24.8,0.0,25.4,0.0,28.7,0.0,24.0,0.0,24.7,0.0,25.60833333333333,0.0,27.64583333333333,0.2999999999999985,0.4000000000000021,0.0,Tiruchirappalli,24.7,0.0
2024-10-17 02:00:00,25.7,80,0.0,999.6,8.1,11.9,272,270,2,17,10,3,291,24.6,0.0,24.4,0.0,25.2,0.0,28.0,0.0,24.7,0.0,24.78333333333333,0.0,25.416666666666668,0.0,27.6875,0.2999999999999985,1.099999999999998,0.0,Tiruchirappalli,26.0,0.0
2024-10-17 03:00:00,27.2,76,0.0,1000.1,10.1,13.7,274,272,3,17,10,3,291,25.7,0.0,24.2,0.0,25.0,0.0,27.2,0.0,25.7,0.0,25.15,0.0,25.416666666666668,0.0,27.75,0.2999999999999985,1.5,0.0,Tiruchirappalli,27.4,0.1
2024-10-17 04:00:00,29.0,69,0.0,1000.4,14.4,19.5,279,278,4,17,10,3,291,27.2,0.0,24.6,0.0,24.8,0.0,26.6,0.0,27.7,0.0,25.85,0.0,25.61666666666667,0.0,27.804166666666664,0.2999999999999985,1.8000000000000007,0.0,Tiruchirappalli,28.8,0.0
2024-10-17 05:00:00,30.7,61,0.0,999.9,19.2,26.1,278,278,5,17,10,3,291,29.0,0.0,25.7,0.0,24.4,0.0,26.1,0.0,29.7,0.0,26.899999999999995,0.0,26.0,0.0,27.84583333333333,0.2999999999999985,1.6999999999999993,0.0,Tiruchirappalli,29.8,0.1
2024-10-17 06:00:00,31.6,57,0.0,998.7,19.6,26.7,280,280,6,17,10,3,291,30.7,0.0,27.2,0.0,24.2,0.0,25.8,0.0,30.9,0.0,28.133333333333336,0.0,26.48333333333333,0.0,27.875,0.2999999999999985,0.9000000000000021,0.0,Tiruchirappalli,30.8,0.2
2024-10-17 07:00:00,32.1,56,0.4,997.6,16.8,22.8,280,280,7,17,10,3,291,31.6,0.0,29.0,0.0,24.6,0.0,25.4,0.0,31.6,0.0,29.383333333333336,0.3999999999999987,27.041666666666668,0.4000000000000036,27.89583333333333,0.6999999999999985,0.5,0.4,Tiruchirappalli,31.6,0.2
2024-10-17 08:00:00,32.8,54,0.1,996.7,13.6,18.4,276,276,8,17,10,3,291,32.1,0.4,30.7,0.0,25.7,0.0,25.2,0.0,31.9,0.1,30.566666666666663,0.4999999999999988,27.675,0.5000000000000037,27.933333333333334,0.6999999999999985,0.6999999999999957,-0.3,Tiruchirappalli,31.6,0.2
2024-10-17 09:00:00,33.2,53,0.0,995.6,11.9,15.7,281,281,9,17,10,3,291,32.8,0.1,31.6,0.0,27.2,0.0,25.0,0.0,32.1,0.1,31.566666666666663,0.4999999999999988,28.35833333333333,0.5000000000000037,27.979166666666668,0.5999999999999985,0.4000000000000057,-0.1,Tiruchirappalli,29.4,7.8
2024-10-17 10:00:00,32.9,54,0.0,995.0,11.3,15.3,278,280,10,17,10,3,291,33.2,0.0,32.1,0.4,29.0,0.0,24.8,0.0,31.9,0.1,32.21666666666667,0.4999999999999988,29.03333333333333,0.5000000000000037,28.02083333333333,0.4999999999999984,-0.3000000000000042,0.0,Tiruchirappalli,26.2,5.3
2024-10-17 11:00:00,32.4,54,0.0,995.4,9.7,16.9,268,268,11,17,10,3,291,32.9,0.0,32.8,0.1,30.7,0.0,24.4,0.0,31.4,0.0,32.5,0.4999999999999988,29.7,0.5000000000000037,28.0625,0.4999999999999984,-0.5,0.0,Tiruchirappalli,26.1,0.9
2024-10-17 12:00:00,30.8,60,0.0,996.2,6.7,15.9,265,262,12,17,10,3,291,32.4,0.0,33.2,0.0,31.6,0.0,24.2,0.0,29.9,0.0,32.36666666666667,0.4999999999999988,30.25,0.5000000000000037,28.1,0.4999999999999984,-1.599999999999998,0.0,Tiruchirappalli,25.8,0.3
2024-10-17 13:00:00,28.5,72,0.1,996.9,4.8,11.9,236,207,13,17,10,3,291,30.8,0.0,32.9,0.0,32.1,0.4,24.6,0.0,28.7,0.0,31.766666666666666,0.1999999999999987,30.575000000000003,0.6000000000000036,28.091666666666665,0.5999999999999985,-2.3000000000000007,0.1,Tiruchirappalli,25.1,0.1
2024-10-17 14:00:00,27.8,75,0.0,998.0,7.0,14.8,213,203,14,17,10,3,291,28.5,0.1,32.4,0.0,32.8,0.1,25.7,0.0,28.0,0.0,30.933333333333337,0.0999999999999987,30.75,0.6000000000000036,28.08333333333333,0.5999999999999985,-0.6999999999999993,-0.1,Tiruchirappalli,25.2,0.0
2024-10-17 15:00:00,26.8,81,0.0,998.9,10.0,19.7,168,171,15,17,10,3,291,27.8,0.0,30.8,0.0,33.2,0.0,27.2,0.0,27.2,0.0,29.866666666666664,0.0999999999999987,30.716666666666665,0.6000000000000036,28.066666666666663,0.5999999999999985,-1.0,0.0,Tiruchirappalli,24.8,0.0
2024-10-17 16:00:00,26.3,87,0.0,999.5,7.3,16.2,180,190,16,17,10,3,291,26.8,0.0,28.5,0.1,32.9,0.0,29.0,0.0,26.6,0.0,28.766666666666666,0.0999999999999987,30.491666666666664,0.6000000000000036,28.054166666666664,0.5999999999999985,-0.5,0.0,Tiruchirappalli,24.9,0.9
2024-10-17 17:00:00,25.6,91,0.0,999.6,4.2,11.4,183,200,17,17,10,3,291,26.3,0.0,27.8,0.0,32.4,0.0,30.7,0.0,26.1,0.0,27.63333333333333,0.0999999999999987,30.066666666666663,0.6000000000000036,28.03333333333333,0.5999999999999985,-0.6999999999999993,0.0,Tiruchirappalli,24.3,2.7
2024-10-17 18:00:00,25.2,95,0.0,999.5,4.4,9.0,209,235,18,17,10,3,291,25.6,0.0,26.8,0.0,30.8,0.0,31.6,0.0,25.8,0.0,26.700000000000003,0.0999999999999987,29.53333333333333,0.6000000000000036,28.008333333333336,0.5999999999999985,-0.4000000000000021,0.0,Tiruchirappalli,24.5,0.0
2024-10-17 19:00:00,24.9,94,0.0,998.9,3.8,8.3,270,289,19,17,10,3,291,25.2,0.0,26.3,0.0,28.5,0.1,32.1,0.4,25.4,0.0,26.1,0.0,28.933333333333334,0.2000000000000036,27.9875,0.5999999999999985,-0.3000000000000007,0.0,Tiruchirappalli,23.9,0.0
2024-10-17 20:00:00,24.8,91,0.0,998.2,4.9,13.3,297,306,20,17,10,3,291,24.9,0.0,25.6,0.0,27.8,0.0,32.8,0.1,25.2,0.0,25.6,0.0,28.266666666666666,0.1000000000000036,27.97083333333333,0.5999999999999985,-0.0999999999999978,0.0,Tiruchirappalli,24.3,0.0
2024-10-17 21:00:00,24.9,86,0.0,997.4,6.5,17.0,287,289,21,17,10,3,291,24.8,0.0,25.2,0.0,26.8,0.0,33.2,0.0,25.0,0.0,25.28333333333333,0.0,27.575000000000003,0.1000000000000036,27.96666666666667,0.5999999999999985,0.0999999999999978,0.0,Tiruchirappalli,24.2,0.0
2024-10-17 22:00:00,24.8,84,0.0,997.2,8.5,19.4,280,277,22,17,10,3,291,24.9,0.0,24.9,0.0,26.3,0.0,32.9,0.0,24.8,0.0,25.03333333333333,0.0,26.899999999999995,0.1000000000000036,27.96666666666667,0.5999999999999985,-0.0999999999999978,0.0,Tiruchirappalli,24.1,0.0
2024-10-17 23:00:00,24.5,84,0.0,997.4,8.8,19.8,283,281,23,17,10,3,291,24.8,0.0,24.8,0.0,25.6,0.0,32.4,0.0,24.4,0.0,24.85,0.0,26.241666666666664,0.1000000000000036,27.97083333333333,0.5999999999999985,-0.3000000000000007,0.0,Tiruchirappalli,24.0,0.0
2024-10-18 00:00:00,24.4,85,0.0,997.9,9.1,19.9,280,277,0,18,10,4,292,24.5,0.0,24.9,0.0,25.2,0.0,30.8,0.0,24.2,0.0,24.71666666666667,0.0,25.70833333333333,0.1000000000000036,27.979166666666668,0.5999999999999985,-0.1000000000000014,0.0,Tiruchirappalli,24.0,0.0
2024-10-18 01:00:00,25.7,80,0.0,998.9,9.1,18.4,282,279,1,18,10,4,292,24.4,0.0,24.8,0.0,24.9,0.0,28.5,0.1,24.6,0.0,24.85,0.0,25.475,0.0,28.025,0.5999999999999985,1.3000000000000007,0.0,Tiruchirappalli,23.8,0.0
2024-10-18 02:00:00,26.3,80,0.0,999.7,7.8,17.3,285,289,2,18,10,4,292,25.7,0.0,24.5,0.0,24.8,0.0,27.8,0.0,25.7,0.0,25.1,0.0,25.35,0.0,28.05,0.5999999999999985,0.6000000000000014,0.0,Tiruchirappalli,25.3,0.0
2024-10-18 03:00:00,27.6,76,0.0,1000.2,11.4,16.4,293,294,3,18,10,4,292,26.3,0.0,24.4,0.0,24.9,0.0,26.8,0.0,27.2,0.0,25.55,0.0,25.416666666666668,0.0,28.066666666666663,0.5999999999999985,1.3000000000000007,0.0,Tiruchirappalli,27.2,0.0
2024-10-18 04:00:00,29.1,71,0.0,1000.9,11.9,16.4,294,295,4,18,10,4,292,27.6,0.0,25.7,0.0,24.8,0.0,26.3,0.0,29.0,0.0,26.26666666666667,0.0,25.65,0.0,28.070833333333336,0.5999999999999985,1.5,0.0,Tiruchirappalli,29.1,0.0
2024-10-18 05:00:00,30.7,65,0.0,1000.7,11.7,15.8,287,288,5,18,10,4,292,29.1,0.0,26.3,0.0,24.5,0.0,25.6,0.0,30.7,0.0,27.3,0.0,26.075,0.0,28.070833333333336,0.5999999999999985,1.599999999999998,0.0,Tiruchirappalli,30.4,0.0
2024-10-18 06:00:00,31.8,60,0.0,999.7,10.8,14.1,287,288,6,18,10,4,292,30.7,0.0,27.6,0.0,24.4,0.0,25.2,0.0,31.6,0.0,28.53333333333333,0.0,26.625,0.0,28.079166666666666,0.5999999999999985,1.1000000000000014,0.0,Tiruchirappalli,31.3,0.0
2024-10-18 07:00:00,32.6,56,0.0,998.3,9.3,12.3,292,294,7,18,10,4,292,31.8,0.0,29.1,0.0,25.7,0.0,24.9,0.0,32.1,0.4,29.683333333333334,0.0,27.26666666666667,0.0,28.1,0.1999999999999984,0.8000000000000007,0.0,Tiruchirappalli,31.7,0.0
2024-10-18 08:00:00,32.6,57,0.0,997.3,7.3,9.7,294,295,8,18,10,4,292,32.6,0.0,30.7,0.0,26.3,0.0,24.8,0.0,32.8,0.1,30.73333333333333,0.0,27.916666666666668,0.0,28.09166666666667,0.0999999999999984,0.0,0.0,Tiruchirappalli,32.4,0.0
2024-10-18 09:00:00,32.0,58,0.0,996.6,7.7,9.8,290,291,9,18,10,4,292,32.6,0.0,31.8,0.0,27.6,0.0,24.9,0.0,33.2,0.0,31.46666666666667,0.0,28.50833333333333,0.0,28.041666666666668,0.0999999999999984,-0.6000000000000014,0.0,Tiruchirappalli,32.6,0.0
2024-10-18 10:00:00,31.4,60,0.2,996.4,5.4,7.1,324,330,10,18,10,4,292,32.0,0.0,32.6,0.0,29.1,0.0,24.8,0.0,32.9,0.0,31.85,0.1999999999999987,29.058333333333337,0.2000000000000036,27.979166666666668,0.2999999999999985,-0.6000000000000014,0.2,Tiruchirappalli,32.5,0.0
2024-10-18 11:00:00,30.5,67,0.0,996.9,6.0,7.8,296,299,11,18,10,4,292,31.4,0.2,32.6,0.0,30.7,0.0,24.5,0.0,32.4,0.0,31.816666666666663,0.1999999999999987,29.558333333333337,0.2000000000000036,27.9,0.2999999999999985,-0.8999999999999986,-0.2,Tiruchirappalli,31.7,0.2
2024-10-18 12:00:00,28.8,75,0.2,997.7,4.5,6.7,216,196,12,18,10,4,292,30.5,0.0,32.0,0.0,31.8,0.0,24.4,0.0,30.8,0.0,31.316666666666663,0.3999999999999987,29.925,0.4000000000000036,27.816666666666663,0.4999999999999984,-1.6999999999999993,0.2,Tiruchirappalli,29.8,0.0
2024-10-18 13:00:00,28.4,73,0.0,998.0,4.6,6.2,60,45,13,18,10,4,292,28.8,0.2,31.4,0.2,32.6,0.0,25.7,0.0,28.5,0.1,30.616666666666664,0.3999999999999987,30.15,0.4000000000000036,27.8125,0.3999999999999984,-0.4000000000000021,-0.2,Tiruchirappalli,28.4,0.0
2024-10-18 14:00:00,27.2,79,0.0,999.0,6.3,10.5,73,66,14,18,10,4,292,28.4,0.0,30.5,0.0,32.6,0.0,26.3,0.0,27.8,0.0,29.71666666666667,0.3999999999999987,30.225,0.4000000000000036,27.7875,0.3999999999999984,-1.1999999999999993,0.0,Tiruchirappalli,28.0,0.0
2024-10-18 15:00:00,27.2,79,0.1,1000.2,7.0,15.1,92,87,15,18,10,4,292,27.2,0.0,28.8,0.2,32.0,0.0,27.6,0.0,26.8,0.0,28.916666666666668,0.4999999999999988,30.191666666666663,0.5000000000000037,27.80416666666667,0.4999999999999985,0.0,0.1,Tiruchirappalli,27.6,0.0
2024-10-18 16:00:00,26.6,83,0.1,1000.7,4.0,11.4,143,129,16,18,10,4,292,27.2,0.1,28.4,0.0,31.4,0.2,29.1,0.0,26.3,0.0,28.116666666666664,0.3999999999999987,29.98333333333333,0.6000000000000036,27.816666666666663,0.5999999999999984,-0.5999999999999979,0.0,Tiruchirappalli,26.9,0.0
2024-10-18 17:00:00,26.2,87,0.0,1000.5,4.4,11.4,185,189,17,18,10,4,292,26.6,0.1,27.2,0.0,30.5,0.0,30.7,0.0,25.6,0.0,27.4,0.3999999999999987,29.60833333333333,0.6000000000000036,27.84166666666667,0.5999999999999984,-0.4000000000000021,-0.1,Tiruchirappalli,26.0,0.0
2024-10-18 18:00:00,25.2,88,0.0,1001.0,8.3,16.3,265,265,18,18,10,4,292,26.2,0.0,27.2,0.1,28.8,0.2,31.8,0.0,25.2,0.0,26.8,0.1999999999999987,29.058333333333334,0.6000000000000036,27.84166666666667,0.5999999999999984,-1.0,0.0,Tiruchirappalli,25.3,0.0
2024-10-18 19:00:00,23.8,96,3.4,1000.5,8.7,14.5,263,274,19,18,10,4,292,25.2,0.0,26.6,0.1,28.4,0.0,32.6,0.0,24.9,0.0,26.03333333333333,3.5999999999999988,28.325,4.000000000000004,27.79583333333333,3.9999999999999982,-1.3999999999999986,3.4,Tiruchirappalli,24.5,0.0
2024-10-18 20:00:00,23.5,98,0.9,999.5,3.8,8.3,198,149,20,18,10,4,292,23.8,3.4,26.2,0.0,27.2,0.0,32.6,0.0,24.8,0.0,25.416666666666668,4.499999999999999,27.566666666666663,4.900000000000004,27.741666666666664,4.899999999999999,-0.3000000000000007,-2.5,Tiruchirappalli,24.2,0.0
2024-10-18 21:00:00,23.5,99,0.1,999.5,0.7,2.4,197,14,21,18,10,4,292,23.5,0.9,25.2,0.0,27.2,0.1,32.0,0.0,24.9,0.0,24.8,4.499999999999999,26.85833333333333,5.000000000000004,27.683333333333334,4.999999999999998,0.0,-0.8,Tiruchirappalli,24.3,0.0
2024-10-18 22:00:00,23.7,98,0.1,999.4,2.0,4.0,172,63,22,18,10,4,292,23.5,0.1,23.8,3.4,26.6,0.1,31.4,0.2,24.8,0.0,24.316666666666663,4.499999999999998,26.216666666666665,4.900000000000003,27.637500000000003,5.099999999999998,0.1999999999999993,0.0,Tiruchirappalli,24.1,0.0
2024-10-18 23:00:00,23.7,99,0.1,999.4,0.9,4.3,242,360,23,18,10,4,292,23.7,0.1,23.5,0.9,26.2,0.0,30.5,0.0,24.5,0.0,23.9,4.599999999999999,25.649999999999995,5.000000000000004,27.604166666666668,5.199999999999998,0.0,0.0,Tiruchirappalli,24.0,0.0
2024-10-19 00:00:00,23.5,99,0.0,1000.1,1.4,5.4,278,23,0,19,10,5,293,23.7,0.1,23.5,0.1,25.2,0.0,28.8,0.2,24.4,0.0,23.616666666666664,4.599999999999999,25.20833333333333,4.800000000000003,27.566666666666663,5.199999999999998,-0.1999999999999993,-0.1,Tiruchirappalli,23.7,0.0
2024-10-19 01:00:00,24.7,90,0.0,1000.8,7.6,14.8,272,265,1,19,10,5,293,23.5,0.0,23.7,0.1,23.8,3.4,28.4,0.0,25.7,0.0,23.766666666666666,1.1999999999999986,24.9,4.800000000000003,27.525,5.199999999999998,1.1999999999999993,0.0,Tiruchirappalli,24.7,0.0
2024-10-19 02:00:00,25.0,87,0.0,1001.6,10.5,18.6,276,273,2,19,10,5,293,24.7,0.0,23.7,0.1,23.5,0.9,27.2,0.0,26.3,0.0,24.016666666666666,0.2999999999999987,24.71666666666667,4.800000000000003,27.47083333333333,5.199999999999998,0.3000000000000007,0.0,Tiruchirappalli,25.8,0.0
2024-10-19 03:00:00,25.9,80,0.0,1002.4,9.7,15.3,269,267,3,19,10,5,293,25.0,0.0,23.5,0.0,23.5,0.1,27.2,0.1,27.6,0.0,24.416666666666668,0.1999999999999986,24.60833333333333,4.700000000000004,27.4,5.199999999999998,0.8999999999999986,0.0,Tiruchirappalli,27.6,0.0
2024-10-19 04:00:00,27.0,76,0.1,1002.8,8.0,11.1,295,298,4,19,10,5,293,25.9,0.0,24.7,0.0,23.7,0.1,26.6,0.1,29.1,0.0,24.96666666666667,0.1999999999999986,24.641666666666666,4.700000000000004,27.3125,5.299999999999998,1.1000000000000014,0.1,Tiruchirappalli,29.3,0.0
2024-10-19 05:00:00,28.3,72,0.1,1002.7,7.0,9.1,306,310,5,19,10,5,293,27.0,0.1,25.0,0.0,23.7,0.1,26.2,0.0,30.7,0.0,25.73333333333333,0.1999999999999986,24.816666666666663,4.800000000000004,27.212499999999995,5.399999999999999,1.3000000000000007,0.0,Tiruchirappalli,30.8,0.0
2024-10-19 06:00:00,29.2,69,0.0,1001.7,8.1,10.6,314,317,6,19,10,5,293,28.3,0.1,25.9,0.0,23.5,0.0,25.2,0.0,31.8,0.0,26.683333333333334,0.1999999999999986,25.15,4.800000000000004,27.104166666666668,5.399999999999999,0.8999999999999986,-0.1,Tiruchirappalli,31.4,0.0
2024-10-19 07:00:00,29.5,69,0.1,1000.4,4.7,6.1,330,332,7,19,10,5,293,29.2,0.0,27.0,0.1,24.7,0.0,23.8,3.4,32.6,0.0,27.48333333333333,0.2999999999999987,25.625,1.5000000000000036,26.975,5.499999999999998,0.3000000000000007,0.1,Tiruchirappalli,32.1,0.0
2024-10-19 08:00:00,29.6,70,0.2,999.6,5.0,6.2,345,347,8,19,10,5,293,29.5,0.1,28.3,0.1,25.0,0.0,23.5,0.9,32.6,0.0,28.25,0.4999999999999986,26.133333333333336,0.8000000000000036,26.85,5.699999999999998,0.1000000000000014,0.1,Tiruchirappalli,32.1,0.0
2024-10-19 09:00:00,29.5,70,0.1,998.3,2.7,3.3,347,352,9,19,10,5,293,29.6,0.2,29.2,0.0,25.9,0.0,23.5,0.1,32.0,0.0,28.85,0.5999999999999988,26.633333333333336,0.8000000000000036,26.745833333333334,5.799999999999998,-0.1000000000000014,-0.1,Tiruchirappalli,31.3,0.1
2024-10-19 10:00:00,29.5,71,0.2,997.9,1.5,1.9,311,315,10,19,10,5,293,29.5,0.1,29.5,0.1,27.0,0.1,23.7,0.1,31.4,0.2,29.266666666666666,0.6999999999999987,27.11666666666667,0.9000000000000036,26.666666666666668,5.799999999999998,0.0,0.1,Tiruchirappalli,25.9,7.6
2024-10-19 11:00:00,29.5,71,0.1,998.0,1.3,1.5,324,326,11,19,10,5,293,29.5,0.2,29.6,0.2,28.3,0.1,23.7,0.1,30.5,0.0,29.466666666666665,0.6999999999999987,27.600000000000005,0.9000000000000036,26.625,5.899999999999999,0.0,-0.1,Tiruchirappalli,26.2,0.3
2024-10-19 12:00:00,27.6,84,1.9,998.8,5.3,7.3,327,327,12,19,10,5,293,29.5,0.1,29.5,0.1,29.2,0.0,23.5,0.0,28.8,0.2,29.200000000000003,2.5999999999999988,27.941666666666663,2.800000000000004,26.575000000000003,7.599999999999998,-1.8999999999999984,1.7999999999999998,Tiruchirappalli,26.0,0.2
2024-10-19 13:00:00,27.9,79,0.0,998.8,0.8,1.8,349,225,13,19,10,5,293,27.6,1.9,29.5,0.2,29.5,0.1,24.7,0.0,28.4,0.0,28.933333333333334,2.4999999999999982,28.20833333333333,2.800000000000004,26.55416666666667,7.599999999999998,0.2999999999999971,-1.9,Tiruchirappalli,25.8,0.0
2024-10-19 14:00:00,27.7,80,0.0,999.5,0.5,2.3,29,180,14,19,10,5,293,27.9,0.0,29.5,0.1,29.6,0.2,25.0,0.0,27.2,0.0,28.61666666666667,2.299999999999999,28.433333333333334,2.800000000000004,26.575,7.599999999999998,-0.1999999999999993,0.0,Tiruchirappalli,25.7,0.2
2024-10-19 15:00:00,26.3,88,0.0,1000.3,3.7,4.7,86,125,15,19,10,5,293,27.7,0.0,27.6,1.9,29.5,0.1,25.9,0.0,27.2,0.1,28.08333333333333,2.1999999999999984,28.46666666666667,2.800000000000004,26.5375,7.499999999999998,-1.3999999999999986,0.0,Tiruchirappalli,25.4,0.0
2024-10-19 16:00:00,25.8,92,0.0,1001.0,4.8,8.7,103,112,16,19,10,5,293,26.3,0.0,27.9,0.0,29.5,0.2,27.0,0.1,26.6,0.1,27.46666666666667,1.9999999999999984,28.366666666666664,2.700000000000004,26.504166666666663,7.399999999999999,-0.5,0.0,Tiruchirappalli,25.0,0.0
2024-10-19 17:00:00,25.4,95,0.0,1001.5,5.2,9.8,114,121,17,19,10,5,293,25.8,0.0,27.7,0.0,29.5,0.1,28.3,0.1,26.2,0.0,26.78333333333333,1.8999999999999984,28.125,2.600000000000003,26.47083333333333,7.399999999999999,-0.4000000000000021,0.0,Tiruchirappalli,25.5,0.0
2024-10-19 18:00:00,25.1,93,0.6,1001.9,8.5,16.4,161,148,18,19,10,5,293,25.4,0.0,26.3,0.0,27.6,1.9,29.2,0.0,25.2,0.0,26.366666666666664,0.5999999999999986,27.78333333333333,3.200000000000004,26.466666666666665,7.999999999999998,-0.2999999999999971,0.6,Tiruchirappalli,24.5,0.0
2024-10-19 19:00:00,24.8,97,0.8,1001.1,2.5,1.6,27,30,19,19,10,5,293,25.1,0.6,25.8,0.0,27.9,0.0,29.5,0.1,23.8,3.4,25.850000000000005,1.3999999999999986,27.391666666666666,3.900000000000004,26.508333333333336,5.399999999999999,-0.3000000000000007,0.2,Tiruchirappalli,24.3,0.0
2024-10-19 20:00:00,24.6,97,0.7,1000.7,2.3,1.9,326,342,20,19,10,5,293,24.8,0.8,25.4,0.0,27.7,0.0,29.6,0.2,23.5,0.9,25.33333333333333,2.0999999999999988,26.975,4.400000000000003,26.554166666666664,5.1999999999999975,-0.1999999999999993,-0.1,Tiruchirappalli,24.5,0.0
2024-10-19 21:00:00,24.6,95,0.1,1000.0,4.1,5.6,42,34,21,19,10,5,293,24.6,0.7,25.1,0.6,26.3,0.0,29.5,0.1,23.5,0.1,25.05,2.199999999999999,26.566666666666663,4.400000000000004,26.6,5.199999999999998,0.0,-0.6,Tiruchirappalli,24.2,0.0
2024-10-19 22:00:00,24.4,98,0.2,1000.0,2.9,3.8,17,353,22,19,10,5,293,24.6,0.1,24.8,0.8,25.8,0.0,29.5,0.2,23.7,0.1,24.816666666666663,2.3999999999999986,26.141666666666666,4.400000000000004,26.629166666666663,5.299999999999999,-0.2000000000000028,0.1,Tiruchirappalli,23.9,0.0
2024-10-19 23:00:00,23.9,99,0.0,1000.2,3.1,5.0,345,329,23,19,10,5,293,24.4,0.2,24.6,0.7,25.4,0.0,29.5,0.1,23.7,0.1,24.566666666666663,2.3999999999999986,25.675,4.300000000000003,26.637500000000003,5.199999999999998,-0.5,-0.2,Tiruchirappalli,23.6,0.0
2024-10-20 00:00:00,23.6,99,0.0,1001.1,3.9,6.7,352,344,0,20,10,6,294,23.9,0.0,24.6,0.1,25.1,0.6,27.6,1.9,23.5,0.0,24.316666666666663,1.7999999999999985,25.34166666666667,2.4000000000000035,26.641666666666666,5.199999999999998,-0.2999999999999971,0.0,Tiruchirappalli,23.6,0.0
2024-10-20 01:00:00,24.1,97,0.1,1001.9,4.9,9.5,21,24,1,20,10,6,294,23.6,0.0,24.4,0.2,24.8,0.8,27.9,0.0,24.7,0.0,24.200000000000003,1.0999999999999988,25.025,2.500000000000004,26.616666666666664,5.299999999999998,0.5,0.1,Tiruchirappalli,23.7,0.0
2024-10-20 02:00:00,24.7,93,0.2,1002.5,4.9,6.9,43,39,2,20,10,6,294,24.1,0.1,23.9,0.0,24.6,0.7,27.7,0.0,25.0,0.0,24.21666666666667,0.5999999999999988,24.775,2.700000000000004,26.604166666666668,5.499999999999998,0.5999999999999979,0.1,Tiruchirappalli,25.3,0.0
2024-10-20 03:00:00,26.3,84,0.0,1003.2,4.1,5.3,18,15,3,20,10,6,294,24.7,0.2,23.6,0.0,24.6,0.1,26.3,0.0,25.9,0.0,24.5,0.4999999999999987,24.775,2.700000000000004,26.620833333333334,5.499999999999998,1.6000000000000014,-0.2,Tiruchirappalli,26.9,0.0
2024-10-20 04:00:00,27.7,78,0.0,1003.4,2.4,3.3,279,283,4,20,10,6,294,26.3,0.0,24.1,0.1,24.4,0.2,25.8,0.0,27.0,0.1,25.05,0.2999999999999987,24.933333333333334,2.700000000000004,26.65,5.399999999999999,1.3999999999999986,0.0,Tiruchirappalli,28.8,0.0
2024-10-20 05:00:00,29.2,74,0.0,1002.9,3.2,4.0,306,308,5,20,10,6,294,27.7,0.0,24.7,0.2,23.9,0.0,25.4,0.0,28.3,0.1,25.933333333333334,0.2999999999999987,25.25,2.700000000000004,26.6875,5.299999999999998,1.5,0.0,Tiruchirappalli,30.1,0.0
2024-10-20 06:00:00,30.3,70,0.2,1002.2,3.0,3.9,332,335,6,20,10,6,294,29.2,0.0,26.3,0.0,23.6,0.0,25.1,0.6,29.2,0.0,27.05,0.4999999999999987,25.683333333333334,2.300000000000004,26.73333333333333,5.499999999999998,1.1000000000000014,0.2,Tiruchirappalli,31.3,0.0
2024-10-20 07:00:00,31.0,67,0.1,1000.8,3.3,4.2,10,13,7,20,10,6,294,30.3,0.2,27.7,0.0,24.1,0.1,24.8,0.8,29.5,0.1,28.2,0.4999999999999986,26.200000000000003,1.6000000000000036,26.79583333333333,5.499999999999998,0.6999999999999993,-0.1,Tiruchirappalli,31.7,0.0
2024-10-20 08:00:00,31.2,66,0.2,999.4,3.2,4.0,39,43,8,20,10,6,294,31.0,0.1,29.2,0.0,24.7,0.2,24.6,0.7,29.6,0.2,29.28333333333333,0.4999999999999986,26.75,1.1000000000000036,26.8625,5.499999999999998,0.1999999999999993,0.1,Tiruchirappalli,32.4,0.0
2024-10-20 09:00:00,31.2,65,0.1,998.0,2.3,2.8,35,39,9,20,10,6,294,31.2,0.2,30.3,0.2,26.3,0.0,24.6,0.1,29.5,0.1,30.1,0.5999999999999988,27.3,1.1000000000000036,26.933333333333334,5.499999999999998,0.0,-0.1,Tiruchirappalli,32.0,0.0
2024-10-20 10:00:00,30.8,66,0.1,997.7,2.9,3.5,69,68,10,20,10,6,294,31.2,0.1,31.0,0.1,27.7,0.0,24.4,0.2,29.5,0.2,30.616666666666664,0.6999999999999987,27.83333333333333,1.0000000000000036,26.9875,5.399999999999999,-0.3999999999999986,0.0,Tiruchirappalli,31.2,0.1
2024-10-20 11:00:00,29.9,70,0.1,998.0,1.9,2.8,79,49,11,20,10,6,294,30.8,0.1,31.2,0.2,29.2,0.0,23.9,0.0,29.5,0.1,30.73333333333333,0.7999999999999987,28.33333333333333,1.1000000000000036,27.004166666666663,5.399999999999999,-0.9000000000000021,0.0,Tiruchirappalli,27.6,0.9
2024-10-20 12:00:00,27.6,84,3.2,999.2,1.8,2.6,205,233,12,20,10,6,294,29.9,0.1,31.2,0.1,30.3,0.2,23.6,0.0,27.6,1.9,30.28333333333333,3.799999999999999,28.666666666666668,4.300000000000004,27.004166666666663,6.699999999999998,-2.299999999999997,3.1,Tiruchirappalli,25.9,0.3
2024-10-20 13:00:00,26.3,87,0.0,1000.0,10.2,18.4,146,143,13,20,10,6,294,27.6,3.2,30.8,0.1,31.0,0.1,24.1,0.1,27.9,0.0,29.5,3.699999999999999,28.85,4.200000000000005,26.9375,6.699999999999998,-1.3000000000000007,-3.2,Tiruchirappalli,26.3,0.0
2024-10-20 14:00:00,25.8,90,0.0,1000.3,3.5,10.8,132,141,14,20,10,6,294,26.3,0.0,29.9,0.1,31.2,0.2,24.7,0.2,27.7,0.0,28.600000000000005,3.4999999999999987,28.941666666666663,4.000000000000004,26.85833333333333,6.699999999999998,-0.5,0.0,Tiruchirappalli,25.9,0.0
2024-10-20 15:00:00,25.5,92,0.0,1001.4,4.7,11.4,184,198,15,20,10,6,294,25.8,0.0,27.6,3.2,31.2,0.1,26.3,0.0,26.3,0.0,27.65,3.399999999999999,28.875,4.000000000000004,26.825,6.699999999999998,-0.3000000000000007,0.0,Tiruchirappalli,25.5,0.0
2024-10-20 16:00:00,25.1,94,0.0,1002.2,4.9,12.4,196,204,16,20,10,6,294,25.5,0.0,26.3,0.0,30.8,0.1,27.7,0.0,25.8,0.0,26.700000000000003,3.299999999999999,28.65833333333333,4.000000000000004,26.79583333333333,6.699999999999998,-0.3999999999999986,0.0,Tiruchirappalli,24.9,0.0
2024-10-20 17:00:00,24.7,96,0.4,1002.6,4.7,9.4,238,254,17,20,10,6,294,25.1,0.0,25.8,0.0,29.9,0.1,29.2,0.0,25.4,0.0,25.83333333333333,3.5999999999999988,28.28333333333333,4.400000000000004,26.76666666666667,7.099999999999999,-0.4000000000000021,0.4,Tiruchirappalli,24.6,0.0
2024-10-20 18:00:00,24.2,96,3.5,1003.2,7.2,11.4,273,271,18,20,10,6,294,24.7,0.4,25.5,0.0,27.6,3.2,30.3,0.2,25.1,0.6,25.266666666666666,3.899999999999999,27.775,7.700000000000004,26.729166666666668,9.999999999999998,-0.5,3.1,Tiruchirappalli,24.6,0.0
2024-10-20 19:00:00,23.9,95,0.1,1001.9,7.6,11.3,271,278,19,20,10,6,294,24.2,3.5,25.1,0.0,26.3,0.0,31.0,0.1,24.8,0.8,24.866666666666664,3.999999999999999,27.183333333333334,7.700000000000004,26.691666666666663,9.299999999999995,-0.3000000000000007,-3.4,Tiruchirappalli,24.2,0.0
2024-10-20 20:00:00,23.3,97,0.6,1001.4,4.5,7.8,289,293,20,20,10,6,294,23.9,0.1,24.7,0.4,25.8,0.0,31.2,0.2,24.6,0.7,24.45,4.599999999999999,26.525,8.100000000000003,26.637500000000003,9.2,-0.5999999999999979,0.5,Tiruchirappalli,24.0,0.0
2024-10-20 21:00:00,23.1,97,0.1,1001.1,7.3,11.7,328,324,21,20,10,6,294,23.3,0.6,24.2,3.5,25.5,0.0,31.2,0.1,24.6,0.1,24.05,4.699999999999998,25.85,8.100000000000005,26.575000000000003,9.2,-0.1999999999999993,-0.5,Tiruchirappalli,24.0,0.0
2024-10-20 22:00:00,23.0,97,0.0,1000.9,1.1,2.0,275,198,22,20,10,6,294,23.1,0.1,23.9,0.1,25.1,0.0,30.8,0.1,24.4,0.2,23.7,4.699999999999998,25.2,8.000000000000004,26.51666666666667,8.999999999999998,-0.1000000000000014,-0.1,Tiruchirappalli,24.2,0.0
2024-10-20 23:00:00,22.7,99,0.0,1001.0,2.2,3.7,281,228,23,20,10,6,294,23.0,0.0,23.3,0.6,24.7,0.4,29.9,0.1,23.9,0.0,23.36666666666667,4.299999999999998,24.600000000000005,7.900000000000004,26.466666666666665,8.999999999999998,-0.3000000000000007,0.0,Tiruchirappalli,24.0,0.0
2024-10-21 00:00:00,23.0,98,0.0,1001.4,1.0,3.2,326,211,0,21,10,0,295,22.7,0.0,23.1,0.1,24.2,3.5,27.6,3.2,23.6,0.0,23.166666666666668,0.7999999999999986,24.21666666666667,4.700000000000003,26.441666666666663,8.999999999999998,0.3000000000000007,0.0,Tiruchirappalli,23.9,0.0
2024-10-21 01:00:00,23.7,95,1.2,1002.2,2.4,4.4,339,9,1,21,10,0,295,23.0,0.0,23.0,0.0,23.9,0.1,26.3,0.0,24.1,0.1,23.133333333333336,1.8999999999999984,24.0,5.900000000000003,26.425,10.099999999999998,0.6999999999999993,1.2,Tiruchirappalli,24.4,0.0
2024-10-21 02:00:00,24.3,94,0.1,1002.9,1.5,4.1,311,324,2,21,10,0,295,23.7,1.2,22.7,0.0,23.3,0.6,25.8,0.0,24.7,0.2,23.3,1.3999999999999986,23.875,6.000000000000004,26.40833333333333,9.999999999999998,0.6000000000000014,-1.1,Tiruchirappalli,25.9,0.0
2024-10-21 03:00:00,25.4,87,0.1,1003.4,4.8,6.6,296,292,3,21,10,0,295,24.3,0.1,23.0,0.0,23.1,0.1,25.5,0.0,26.3,0.0,23.683333333333334,1.3999999999999986,23.866666666666664,6.100000000000004,26.370833333333334,10.1,1.099999999999998,0.0,Tiruchirappalli,27.7,0.0
2024-10-21 04:00:00,27.0,80,0.3,1004.1,5.6,7.3,298,297,4,21,10,0,295,25.4,0.1,23.7,1.2,23.0,0.0,25.1,0.0,27.7,0.0,24.35,1.6999999999999986,24.025,6.400000000000003,26.341666666666665,10.4,1.6000000000000014,0.1999999999999999,Tiruchirappalli,29.5,0.0
2024-10-21 05:00:00,27.7,76,0.1,1003.5,7.9,10.2,287,286,5,21,10,0,295,27.0,0.3,24.3,0.1,22.7,0.0,24.7,0.4,29.2,0.0,25.183333333333334,1.7999999999999987,24.275,6.100000000000003,26.27916666666667,10.499999999999998,0.6999999999999993,-0.1999999999999999,Tiruchirappalli,31.0,0.0
2024-10-21 06:00:00,28.8,73,0.1,1002.3,4.3,5.5,287,285,6,21,10,0,295,27.7,0.1,25.4,0.1,23.0,0.0,24.2,3.5,30.3,0.2,26.15,1.8999999999999984,24.65833333333333,2.700000000000004,26.216666666666665,10.4,1.1000000000000014,0.0,Tiruchirappalli,32.1,0.0
2024-10-21 07:00:00,29.8,70,0.1,1001.1,3.9,4.8,295,294,7,21,10,0,295,28.8,0.1,27.0,0.3,23.7,1.2,23.9,0.1,31.0,0.1,27.166666666666668,0.7999999999999987,25.15,2.700000000000004,26.166666666666668,10.4,1.0,0.0,Tiruchirappalli,32.7,0.0
2024-10-21 08:00:00,30.6,68,0.1,999.7,4.8,6.1,341,340,8,21,10,0,295,29.8,0.1,27.7,0.1,24.3,0.1,23.3,0.6,31.2,0.2,28.21666666666667,0.7999999999999987,25.75833333333333,2.200000000000004,26.14166666666667,10.3,0.8000000000000007,0.0,Tiruchirappalli,32.7,0.1
2024-10-21 09:00:00,30.8,68,0.1,998.8,1.1,1.3,98,108,9,21,10,0,295,30.6,0.1,28.8,0.1,25.4,0.1,23.1,0.1,31.2,0.1,29.116666666666664,0.7999999999999986,26.4,2.200000000000004,26.125,10.299999999999995,0.1999999999999993,0.0,Tiruchirappalli,32.7,0.0
2024-10-21 10:00:00,30.5,67,0.1,998.1,3.6,4.2,130,135,10,21,10,0,295,30.8,0.1,29.8,0.1,27.0,0.3,23.0,0.0,30.8,0.1,29.7,0.6000000000000001,27.025,2.300000000000004,26.1125,10.299999999999995,-0.3000000000000007,0.0,Tiruchirappalli,32.6,0.0
2024-10-21 11:00:00,29.2,72,0.1,998.4,5.8,8.5,77,74,11,21,10,0,295,30.5,0.1,30.6,0.1,27.7,0.1,22.7,0.0,29.9,0.1,29.950000000000003,0.6000000000000001,27.566666666666663,2.400000000000004,26.08333333333333,10.3,-1.3000000000000007,0.0,Tiruchirappalli,32.0,0.0
2024-10-21 12:00:00,26.7,85,1.2,1000.0,5.2,7.8,142,166,12,21,10,0,295,29.2,0.1,30.8,0.1,28.8,0.1,23.0,0.0,27.6,3.2,29.6,1.6999999999999986,27.875,3.600000000000004,26.04583333333333,8.299999999999997,-2.5,1.1,Tiruchirappalli,28.4,0.6
2024-10-21 13:00:00,26.1,95,0.0,999.2,3.3,2.9,173,221,13,21,10,0,295,26.7,1.2,30.5,0.1,29.8,0.1,23.7,1.2,26.3,0.0,28.98333333333333,1.5999999999999983,28.075,2.4000000000000035,26.0375,8.299999999999997,-0.5999999999999979,-1.2,Tiruchirappalli,28.8,0.0
2024-10-21 14:00:00,25.7,96,0.0,1000.3,4.7,6.3,88,90,14,21,10,0,295,26.1,0.0,29.2,0.1,30.6,0.1,24.3,0.1,25.8,0.0,28.166666666666668,1.499999999999999,28.191666666666663,2.300000000000004,26.03333333333333,8.299999999999997,-0.4000000000000021,0.0,Tiruchirappalli,27.2,0.0
2024-10-21 15:00:00,25.5,96,0.0,1001.3,4.6,6.5,67,59,15,21,10,0,295,25.7,0.0,26.7,1.2,30.8,0.1,25.4,0.1,25.5,0.0,27.28333333333333,1.3999999999999986,28.2,2.200000000000004,26.03333333333333,8.299999999999997,-0.1999999999999993,0.0,Tiruchirappalli,26.7,0.0
2024-10-21 16:00:00,25.1,97,0.0,1001.8,4.3,5.5,36,360,16,21,10,0,295,25.5,0.0,26.1,0.0,30.5,0.1,27.0,0.3,25.1,0.0,26.383333333333336,1.2999999999999985,28.041666666666668,1.900000000000004,26.03333333333333,8.299999999999997,-0.3999999999999986,0.0,Tiruchirappalli,26.1,0.0
2024-10-21 17:00:00,24.7,98,0.0,1001.7,5.4,7.8,61,64,17,21,10,0,295,25.1,0.0,25.7,0.0,29.2,0.1,27.7,0.1,24.7,0.4,25.63333333333333,1.1999999999999986,27.791666666666668,1.8000000000000034,26.03333333333333,7.899999999999998,-0.4000000000000021,0.0,Tiruchirappalli,25.3,0.0
2024-10-21 18:00:00,25.2,96,0.0,1001.9,3.0,4.7,81,123,18,21,10,0,295,24.7,0.0,25.5,0.0,26.7,1.2,28.8,0.1,24.2,3.5,25.383333333333336,0.0,27.491666666666664,1.7000000000000035,26.075000000000003,4.399999999999999,0.5,0.0,Tiruchirappalli,25.0,0.0
2024-10-21 19:00:00,25.1,97,0.0,1001.7,1.9,3.7,55,22,19,21,10,0,295,25.2,0.0,25.1,0.0,26.1,0.0,29.8,0.1,23.9,0.1,25.21666666666667,0.0,27.1,1.6000000000000034,26.125,4.299999999999998,-0.0999999999999978,0.0,Tiruchirappalli,24.7,0.0
2024-10-21 20:00:00,24.2,99,0.0,1000.9,3.9,7.8,48,43,20,21,10,0,295,25.1,0.0,24.7,0.0,25.7,0.0,30.6,0.1,23.3,0.6,24.96666666666667,0.0,26.566666666666663,1.5000000000000036,26.1625,3.6999999999999984,-0.9000000000000021,0.0,Tiruchirappalli,24.9,0.0
2024-10-21 21:00:00,24.1,99,0.0,1000.1,3.5,9.3,61,69,21,21,10,0,295,24.2,0.0,25.2,0.0,25.5,0.0,30.8,0.1,23.1,0.1,24.73333333333333,0.0,26.008333333333336,1.4000000000000037,26.204166666666666,3.5999999999999983,-0.0999999999999978,0.0,Tiruchirappalli,24.7,0.0
2024-10-21 22:00:00,24.3,98,0.0,1000.3,3.6,6.8,55,84,22,21,10,0,295,24.1,0.0,25.1,0.0,25.1,0.0,30.5,0.1,23.0,0.0,24.6,0.0,25.49166666666667,1.3000000000000034,26.25833333333333,3.5999999999999983,0.1999999999999993,0.0,Tiruchirappalli,24.5,0.0
2024-10-21 23:00:00,24.0,99,0.0,1000.5,2.7,5.9,67,148,23,21,10,0,295,24.3,0.0,24.2,0.0,24.7,0.0,29.2,0.1,22.7,0.0,24.48333333333333,0.0,25.058333333333337,1.2000000000000035,26.3125,3.5999999999999983,-0.3000000000000007,0.0,Tiruchirappalli,24.3,0.0
2024-10-22 00:00:00,24.2,99,0.0,1001.0,1.4,5.6,48,230,0,22,10,1,296,24.0,0.0,24.1,0.0,25.2,0.0,26.7,1.2,23.0,0.0,24.316666666666663,0.0,24.85,0.0,26.3625,3.5999999999999983,0.1999999999999993,0.0,Tiruchirappalli,24.1,0.0
2024-10-22 01:00:00,24.7,95,0.0,1002.1,3.6,11.3,44,57,1,22,10,1,296,24.2,0.0,24.3,0.0,25.1,0.0,26.1,0.0,23.7,1.2,24.25,0.0,24.73333333333333,0.0,26.404166666666665,2.399999999999998,0.5,0.0,Tiruchirappalli,24.6,0.0
2024-10-22 02:00:00,26.0,87,0.0,1002.7,3.7,6.2,41,43,2,22,10,1,296,24.7,0.0,24.0,0.0,24.2,0.0,25.7,0.0,24.3,0.1,24.55,0.0,24.758333333333336,0.0,26.475,2.299999999999998,1.3000000000000007,0.0,Tiruchirappalli,25.9,0.0
2024-10-22 03:00:00,27.4,79,0.1,1003.1,7.1,9.6,43,43,3,22,10,1,296,26.0,0.0,24.2,0.0,24.1,0.0,25.5,0.0,25.4,0.1,25.1,0.0999999999999986,24.916666666666668,0.1000000000000035,26.558333333333337,2.299999999999998,1.3999999999999986,0.1,Tiruchirappalli,27.7,0.0
2024-10-22 04:00:00,28.8,73,0.0,1003.2,6.3,8.1,35,37,4,22,10,1,296,27.4,0.1,24.7,0.0,24.3,0.0,25.1,0.0,27.0,0.3,25.85,0.0999999999999986,25.225,0.1000000000000035,26.633333333333336,1.9999999999999984,1.400000000000002,-0.1,Tiruchirappalli,29.7,0.0
2024-10-22 05:00:00,29.8,71,0.1,1002.8,4.5,5.8,34,37,5,22,10,1,296,28.8,0.0,26.0,0.0,24.0,0.0,24.7,0.0,27.7,0.1,26.816666666666663,0.1999999999999986,25.65,0.2000000000000035,26.72083333333333,1.999999999999998,1.0,0.1,Tiruchirappalli,31.2,0.0
2024-10-22 06:00:00,30.8,68,0.2,1001.7,3.1,4.0,36,40,6,22,10,1,296,29.8,0.1,27.4,0.1,24.2,0.0,25.2,0.0,28.8,0.1,27.916666666666668,0.3999999999999987,26.11666666666667,0.4000000000000036,26.80416666666667,2.0999999999999983,1.0,0.1,Tiruchirappalli,32.5,0.0
2024-10-22 07:00:00,31.6,65,0.2,1000.7,4.0,4.9,94,95,7,22,10,1,296,30.8,0.2,28.8,0.0,24.7,0.0,25.1,0.0,29.8,0.1,29.066666666666663,0.5999999999999988,26.65833333333333,0.6000000000000036,26.879166666666663,2.199999999999998,0.8000000000000007,0.0,Tiruchirappalli,33.0,0.0
2024-10-22 08:00:00,31.6,63,0.2,999.1,7.6,9.5,79,82,8,22,10,1,296,31.6,0.2,29.8,0.1,26.0,0.0,24.2,0.0,30.6,0.1,30.0,0.7999999999999987,27.275,0.8000000000000036,26.92083333333333,2.299999999999998,0.0,0.0,Tiruchirappalli,33.3,0.0
2024-10-22 09:00:00,29.4,72,7.8,998.5,4.2,5.2,153,175,9,22,10,1,296,31.6,0.2,30.8,0.2,27.4,0.1,24.1,0.0,30.8,0.1,30.33333333333333,8.499999999999998,27.716666666666665,8.600000000000003,26.8625,9.999999999999998,-2.200000000000003,7.6,Tiruchirappalli,33.4,0.0
2024-10-22 10:00:00,26.2,87,5.3,1000.4,4.0,5.4,186,183,10,22,10,1,296,29.4,7.8,31.6,0.2,28.8,0.0,24.3,0.0,30.5,0.1,29.9,13.799999999999995,27.875,13.900000000000002,26.683333333333334,15.199999999999998,-3.2,-2.5,Tiruchirappalli,32.9,0.0
2024-10-22 11:00:00,26.1,91,0.9,1000.1,3.6,4.8,79,57,11,22,10,1,296,26.2,5.3,31.6,0.2,29.8,0.1,24.0,0.0,29.2,0.1,29.28333333333333,14.599999999999998,28.05,14.800000000000002,26.554166666666664,15.999999999999998,-0.0999999999999978,-4.4,Tiruchirappalli,32.3,0.0
2024-10-22 12:00:00,25.8,90,0.3,1000.4,0.5,1.7,49,90,12,22,10,1,296,26.1,0.9,29.4,7.8,30.8,0.2,24.2,0.0,26.7,1.2,28.450000000000003,14.699999999999998,28.183333333333334,15.100000000000003,26.516666666666666,15.099999999999996,-0.3000000000000007,-0.6000000000000001,Tiruchirappalli,30.6,0.0
2024-10-22 13:00:00,25.1,97,0.1,1000.8,2.1,1.9,131,200,13,22,10,1,296,25.8,0.3,26.2,5.3,31.6,0.2,24.7,0.0,26.1,0.0,27.36666666666667,14.599999999999998,28.21666666666667,15.200000000000005,26.475,15.199999999999998,-0.6999999999999993,-0.1999999999999999,Tiruchirappalli,29.1,0.0
2024-10-22 14:00:00,25.2,98,0.0,1001.5,1.5,2.4,48,284,14,22,10,1,296,25.1,0.1,26.1,0.9,31.6,0.2,26.0,0.0,25.7,0.0,26.3,14.4,28.15,15.200000000000005,26.454166666666666,15.199999999999998,0.0999999999999978,-0.1,Tiruchirappalli,28.1,0.0
2024-10-22 15:00:00,24.8,98,0.0,1002.0,4.6,9.4,29,351,15,22,10,1,296,25.2,0.0,25.8,0.3,29.4,7.8,27.4,0.1,25.5,0.0,25.53333333333333,6.599999999999998,27.933333333333337,15.100000000000003,26.425,15.199999999999998,-0.3999999999999986,0.0,Tiruchirappalli,26.6,0.0
2024-10-22 16:00:00,24.9,97,0.9,1003.1,3.9,4.1,293,257,16,22,10,1,296,24.8,0.0,25.1,0.1,26.2,5.3,28.8,0.0,25.1,0.0,25.316666666666663,2.1999999999999984,27.60833333333333,16.000000000000004,26.416666666666668,16.099999999999998,0.0999999999999978,0.9,Tiruchirappalli,26.2,0.0
2024-10-22 17:00:00,24.3,99,2.7,1002.5,1.3,3.1,7,34,17,22,10,1,296,24.9,0.9,25.2,0.0,26.1,0.9,29.8,0.1,24.7,0.0,25.016666666666666,3.999999999999999,27.15,18.600000000000005,26.4,18.8,-0.5999999999999979,1.8000000000000005,Tiruchirappalli,25.7,0.0
2024-10-22 18:00:00,24.5,98,0.0,1002.3,5.4,6.0,237,230,18,22,10,1,296,24.3,2.7,24.8,0.0,25.8,0.3,30.8,0.2,25.2,0.0,24.8,3.6999999999999984,26.625,18.40000000000001,26.370833333333334,18.8,0.1999999999999993,-2.7,Tiruchirappalli,25.0,0.0
2024-10-22 19:00:00,23.9,99,0.0,1001.2,3.1,5.2,266,257,19,22,10,1,296,24.5,0.0,24.9,0.9,25.1,0.1,31.6,0.2,25.1,0.0,24.6,3.5999999999999988,25.98333333333333,18.200000000000003,26.320833333333336,18.8,-0.6000000000000014,0.0,Tiruchirappalli,24.4,0.0
2024-10-22 20:00:00,24.3,98,0.0,1000.7,6.4,14.4,260,254,20,22,10,1,296,23.9,0.0,24.3,2.7,25.2,0.0,31.6,0.2,24.2,0.0,24.450000000000003,3.5999999999999988,25.375,18.000000000000004,26.325,18.8,0.4000000000000021,0.0,Tiruchirappalli,24.1,0.0
2024-10-22 21:00:00,24.2,98,0.0,1000.2,5.8,13.9,280,279,21,22,10,1,296,24.3,0.0,24.5,0.0,24.8,0.0,29.4,7.8,24.1,0.0,24.35,3.5999999999999988,24.941666666666663,10.200000000000005,26.329166666666666,18.8,-0.1000000000000014,0.0,Tiruchirappalli,24.2,0.0
2024-10-22 22:00:00,24.1,97,0.0,1000.1,8.3,16.9,286,283,22,22,10,1,296,24.2,0.0,23.9,0.0,24.9,0.9,26.2,5.3,24.3,0.0,24.21666666666667,2.6999999999999984,24.766666666666666,4.900000000000004,26.320833333333336,18.8,-0.0999999999999978,0.0,Tiruchirappalli,24.5,0.0
2024-10-22 23:00:00,24.0,97,0.0,1000.0,4.8,12.5,288,283,23,22,10,1,296,24.1,0.0,24.3,0.0,24.3,2.7,26.1,0.9,24.0,0.0,24.166666666666668,0.0,24.59166666666667,4.000000000000004,26.320833333333336,18.8,-0.1000000000000014,0.0,Tiruchirappalli,24.3,0.0
2024-10-23 00:00:00,24.0,96,0.0,1000.0,3.2,6.9,307,322,0,23,10,2,297,24.0,0.0,24.2,0.0,24.5,0.0,25.8,0.3,24.2,0.0,24.08333333333333,0.0,24.441666666666663,3.700000000000004,26.3125,18.8,0.0,0.0,Tiruchirappalli,24.2,0.0
2024-10-23 01:00:00,23.8,95,0.0,1000.5,3.4,9.4,281,245,1,23,10,2,297,24.0,0.0,24.1,0.0,23.9,0.0,25.1,0.1,24.7,0.0,24.066666666666663,0.0,24.33333333333333,3.600000000000004,26.275,18.8,-0.1999999999999993,0.0,Tiruchirappalli,25.4,0.0
2024-10-23 02:00:00,25.3,90,0.0,1001.6,3.4,5.7,283,276,2,23,10,2,297,23.8,0.0,24.0,0.0,24.3,0.0,25.2,0.0,26.0,0.0,24.23333333333333,0.0,24.34166666666667,3.600000000000004,26.245833333333337,18.8,1.5,0.0,Tiruchirappalli,26.6,0.0
2024-10-23 03:00:00,27.2,83,0.0,1002.2,4.8,6.6,291,290,3,23,10,2,297,25.3,0.0,24.0,0.0,24.2,0.0,24.8,0.0,27.4,0.1,24.73333333333333,0.0,24.541666666666668,3.600000000000004,26.2375,18.7,1.8999999999999984,0.0,Tiruchirappalli,28.4,0.0
2024-10-23 04:00:00,29.1,72,0.0,1002.2,4.6,5.9,313,312,4,23,10,2,297,27.2,0.0,23.8,0.0,24.1,0.0,24.9,0.9,28.8,0.0,25.566666666666663,0.0,24.891666666666666,2.700000000000004,26.25,18.7,1.900000000000002,0.0,Tiruchirappalli,30.3,0.0
2024-10-23 05:00:00,30.4,65,0.0,1001.9,2.5,3.2,341,339,5,23,10,2,297,29.1,0.0,25.3,0.0,24.0,0.0,24.3,2.7,29.8,0.1,26.633333333333336,0.0,25.4,0.0,26.275,18.6,1.2999999999999972,0.0,Tiruchirappalli,31.8,0.0
2024-10-23 06:00:00,31.3,60,0.0,1001.3,1.3,1.4,230,225,6,23,10,2,297,30.4,0.0,27.2,0.0,24.0,0.0,24.5,0.0,30.8,0.2,27.850000000000005,0.0,25.96666666666667,0.0,26.29583333333333,18.4,0.9000000000000021,0.0,Tiruchirappalli,32.6,0.0
2024-10-23 07:00:00,31.7,58,0.0,999.9,1.7,2.1,218,221,7,23,10,2,297,31.3,0.0,29.1,0.0,23.8,0.0,23.9,0.0,31.6,0.2,29.166666666666668,0.0,26.61666666666667,0.0,26.3,18.2,0.3999999999999986,0.0,Tiruchirappalli,33.2,0.0
2024-10-23 08:00:00,32.4,55,0.0,998.9,1.3,1.8,6,360,8,23,10,2,297,31.7,0.0,30.4,0.0,25.3,0.0,24.3,0.0,31.6,0.2,30.349999999999994,0.0,27.291666666666668,0.0,26.33333333333333,17.999999999999996,0.6999999999999993,0.0,Tiruchirappalli,33.4,0.0
2024-10-23 09:00:00,32.6,54,0.0,998.1,3.6,4.7,83,87,9,23,10,2,297,32.4,0.0,31.3,0.0,27.2,0.0,24.2,0.0,29.4,7.8,31.25,0.0,27.99166666666667,0.0,26.466666666666665,10.199999999999998,0.2000000000000028,0.0,Tiruchirappalli,33.3,0.0
2024-10-23 10:00:00,32.5,53,0.0,997.3,5.9,7.6,121,125,10,23,10,2,297,32.6,0.0,31.7,0.0,29.1,0.0,24.1,0.0,26.2,5.3,31.816666666666663,0.0,28.691666666666663,0.0,26.729166666666668,4.899999999999998,-0.1000000000000014,0.0,Tiruchirappalli,33.2,0.0
2024-10-23 11:00:00,31.7,56,0.2,997.6,6.9,9.4,137,137,11,23,10,2,297,32.5,0.0,32.4,0.0,30.4,0.0,24.0,0.0,26.1,0.9,32.03333333333333,0.1999999999999982,29.33333333333333,0.2000000000000035,26.9625,4.1999999999999975,-0.8000000000000007,0.2,Tiruchirappalli,32.7,0.0
2024-10-23 12:00:00,29.8,66,0.0,998.7,8.7,17.7,142,142,12,23,10,2,297,31.7,0.2,32.6,0.0,31.3,0.0,24.0,0.0,25.8,0.3,31.78333333333333,0.1999999999999982,29.816666666666663,0.2000000000000035,27.129166666666663,3.8999999999999977,-1.8999999999999984,-0.2,Tiruchirappalli,30.9,0.0
2024-10-23 13:00:00,28.4,71,0.0,999.5,4.8,10.1,131,146,13,23,10,2,297,29.8,0.0,32.5,0.0,31.7,0.0,23.8,0.0,25.1,0.1,31.23333333333333,0.1999999999999982,30.2,0.2000000000000035,27.266666666666666,3.799999999999998,-1.400000000000002,0.0,Tiruchirappalli,29.3,0.0
2024-10-23 14:00:00,28.0,72,0.0,1000.5,7.4,16.6,149,154,14,23,10,2,297,28.4,0.0,31.7,0.2,32.4,0.0,25.3,0.0,25.2,0.0,30.5,0.1999999999999982,30.425,0.2000000000000035,27.38333333333333,3.799999999999998,-0.3999999999999986,0.0,Tiruchirappalli,28.7,0.0
2024-10-23 15:00:00,27.6,76,0.0,1001.3,13.9,26.5,163,159,15,23,10,2,297,28.0,0.0,29.8,0.0,32.6,0.0,27.2,0.0,24.8,0.0,29.666666666666668,0.1999999999999982,30.45833333333333,0.2000000000000035,27.5,3.799999999999998,-0.3999999999999986,0.0,Tiruchirappalli,28.0,0.0
2024-10-23 16:00:00,26.9,81,0.0,1001.4,8.7,18.8,189,186,16,23,10,2,297,27.6,0.0,28.4,0.0,32.5,0.0,29.1,0.0,24.9,0.9,28.73333333333333,0.1999999999999982,30.275,0.2000000000000035,27.58333333333333,2.8999999999999977,-0.7000000000000028,0.0,Tiruchirappalli,27.2,0.0
2024-10-23 17:00:00,26.0,84,0.0,1001.5,6.0,14.5,191,187,17,23,10,2,297,26.9,0.0,28.0,0.0,31.7,0.2,30.4,0.0,24.3,2.7,27.78333333333333,0.0,29.90833333333333,0.2000000000000035,27.654166666666665,0.1999999999999973,-0.8999999999999986,0.0,Tiruchirappalli,26.6,0.0
2024-10-23 18:00:00,25.3,87,0.0,1001.5,5.6,14.0,189,176,18,23,10,2,297,26.0,0.0,27.6,0.0,29.8,0.0,31.3,0.0,24.5,0.0,27.03333333333333,0.0,29.40833333333333,0.2000000000000035,27.6875,0.1999999999999973,-0.6999999999999993,0.0,Tiruchirappalli,26.3,0.0
2024-10-23 19:00:00,24.5,92,0.0,1000.9,5.3,8.6,180,147,19,23,10,2,297,25.3,0.0,26.9,0.0,28.4,0.0,31.7,0.0,23.9,0.0,26.383333333333336,0.0,28.808333333333334,0.2000000000000035,27.7125,0.1999999999999973,-0.8000000000000007,0.0,Tiruchirappalli,25.9,0.1
2024-10-23 20:00:00,24.2,93,0.0,1000.1,3.8,5.6,255,289,20,23,10,2,297,24.5,0.0,26.0,0.0,28.0,0.0,32.4,0.0,24.3,0.0,25.75,0.0,28.125,0.2000000000000035,27.70833333333333,0.1999999999999973,-0.3000000000000007,0.0,Tiruchirappalli,25.2,0.0
2024-10-23 21:00:00,24.3,91,0.0,999.8,3.4,8.5,252,227,21,23,10,2,297,24.2,0.0,25.3,0.0,27.6,0.0,32.6,0.0,24.2,0.0,25.2,0.0,27.433333333333334,0.2000000000000035,27.7125,0.1999999999999973,0.1000000000000014,0.0,Tiruchirappalli,25.0,0.0
2024-10-23 22:00:00,24.1,91,0.0,999.5,5.4,13.1,261,236,22,23,10,2,297,24.3,0.0,24.5,0.0,26.9,0.0,32.5,0.0,24.1,0.0,24.73333333333333,0.0,26.73333333333333,0.2000000000000035,27.7125,0.1999999999999973,-0.1999999999999993,0.0,Tiruchirappalli,24.9,0.0
2024-10-23 23:00:00,24.0,90,0.0,999.5,5.4,14.1,268,256,23,23,10,2,297,24.1,0.0,24.2,0.0,26.0,0.0,31.7,0.2,24.0,0.0,24.4,0.0,26.091666666666665,0.0,27.7125,0.1999999999999973,-0.1000000000000014,0.0,Tiruchirappalli,24.6,0.0
2024-10-24 00:00:00,23.7,91,0.0,1000.1,5.1,12.5,266,252,0,24,10,3,298,24.0,0.0,24.3,0.0,25.3,0.0,29.8,0.0,24.0,0.0,24.133333333333336,0.0,25.58333333333333,0.0,27.7,0.1999999999999973,-0.3000000000000007,0.0,Tiruchirappalli,24.4,0.0
2024-10-24 01:00:00,24.7,85,0.0,1001.1,6.2,15.5,274,262,1,24,10,3,298,23.7,0.0,24.1,0.0,24.5,0.0,28.4,0.0,23.8,0.0,24.166666666666668,0.0,25.275,0.0,27.7375,0.1999999999999973,1.0,0.0,Tiruchirappalli,25.7,0.0
2024-10-24 02:00:00,25.8,82,0.0,1002.1,7.1,10.7,278,276,2,24,10,3,298,24.7,0.0,24.0,0.0,24.2,0.0,28.0,0.0,25.3,0.0,24.433333333333334,0.0,25.09166666666667,0.0,27.75833333333333,0.1999999999999973,1.1000000000000014,0.0,Tiruchirappalli,27.1,0.0
2024-10-24 03:00:00,27.6,76,0.0,1002.3,7.4,9.9,273,271,3,24,10,3,298,25.8,0.0,23.7,0.0,24.3,0.0,27.6,0.0,27.2,0.0,24.98333333333333,0.0,25.091666666666665,0.0,27.775,0.1999999999999973,1.8000000000000007,0.0,Tiruchirappalli,28.9,0.0
2024-10-24 04:00:00,29.3,69,0.0,1002.7,7.9,10.4,270,269,4,24,10,3,298,27.6,0.0,24.7,0.0,24.1,0.0,26.9,0.0,29.1,0.0,25.85,0.0,25.291666666666668,0.0,27.78333333333333,0.1999999999999973,1.6999999999999993,0.0,Tiruchirappalli,30.7,0.0
2024-10-24 05:00:00,30.8,62,0.0,1002.3,8.1,10.4,271,269,5,24,10,3,298,29.3,0.0,25.8,0.0,24.0,0.0,26.0,0.0,30.4,0.0,26.98333333333333,0.0,25.691666666666663,0.0,27.8,0.1999999999999973,1.5,0.0,Tiruchirappalli,31.9,0.0
2024-10-24 06:00:00,31.4,61,0.0,1001.2,7.1,9.0,255,254,6,24,10,3,298,30.8,0.0,27.6,0.0,23.7,0.0,25.3,0.0,31.3,0.0,28.26666666666667,0.0,26.2,0.0,27.804166666666664,0.1999999999999973,0.5999999999999979,0.0,Tiruchirappalli,33.0,0.0
2024-10-24 07:00:00,32.1,60,0.0,999.5,8.6,11.0,245,244,7,24,10,3,298,31.4,0.0,29.3,0.0,24.7,0.0,24.5,0.0,31.7,0.0,29.5,0.0,26.83333333333333,0.0,27.820833333333336,0.1999999999999973,0.7000000000000028,0.0,Tiruchirappalli,33.3,0.1
2024-10-24 08:00:00,32.1,60,0.0,998.6,8.8,11.4,231,231,8,24,10,3,298,32.1,0.0,30.8,0.0,25.8,0.0,24.2,0.0,32.4,0.0,30.55,0.0,27.491666666666664,0.0,27.808333333333337,0.1999999999999973,0.0,0.0,Tiruchirappalli,33.7,0.0
2024-10-24 09:00:00,31.3,63,0.1,997.5,3.1,3.6,319,329,9,24,10,3,298,32.1,0.0,31.4,0.0,27.6,0.0,24.3,0.0,32.6,0.0,31.166666666666668,0.0999999999999982,28.075,0.1000000000000035,27.754166666666663,0.2999999999999974,-0.8000000000000007,0.1,Tiruchirappalli,33.8,0.0
2024-10-24 10:00:00,25.9,88,7.6,998.5,6.8,11.6,223,228,10,24,10,3,298,31.3,0.1,32.1,0.0,29.3,0.0,24.1,0.0,32.5,0.0,30.6,7.699999999999997,28.225000000000005,7.700000000000003,27.479166666666668,7.899999999999997,-5.400000000000002,7.5,Tiruchirappalli,33.5,0.0
2024-10-24 11:00:00,26.2,89,0.3,999.1,5.8,7.7,295,300,11,24,10,3,298,25.9,7.6,32.1,0.0,30.8,0.0,24.0,0.0,31.7,0.2,29.83333333333333,7.999999999999997,28.40833333333333,8.000000000000004,27.25,7.9999999999999964,0.3000000000000007,-7.3,Tiruchirappalli,33.1,0.0
2024-10-24 12:00:00,26.0,90,0.2,999.5,2.9,4.4,279,281,12,24,10,3,298,26.2,0.3,31.3,0.1,31.4,0.0,23.7,0.0,29.8,0.0,28.933333333333337,8.199999999999998,28.6,8.200000000000003,27.09166666666667,8.199999999999996,-0.1999999999999993,-0.0999999999999999,Tiruchirappalli,30.1,0.3
2024-10-24 13:00:00,25.8,87,0.0,999.2,5.1,9.5,243,212,13,24,10,3,298,26.0,0.2,25.9,7.6,32.1,0.0,24.7,0.0,28.4,0.0,27.88333333333333,8.199999999999998,28.691666666666663,8.200000000000003,26.98333333333333,8.199999999999996,-0.1999999999999993,-0.2,Tiruchirappalli,29.9,0.0
2024-10-24 14:00:00,25.7,87,0.2,1000.2,5.6,12.1,226,187,14,24,10,3,298,25.8,0.0,26.2,0.3,32.1,0.0,25.8,0.0,28.0,0.0,26.816666666666663,8.399999999999997,28.683333333333334,8.400000000000002,26.887500000000003,8.399999999999997,-0.1000000000000014,0.2,Tiruchirappalli,28.5,0.0
2024-10-24 15:00:00,25.4,88,0.0,1000.9,6.7,11.6,185,153,15,24,10,3,298,25.7,0.2,26.0,0.2,31.3,0.1,27.6,0.0,27.6,0.0,25.83333333333333,8.299999999999997,28.5,8.400000000000002,26.79583333333333,8.399999999999997,-0.3000000000000007,-0.2,Tiruchirappalli,27.5,0.0
2024-10-24 16:00:00,25.0,91,0.0,1001.7,4.8,8.3,200,165,16,24,10,3,298,25.4,0.0,25.8,0.0,25.9,7.6,29.3,0.0,26.9,0.0,25.683333333333337,0.6999999999999982,28.141666666666666,8.400000000000002,26.71666666666667,8.399999999999997,-0.3999999999999986,0.0,Tiruchirappalli,26.8,0.0
2024-10-24 17:00:00,25.5,86,0.0,1001.5,2.4,5.0,210,189,17,24,10,3,298,25.0,0.0,25.7,0.2,26.2,0.3,30.8,0.0,26.0,0.0,25.566666666666663,0.3999999999999982,27.7,8.400000000000002,26.695833333333336,8.399999999999997,0.5,0.0,Tiruchirappalli,25.8,0.0
2024-10-24 18:00:00,24.5,93,0.0,1001.3,4.6,8.4,211,206,18,24,10,3,298,25.5,0.0,25.4,0.0,26.0,0.2,31.4,0.0,25.3,0.0,25.316666666666663,0.1999999999999982,27.125,8.400000000000002,26.6625,8.399999999999997,-1.0,0.0,Tiruchirappalli,25.4,0.0
2024-10-24 19:00:00,24.3,94,0.0,1000.8,4.5,9.2,228,236,19,24,10,3,298,24.5,0.0,25.0,0.0,25.8,0.0,32.1,0.0,24.5,0.0,25.066666666666663,0.1999999999999982,26.475,8.400000000000002,26.654166666666665,8.399999999999997,-0.1999999999999993,0.0,Tiruchirappalli,25.2,0.0
2024-10-24 20:00:00,24.5,93,0.0,1000.6,9.0,17.2,215,210,20,24,10,3,298,24.3,0.0,25.5,0.0,25.7,0.2,32.1,0.0,24.2,0.0,24.86666666666667,0.0,25.84166666666667,8.400000000000002,26.666666666666668,8.399999999999997,0.1999999999999993,0.0,Tiruchirappalli,25.2,0.0
2024-10-24 21:00:00,24.2,93,0.0,999.7,6.6,14.9,212,217,21,24,10,3,298,24.5,0.0,24.5,0.0,25.4,0.0,31.3,0.1,24.3,0.0,24.666666666666668,0.0,25.25,8.300000000000002,26.6625,8.399999999999997,-0.3000000000000007,0.0,Tiruchirappalli,24.9,0.0
2024-10-24 22:00:00,23.9,95,0.0,999.3,4.4,11.0,218,207,22,24,10,3,298,24.2,0.0,24.3,0.0,25.0,0.0,25.9,7.6,24.1,0.0,24.48333333333333,0.0,25.08333333333333,0.7000000000000035,26.654166666666665,8.399999999999997,-0.3000000000000007,0.0,Tiruchirappalli,24.7,0.0
2024-10-24 23:00:00,23.6,96,0.0,999.3,6.3,13.4,235,217,23,24,10,3,298,23.9,0.0,24.5,0.0,25.5,0.0,26.2,0.3,24.0,0.0,24.166666666666668,0.0,24.866666666666664,0.4000000000000036,26.6375,8.399999999999997,-0.2999999999999971,0.0,Tiruchirappalli,24.4,0.0
2024-10-25 00:00:00,23.6,95,0.0,999.7,6.7,16.1,265,250,0,25,10,4,299,23.6,0.0,24.2,0.0,24.5,0.0,26.0,0.2,23.7,0.0,24.016666666666666,0.0,24.666666666666668,0.2000000000000035,26.633333333333336,8.399999999999997,0.0,0.0,Tiruchirappalli,24.2,0.0
2024-10-25 01:00:00,23.7,95,0.0,1000.8,5.8,12.3,266,263,1,25,10,4,299,23.6,0.0,23.9,0.0,24.3,0.0,25.8,0.0,24.7,0.0,23.916666666666668,0.0,24.491666666666664,0.2000000000000035,26.591666666666665,8.399999999999997,0.0999999999999978,0.0,Tiruchirappalli,25.4,0.0
2024-10-25 02:00:00,25.3,88,0.0,1002.0,5.5,9.9,265,261,2,25,10,4,299,23.7,0.0,23.6,0.0,24.5,0.0,25.7,0.2,25.8,0.0,24.05,0.0,24.45833333333333,0.0,26.570833333333336,8.399999999999997,1.6000000000000014,0.0,Tiruchirappalli,27.0,0.0
2024-10-25 03:00:00,26.9,81,0.0,1002.3,6.5,8.9,257,256,3,25,10,4,299,25.3,0.0,23.6,0.0,24.2,0.0,25.4,0.0,27.6,0.0,24.5,0.0,24.58333333333333,0.0,26.541666666666668,8.399999999999997,1.599999999999998,0.0,Tiruchirappalli,28.8,0.0
2024-10-25 04:00:00,28.8,74,0.0,1002.8,9.5,12.5,262,261,4,25,10,4,299,26.9,0.0,23.7,0.0,23.9,0.0,25.0,0.0,29.3,0.0,25.316666666666663,0.0,24.9,0.0,26.52083333333333,8.399999999999997,1.900000000000002,0.0,Tiruchirappalli,30.3,0.0
2024-10-25 05:00:00,30.1,68,0.0,1002.2,8.3,10.9,264,264,5,25,10,4,299,28.8,0.0,25.3,0.0,23.6,0.0,25.5,0.0,30.8,0.0,26.4,0.0,25.28333333333333,0.0,26.491666666666664,8.399999999999997,1.3000000000000007,0.0,Tiruchirappalli,31.5,0.0
2024-10-25 06:00:00,31.3,64,0.0,1001.3,7.6,10.0,263,263,6,25,10,4,299,30.1,0.0,26.9,0.0,23.6,0.0,24.5,0.0,31.4,0.0,27.683333333333337,0.0,25.850000000000005,0.0,26.4875,8.399999999999997,1.1999999999999993,0.0,Tiruchirappalli,32.4,0.0
2024-10-25 07:00:00,31.7,61,0.0,999.8,5.1,6.7,273,276,7,25,10,4,299,31.3,0.0,28.8,0.0,23.7,0.0,24.3,0.0,32.1,0.0,29.016666666666666,0.0,26.46666666666667,0.0,26.47083333333333,8.399999999999997,0.3999999999999986,0.0,Tiruchirappalli,33.0,0.0
2024-10-25 08:00:00,32.4,58,0.0,998.4,2.0,2.8,259,260,8,25,10,4,299,31.7,0.0,30.1,0.0,25.3,0.0,24.5,0.0,32.1,0.0,30.2,0.0,27.125,0.0,26.48333333333333,8.399999999999997,0.6999999999999993,0.0,Tiruchirappalli,33.5,0.0
2024-10-25 09:00:00,32.0,58,0.0,997.7,3.6,4.5,227,225,9,25,10,4,299,32.4,0.0,31.3,0.0,26.9,0.0,24.2,0.0,31.3,0.1,31.05,0.0,27.775,0.0,26.5125,8.299999999999997,-0.3999999999999986,0.0,Tiruchirappalli,33.1,0.1
2024-10-25 10:00:00,31.2,60,0.1,997.6,4.7,6.0,254,254,10,25,10,4,299,32.0,0.0,31.7,0.0,28.8,0.0,23.9,0.0,25.9,7.6,31.45,0.0999999999999982,28.38333333333333,0.1000000000000035,26.73333333333333,0.7999999999999974,-0.8000000000000007,0.1,Tiruchirappalli,31.1,0.3
2024-10-25 11:00:00,27.6,76,0.9,999.3,6.3,8.0,175,173,11,25,10,4,299,31.2,0.1,32.4,0.0,30.1,0.0,23.6,0.0,26.2,0.3,31.03333333333333,0.9999999999999982,28.71666666666667,1.0000000000000036,26.791666666666668,1.3999999999999977,-3.599999999999998,0.8,Tiruchirappalli,30.3,0.6
2024-10-25 12:00:00,25.9,87,0.3,999.8,10.3,17.2,233,237,12,25,10,4,299,27.6,0.9,32.0,0.0,31.3,0.0,23.6,0.0,26.0,0.2,30.13333333333333,1.2999999999999985,28.90833333333333,1.3000000000000036,26.7875,1.4999999999999971,-1.7000000000000028,-0.6000000000000001,Tiruchirappalli,28.3,0.1
2024-10-25 13:00:00,26.3,81,0.0,1000.3,6.6,13.0,215,202,13,25,10,4,299,25.9,0.3,31.2,0.1,31.7,0.0,23.7,0.0,25.8,0.0,29.23333333333333,1.2999999999999985,29.125,1.3000000000000036,26.808333333333334,1.4999999999999971,0.4000000000000021,-0.3,Tiruchirappalli,28.8,0.0
2024-10-25 14:00:00,25.9,83,0.0,1001.5,7.1,13.7,196,186,14,25,10,4,299,26.3,0.0,27.6,0.9,32.4,0.0,25.3,0.0,25.7,0.2,28.15,1.2999999999999985,29.175,1.3000000000000036,26.816666666666663,1.2999999999999972,-0.4000000000000021,0.0,Tiruchirappalli,27.9,0.0
2024-10-25 15:00:00,25.5,84,0.0,1002.2,7.2,14.3,192,184,15,25,10,4,299,25.9,0.0,25.9,0.3,32.0,0.0,26.9,0.0,25.4,0.0,27.066666666666663,1.2999999999999985,29.058333333333334,1.3000000000000036,26.820833333333336,1.2999999999999972,-0.3999999999999986,0.0,Tiruchirappalli,27.4,0.0
2024-10-25 16:00:00,24.9,87,0.0,1002.1,3.5,10.0,206,195,16,25,10,4,299,25.5,0.0,26.3,0.0,31.2,0.1,28.8,0.0,25.0,0.0,26.016666666666666,1.1999999999999982,28.73333333333333,1.3000000000000036,26.816666666666663,1.2999999999999972,-0.6000000000000014,0.0,Tiruchirappalli,26.8,0.0
2024-10-25 17:00:00,24.6,89,0.0,1002.0,4.7,10.5,202,184,17,25,10,4,299,24.9,0.0,25.9,0.0,27.6,0.9,30.1,0.0,25.5,0.0,25.516666666666666,0.2999999999999982,28.274999999999995,1.3000000000000036,26.77916666666667,1.2999999999999972,-0.2999999999999971,0.0,Tiruchirappalli,26.3,0.0
2024-10-25 18:00:00,24.6,90,0.0,1001.8,7.5,15.7,197,191,18,25,10,4,299,24.6,0.0,25.5,0.0,25.9,0.3,31.3,0.0,24.5,0.0,25.3,0.0,27.71666666666667,1.3000000000000036,26.78333333333333,1.2999999999999972,0.0,0.0,Tiruchirappalli,25.8,0.0
2024-10-25 19:00:00,24.2,92,0.0,1000.8,6.8,14.9,197,192,19,25,10,4,299,24.6,0.0,24.9,0.0,26.3,0.0,31.7,0.0,24.3,0.0,24.95,0.0,27.091666666666665,1.3000000000000036,26.77916666666667,1.2999999999999972,-0.4000000000000021,0.0,Tiruchirappalli,24.8,0.6
2024-10-25 20:00:00,24.0,94,0.0,1000.3,5.8,13.3,207,206,20,25,10,4,299,24.2,0.0,24.6,0.0,25.9,0.0,32.4,0.0,24.5,0.0,24.63333333333333,0.0,26.391666666666666,1.3000000000000036,26.758333333333336,1.2999999999999972,-0.1999999999999993,0.0,Tiruchirappalli,23.3,2.6
2024-10-25 21:00:00,24.0,95,0.0,999.6,5.3,12.1,222,225,21,25,10,4,299,24.0,0.0,24.6,0.0,25.5,0.0,32.0,0.0,24.2,0.0,24.38333333333333,0.0,25.725,1.3000000000000036,26.75,1.2999999999999972,0.0,0.0,Tiruchirappalli,23.7,0.2
2024-10-25 22:00:00,24.2,94,0.0,999.5,2.7,7.3,247,250,22,25,10,4,299,24.0,0.0,24.2,0.0,24.9,0.0,31.2,0.1,23.9,0.0,24.266666666666666,0.0,25.141666666666666,1.2000000000000035,26.762500000000003,1.2999999999999972,0.1999999999999993,0.0,Tiruchirappalli,23.5,0.0
2024-10-25 23:00:00,24.0,96,0.0,999.7,3.0,8.2,284,284,23,25,10,4,299,24.2,0.0,24.0,0.0,24.6,0.0,27.6,0.9,23.6,0.0,24.166666666666668,0.0,24.841666666666665,0.3000000000000035,26.77916666666667,1.2999999999999972,-0.1999999999999993,0.0,Tiruchirappalli,23.5,0.0
2024-10-26 00:00:00,23.9,96,0.0,1000.1,4.9,12.2,284,268,0,26,10,5,300,24.0,0.0,24.0,0.0,24.6,0.0,25.9,0.3,23.6,0.0,24.05,0.0,24.675,0.0,26.791666666666668,1.2999999999999972,-0.1000000000000014,0.0,Tiruchirappalli,23.3,0.1
2024-10-26 01:00:00,24.4,92,0.0,1001.0,8.1,16.1,290,287,1,26,10,5,300,23.9,0.0,24.2,0.0,24.2,0.0,26.3,0.0,23.7,0.0,24.08333333333333,0.0,24.516666666666666,0.0,26.820833333333336,1.2999999999999972,0.5,0.0,Tiruchirappalli,24.9,0.0
2024-10-26 02:00:00,25.9,85,0.0,1002.0,8.8,13.5,272,266,2,26,10,5,300,24.4,0.0,24.0,0.0,24.0,0.0,25.9,0.0,25.3,0.0,24.399999999999995,0.0,24.51666666666667,0.0,26.84583333333333,1.2999999999999972,1.5,0.0,Tiruchirappalli,25.9,0.1
2024-10-26 03:00:00,27.7,78,0.0,1002.5,9.2,12.6,266,263,3,26,10,5,300,25.9,0.0,23.9,0.0,24.0,0.0,25.5,0.0,26.9,0.0,25.016666666666666,0.0,24.700000000000003,0.0,26.879166666666663,1.2999999999999972,1.8000000000000007,0.0,Tiruchirappalli,27.5,0.1
2024-10-26 04:00:00,29.5,70,0.0,1002.4,9.9,13.4,265,265,4,26,10,5,300,27.7,0.0,24.4,0.0,24.2,0.0,24.9,0.0,28.8,0.0,25.9,0.0,25.08333333333333,0.0,26.90833333333333,1.2999999999999972,1.8000000000000007,0.0,Tiruchirappalli,29.1,0.1
2024-10-26 05:00:00,31.0,63,0.0,1001.8,8.7,11.2,274,274,5,26,10,5,300,29.5,0.0,25.9,0.0,24.0,0.0,24.6,0.0,30.1,0.0,27.066666666666663,0.0,25.61666666666667,0.0,26.945833333333336,1.2999999999999972,1.5,0.0,Tiruchirappalli,30.6,0.1
2024-10-26 06:00:00,32.1,57,0.0,1000.4,7.8,9.8,277,277,6,26,10,5,300,31.0,0.0,27.7,0.0,23.9,0.0,24.6,0.0,31.3,0.0,28.433333333333334,0.0,26.241666666666664,0.0,26.979166666666668,1.2999999999999972,1.1000000000000014,0.0,Tiruchirappalli,31.4,0.2
2024-10-26 07:00:00,32.7,55,0.0,999.1,6.1,7.5,297,294,7,26,10,5,300,32.1,0.0,29.5,0.0,24.4,0.0,24.2,0.0,31.7,0.0,29.816666666666663,0.0,26.95,0.0,27.02083333333333,1.2999999999999972,0.6000000000000014,0.0,Tiruchirappalli,31.9,0.1
2024-10-26 08:00:00,32.7,54,0.1,998.0,5.9,7.5,327,322,8,26,10,5,300,32.7,0.0,31.0,0.0,25.9,0.0,24.0,0.0,32.4,0.0,30.950000000000003,0.0999999999999982,27.675,0.1000000000000035,27.03333333333333,1.3999999999999972,0.0,0.1,Tiruchirappalli,32.5,0.0
2024-10-26 09:00:00,32.7,54,0.0,997.1,3.7,4.6,329,325,9,26,10,5,300,32.7,0.1,32.1,0.0,27.7,0.0,24.0,0.0,32.0,0.0,31.78333333333333,0.0999999999999982,28.4,0.1000000000000035,27.0625,1.3999999999999972,0.0,-0.1,Tiruchirappalli,31.9,0.0
2024-10-26 10:00:00,32.6,52,0.0,996.6,5.6,7.0,360,358,10,26,10,5,300,32.7,0.0,32.7,0.0,29.5,0.0,24.2,0.0,31.2,0.1,32.300000000000004,0.0999999999999982,29.100000000000005,0.1000000000000035,27.120833333333334,1.2999999999999974,-0.1000000000000014,0.0,Tiruchirappalli,28.9,1.3
2024-10-26 11:00:00,32.0,53,0.0,997.2,3.3,4.0,36,41,11,26,10,5,300,32.6,0.0,32.7,0.1,31.0,0.0,24.0,0.0,27.6,0.9,32.46666666666667,0.0999999999999982,29.76666666666667,0.1000000000000035,27.304166666666664,0.3999999999999973,-0.6000000000000014,0.0,Tiruchirappalli,28.0,2.5
2024-10-26 12:00:00,28.4,74,0.6,998.8,5.0,5.3,246,232,12,26,10,5,300,32.0,0.0,32.7,0.0,32.1,0.0,23.9,0.0,25.9,0.3,31.850000000000005,0.6999999999999982,30.141666666666666,0.7000000000000035,27.40833333333333,0.6999999999999973,-3.6000000000000014,0.6,Tiruchirappalli,27.8,0.0
2024-10-26 13:00:00,28.8,67,0.0,998.9,13.3,23.9,180,178,13,26,10,5,300,28.4,0.6,32.6,0.0,32.7,0.0,24.4,0.0,26.3,0.0,31.200000000000003,0.6999999999999982,30.508333333333336,0.7000000000000035,27.512500000000003,0.6999999999999974,0.4000000000000021,-0.6,Tiruchirappalli,27.5,0.1
2024-10-26 14:00:00,27.2,73,0.0,1000.0,9.4,19.1,184,182,14,26,10,5,300,28.8,0.0,32.0,0.0,32.7,0.1,25.9,0.0,25.9,0.0,30.28333333333333,0.5999999999999982,30.61666666666667,0.7000000000000035,27.566666666666663,0.6999999999999974,-1.6000000000000014,0.0,Tiruchirappalli,26.8,0.0
2024-10-26 15:00:00,26.7,76,0.0,1000.7,7.4,17.3,189,184,15,26,10,5,300,27.2,0.0,28.4,0.6,32.7,0.0,27.7,0.0,25.5,0.0,29.28333333333333,0.5999999999999982,30.53333333333333,0.7000000000000035,27.616666666666664,0.6999999999999974,-0.5,0.0,Tiruchirappalli,26.2,0.0
2024-10-26 16:00:00,26.1,79,0.0,1000.9,5.6,15.3,196,187,16,26,10,5,300,26.7,0.0,28.8,0.0,32.6,0.0,29.5,0.0,24.9,0.0,28.2,0.5999999999999982,30.25,0.7000000000000035,27.666666666666668,0.6999999999999974,-0.5999999999999979,0.0,Tiruchirappalli,25.7,0.0
2024-10-26 17:00:00,25.3,83,0.0,1000.9,4.7,11.9,236,261,17,26,10,5,300,26.1,0.0,27.2,0.0,32.0,0.0,31.0,0.0,24.6,0.0,27.08333333333333,0.5999999999999982,29.775,0.7000000000000035,27.69583333333333,0.6999999999999974,-0.8000000000000007,0.0,Tiruchirappalli,25.3,0.0
2024-10-26 18:00:00,25.0,84,0.0,1000.5,4.9,14.1,272,272,18,26,10,5,300,25.3,0.0,26.7,0.0,28.4,0.6,32.1,0.0,24.6,0.0,26.51666666666667,0.0,29.183333333333337,0.7000000000000035,27.7125,0.6999999999999974,-0.3000000000000007,0.0,Tiruchirappalli,25.0,0.0
2024-10-26 19:00:00,24.7,86,0.0,999.9,4.9,14.6,279,264,19,26,10,5,300,25.0,0.0,26.1,0.0,28.8,0.0,32.7,0.0,24.2,0.0,25.83333333333333,0.0,28.516666666666666,0.7000000000000035,27.73333333333333,0.6999999999999974,-0.3000000000000007,0.0,Tiruchirappalli,24.0,0.0
2024-10-26 20:00:00,24.9,84,0.0,999.2,7.2,18.1,286,276,20,26,10,5,300,24.7,0.0,25.3,0.0,27.2,0.0,32.7,0.1,24.0,0.0,25.45,0.0,27.866666666666664,0.6000000000000035,27.77083333333333,0.6999999999999974,0.1999999999999993,0.0,Tiruchirappalli,23.9,0.3
2024-10-26 21:00:00,24.7,85,0.0,998.6,9.0,19.7,282,271,21,26,10,5,300,24.9,0.0,25.0,0.0,26.7,0.0,32.7,0.0,24.0,0.0,25.116666666666664,0.0,27.2,0.6000000000000035,27.8,0.6999999999999974,-0.1999999999999993,0.0,Tiruchirappalli,23.5,0.5
2024-10-26 22:00:00,24.5,87,0.0,998.4,9.1,19.9,274,263,22,26,10,5,300,24.7,0.0,24.7,0.0,26.1,0.0,32.6,0.0,24.2,0.0,24.85,0.0,26.524999999999995,0.6000000000000035,27.8125,0.6999999999999974,-0.1999999999999993,0.0,Tiruchirappalli,23.5,0.2
2024-10-26 23:00:00,24.3,87,0.0,998.7,8.3,19.0,274,266,23,26,10,5,300,24.5,0.0,24.9,0.0,25.3,0.0,32.0,0.0,24.0,0.0,24.683333333333334,0.0,25.88333333333333,0.6000000000000035,27.825,0.6999999999999974,-0.1999999999999993,0.0,Tiruchirappalli,23.5,0.0
2024-10-27 00:00:00,24.1,87,0.0,999.4,9.1,19.4,271,261,0,27,10,6,301,24.3,0.0,24.7,0.0,25.0,0.0,28.4,0.6,23.9,0.0,24.53333333333333,0.0,25.525,0.0,27.83333333333333,0.6999999999999974,-0.1999999999999993,0.0,Tiruchirappalli,23.3,0.0
2024-10-27 01:00:00,24.6,85,0.0,1000.4,10.6,19.6,273,269,1,27,10,6,301,24.1,0.0,24.5,0.0,24.7,0.0,28.8,0.0,24.4,0.0,24.516666666666666,0.0,25.175,0.0,27.84166666666667,0.6999999999999974,0.5,0.0,Tiruchirappalli,23.6,0.0
2024-10-27 02:00:00,25.9,80,0.0,1001.2,9.2,13.9,267,264,2,27,10,6,301,24.6,0.0,24.3,0.0,24.9,0.0,27.2,0.0,25.9,0.0,24.683333333333334,0.0,25.066666666666663,0.0,27.84166666666667,0.6999999999999974,1.2999999999999972,0.0,Tiruchirappalli,24.9,0.0
2024-10-27 03:00:00,27.7,73,0.0,1001.5,10.5,14.5,276,276,3,27,10,6,301,25.9,0.0,24.1,0.0,24.7,0.0,26.7,0.0,27.7,0.0,25.183333333333337,0.0,25.15,0.0,27.841666666666665,0.6999999999999974,1.8000000000000007,0.0,Tiruchirappalli,26.7,0.0
2024-10-27 04:00:00,29.7,66,0.0,1001.4,11.4,15.6,277,276,4,27,10,6,301,27.7,0.0,24.6,0.0,24.5,0.0,26.1,0.0,29.5,0.0,26.05,0.0,25.45,0.0,27.85,0.6999999999999974,2.0,0.0,Tiruchirappalli,28.3,0.0
2024-10-27 05:00:00,31.2,58,0.0,1001.0,11.8,15.6,277,277,5,27,10,6,301,29.7,0.0,25.9,0.0,24.3,0.0,25.3,0.0,31.0,0.0,27.2,0.0,25.941666666666663,0.0,27.85833333333333,0.6999999999999974,1.5,0.0,Tiruchirappalli,29.8,0.1
2024-10-27 06:00:00,32.5,51,0.0,999.9,10.4,13.5,286,284,6,27,10,6,301,31.2,0.0,27.7,0.0,24.1,0.0,25.0,0.0,32.1,0.0,28.6,0.0,26.566666666666663,0.0,27.875,0.6999999999999974,1.3000000000000007,0.0,Tiruchirappalli,30.6,0.2
2024-10-27 07:00:00,33.0,47,0.0,998.4,8.5,11.1,292,291,7,27,10,6,301,32.5,0.0,29.7,0.0,24.6,0.0,24.7,0.0,32.7,0.0,30.0,0.0,27.25833333333333,0.0,27.887500000000003,0.6999999999999974,0.5,0.0,Tiruchirappalli,31.4,0.2
2024-10-27 08:00:00,33.3,45,0.0,997.3,7.2,9.1,287,288,8,27,10,6,301,33.0,0.0,31.2,0.0,25.9,0.0,24.9,0.0,32.7,0.1,31.23333333333333,0.0,27.95833333333333,0.0,27.9125,0.5999999999999974,0.2999999999999971,0.0,Tiruchirappalli,31.1,0.1
2024-10-27 09:00:00,33.4,44,0.0,996.2,6.6,8.4,290,287,9,27,10,6,301,33.3,0.0,32.5,0.0,27.7,0.0,24.7,0.0,32.7,0.0,32.18333333333333,0.0,28.683333333333337,0.0,27.941666666666663,0.5999999999999974,0.1000000000000014,0.0,Tiruchirappalli,27.0,13.9
2024-10-27 10:00:00,32.9,45,0.0,996.1,6.2,7.8,265,262,10,27,10,6,301,33.4,0.0,33.0,0.0,29.7,0.0,24.5,0.0,32.6,0.0,32.71666666666666,0.0,29.383333333333336,0.0,27.954166666666666,0.5999999999999974,-0.5,0.0,Tiruchirappalli,28.0,0.1
2024-10-27 11:00:00,32.3,48,0.0,996.4,7.0,9.7,255,252,11,27,10,6,301,32.9,0.0,33.3,0.0,31.2,0.0,24.3,0.0,32.0,0.0,32.9,0.0,30.05,0.0,27.96666666666667,0.5999999999999974,-0.6000000000000014,0.0,Tiruchirappalli,26.3,7.4
2024-10-27 12:00:00,30.6,57,0.0,997.3,6.8,14.1,232,217,12,27,10,6,301,32.3,0.0,33.4,0.0,32.5,0.0,24.1,0.0,28.4,0.6,32.583333333333336,0.0,30.591666666666665,0.0,28.058333333333337,0.0,-1.6999999999999955,0.0,Tiruchirappalli,24.6,5.7
2024-10-27 13:00:00,29.1,56,0.0,997.2,7.2,17.4,244,235,13,27,10,6,301,30.6,0.0,32.9,0.0,33.0,0.0,24.6,0.0,28.8,0.0,31.933333333333334,0.0,30.96666666666667,0.0,28.07083333333333,0.0,-1.5,0.0,Tiruchirappalli,25.8,0.0
2024-10-27 14:00:00,28.1,59,0.0,997.9,6.3,15.5,250,233,14,27,10,6,301,29.1,0.0,32.3,0.0,33.3,0.0,25.9,0.0,27.2,0.0,31.066666666666663,0.0,31.149999999999995,0.0,28.10833333333333,0.0,-1.0,0.0,Tiruchirappalli,25.1,0.0
2024-10-27 15:00:00,26.6,69,0.0,998.4,5.6,10.8,191,173,15,27,10,6,301,28.1,0.0,30.6,0.0,33.4,0.0,27.7,0.0,26.7,0.0,29.933333333333337,0.0,31.058333333333334,0.0,28.104166666666668,0.0,-1.5,0.0,Tiruchirappalli,24.9,0.0
2024-10-27 16:00:00,26.2,78,0.0,998.9,8.7,19.4,169,158,16,27,10,6,301,26.6,0.0,29.1,0.0,32.9,0.0,29.7,0.0,26.1,0.0,28.816666666666663,0.0,30.766666666666666,0.0,28.10833333333333,0.0,-0.4000000000000021,0.0,Tiruchirappalli,24.8,0.0
2024-10-27 17:00:00,25.7,82,0.0,999.1,5.5,16.5,203,212,17,27,10,6,301,26.2,0.0,28.1,0.0,32.3,0.0,31.2,0.0,25.3,0.0,27.71666666666667,0.0,30.308333333333337,0.0,28.125,0.0,-0.5,0.0,Tiruchirappalli,24.0,1.1
2024-10-27 18:00:00,25.0,85,0.0,999.1,4.6,10.1,265,291,18,27,10,6,301,25.7,0.0,26.6,0.0,30.6,0.0,32.5,0.0,25.0,0.0,26.78333333333333,0.0,29.683333333333337,0.0,28.125,0.0,-0.6999999999999993,0.0,Tiruchirappalli,23.1,3.1
2024-10-27 19:00:00,24.4,85,0.0,998.5,5.7,11.3,290,288,19,27,10,6,301,25.0,0.0,26.2,0.0,29.1,0.0,33.0,0.0,24.7,0.0,26.0,0.0,28.96666666666667,0.0,28.1125,0.0,-0.6000000000000014,0.0,Tiruchirappalli,23.1,2.5
2024-10-27 20:00:00,24.1,84,0.0,997.9,7.0,12.2,294,271,20,27,10,6,301,24.4,0.0,25.7,0.0,28.1,0.0,33.3,0.0,24.9,0.0,25.33333333333333,0.0,28.2,0.0,28.079166666666666,0.0,-0.2999999999999971,0.0,Tiruchirappalli,22.9,0.2
2024-10-27 21:00:00,24.2,80,0.0,997.7,5.7,14.8,280,257,21,27,10,6,301,24.1,0.0,25.0,0.0,26.6,0.0,33.4,0.0,24.7,0.0,24.933333333333334,0.0,27.433333333333337,0.0,28.058333333333334,0.0,0.0999999999999978,0.0,Tiruchirappalli,23.1,0.2
2024-10-27 22:00:00,24.5,80,0.0,997.8,6.9,17.3,271,255,22,27,10,6,301,24.2,0.0,24.4,0.0,26.2,0.0,32.9,0.0,24.5,0.0,24.65,0.0,26.73333333333333,0.0,28.058333333333334,0.0,0.3000000000000007,0.0,Tiruchirappalli,23.0,0.0
2024-10-27 23:00:00,24.3,84,0.0,997.9,8.1,18.6,267,252,23,27,10,6,301,24.5,0.0,24.1,0.0,25.7,0.0,32.3,0.0,24.3,0.0,24.416666666666668,0.0,26.066666666666663,0.0,28.058333333333334,0.0,-0.1999999999999993,0.0,Tiruchirappalli,23.2,0.0
2024-10-28 00:00:00,24.2,86,0.0,998.7,9.0,20.0,268,260,0,28,10,0,302,24.3,0.0,24.2,0.0,25.0,0.0,30.6,0.0,24.1,0.0,24.28333333333333,0.0,25.53333333333333,0.0,28.0625,0.0,-0.1000000000000014,0.0,Tiruchirappalli,23.2,0.0
2024-10-28 01:00:00,25.4,81,0.0,999.2,12.5,22.9,268,263,1,28,10,0,302,24.2,0.0,24.5,0.0,24.4,0.0,29.1,0.0,24.6,0.0,24.45,0.0,25.225,0.0,28.09583333333333,0.0,1.1999999999999993,0.0,Tiruchirappalli,23.5,0.0
2024-10-28 02:00:00,26.6,78,0.0,1000.3,12.1,18.4,266,264,2,28,10,0,302,25.4,0.0,24.3,0.0,24.1,0.0,28.1,0.0,25.9,0.0,24.866666666666664,0.0,25.100000000000005,0.0,28.125,0.0,1.2000000000000028,0.0,Tiruchirappalli,24.4,0.0
2024-10-28 03:00:00,28.4,72,0.0,1000.9,11.5,15.8,270,268,3,28,10,0,302,26.6,0.0,24.2,0.0,24.2,0.0,26.6,0.0,27.7,0.0,25.566666666666663,0.0,25.25,0.0,28.15416666666667,0.0,1.7999999999999972,0.0,Tiruchirappalli,26.1,0.1
2024-10-28 04:00:00,30.3,63,0.0,1000.8,9.4,12.4,269,269,4,28,10,0,302,28.4,0.0,25.4,0.0,24.5,0.0,26.2,0.0,29.7,0.0,26.53333333333333,0.0,25.59166666666667,0.0,28.179166666666664,0.0,1.900000000000002,0.0,Tiruchirappalli,27.4,0.1
2024-10-28 05:00:00,31.8,55,0.0,1000.4,6.5,8.3,265,265,5,28,10,0,302,30.3,0.0,26.6,0.0,24.3,0.0,25.7,0.0,31.2,0.0,27.78333333333333,0.0,26.1,0.0,28.204166666666666,0.0,1.5,0.0,Tiruchirappalli,28.9,0.1
2024-10-28 06:00:00,32.6,49,0.0,999.2,4.8,6.1,247,248,6,28,10,0,302,31.8,0.0,28.4,0.0,24.2,0.0,25.0,0.0,32.5,0.0,29.183333333333334,0.0,26.73333333333333,0.0,28.20833333333333,0.0,0.8000000000000007,0.0,Tiruchirappalli,30.0,0.1
2024-10-28 07:00:00,33.2,47,0.0,997.9,5.2,6.5,231,229,7,28,10,0,302,32.6,0.0,30.3,0.0,25.4,0.0,24.4,0.0,33.0,0.0,30.48333333333333,0.0,27.46666666666667,0.0,28.216666666666665,0.0,0.6000000000000014,0.0,Tiruchirappalli,30.5,0.0
2024-10-28 08:00:00,33.4,48,0.0,996.6,5.1,6.4,220,219,8,28,10,0,302,33.2,0.0,31.8,0.0,26.6,0.0,24.1,0.0,33.3,0.0,31.616666666666664,0.0,28.241666666666664,0.0,28.22083333333333,0.0,0.1999999999999957,0.0,Tiruchirappalli,26.6,3.6
2024-10-28 09:00:00,33.3,48,0.0,996.0,6.4,8.1,219,216,9,28,10,0,302,33.4,0.0,32.6,0.0,28.4,0.0,24.2,0.0,33.4,0.0,32.43333333333333,0.0,29.0,0.0,28.21666666666667,0.0,-0.1000000000000014,0.0,Tiruchirappalli,25.9,3.9
2024-10-28 10:00:00,33.2,48,0.0,995.7,6.2,8.0,218,216,10,28,10,0,302,33.3,0.0,33.2,0.0,30.3,0.0,24.5,0.0,32.9,0.0,32.916666666666664,0.0,29.725,0.0,28.229166666666668,0.0,-0.0999999999999943,0.0,Tiruchirappalli,27.2,0.1
2024-10-28 11:00:00,32.7,49,0.0,996.0,5.2,6.7,226,226,11,28,10,0,302,33.2,0.0,33.4,0.0,31.8,0.0,24.3,0.0,32.3,0.0,33.06666666666667,0.0,30.425,0.0,28.245833333333334,0.0,-0.5,0.0,Tiruchirappalli,26.5,0.1
2024-10-28 12:00:00,30.9,67,0.0,996.6,4.2,7.5,215,211,12,28,10,0,302,32.7,0.0,33.3,0.0,32.6,0.0,24.2,0.0,30.6,0.0,32.78333333333333,0.0,30.98333333333333,0.0,28.25833333333333,0.0,-1.8000000000000045,0.0,Tiruchirappalli,26.5,0.0
2024-10-28 13:00:00,29.3,62,0.0,997.3,7.6,16.6,186,179,13,28,10,0,302,30.9,0.0,33.2,0.0,33.2,0.0,25.4,0.0,29.1,0.0,32.13333333333333,0.0,31.308333333333334,0.0,28.26666666666667,0.0,-1.599999999999998,0.0,Tiruchirappalli,23.7,0.4
2024-10-28 14:00:00,28.7,62,0.0,998.4,9.0,19.9,175,170,14,28,10,0,302,29.3,0.0,32.7,0.0,33.4,0.0,26.6,0.0,28.1,0.0,31.350000000000005,0.0,31.48333333333333,0.0,28.291666666666668,0.0,-0.6000000000000014,0.0,Tiruchirappalli,23.7,0.2
2024-10-28 15:00:00,28.0,66,0.0,999.6,9.2,20.4,163,160,15,28,10,0,302,28.7,0.0,30.9,0.0,33.3,0.0,28.4,0.0,26.6,0.0,30.46666666666667,0.0,31.45,0.0,28.35,0.0,-0.6999999999999993,0.0,Tiruchirappalli,23.4,0.0
2024-10-28 16:00:00,27.2,74,0.0,1000.2,9.4,19.7,166,168,16,28,10,0,302,28.0,0.0,29.3,0.0,33.2,0.0,30.3,0.0,26.2,0.0,29.46666666666667,0.0,31.191666666666663,0.0,28.391666666666666,0.0,-0.8000000000000007,0.0,Tiruchirappalli,23.2,0.0
2024-10-28 17:00:00,26.6,80,0.0,1000.3,9.4,19.3,180,183,17,28,10,0,302,27.2,0.0,28.7,0.0,32.7,0.0,31.8,0.0,25.7,0.0,28.45,0.0,30.75833333333333,0.0,28.42916666666667,0.0,-0.5999999999999979,0.0,Tiruchirappalli,23.2,0.0
2024-10-28 18:00:00,26.3,84,0.0,1000.1,7.0,15.7,210,220,18,28,10,0,302,26.6,0.0,28.0,0.0,30.9,0.0,32.6,0.0,25.0,0.0,27.683333333333337,0.0,30.23333333333333,0.0,28.48333333333333,0.0,-0.3000000000000007,0.0,Tiruchirappalli,22.9,0.0
2024-10-28 19:00:00,25.9,85,0.1,999.5,4.2,11.2,240,258,19,28,10,0,302,26.3,0.0,27.2,0.0,29.3,0.0,33.2,0.0,24.4,0.0,27.116666666666664,0.0999999999999982,29.625,0.1000000000000035,28.54583333333333,0.0999999999999974,-0.4000000000000021,0.1,Tiruchirappalli,22.8,0.0
2024-10-28 20:00:00,25.2,90,0.0,998.8,4.1,8.5,266,270,20,28,10,0,302,25.9,0.1,26.6,0.0,28.7,0.0,33.4,0.0,24.1,0.0,26.53333333333333,0.0999999999999982,28.941666666666663,0.1000000000000035,28.59166666666667,0.0999999999999974,-0.6999999999999993,-0.1,Tiruchirappalli,23.1,0.0
2024-10-28 21:00:00,25.0,87,0.0,998.2,4.2,11.0,298,295,21,28,10,0,302,25.2,0.0,26.3,0.0,28.0,0.0,33.3,0.0,24.2,0.0,26.03333333333333,0.0999999999999982,28.25,0.1000000000000035,28.625,0.0999999999999974,-0.1999999999999993,0.0,Tiruchirappalli,23.1,0.0
2024-10-28 22:00:00,24.9,82,0.0,998.3,6.6,15.7,298,303,22,28,10,0,302,25.0,0.0,25.9,0.1,27.2,0.0,33.2,0.0,24.5,0.0,25.65,0.0999999999999982,27.558333333333334,0.1000000000000035,28.641666666666666,0.0999999999999974,-0.1000000000000014,0.0,Tiruchirappalli,23.3,0.0
2024-10-28 23:00:00,24.6,83,0.0,998.4,7.7,17.4,296,301,23,28,10,0,302,24.9,0.0,25.2,0.0,26.6,0.0,32.7,0.0,24.3,0.0,25.316666666666663,0.0999999999999982,26.883333333333336,0.1000000000000035,28.65416666666667,0.0999999999999974,-0.2999999999999971,0.0,Tiruchirappalli,23.2,0.0
2024-10-29 00:00:00,24.4,84,0.0,999.1,8.3,18.2,293,294,0,29,10,1,303,24.6,0.0,25.0,0.0,26.3,0.0,30.9,0.0,24.2,0.0,25.0,0.0999999999999982,26.34166666666667,0.1000000000000035,28.6625,0.0999999999999974,-0.2000000000000028,0.0,Tiruchirappalli,23.3,0.0
2024-10-29 01:00:00,25.7,80,0.0,999.6,8.4,17.2,286,285,1,29,10,1,303,24.4,0.0,24.9,0.0,25.9,0.1,29.3,0.0,25.4,0.0,24.96666666666667,0.0,26.041666666666668,0.1000000000000035,28.675,0.0999999999999974,1.3000000000000007,0.0,Tiruchirappalli,23.5,0.0
2024-10-29 02:00:00,27.1,75,0.0,1000.5,9.5,15.9,275,271,2,29,10,1,303,25.7,0.0,24.6,0.0,25.2,0.0,28.7,0.0,26.6,0.0,25.28333333333333,0.0,25.90833333333333,0.1000000000000035,28.69583333333333,0.0999999999999974,1.400000000000002,0.0,Tiruchirappalli,24.5,0.0
2024-10-29 03:00:00,28.9,68,0.0,1001.5,10.5,14.6,275,274,3,29,10,1,303,27.1,0.0,24.4,0.0,25.0,0.0,28.0,0.0,28.4,0.0,25.933333333333334,0.0,25.98333333333333,0.1000000000000035,28.71666666666667,0.0999999999999974,1.7999999999999972,0.0,Tiruchirappalli,26.2,0.0
2024-10-29 04:00:00,30.7,61,0.0,1001.6,11.7,15.9,275,274,4,29,10,1,303,28.9,0.0,25.7,0.0,24.9,0.0,27.2,0.0,30.3,0.0,26.899999999999995,0.0,26.274999999999995,0.1000000000000035,28.73333333333333,0.0999999999999974,1.8000000000000007,0.0,Tiruchirappalli,27.9,0.0
2024-10-29 05:00:00,31.9,56,0.0,1001.0,11.5,15.1,279,279,5,29,10,1,303,30.7,0.0,27.1,0.0,24.6,0.0,26.6,0.0,31.8,0.0,28.116666666666664,0.0,26.71666666666667,0.1000000000000035,28.7375,0.0999999999999974,1.1999999999999993,0.0,Tiruchirappalli,29.1,0.2
2024-10-29 06:00:00,33.0,50,0.0,1000.0,10.7,14.0,277,277,6,29,10,1,303,31.9,0.0,28.9,0.0,24.4,0.0,26.3,0.0,32.6,0.0,29.55,0.0,27.275,0.1000000000000035,28.754166666666663,0.0999999999999974,1.1000000000000014,0.0,Tiruchirappalli,30.2,0.1
2024-10-29 07:00:00,33.3,48,0.1,998.7,9.1,11.8,278,278,7,29,10,1,303,33.0,0.0,30.7,0.0,25.7,0.0,25.9,0.1,33.2,0.0,30.816666666666663,0.0999999999999982,27.891666666666666,0.1000000000000035,28.758333333333336,0.1999999999999974,0.2999999999999971,0.1,Tiruchirappalli,30.3,0.2
2024-10-29 08:00:00,33.7,47,0.0,997.9,7.4,9.4,282,283,8,29,10,1,303,33.3,0.1,31.9,0.0,27.1,0.0,25.2,0.0,33.4,0.0,31.916666666666668,0.0999999999999982,28.6,0.1000000000000035,28.77083333333333,0.1999999999999974,0.4000000000000057,-0.1,Tiruchirappalli,30.6,0.0
2024-10-29 09:00:00,33.8,47,0.0,996.9,7.6,9.7,288,288,9,29,10,1,303,33.7,0.0,33.0,0.0,28.9,0.0,25.0,0.0,33.3,0.0,32.73333333333333,0.0999999999999982,29.33333333333333,0.1000000000000035,28.791666666666668,0.1999999999999974,0.0999999999999943,0.0,Tiruchirappalli,27.7,0.7
2024-10-29 10:00:00,33.5,49,0.0,996.8,4.8,6.5,304,304,10,29,10,1,303,33.8,0.0,33.3,0.1,30.7,0.0,24.9,0.0,33.2,0.0,33.2,0.0999999999999982,30.05,0.1000000000000035,28.80416666666667,0.1999999999999974,-0.2999999999999971,0.0,Tiruchirappalli,27.0,1.3
2024-10-29 11:00:00,33.1,50,0.0,997.4,2.1,2.6,258,250,11,29,10,1,303,33.5,0.0,33.7,0.0,31.9,0.0,24.6,0.0,32.7,0.0,33.4,0.0999999999999982,30.75833333333333,0.1000000000000035,28.82083333333333,0.1999999999999974,-0.3999999999999986,0.0,Tiruchirappalli,27.6,0.1
2024-10-29 12:00:00,30.1,65,0.3,998.4,11.5,16.0,178,182,12,29,10,1,303,33.1,0.0,33.8,0.0,33.0,0.0,24.4,0.0,30.9,0.0,32.916666666666664,0.3999999999999982,31.23333333333333,0.4000000000000036,28.7875,0.4999999999999974,-3.0,0.3,Tiruchirappalli,26.4,0.5
2024-10-29 13:00:00,29.9,65,0.0,998.6,4.1,6.8,12,34,13,29,10,1,303,30.1,0.3,33.5,0.0,33.3,0.1,25.7,0.0,29.3,0.0,32.35,0.2999999999999982,31.58333333333333,0.4000000000000035,28.8125,0.4999999999999974,-0.2000000000000028,-0.3,Tiruchirappalli,25.8,0.0
2024-10-29 14:00:00,28.5,69,0.0,999.6,7.6,14.7,144,133,14,29,10,1,303,29.9,0.0,33.1,0.0,33.7,0.0,27.1,0.0,28.7,0.0,31.48333333333333,0.2999999999999981,31.7,0.4000000000000035,28.804166666666664,0.4999999999999974,-1.3999999999999986,0.0,Tiruchirappalli,25.0,0.1
2024-10-29 15:00:00,27.5,78,0.0,1000.3,5.0,12.2,156,142,15,29,10,1,303,28.5,0.0,30.1,0.3,33.8,0.0,28.9,0.0,28.0,0.0,30.433333333333337,0.2999999999999981,31.58333333333333,0.4000000000000035,28.78333333333333,0.4999999999999974,-1.0,0.0,Tiruchirappalli,24.6,0.0
2024-10-29 16:00:00,26.8,83,0.0,1000.6,4.8,11.2,169,169,16,29,10,1,303,27.5,0.0,29.9,0.0,33.5,0.0,30.7,0.0,27.2,0.0,29.316666666666663,0.2999999999999981,31.258333333333336,0.4000000000000035,28.766666666666666,0.4999999999999974,-0.6999999999999993,0.0,Tiruchirappalli,24.3,0.0
2024-10-29 17:00:00,25.8,89,0.0,1000.7,3.8,10.0,197,191,17,29,10,1,303,26.8,0.0,28.5,0.0,33.1,0.0,31.9,0.0,26.6,0.0,28.1,0.2999999999999981,30.75,0.4000000000000035,28.73333333333333,0.4999999999999974,-1.0,0.0,Tiruchirappalli,23.7,0.0
2024-10-29 18:00:00,25.4,91,0.0,1000.6,4.4,9.3,193,173,18,29,10,1,303,25.8,0.0,27.5,0.0,30.1,0.3,33.0,0.0,26.3,0.0,27.316666666666663,0.0,30.116666666666664,0.4000000000000035,28.69583333333333,0.4999999999999974,-0.4000000000000021,0.0,Tiruchirappalli,23.4,0.3
2024-10-29 19:00:00,25.2,92,0.0,1000.0,4.5,9.1,188,175,19,29,10,1,303,25.4,0.0,26.8,0.0,29.9,0.0,33.3,0.1,25.9,0.1,26.53333333333333,0.0,29.441666666666663,0.3000000000000035,28.666666666666668,0.3999999999999974,-0.1999999999999993,0.0,Tiruchirappalli,23.0,4.0
2024-10-29 20:00:00,25.2,91,0.0,999.4,3.5,10.3,191,192,20,29,10,1,303,25.2,0.0,25.8,0.0,28.5,0.0,33.7,0.0,25.2,0.0,25.98333333333333,0.0,28.73333333333333,0.3000000000000035,28.666666666666668,0.3999999999999974,0.0,0.0,Tiruchirappalli,22.9,0.4
2024-10-29 21:00:00,24.9,92,0.0,999.0,3.7,10.3,202,215,21,29,10,1,303,25.2,0.0,25.4,0.0,27.5,0.0,33.8,0.0,25.0,0.0,25.55,0.0,27.99166666666667,0.3000000000000035,28.6625,0.3999999999999974,-0.3000000000000007,0.0,Tiruchirappalli,22.6,0.1
2024-10-29 22:00:00,24.7,94,0.0,999.0,3.7,9.7,222,235,22,29,10,1,303,24.9,0.0,25.2,0.0,26.8,0.0,33.5,0.0,24.9,0.0,25.2,0.0,27.25833333333333,0.3000000000000035,28.654166666666665,0.3999999999999974,-0.1999999999999993,0.0,Tiruchirappalli,22.3,0.0
2024-10-29 23:00:00,24.4,96,0.0,999.2,3.5,9.0,244,235,23,29,10,1,303,24.7,0.0,25.2,0.0,25.8,0.0,33.1,0.0,24.6,0.0,24.966666666666665,0.0,26.53333333333333,0.3000000000000035,28.64583333333333,0.3999999999999974,-0.3000000000000007,0.0,Tiruchirappalli,22.3,0.0
2024-10-30 00:00:00,24.2,97,0.0,999.9,3.8,9.2,269,245,0,30,10,2,304,24.4,0.0,24.9,0.0,25.4,0.0,30.1,0.3,24.4,0.0,24.766666666666666,0.0,26.041666666666668,0.0,28.6375,0.3999999999999974,-0.1999999999999993,0.0,Tiruchirappalli,22.0,0.0
2024-10-30 01:00:00,25.4,88,0.0,1000.4,5.2,10.6,284,264,1,30,10,2,304,24.2,0.0,24.7,0.0,25.2,0.0,29.9,0.0,25.7,0.0,24.8,0.0,25.666666666666668,0.0,28.625,0.3999999999999974,1.1999999999999993,0.0,Tiruchirappalli,23.8,0.1
2024-10-30 02:00:00,27.0,79,0.0,1001.1,6.1,9.8,276,268,2,30,10,2,304,25.4,0.0,24.4,0.0,25.2,0.0,28.5,0.0,27.1,0.0,25.1,0.0,25.541666666666668,0.0,28.620833333333334,0.3999999999999974,1.6000000000000014,0.0,Tiruchirappalli,24.2,0.0
2024-10-30 03:00:00,28.8,71,0.0,1001.7,7.2,9.7,273,274,3,30,10,2,304,27.0,0.0,24.2,0.0,24.9,0.0,27.5,0.0,28.9,0.0,25.75,0.0,25.65,0.0,28.61666666666667,0.3999999999999974,1.8000000000000007,0.0,Tiruchirappalli,26.0,0.0
2024-10-30 04:00:00,30.3,66,0.0,1001.7,5.3,7.0,258,258,4,30,10,2,304,28.8,0.0,25.4,0.0,24.7,0.0,26.8,0.0,30.7,0.0,26.683333333333334,0.0,25.941666666666663,0.0,28.6,0.3999999999999974,1.5,0.0,Tiruchirappalli,27.2,0.3
2024-10-30 05:00:00,31.5,62,0.0,1001.6,4.7,6.0,253,252,5,30,10,2,304,30.3,0.0,27.0,0.0,24.4,0.0,25.8,0.0,31.9,0.0,27.866666666666664,0.0,26.416666666666668,0.0,28.58333333333333,0.3999999999999974,1.1999999999999993,0.0,Tiruchirappalli,28.8,0.1
2024-10-30 06:00:00,32.4,58,0.0,1000.7,3.9,4.8,239,236,6,30,10,2,304,31.5,0.0,28.8,0.0,24.2,0.0,25.4,0.0,33.0,0.0,29.23333333333333,0.0,27.0,0.0,28.558333333333334,0.3999999999999974,0.8999999999999986,0.0,Tiruchirappalli,29.7,0.0
2024-10-30 07:00:00,33.0,56,0.0,999.7,4.8,5.7,193,191,7,30,10,2,304,32.4,0.0,30.3,0.0,25.4,0.0,25.2,0.0,33.3,0.1,30.5,0.0,27.65,0.0,28.54583333333333,0.2999999999999974,0.6000000000000014,0.0,Tiruchirappalli,30.0,0.1
2024-10-30 08:00:00,33.5,52,0.0,998.7,3.6,4.4,168,174,8,30,10,2,304,33.0,0.0,31.5,0.0,27.0,0.0,25.2,0.0,33.7,0.0,31.58333333333333,0.0,28.34166666666667,0.0,28.5375,0.2999999999999974,0.5,0.0,Tiruchirappalli,27.8,1.7
2024-10-30 09:00:00,33.1,52,0.1,997.7,2.2,2.7,172,171,9,30,10,2,304,33.5,0.0,32.4,0.0,28.8,0.0,24.9,0.0,33.8,0.0,32.3,0.0999999999999982,29.025,0.1000000000000035,28.50833333333333,0.3999999999999974,-0.3999999999999986,0.1,Tiruchirappalli,29.3,0.0
2024-10-30 10:00:00,31.1,61,0.3,998.0,10.0,12.8,161,160,10,30,10,2,304,33.1,0.1,33.0,0.0,30.3,0.0,24.7,0.0,33.5,0.0,32.43333333333334,0.3999999999999982,29.558333333333334,0.4000000000000036,28.40833333333333,0.6999999999999974,-2.0,0.1999999999999999,Tiruchirappalli,29.5,0.1
2024-10-30 11:00:00,30.3,64,0.6,998.5,5.6,7.2,89,83,11,30,10,2,304,31.1,0.3,33.5,0.0,31.5,0.0,24.4,0.0,33.1,0.0,32.233333333333334,0.999999999999998,30.05,1.0000000000000036,28.291666666666668,1.2999999999999974,-0.8000000000000007,0.3,Tiruchirappalli,27.5,0.2
2024-10-30 12:00:00,28.3,76,0.1,998.8,7.3,10.7,126,126,12,30,10,2,304,30.3,0.6,33.1,0.1,32.4,0.0,24.2,0.0,30.1,0.3,31.55,1.099999999999998,30.391666666666666,1.1000000000000034,28.21666666666667,1.0999999999999974,-2.0,-0.5,Tiruchirappalli,26.7,0.0
2024-10-30 13:00:00,28.8,72,0.0,999.3,8.5,16.5,76,72,13,30,10,2,304,28.3,0.1,31.1,0.3,33.0,0.0,25.4,0.0,29.9,0.0,30.85,1.099999999999998,30.675,1.1000000000000034,28.17083333333333,1.0999999999999974,0.5,-0.1,Tiruchirappalli,25.9,0.1
2024-10-30 14:00:00,27.9,75,0.0,1000.4,7.5,15.7,59,57,14,30,10,2,304,28.8,0.0,30.3,0.6,33.5,0.0,27.0,0.0,28.5,0.0,29.916666666666668,1.099999999999998,30.75,1.1000000000000034,28.14583333333333,1.0999999999999974,-0.9000000000000021,0.0,Tiruchirappalli,24.7,0.1
2024-10-30 15:00:00,27.4,78,0.0,1001.4,6.8,14.6,74,73,15,30,10,2,304,27.9,0.0,28.3,0.1,33.1,0.1,28.8,0.0,27.5,0.0,28.96666666666667,0.999999999999998,30.63333333333333,1.1000000000000034,28.14166666666667,1.0999999999999974,-0.5,0.0,Tiruchirappalli,24.5,0.0
2024-10-30 16:00:00,26.8,82,0.0,1002.0,5.2,12.8,87,88,16,30,10,2,304,27.4,0.0,28.8,0.0,31.1,0.3,30.3,0.0,26.8,0.0,28.25,0.6999999999999981,30.341666666666665,1.1000000000000034,28.141666666666666,1.0999999999999974,-0.5999999999999979,0.0,Tiruchirappalli,24.0,0.0
2024-10-30 17:00:00,26.3,85,0.0,1002.0,5.7,13.1,83,79,17,30,10,2,304,26.8,0.0,27.9,0.0,30.3,0.6,31.5,0.0,25.8,0.0,27.58333333333333,0.0999999999999981,29.90833333333333,1.1000000000000034,28.1625,1.0999999999999974,-0.5,0.0,Tiruchirappalli,24.1,0.0
2024-10-30 18:00:00,25.8,88,0.0,1002.0,6.2,14.1,79,78,18,30,10,2,304,26.3,0.0,27.4,0.0,28.3,0.1,32.4,0.0,25.4,0.0,27.166666666666668,0.0,29.35833333333333,1.1000000000000034,28.17916666666667,1.0999999999999974,-0.5,0.0,Tiruchirappalli,23.2,0.0
2024-10-30 19:00:00,24.8,94,0.6,1001.8,3.6,0.5,180,243,19,30,10,2,304,25.8,0.0,26.8,0.0,28.8,0.0,33.0,0.0,25.2,0.0,26.5,0.5999999999999981,28.675,1.7000000000000033,28.1625,1.6999999999999973,-1.0,0.6,Tiruchirappalli,22.7,0.0
2024-10-30 20:00:00,23.3,99,2.6,1001.1,4.8,5.2,360,333,20,30,10,2,304,24.8,0.6,26.3,0.0,27.9,0.0,33.5,0.0,25.2,0.0,25.73333333333333,3.1999999999999984,27.825,4.300000000000003,28.08333333333333,4.299999999999997,-1.5,2.0,Tiruchirappalli,22.8,0.0
2024-10-30 21:00:00,23.7,95,0.2,1000.3,2.9,7.5,27,330,21,30,10,2,304,23.3,2.6,25.8,0.0,27.4,0.0,33.1,0.1,24.9,0.0,25.116666666666664,3.399999999999998,27.041666666666668,4.400000000000004,28.03333333333333,4.499999999999997,0.3999999999999986,-2.4,Tiruchirappalli,23.0,0.0
2024-10-30 22:00:00,23.5,98,0.0,1000.4,3.3,6.8,307,279,22,30,10,2,304,23.7,0.2,24.8,0.6,26.8,0.0,31.1,0.3,24.7,0.0,24.566666666666663,3.399999999999998,26.40833333333333,4.100000000000003,27.98333333333333,4.499999999999997,-0.1999999999999993,-0.2,Tiruchirappalli,22.8,0.0
2024-10-30 23:00:00,23.5,98,0.0,1000.5,4.1,9.1,308,293,23,30,10,2,304,23.5,0.0,23.3,2.6,26.3,0.0,30.3,0.6,24.4,0.0,24.1,3.399999999999998,25.84166666666667,3.500000000000004,27.94583333333333,4.499999999999997,0.0,0.0,Tiruchirappalli,22.8,0.0
2024-10-31 00:00:00,23.3,99,0.1,1001.0,5.3,10.3,325,322,0,31,10,3,305,23.5,0.0,23.7,0.2,25.8,0.0,28.3,0.1,24.2,0.0,23.683333333333334,3.499999999999998,25.425,3.500000000000003,27.90833333333333,4.599999999999998,-0.1999999999999993,0.1,Tiruchirappalli,23.2,0.0
2024-10-31 01:00:00,24.9,95,0.0,1001.5,0.9,2.1,340,307,1,31,10,3,305,23.3,0.1,23.5,0.0,24.8,0.6,28.8,0.0,25.4,0.0,23.7,2.8999999999999977,25.1,3.500000000000003,27.887500000000003,4.599999999999998,1.599999999999998,-0.1,Tiruchirappalli,23.2,0.0
2024-10-31 02:00:00,25.9,89,0.1,1002.3,3.5,4.9,336,336,2,31,10,3,305,24.9,0.0,23.5,0.0,23.3,2.6,27.9,0.0,27.0,0.0,24.133333333333336,0.3999999999999978,24.933333333333334,3.600000000000003,27.84166666666667,4.6999999999999975,1.0,0.1,Tiruchirappalli,24.7,0.0
2024-10-31 03:00:00,27.5,81,0.1,1002.7,3.7,4.7,320,321,3,31,10,3,305,25.9,0.1,23.3,0.1,23.7,0.2,27.4,0.0,28.8,0.0,24.766666666666666,0.2999999999999978,24.941666666666663,3.7000000000000033,27.7875,4.799999999999998,1.6000000000000014,0.0,Tiruchirappalli,26.5,0.0
2024-10-31 04:00:00,29.1,72,0.1,1002.8,3.6,4.6,321,323,4,31,10,3,305,27.5,0.1,24.9,0.0,23.5,0.0,26.8,0.0,30.3,0.0,25.7,0.3999999999999978,25.133333333333336,3.8000000000000034,27.7375,4.899999999999998,1.6000000000000014,0.0,Tiruchirappalli,28.0,0.1
2024-10-31 05:00:00,30.6,65,0.1,1002.5,2.9,3.7,331,330,5,31,10,3,305,29.1,0.1,25.9,0.1,23.5,0.0,26.3,0.0,31.5,0.0,26.883333333333336,0.4999999999999978,25.491666666666664,3.900000000000004,27.700000000000003,4.999999999999997,1.5,0.0,Tiruchirappalli,29.4,0.0
2024-10-31 06:00:00,31.4,62,0.2,1001.9,2.6,3.2,56,56,6,31,10,3,305,30.6,0.1,27.5,0.1,23.3,0.1,25.8,0.0,32.4,0.0,28.23333333333333,0.5999999999999979,25.95833333333333,4.100000000000003,27.65833333333333,5.1999999999999975,0.7999999999999972,0.1,Tiruchirappalli,30.5,0.1
2024-10-31 07:00:00,31.9,61,0.1,1000.8,3.0,3.9,56,52,7,31,10,3,305,31.4,0.2,29.1,0.1,24.9,0.0,24.8,0.6,33.0,0.0,29.4,0.6999999999999978,26.55,3.600000000000004,27.6125,5.299999999999998,0.5,-0.1,Tiruchirappalli,30.9,0.2
2024-10-31 08:00:00,32.5,58,0.0,999.5,2.3,3.1,50,39,8,31,10,3,305,31.9,0.1,30.6,0.1,25.9,0.1,23.3,2.6,33.5,0.0,30.5,0.5999999999999979,27.316666666666663,1.000000000000003,27.570833333333336,5.299999999999998,0.6000000000000014,-0.1,Tiruchirappalli,31.1,0.4
2024-10-31 09:00:00,31.9,58,0.0,998.8,11.8,14.8,116,116,9,31,10,3,305,32.5,0.0,31.4,0.2,27.5,0.1,23.7,0.2,33.1,0.1,31.23333333333333,0.4999999999999978,28.0,0.8000000000000032,27.52083333333333,5.199999999999998,-0.6000000000000014,0.0,Tiruchirappalli,30.6,0.4
2024-10-31 10:00:00,28.9,75,1.3,999.2,11.9,16.7,106,104,10,31,10,3,305,31.9,0.0,31.9,0.1,29.1,0.1,23.5,0.0,31.1,0.3,31.2,1.699999999999998,28.45,2.100000000000003,27.429166666666664,6.199999999999998,-3.0,1.3,Tiruchirappalli,30.3,0.0
2024-10-31 11:00:00,28.0,75,2.5,999.6,7.1,10.4,110,111,11,31,10,3,305,28.9,1.3,32.5,0.0,30.6,0.1,23.5,0.0,30.3,0.6,30.766666666666666,4.099999999999998,28.825,4.600000000000003,27.33333333333333,8.099999999999998,-0.8999999999999986,1.2,Tiruchirappalli,29.5,0.0
2024-10-31 12:00:00,27.8,77,0.0,1000.1,8.1,12.6,79,72,12,31,10,3,305,28.0,2.5,31.9,0.0,31.4,0.2,23.3,0.1,28.3,0.1,30.166666666666668,3.899999999999998,29.200000000000003,4.500000000000004,27.3125,7.999999999999998,-0.1999999999999993,-2.5,Tiruchirappalli,28.2,0.0
2024-10-31 13:00:00,27.5,80,0.1,1000.1,5.2,12.8,106,104,13,31,10,3,305,27.8,0.0,28.9,1.3,31.9,0.1,24.9,0.0,28.8,0.0,29.433333333333334,3.899999999999998,29.416666666666668,4.600000000000003,27.258333333333336,8.099999999999998,-0.3000000000000007,0.1,Tiruchirappalli,26.2,0.0
2024-10-31 14:00:00,26.8,84,0.0,1001.4,6.8,15.0,100,101,14,31,10,3,305,27.5,0.1,28.0,2.5,32.5,0.0,25.9,0.1,27.9,0.0,28.48333333333333,3.899999999999998,29.49166666666667,4.500000000000003,27.2125,8.099999999999998,-0.6999999999999993,-0.1,Tiruchirappalli,25.0,0.6
2024-10-31 15:00:00,26.2,86,0.0,1002.2,6.0,14.1,86,87,15,31,10,3,305,26.8,0.0,27.8,0.0,31.9,0.0,27.5,0.1,27.4,0.0,27.53333333333333,3.899999999999998,29.383333333333336,4.400000000000003,27.1625,8.099999999999998,-0.6000000000000014,0.0,Tiruchirappalli,24.7,0.1
2024-10-31 16:00:00,25.7,88,0.0,1002.7,6.6,14.6,99,99,16,31,10,3,305,26.2,0.0,27.5,0.1,28.9,1.3,29.1,0.1,26.8,0.0,27.0,2.599999999999998,29.1,4.3000000000000025,27.116666666666664,8.099999999999998,-0.5,0.0,Tiruchirappalli,24.0,0.0
2024-10-31 17:00:00,25.3,90,0.0,1002.8,5.8,13.2,95,95,17,31,10,3,305,25.7,0.0,26.8,0.0,28.0,2.5,30.6,0.1,26.3,0.0,26.55,0.0999999999999977,28.65833333333333,4.200000000000003,27.075000000000003,8.099999999999998,-0.3999999999999986,0.0,Tiruchirappalli,24.7,0.0
2024-10-31 18:00:00,25.0,92,0.0,1002.4,4.0,11.0,84,72,18,31,10,3,305,25.3,0.0,26.2,0.0,27.8,0.0,31.4,0.2,25.8,0.0,26.08333333333333,0.0999999999999977,28.125,4.000000000000003,27.041666666666668,8.099999999999998,-0.3000000000000007,0.0,Tiruchirappalli,24.7,0.0
2024-10-31 19:00:00,24.0,97,0.0,1002.0,5.0,8.0,81,90,19,31,10,3,305,25.0,0.0,25.7,0.0,27.5,0.1,31.9,0.1,24.8,0.6,25.5,0.0,27.46666666666667,3.900000000000003,27.008333333333336,7.499999999999997,-1.0,0.0,Tiruchirappalli,23.7,0.0
2024-10-31 20:00:00,23.9,96,0.3,1001.6,5.2,10.0,188,211,20,31,10,3,305,24.0,0.0,25.3,0.0,26.8,0.0,32.5,0.0,23.3,2.6,25.016666666666666,0.2999999999999977,26.75,4.200000000000003,27.03333333333333,5.199999999999998,-0.1000000000000014,0.3,Tiruchirappalli,23.2,0.0
2024-10-31 21:00:00,23.5,94,0.5,1001.3,5.6,7.2,231,248,21,31,10,3,305,23.9,0.3,25.0,0.0,26.2,0.0,31.9,0.0,23.7,0.2,24.566666666666663,0.7999999999999978,26.05,4.700000000000003,27.025,5.499999999999998,-0.3999999999999986,0.2,Tiruchirappalli,22.8,0.0
2024-10-31 22:00:00,23.5,95,0.2,1001.0,4.7,7.6,216,230,22,31,10,3,305,23.5,0.5,24.0,0.0,25.7,0.0,28.9,1.3,23.5,0.0,24.2,0.9999999999999978,25.6,3.600000000000003,27.025,5.6999999999999975,0.0,-0.3,Tiruchirappalli,22.3,0.0
2024-10-31 23:00:00,23.5,96,0.0,1001.2,2.2,4.2,245,246,23,31,10,3,305,23.5,0.2,23.9,0.3,25.3,0.0,28.0,2.5,23.5,0.0,23.9,0.9999999999999978,25.225,1.1000000000000032,27.025,5.6999999999999975,0.0,-0.2,Tiruchirappalli,22.1,0.0
2024-11-01 00:00:00,23.3,98,0.0,1001.8,4.4,10.5,299,305,0,1,11,4,306,23.5,0.0,23.5,0.5,25.0,0.0,27.8,0.0,23.3,0.1,23.616666666666664,0.9999999999999978,24.85,1.1000000000000032,27.024999999999995,5.599999999999998,-0.1999999999999993,0.0,Tiruchirappalli,21.7,0.0
2024-11-01 01:00:00,23.6,97,0.0,1002.1,3.6,8.3,314,319,1,1,11,4,306,23.3,0.0,23.5,0.2,24.0,0.0,27.5,0.1,24.9,0.0,23.55,0.9999999999999978,24.525,1.000000000000003,26.97083333333333,5.599999999999998,0.3000000000000007,0.0,Tiruchirappalli,23.4,0.0
2024-11-01 02:00:00,24.9,89,0.0,1003.4,3.2,4.8,338,344,2,1,11,4,306,23.6,0.0,23.5,0.0,23.9,0.3,26.8,0.0,25.9,0.1,23.71666666666667,0.6999999999999977,24.366666666666664,1.000000000000003,26.929166666666664,5.499999999999997,1.2999999999999972,0.0,Tiruchirappalli,25.1,0.0
2024-11-01 03:00:00,26.7,79,0.0,1004.3,3.9,4.9,33,34,3,1,11,4,306,24.9,0.0,23.3,0.0,23.5,0.5,26.2,0.0,27.5,0.1,24.25,0.1999999999999978,24.40833333333333,1.000000000000003,26.89583333333333,5.399999999999998,1.8000000000000007,0.0,Tiruchirappalli,27.3,0.0
2024-11-01 04:00:00,28.3,75,0.0,1004.4,3.9,5.0,44,43,4,1,11,4,306,26.7,0.0,23.6,0.0,23.5,0.2,25.7,0.0,29.1,0.1,25.05,0.0,24.625,1.000000000000003,26.8625,5.299999999999998,1.6000000000000014,0.0,Tiruchirappalli,29.2,0.0
2024-11-01 05:00:00,29.8,69,0.1,1004.2,3.3,4.2,36,36,5,1,11,4,306,28.3,0.0,24.9,0.0,23.5,0.0,25.3,0.0,30.6,0.1,26.1,0.0999999999999978,25.0,1.100000000000003,26.829166666666666,5.299999999999998,1.5,0.1,Tiruchirappalli,30.5,0.0
2024-11-01 06:00:00,30.6,66,0.2,1003.1,1.8,2.3,90,96,6,1,11,4,306,29.8,0.1,26.7,0.0,23.3,0.0,25.0,0.0,31.4,0.2,27.316666666666663,0.2999999999999978,25.466666666666665,1.3000000000000032,26.79583333333333,5.299999999999998,0.8000000000000007,0.1,Tiruchirappalli,31.3,0.0
2024-11-01 07:00:00,31.4,62,0.2,1001.6,3.0,3.6,99,104,7,1,11,4,306,30.6,0.2,28.3,0.0,23.6,0.0,24.0,0.0,31.9,0.1,28.616666666666664,0.4999999999999979,26.08333333333333,1.500000000000003,26.775,5.399999999999998,0.7999999999999972,0.0,Tiruchirappalli,31.9,0.0
2024-11-01 08:00:00,31.1,61,0.1,1000.0,6.9,8.6,98,97,8,1,11,4,306,31.4,0.2,29.8,0.1,24.9,0.0,23.9,0.3,32.5,0.0,29.65,0.5999999999999979,26.683333333333334,1.3000000000000034,26.71666666666667,5.499999999999998,-0.2999999999999971,-0.1,Tiruchirappalli,32.3,0.0
2024-11-01 09:00:00,27.0,85,13.9,999.9,13.9,19.2,25,13,9,1,11,4,306,31.1,0.1,30.6,0.2,26.7,0.0,23.5,0.5,31.9,0.0,29.7,14.499999999999998,26.975,14.700000000000005,26.512500000000003,19.4,-4.100000000000001,13.8,Tiruchirappalli,32.3,0.0
2024-11-01 10:00:00,28.0,79,0.1,999.6,5.9,8.6,11,358,10,1,11,4,306,27.0,13.9,31.4,0.2,28.3,0.0,23.5,0.2,28.9,1.3,29.649999999999995,14.599999999999998,27.35,14.600000000000003,26.475000000000005,18.2,1.0,-13.8,Tiruchirappalli,32.0,0.0
2024-11-01 11:00:00,26.3,87,7.4,1001.4,5.6,7.2,161,155,11,1,11,4,306,28.0,0.1,31.1,0.1,29.8,0.1,23.5,0.0,28.0,2.5,29.066666666666663,21.9,27.58333333333333,22.000000000000004,26.40416666666667,23.1,-1.6999999999999993,7.300000000000001,Tiruchirappalli,31.1,0.0
2024-11-01 12:00:00,24.6,94,5.7,1001.5,4.6,8.0,80,72,12,1,11,4,306,26.3,7.4,27.0,13.9,30.6,0.2,23.3,0.0,27.8,0.0,28.066666666666663,27.4,27.691666666666663,27.700000000000003,26.27083333333333,28.8,-1.6999999999999993,-1.7000000000000002,Tiruchirappalli,29.0,0.0
2024-11-01 13:00:00,25.8,90,0.0,1001.3,6.9,14.0,112,110,13,1,11,4,306,24.6,5.7,28.0,0.1,31.4,0.2,23.6,0.0,27.5,0.1,27.133333333333336,27.2,27.875,27.700000000000003,26.2,28.7,1.1999999999999993,-5.7,Tiruchirappalli,28.0,0.0
2024-11-01 14:00:00,25.1,93,0.0,1002.6,3.7,10.3,113,101,14,1,11,4,306,25.8,0.0,26.3,7.4,31.1,0.1,24.9,0.0,26.8,0.0,26.133333333333336,27.1,27.891666666666666,27.700000000000003,26.129166666666663,28.7,-0.6999999999999993,0.0,Tiruchirappalli,26.9,0.0
2024-11-01 15:00:00,24.9,94,0.0,1003.5,3.1,8.5,107,93,15,1,11,4,306,25.1,0.0,24.6,5.7,27.0,13.9,26.7,0.0,26.2,0.0,25.78333333333333,13.2,27.74166666666667,27.700000000000003,26.075,28.7,-0.2000000000000028,0.0,Tiruchirappalli,26.1,0.0
2024-11-01 16:00:00,24.8,95,0.0,1004.1,4.0,9.4,89,80,16,1,11,4,306,24.9,0.0,25.8,0.0,28.0,0.1,28.3,0.0,25.7,0.0,25.25,13.099999999999998,27.45,27.700000000000003,26.037500000000005,28.7,-0.0999999999999978,0.0,Tiruchirappalli,25.7,0.0
2024-11-01 17:00:00,24.0,97,1.1,1004.0,0.8,4.2,72,315,17,1,11,4,306,24.8,0.0,25.1,0.0,26.3,7.4,29.8,0.1,25.3,0.0,24.866666666666664,6.799999999999999,26.96666666666667,28.700000000000003,25.98333333333333,29.8,-0.8000000000000007,1.1,Tiruchirappalli,25.6,0.0
2024-11-01 18:00:00,23.1,100,3.1,1004.6,7.8,9.9,272,275,18,1,11,4,306,24.0,1.1,24.9,0.0,24.6,5.7,30.6,0.2,25.0,0.0,24.61666666666667,4.199999999999998,26.34166666666667,31.6,25.904166666666665,32.9,-0.8999999999999986,2.0,Tiruchirappalli,25.3,0.0
2024-11-01 19:00:00,23.1,98,2.5,1003.7,4.0,6.1,28,3,19,1,11,4,306,23.1,3.1,24.8,0.0,25.8,0.0,31.4,0.2,24.0,0.0,24.166666666666668,6.699999999999998,25.65,33.900000000000006,25.866666666666664,35.4,0.0,-0.6000000000000001,Tiruchirappalli,25.1,0.0
2024-11-01 20:00:00,22.9,98,0.2,1003.0,5.8,8.3,319,309,20,1,11,4,306,23.1,2.5,24.0,1.1,25.1,0.0,31.1,0.1,23.9,0.3,23.8,6.899999999999999,24.96666666666667,34.0,25.825,35.3,-0.2000000000000028,-2.3,Tiruchirappalli,25.0,0.0
2024-11-01 21:00:00,23.1,96,0.2,1002.1,3.1,4.1,308,283,21,1,11,4,306,22.9,0.2,23.1,3.1,24.9,0.0,27.0,13.9,23.5,0.5,23.5,7.099999999999999,24.64166666666667,20.300000000000004,25.808333333333334,34.99999999999999,0.2000000000000028,0.0,Tiruchirappalli,25.1,0.0
2024-11-01 22:00:00,23.0,97,0.0,1002.0,2.7,5.4,318,307,22,1,11,4,306,23.1,0.2,23.1,2.5,24.8,0.0,28.0,0.1,23.5,0.2,23.2,7.099999999999999,24.225000000000005,20.200000000000003,25.7875,34.8,-0.1000000000000014,-0.2,Tiruchirappalli,24.8,0.0
2024-11-01 23:00:00,23.2,96,0.0,1002.1,4.6,5.8,309,309,23,1,11,4,306,23.0,0.0,22.9,0.2,24.0,1.1,26.3,7.4,23.5,0.0,23.066666666666663,5.999999999999998,23.96666666666667,12.800000000000002,25.775,34.8,0.1999999999999993,0.0,Tiruchirappalli,24.4,0.0
2024-11-02 00:00:00,23.2,96,0.0,1002.6,3.1,4.8,299,291,0,2,11,5,307,23.2,0.0,23.1,0.2,23.1,3.1,24.6,5.7,23.3,0.0,23.08333333333333,2.899999999999998,23.85,7.100000000000002,25.77083333333333,34.8,0.0,0.0,Tiruchirappalli,24.2,0.0
2024-11-02 01:00:00,23.5,94,0.0,1003.4,4.3,5.7,336,338,1,2,11,5,307,23.2,0.0,23.0,0.0,23.1,2.5,25.8,0.0,23.6,0.0,23.15,0.3999999999999982,23.65833333333333,7.100000000000002,25.766666666666666,34.8,0.3000000000000007,0.0,Tiruchirappalli,25.0,0.1
2024-11-02 02:00:00,24.4,89,0.0,1004.2,5.5,6.9,321,322,2,2,11,5,307,23.5,0.0,23.2,0.0,22.9,0.2,25.1,0.0,24.9,0.0,23.399999999999995,0.1999999999999982,23.600000000000005,7.100000000000002,25.745833333333337,34.8,0.8999999999999986,0.0,Tiruchirappalli,25.4,0.7
2024-11-02 03:00:00,26.1,82,0.1,1004.6,5.4,7.0,4,4,3,2,11,5,307,24.4,0.0,23.2,0.0,23.1,0.2,24.9,0.0,26.7,0.0,23.9,0.0999999999999982,23.7,7.200000000000002,25.72083333333333,34.9,1.7000000000000028,0.1,Tiruchirappalli,26.1,0.1
2024-11-02 04:00:00,27.4,75,0.1,1004.9,5.6,7.2,22,21,4,2,11,5,307,26.1,0.1,23.5,0.0,23.0,0.0,24.8,0.0,28.3,0.0,24.633333333333336,0.1999999999999982,23.916666666666668,7.300000000000002,25.683333333333337,35.0,1.2999999999999972,0.0,Tiruchirappalli,26.8,0.4
2024-11-02 05:00:00,28.9,71,0.1,1004.8,4.6,5.9,27,26,5,2,11,5,307,27.4,0.1,24.4,0.0,23.2,0.0,24.0,1.1,29.8,0.1,25.58333333333333,0.2999999999999982,24.325000000000003,6.300000000000002,25.64583333333333,35.0,1.5,0.0,Tiruchirappalli,27.7,0.3
2024-11-02 06:00:00,30.0,67,0.1,1003.7,4.6,5.9,31,31,6,2,11,5,307,28.9,0.1,26.1,0.1,23.2,0.0,23.1,3.1,30.6,0.2,26.71666666666667,0.3999999999999982,24.9,3.3000000000000016,25.620833333333334,34.9,1.1000000000000014,0.0,Tiruchirappalli,29.4,0.1
2024-11-02 07:00:00,30.5,62,0.0,1001.9,4.9,6.4,65,62,7,2,11,5,307,30.0,0.1,27.4,0.1,23.5,0.0,23.1,2.5,31.4,0.2,27.883333333333336,0.3999999999999982,25.516666666666666,0.8000000000000018,25.58333333333333,34.7,0.5,-0.1,Tiruchirappalli,27.7,0.3
2024-11-02 08:00:00,26.6,85,3.6,1001.4,11.2,16.3,19,18,8,2,11,5,307,30.5,0.0,28.9,0.1,24.4,0.0,22.9,0.2,31.1,0.1,28.25,3.9999999999999982,25.825,4.200000000000002,25.39583333333333,38.2,-3.899999999999999,3.6,Tiruchirappalli,27.4,0.4
2024-11-02 09:00:00,25.9,84,3.9,1001.1,10.5,15.0,85,86,9,2,11,5,307,26.6,3.6,30.0,0.1,26.1,0.1,23.1,0.2,27.0,13.9,28.21666666666667,7.799999999999998,26.058333333333334,7.900000000000002,25.35,28.2,-0.7000000000000028,0.2999999999999998,Tiruchirappalli,28.0,0.0
2024-11-02 10:00:00,27.2,79,0.1,1000.7,7.8,10.8,101,109,10,2,11,5,307,25.9,3.9,30.5,0.0,27.4,0.1,23.0,0.0,28.0,0.1,28.183333333333334,7.799999999999998,26.40833333333333,8.000000000000002,25.316666666666663,28.2,1.3000000000000007,-3.8,Tiruchirappalli,28.1,0.0
2024-11-02 11:00:00,26.5,82,0.1,1001.1,2.9,4.7,106,97,11,2,11,5,307,27.2,0.1,26.6,3.6,28.9,0.1,23.2,0.0,26.3,7.4,27.78333333333333,7.799999999999998,26.683333333333334,8.100000000000001,25.325,20.9,-0.6999999999999993,0.0,Tiruchirappalli,27.8,0.0
2024-11-02 12:00:00,26.5,82,0.0,1001.8,1.2,1.7,162,207,12,2,11,5,307,26.5,0.1,25.9,3.9,30.0,0.1,23.2,0.0,24.6,5.7,27.2,7.699999999999998,26.95833333333333,8.100000000000001,25.404166666666665,15.199999999999998,0.0,-0.1,Tiruchirappalli,26.9,0.1
2024-11-02 13:00:00,23.7,96,0.4,1001.9,6.4,11.2,79,79,13,2,11,5,307,26.5,0.0,27.2,0.1,30.5,0.0,23.5,0.0,25.8,0.0,26.066666666666663,8.099999999999998,26.975,8.500000000000002,25.316666666666663,15.6,-2.8000000000000007,0.4,Tiruchirappalli,27.1,0.0
2024-11-02 14:00:00,23.7,94,0.2,1003.0,5.5,13.3,69,46,14,2,11,5,307,23.7,0.4,26.5,0.1,26.6,3.6,24.4,0.0,25.1,0.0,25.58333333333333,4.699999999999998,26.91666666666666,8.700000000000001,25.258333333333336,15.799999999999995,0.0,-0.2,Tiruchirappalli,26.6,0.0
2024-11-02 15:00:00,23.4,96,0.0,1004.1,5.1,7.8,67,45,15,2,11,5,307,23.7,0.2,26.5,0.0,25.9,3.9,26.1,0.1,24.9,0.0,25.166666666666668,0.7999999999999983,26.691666666666663,8.600000000000001,25.195833333333336,15.799999999999995,-0.3000000000000007,-0.2,Tiruchirappalli,26.1,0.0
2024-11-02 16:00:00,23.2,97,0.0,1004.3,4.4,7.8,56,38,16,2,11,5,307,23.4,0.0,23.7,0.4,27.2,0.1,27.4,0.1,24.8,0.0,24.5,0.6999999999999983,26.341666666666665,8.500000000000002,25.129166666666663,15.799999999999995,-0.1999999999999993,0.0,Tiruchirappalli,25.8,0.0
2024-11-02 17:00:00,23.2,96,0.0,1004.1,3.9,5.4,48,28,17,2,11,5,307,23.2,0.0,23.7,0.2,26.5,0.1,28.9,0.1,24.0,1.1,23.95,0.5999999999999983,25.866666666666664,8.4,25.09583333333333,14.699999999999998,0.0,0.0,Tiruchirappalli,25.6,0.0
2024-11-02 18:00:00,22.9,98,0.0,1004.0,4.9,7.0,12,350,18,2,11,5,307,23.2,0.0,23.4,0.0,26.5,0.0,30.0,0.1,23.1,3.1,23.35,0.5999999999999983,25.275,8.3,25.0875,11.599999999999998,-0.3000000000000007,0.0,Tiruchirappalli,25.3,0.0
2024-11-02 19:00:00,22.8,98,0.0,1003.6,3.2,6.6,351,317,19,2,11,5,307,22.9,0.0,23.2,0.0,23.7,0.4,30.5,0.0,23.1,2.5,23.2,0.1999999999999982,24.63333333333333,8.3,25.075000000000003,9.099999999999998,-0.0999999999999978,0.0,Tiruchirappalli,25.2,0.0
2024-11-02 20:00:00,23.1,98,0.0,1002.5,3.6,8.3,336,319,20,2,11,5,307,22.8,0.0,23.2,0.0,23.7,0.2,26.6,3.6,22.9,0.2,23.1,0.0,24.34166666666667,4.700000000000002,25.08333333333333,8.899999999999999,0.3000000000000007,0.0,Tiruchirappalli,25.1,0.0
2024-11-02 21:00:00,23.1,98,0.0,1001.9,3.2,8.2,351,341,21,2,11,5,307,23.1,0.0,22.9,0.0,23.4,0.0,25.9,3.9,23.1,0.2,23.05,0.0,24.10833333333333,0.8000000000000018,25.08333333333333,8.699999999999998,0.0,0.0,Tiruchirappalli,24.9,0.0
2024-11-02 22:00:00,23.3,98,0.0,1001.4,3.1,7.6,356,350,22,2,11,5,307,23.1,0.0,22.8,0.0,23.2,0.0,27.2,0.1,23.0,0.0,23.066666666666663,0.0,23.78333333333333,0.7000000000000018,25.09583333333333,8.699999999999998,0.1999999999999993,0.0,Tiruchirappalli,24.7,0.1
2024-11-02 23:00:00,23.2,98,0.0,1001.2,1.3,3.7,349,315,23,2,11,5,307,23.3,0.0,23.1,0.0,23.2,0.0,26.5,0.1,23.2,0.0,23.066666666666663,0.0,23.508333333333336,0.6000000000000019,25.09583333333333,8.699999999999998,-0.1000000000000014,0.0,Tiruchirappalli,24.6,0.0
2024-11-03 00:00:00,23.3,98,0.0,1001.6,1.3,3.6,342,315,0,3,11,6,308,23.2,0.0,23.1,0.0,22.9,0.0,26.5,0.0,23.2,0.0,23.133333333333336,0.0,23.241666666666664,0.6000000000000019,25.100000000000005,8.699999999999998,0.1000000000000014,0.0,Tiruchirappalli,24.4,0.0
2024-11-03 01:00:00,23.5,92,0.0,1002.2,5.4,9.4,23,20,1,3,11,6,308,23.3,0.0,23.3,0.0,22.8,0.0,23.7,0.4,23.5,0.0,23.25,0.0,23.225,0.2000000000000018,25.100000000000005,8.699999999999998,0.1999999999999993,0.0,Tiruchirappalli,24.1,0.8
2024-11-03 02:00:00,24.5,88,0.0,1003.1,4.5,6.6,29,29,2,3,11,6,308,23.5,0.0,23.2,0.0,23.1,0.0,23.7,0.2,24.4,0.0,23.48333333333333,0.0,23.291666666666668,0.0,25.104166666666668,8.699999999999998,1.0,0.0,Tiruchirappalli,25.2,0.1
2024-11-03 03:00:00,26.2,81,0.0,1004.1,4.6,6.1,43,45,3,3,11,6,308,24.5,0.0,23.3,0.0,23.1,0.0,23.4,0.0,26.1,0.1,24.0,0.0,23.525,0.0,25.10833333333333,8.599999999999998,1.6999999999999993,0.0,Tiruchirappalli,26.8,0.1
2024-11-03 04:00:00,27.9,73,0.0,1004.5,7.4,9.6,50,51,4,3,11,6,308,26.2,0.0,23.5,0.0,23.3,0.0,23.2,0.0,27.4,0.1,24.766666666666666,0.0,23.916666666666668,0.0,25.129166666666663,8.499999999999998,1.6999999999999993,0.0,Tiruchirappalli,28.0,0.1
2024-11-03 05:00:00,29.1,67,0.2,1004.0,8.7,11.1,67,68,5,3,11,6,308,27.9,0.0,24.5,0.0,23.2,0.0,23.2,0.0,28.9,0.1,25.75,0.1999999999999982,24.40833333333333,0.2000000000000018,25.1375,8.6,1.2000000000000028,0.2,Tiruchirappalli,29.2,0.1
2024-11-03 06:00:00,30.2,63,0.1,1002.7,7.7,10.1,71,72,6,3,11,6,308,29.1,0.2,26.2,0.0,23.3,0.0,22.9,0.0,30.0,0.1,26.9,0.2999999999999982,25.016666666666666,0.3000000000000018,25.14583333333333,8.599999999999998,1.099999999999998,-0.1,Tiruchirappalli,30.3,0.1
2024-11-03 07:00:00,30.3,65,0.2,1001.8,9.5,12.6,92,92,7,3,11,6,308,30.2,0.1,27.9,0.0,23.5,0.0,22.8,0.0,30.5,0.0,28.03333333333333,0.4999999999999982,25.641666666666666,0.5000000000000018,25.1375,8.799999999999997,0.1000000000000014,0.1,Tiruchirappalli,31.1,0.1
2024-11-03 08:00:00,30.6,64,0.0,1000.6,6.5,8.6,92,92,8,3,11,6,308,30.3,0.2,29.1,0.2,24.5,0.0,23.1,0.0,26.6,3.6,29.05,0.4999999999999982,26.26666666666667,0.5000000000000018,25.304166666666664,5.199999999999998,0.3000000000000007,-0.2,Tiruchirappalli,31.3,0.0
2024-11-03 09:00:00,27.7,74,0.7,1000.2,17.1,22.4,125,125,9,3,11,6,308,30.6,0.0,30.2,0.1,26.2,0.0,23.1,0.0,25.9,3.9,29.3,1.1999999999999982,26.65,1.2000000000000015,25.379166666666663,1.9999999999999984,-2.900000000000002,0.7,Tiruchirappalli,31.4,0.0
2024-11-03 10:00:00,27.0,80,1.3,999.8,5.3,7.2,127,128,10,3,11,6,308,27.7,0.7,30.3,0.2,27.9,0.0,23.3,0.0,27.2,0.1,29.15,2.4999999999999982,26.95833333333333,2.5000000000000018,25.370833333333337,3.1999999999999984,-0.6999999999999993,0.6000000000000001,Tiruchirappalli,30.9,0.0
2024-11-03 11:00:00,27.6,77,0.1,1000.3,7.0,9.6,116,116,11,3,11,6,308,27.0,1.3,30.6,0.0,29.1,0.2,23.2,0.0,26.5,0.1,28.9,2.399999999999998,27.325000000000003,2.600000000000002,25.416666666666668,3.199999999999998,0.6000000000000014,-1.2,Tiruchirappalli,30.4,0.0
2024-11-03 12:00:00,26.4,81,0.5,1001.2,7.0,10.7,107,108,12,3,11,6,308,27.6,0.1,27.7,0.7,30.2,0.1,23.3,0.0,26.5,0.0,28.266666666666666,2.7999999999999985,27.58333333333333,3.100000000000002,25.412500000000005,3.699999999999998,-1.2000000000000028,0.4,Tiruchirappalli,29.1,0.0
2024-11-03 13:00:00,25.8,83,0.0,1001.6,6.3,14.0,83,77,13,3,11,6,308,26.4,0.5,27.0,1.3,30.3,0.2,23.5,0.0,23.7,0.4,27.51666666666667,2.5999999999999983,27.775,3.100000000000002,25.5,3.299999999999998,-0.5999999999999979,-0.5,Tiruchirappalli,27.5,0.0
2024-11-03 14:00:00,25.0,88,0.1,1002.8,4.3,5.2,20,336,14,3,11,6,308,25.8,0.0,27.6,0.1,30.6,0.0,24.5,0.0,23.7,0.2,26.58333333333333,2.6999999999999984,27.816666666666663,3.200000000000002,25.554166666666664,3.199999999999998,-0.8000000000000007,0.1,Tiruchirappalli,26.8,0.0
2024-11-03 15:00:00,24.6,92,0.0,1003.3,2.2,3.5,66,318,15,3,11,6,308,25.0,0.1,26.4,0.5,27.7,0.7,26.2,0.0,23.4,0.0,26.066666666666663,1.9999999999999984,27.683333333333334,3.200000000000002,25.604166666666668,3.1999999999999984,-0.3999999999999986,-0.1,Tiruchirappalli,26.4,0.0
2024-11-03 16:00:00,24.3,94,0.0,1004.0,2.8,4.3,57,345,16,3,11,6,308,24.6,0.0,25.8,0.0,27.0,1.3,27.9,0.0,23.2,0.0,25.616666666666664,0.6999999999999982,27.38333333333333,3.200000000000002,25.65,3.1999999999999984,-0.3000000000000007,0.0,Tiruchirappalli,25.9,0.0
2024-11-03 17:00:00,23.7,98,0.0,1003.8,3.8,6.3,31,355,17,3,11,6,308,24.3,0.0,25.0,0.1,27.6,0.1,29.1,0.2,23.2,0.0,24.96666666666667,0.5999999999999982,26.933333333333334,3.0000000000000018,25.67083333333333,3.1999999999999984,-0.6000000000000014,0.0,Tiruchirappalli,25.4,0.0
2024-11-03 18:00:00,23.4,97,0.3,1003.8,5.4,8.2,26,15,18,3,11,6,308,23.7,0.0,24.6,0.0,26.4,0.5,30.2,0.1,22.9,0.0,24.46666666666667,0.3999999999999982,26.36666666666667,3.200000000000002,25.691666666666663,3.4999999999999982,-0.3000000000000007,0.3,Tiruchirappalli,24.9,0.0
2024-11-03 19:00:00,23.0,97,4.0,1003.5,8.4,14.2,66,75,19,3,11,6,308,23.4,0.3,24.3,0.0,25.8,0.0,30.3,0.2,22.8,0.0,24.0,4.399999999999999,25.758333333333336,7.000000000000002,25.7,7.499999999999998,-0.3999999999999986,3.7,Tiruchirappalli,24.7,0.0
2024-11-03 20:00:00,22.9,98,0.4,1002.5,5.9,9.8,35,43,20,3,11,6,308,23.0,4.0,23.7,0.0,25.0,0.1,30.6,0.0,23.1,0.0,23.65,4.699999999999999,25.116666666666664,7.400000000000002,25.691666666666663,7.899999999999999,-0.1000000000000014,-3.6,Tiruchirappalli,24.6,0.0
2024-11-03 21:00:00,22.6,97,0.1,1001.7,5.9,12.8,31,23,21,3,11,6,308,22.9,0.4,23.4,0.3,24.6,0.0,27.7,0.7,23.1,0.0,23.316666666666663,4.799999999999999,24.691666666666663,6.800000000000002,25.67083333333333,7.999999999999998,-0.2999999999999971,-0.3,Tiruchirappalli,24.2,0.0
2024-11-03 22:00:00,22.3,98,0.0,1001.5,4.8,8.1,37,53,22,3,11,6,308,22.6,0.1,23.0,4.0,24.3,0.0,27.0,1.3,23.3,0.0,22.98333333333333,4.799999999999999,24.3,5.500000000000002,25.629166666666663,7.999999999999998,-0.3000000000000007,-0.1,Tiruchirappalli,23.6,0.0
2024-11-03 23:00:00,22.3,98,0.0,1001.3,2.0,3.8,3,275,23,3,11,6,308,22.3,0.0,22.9,0.4,23.7,0.0,27.6,0.1,23.2,0.0,22.75,4.799999999999999,23.85833333333333,5.400000000000002,25.59166666666667,7.999999999999998,0.0,0.0,Tiruchirappalli,23.5,0.0
2024-11-04 00:00:00,22.0,98,0.0,1001.8,4.5,7.3,30,5,0,4,11,0,309,22.3,0.0,22.6,0.1,23.4,0.3,26.4,0.5,23.3,0.0,22.516666666666666,4.499999999999998,23.491666666666664,4.900000000000002,25.5375,7.999999999999998,-0.3000000000000007,0.0,Tiruchirappalli,23.4,0.0
2024-11-04 01:00:00,23.8,92,0.1,1002.6,9.9,14.7,23,22,1,4,11,0,309,22.0,0.0,22.3,0.0,23.0,4.0,25.8,0.0,23.5,0.0,22.65,0.5999999999999988,23.325,5.000000000000002,25.55,8.099999999999998,1.8000000000000007,0.1,Tiruchirappalli,24.3,0.0
2024-11-04 02:00:00,24.2,89,0.0,1003.1,4.6,6.5,14,13,2,4,11,0,309,23.8,0.1,22.3,0.0,22.9,0.4,25.0,0.1,24.5,0.0,22.866666666666664,0.1999999999999986,23.25833333333333,4.900000000000001,25.5375,8.099999999999998,0.3999999999999986,-0.1,Tiruchirappalli,26.2,0.0
2024-11-04 03:00:00,26.0,82,0.0,1003.5,2.7,3.9,13,8,3,4,11,0,309,24.2,0.0,22.0,0.0,22.6,0.1,24.6,0.0,26.2,0.0,23.433333333333334,0.0999999999999986,23.375,4.900000000000001,25.52916666666667,8.099999999999998,1.8000000000000007,0.0,Tiruchirappalli,27.7,0.0
2024-11-04 04:00:00,27.2,78,0.3,1003.7,6.8,8.7,40,40,4,4,11,0,309,26.0,0.0,23.8,0.1,22.3,0.0,24.3,0.0,27.9,0.0,24.25,0.3999999999999987,23.616666666666664,5.200000000000002,25.5,8.399999999999999,1.1999999999999993,0.3,Tiruchirappalli,29.1,0.0
2024-11-04 05:00:00,28.8,73,0.1,1003.2,6.9,8.9,43,43,5,4,11,0,309,27.2,0.3,24.2,0.0,22.3,0.0,23.7,0.0,29.1,0.2,25.33333333333333,0.4999999999999986,24.041666666666668,5.300000000000002,25.4875,8.299999999999997,1.6000000000000014,-0.1999999999999999,Tiruchirappalli,30.2,0.0
2024-11-04 06:00:00,29.7,68,0.0,1002.1,8.3,10.6,44,44,6,4,11,0,309,28.8,0.1,26.0,0.0,22.0,0.0,23.4,0.3,30.2,0.1,26.616666666666664,0.4999999999999986,24.566666666666663,5.000000000000002,25.466666666666665,8.199999999999998,0.8999999999999986,-0.1,Tiruchirappalli,30.9,0.0
2024-11-04 07:00:00,30.0,66,0.1,1000.9,11.3,14.7,54,57,7,4,11,0,309,29.7,0.0,27.2,0.3,23.8,0.1,23.0,4.0,30.3,0.2,27.65,0.4999999999999986,25.15,1.100000000000002,25.454166666666666,8.099999999999998,0.3000000000000007,0.1,Tiruchirappalli,31.8,0.0
2024-11-04 08:00:00,27.8,75,1.7,999.9,9.1,11.6,133,139,8,4,11,0,309,30.0,0.1,28.8,0.1,24.2,0.0,22.9,0.4,30.6,0.0,28.25,2.1999999999999984,25.558333333333334,2.4000000000000017,25.3375,9.8,-2.2,1.6,Tiruchirappalli,31.9,0.0
2024-11-04 09:00:00,29.3,70,0.0,998.9,5.4,7.2,65,64,9,4,11,0,309,27.8,1.7,29.7,0.0,26.0,0.0,22.6,0.1,27.7,0.7,28.8,2.1999999999999984,26.11666666666667,2.3000000000000016,25.404166666666665,9.099999999999998,1.5,-1.7,Tiruchirappalli,31.5,0.1
2024-11-04 10:00:00,29.5,69,0.1,998.6,6.9,8.5,83,84,10,4,11,0,309,29.3,0.0,30.0,0.1,27.2,0.3,22.3,0.0,27.0,1.3,29.183333333333334,1.999999999999999,26.71666666666667,2.4000000000000017,25.50833333333333,7.899999999999999,0.1999999999999993,0.1,Tiruchirappalli,30.5,0.1
2024-11-04 11:00:00,27.5,74,0.2,999.3,11.2,15.9,94,93,11,4,11,0,309,29.5,0.1,27.8,1.7,28.8,0.1,22.3,0.0,27.6,0.1,28.966666666666665,2.0999999999999983,27.15,2.600000000000002,25.504166666666663,7.999999999999997,-2.0,0.1,Tiruchirappalli,30.0,0.0
2024-11-04 12:00:00,26.7,79,0.0,1000.2,4.6,10.3,89,99,12,4,11,0,309,27.5,0.2,29.3,0.0,29.7,0.0,22.0,0.0,26.4,0.5,28.46666666666667,2.0999999999999983,27.541666666666668,2.600000000000002,25.516666666666666,7.499999999999997,-0.8000000000000007,-0.2,Tiruchirappalli,28.6,0.0
2024-11-04 13:00:00,25.9,81,0.1,1000.8,10.6,17.7,152,157,13,4,11,0,309,26.7,0.0,29.5,0.1,30.0,0.1,23.8,0.1,25.8,0.0,27.78333333333333,2.0999999999999988,27.716666666666665,2.600000000000002,25.52083333333333,7.599999999999998,-0.8000000000000007,0.1,Tiruchirappalli,27.4,0.0
2024-11-04 14:00:00,24.7,84,0.1,1002.0,5.0,10.7,163,180,14,4,11,0,309,25.9,0.1,27.5,0.2,27.8,1.7,24.2,0.0,25.0,0.1,27.266666666666666,0.4999999999999986,27.75833333333333,2.700000000000002,25.508333333333336,7.599999999999998,-1.1999999999999993,0.0,Tiruchirappalli,26.6,0.0
2024-11-04 15:00:00,24.5,85,0.0,1002.7,6.6,13.0,142,151,15,4,11,0,309,24.7,0.1,26.7,0.0,29.3,0.0,26.0,0.0,24.6,0.0,26.46666666666667,0.4999999999999986,27.63333333333333,2.700000000000002,25.504166666666663,7.599999999999998,-0.1999999999999993,-0.1,Tiruchirappalli,25.6,0.0
2024-11-04 16:00:00,24.0,88,0.0,1003.3,3.2,8.9,122,146,16,4,11,0,309,24.5,0.0,25.9,0.1,29.5,0.1,27.2,0.3,24.3,0.0,25.55,0.3999999999999987,27.366666666666664,2.400000000000002,25.49166666666667,7.599999999999998,-0.5,0.0,Tiruchirappalli,25.0,0.0
2024-11-04 17:00:00,24.1,86,0.0,1003.1,1.0,3.8,79,329,17,4,11,0,309,24.0,0.0,24.7,0.1,27.5,0.2,28.8,0.1,23.7,0.0,24.98333333333333,0.1999999999999986,26.975,2.300000000000002,25.50833333333333,7.599999999999998,0.1000000000000014,0.0,Tiruchirappalli,24.3,0.0
2024-11-04 18:00:00,23.2,94,0.0,1003.0,3.5,7.1,353,336,18,4,11,0,309,24.1,0.0,24.5,0.0,26.7,0.0,29.7,0.0,23.4,0.3,24.4,0.1999999999999986,26.433333333333334,2.300000000000002,25.5,7.299999999999998,-0.9000000000000021,0.0,Tiruchirappalli,23.9,0.0
2024-11-04 19:00:00,22.7,98,0.0,1002.4,5.1,8.9,354,328,19,4,11,0,309,23.2,0.0,24.0,0.0,25.9,0.1,30.0,0.1,23.0,4.0,23.866666666666664,0.0999999999999986,25.825,2.200000000000002,25.4875,3.2999999999999985,-0.5,0.0,Tiruchirappalli,24.0,0.0
2024-11-04 20:00:00,22.8,98,0.0,1001.9,4.0,8.5,355,309,20,4,11,0,309,22.7,0.0,24.1,0.0,24.7,0.1,27.8,1.7,22.9,0.4,23.55,0.0,25.40833333333333,0.500000000000002,25.48333333333333,2.8999999999999986,0.1000000000000014,0.0,Tiruchirappalli,24.0,0.0
2024-11-04 21:00:00,23.0,97,0.0,1001.4,4.0,7.7,12,309,21,4,11,0,309,22.8,0.0,23.2,0.0,24.5,0.0,29.3,0.0,22.6,0.1,23.3,0.0,24.88333333333333,0.500000000000002,25.5,2.7999999999999985,0.1999999999999993,0.0,Tiruchirappalli,24.0,0.0
2024-11-04 22:00:00,22.8,97,0.0,1001.0,4.8,8.3,2,318,22,4,11,0,309,23.0,0.0,22.7,0.0,24.0,0.0,29.5,0.1,22.3,0.0,23.1,0.0,24.325,0.400000000000002,25.52083333333333,2.7999999999999985,-0.1999999999999993,0.0,Tiruchirappalli,23.6,0.0
2024-11-04 23:00:00,22.8,98,0.0,1001.0,3.9,9.7,345,317,23,4,11,0,309,22.8,0.0,22.8,0.0,24.1,0.0,27.5,0.2,22.3,0.0,22.883333333333336,0.0,23.933333333333334,0.200000000000002,25.541666666666668,2.7999999999999985,0.0,0.0,Tiruchirappalli,22.9,0.0
2024-11-05 00:00:00,23.2,97,0.0,1001.6,3.3,8.6,331,299,0,5,11,1,310,22.8,0.0,23.0,0.0,23.2,0.0,26.7,0.0,22.0,0.0,22.883333333333336,0.0,23.641666666666666,0.200000000000002,25.591666666666665,2.7999999999999985,0.3999999999999986,0.0,Tiruchirappalli,22.7,0.0
2024-11-05 01:00:00,23.2,95,0.0,1002.8,5.5,9.9,315,283,1,5,11,1,310,23.2,0.0,22.8,0.0,22.7,0.0,25.9,0.1,23.8,0.1,22.96666666666667,0.0,23.416666666666668,0.100000000000002,25.566666666666663,2.6999999999999984,0.0,0.0,Tiruchirappalli,23.8,0.0
2024-11-05 02:00:00,24.7,89,0.0,1003.6,5.1,7.9,297,288,2,5,11,1,310,23.2,0.0,22.8,0.0,22.8,0.0,24.7,0.1,24.2,0.0,23.28333333333333,0.0,23.416666666666668,0.0,25.5875,2.6999999999999984,1.5,0.0,Tiruchirappalli,25.4,0.0
2024-11-05 03:00:00,26.5,81,0.0,1004.1,6.1,8.2,331,328,3,5,11,1,310,24.7,0.0,23.2,0.0,23.0,0.0,24.5,0.0,26.0,0.0,23.866666666666664,0.0,23.58333333333333,0.0,25.60833333333333,2.6999999999999984,1.8000000000000007,0.0,Tiruchirappalli,27.5,0.0
2024-11-05 04:00:00,28.0,69,0.1,1004.2,7.9,10.5,5,4,4,5,11,1,310,26.5,0.0,23.2,0.0,22.8,0.0,24.0,0.0,27.2,0.3,24.73333333333333,0.0999999999999986,23.916666666666668,0.100000000000002,25.64166666666667,2.4999999999999982,1.5,0.1,Tiruchirappalli,29.3,0.0
2024-11-05 05:00:00,29.4,60,0.0,1003.8,8.8,11.5,17,15,5,5,11,1,310,28.0,0.1,24.7,0.0,22.8,0.0,24.1,0.0,28.8,0.1,25.83333333333333,0.0999999999999986,24.35833333333333,0.100000000000002,25.666666666666668,2.399999999999998,1.3999999999999986,-0.1,Tiruchirappalli,30.6,0.0
2024-11-05 06:00:00,30.5,55,0.1,1002.7,9.9,12.9,25,25,6,5,11,1,310,29.4,0.0,26.5,0.0,23.2,0.0,23.2,0.0,29.7,0.0,27.05,0.1999999999999986,24.96666666666667,0.200000000000002,25.700000000000003,2.4999999999999982,1.1000000000000014,0.1,Tiruchirappalli,31.3,0.0
2024-11-05 07:00:00,30.9,53,0.2,1001.3,11.6,15.1,29,30,7,5,11,1,310,30.5,0.1,28.0,0.1,23.2,0.0,22.7,0.0,30.0,0.1,28.33333333333333,0.3999999999999987,25.65,0.400000000000002,25.7375,2.5999999999999983,0.3999999999999986,0.1,Tiruchirappalli,32.1,0.0
2024-11-05 08:00:00,31.1,52,0.4,1000.2,12.9,17.1,37,37,8,5,11,1,310,30.9,0.2,29.4,0.0,24.7,0.0,22.8,0.0,27.8,1.7,29.4,0.7999999999999987,26.34166666666667,0.800000000000002,25.875,1.2999999999999985,0.2000000000000028,0.2,Tiruchirappalli,32.0,0.0
2024-11-05 09:00:00,30.6,56,0.4,999.3,12.2,16.6,43,44,9,5,11,1,310,31.1,0.4,30.5,0.1,26.5,0.0,23.0,0.0,29.3,0.0,30.08333333333333,1.1999999999999988,26.975,1.200000000000002,25.92916666666667,1.6999999999999984,-0.5,0.0,Tiruchirappalli,31.9,0.0
2024-11-05 10:00:00,30.3,55,0.0,999.3,10.8,14.5,55,57,10,5,11,1,310,30.6,0.4,30.9,0.2,28.0,0.1,22.8,0.0,29.5,0.1,30.46666666666667,1.0999999999999988,27.6,1.200000000000002,25.9625,1.5999999999999983,-0.3000000000000007,-0.4,Tiruchirappalli,31.6,0.0
2024-11-05 11:00:00,29.5,60,0.0,999.5,10.2,14.5,71,73,11,5,11,1,310,30.3,0.0,31.1,0.4,29.4,0.0,22.8,0.0,27.5,0.2,30.48333333333333,1.0999999999999988,28.15833333333333,1.200000000000002,26.04583333333333,1.399999999999998,-0.8000000000000007,0.0,Tiruchirappalli,30.6,0.0
2024-11-05 12:00:00,28.2,69,0.0,1000.2,4.3,10.7,81,92,12,5,11,1,310,29.5,0.0,30.6,0.4,30.5,0.1,23.2,0.0,26.7,0.0,30.1,0.9999999999999988,28.575,1.200000000000002,26.10833333333333,1.399999999999998,-1.3000000000000007,0.0,Tiruchirappalli,28.9,0.0
2024-11-05 13:00:00,26.2,81,0.0,1001.2,6.6,9.6,82,74,13,5,11,1,310,28.2,0.0,30.3,0.0,30.9,0.2,23.2,0.0,25.9,0.1,29.316666666666663,0.7999999999999987,28.825000000000003,1.200000000000002,26.120833333333334,1.299999999999998,-2.0,0.0,Tiruchirappalli,26.9,0.0
2024-11-05 14:00:00,25.0,84,0.6,1002.8,7.7,8.8,349,307,14,5,11,1,310,26.2,0.0,29.5,0.0,31.1,0.4,24.7,0.0,24.7,0.1,28.3,0.9999999999999988,28.850000000000005,1.800000000000002,26.13333333333333,1.7999999999999985,-1.1999999999999993,0.6,Tiruchirappalli,26.1,0.0
2024-11-05 15:00:00,24.7,91,0.1,1003.1,4.4,9.4,97,145,15,5,11,1,310,25.0,0.6,28.2,0.0,30.6,0.4,26.5,0.0,24.5,0.0,27.316666666666663,0.6999999999999986,28.700000000000003,1.900000000000002,26.141666666666666,1.8999999999999984,-0.3000000000000007,-0.5,Tiruchirappalli,25.6,0.0
2024-11-05 16:00:00,24.0,95,0.0,1003.3,5.1,10.3,83,122,16,5,11,1,310,24.7,0.1,26.2,0.0,30.3,0.0,28.0,0.1,24.0,0.0,26.26666666666667,0.6999999999999986,28.36666666666667,1.800000000000002,26.141666666666666,1.8999999999999984,-0.6999999999999993,-0.1,Tiruchirappalli,25.2,0.0
2024-11-05 17:00:00,24.7,88,0.0,1003.2,4.9,9.1,68,73,17,5,11,1,310,24.0,0.0,25.0,0.6,29.5,0.0,29.4,0.0,24.1,0.0,25.46666666666667,0.6999999999999986,27.975,1.800000000000002,26.166666666666668,1.8999999999999984,0.6999999999999993,0.0,Tiruchirappalli,24.9,0.0
2024-11-05 18:00:00,24.7,87,0.0,1003.0,3.8,6.9,59,25,18,5,11,1,310,24.7,0.0,24.7,0.1,28.2,0.0,30.5,0.1,23.2,0.0,24.88333333333333,0.6999999999999986,27.491666666666664,1.7000000000000022,26.229166666666668,1.8999999999999984,0.0,0.0,Tiruchirappalli,24.4,0.0
2024-11-05 19:00:00,23.7,91,0.0,1002.6,4.5,6.8,40,5,19,5,11,1,310,24.7,0.0,24.0,0.0,26.2,0.0,30.9,0.2,22.7,0.0,24.46666666666667,0.6999999999999986,26.891666666666666,1.5000000000000022,26.27083333333333,1.8999999999999984,-1.0,0.0,Tiruchirappalli,24.1,0.0
2024-11-05 20:00:00,23.2,93,0.0,1001.9,5.2,7.7,24,354,20,5,11,1,310,23.7,0.0,24.7,0.0,25.0,0.6,31.1,0.4,22.8,0.0,24.166666666666668,0.0999999999999986,26.23333333333333,1.100000000000002,26.2875,1.8999999999999984,-0.5,0.0,Tiruchirappalli,24.1,0.0
2024-11-05 21:00:00,22.8,94,0.0,1001.3,6.5,10.4,23,8,21,5,11,1,310,23.2,0.0,24.7,0.0,24.7,0.1,30.6,0.4,23.0,0.0,23.85,0.0,25.58333333333333,0.700000000000002,26.27916666666667,1.8999999999999984,-0.3999999999999986,0.0,Tiruchirappalli,24.1,0.0
2024-11-05 22:00:00,22.3,95,0.0,1000.8,8.4,13.7,30,35,22,5,11,1,310,22.8,0.0,23.7,0.0,24.0,0.0,30.3,0.0,22.8,0.0,23.566666666666663,0.0,24.916666666666668,0.700000000000002,26.258333333333336,1.8999999999999984,-0.5,0.0,Tiruchirappalli,23.5,0.0
2024-11-05 23:00:00,22.1,95,0.0,1000.9,7.6,13.0,19,18,23,5,11,1,310,22.3,0.0,23.2,0.0,24.7,0.0,29.5,0.0,22.8,0.0,23.133333333333336,0.0,24.3,0.700000000000002,26.229166666666668,1.8999999999999984,-0.1999999999999993,0.0,Tiruchirappalli,23.2,0.0
2024-11-06 00:00:00,21.7,96,0.0,1001.3,6.2,10.4,328,314,0,6,11,2,311,22.1,0.0,22.8,0.0,24.7,0.0,28.2,0.0,23.2,0.0,22.633333333333336,0.0,23.758333333333336,0.700000000000002,26.166666666666668,1.8999999999999984,-0.4000000000000021,0.0,Tiruchirappalli,22.9,0.0
2024-11-06 01:00:00,23.4,90,0.0,1002.4,6.4,12.9,307,295,1,6,11,2,311,21.7,0.0,22.3,0.0,23.7,0.0,26.2,0.0,23.2,0.0,22.58333333333333,0.0,23.524999999999995,0.700000000000002,26.175,1.8999999999999984,1.6999999999999993,0.0,Tiruchirappalli,25.5,0.0
2024-11-06 02:00:00,25.1,87,0.0,1003.3,7.7,15.0,283,281,2,6,11,2,311,23.4,0.0,22.1,0.0,23.2,0.0,25.0,0.6,24.7,0.0,22.9,0.0,23.53333333333333,0.100000000000002,26.191666666666663,1.8999999999999984,1.7000000000000028,0.0,Tiruchirappalli,26.0,0.0
2024-11-06 03:00:00,27.3,77,0.0,1003.7,8.6,11.9,288,286,3,6,11,2,311,25.1,0.0,21.7,0.0,22.8,0.0,24.7,0.1,26.5,0.0,23.65,0.0,23.75,0.0,26.225,1.8999999999999984,2.2,0.0,Tiruchirappalli,27.5,0.0
2024-11-06 04:00:00,29.2,65,0.0,1004.1,7.3,9.6,317,318,4,6,11,2,311,27.3,0.0,23.4,0.0,22.3,0.0,24.0,0.0,28.0,0.1,24.8,0.0,24.183333333333334,0.0,26.274999999999995,1.7999999999999985,1.8999999999999984,0.0,Tiruchirappalli,29.0,0.0
2024-11-06 05:00:00,30.5,55,0.0,1003.7,8.0,10.5,353,354,5,6,11,2,311,29.2,0.0,25.1,0.0,22.1,0.0,24.7,0.0,29.4,0.0,26.2,0.0,24.666666666666668,0.0,26.32083333333333,1.7999999999999985,1.3000000000000007,0.0,Tiruchirappalli,30.4,0.0
2024-11-06 06:00:00,31.3,53,0.0,1002.6,9.3,12.0,9,9,6,6,11,2,311,30.5,0.0,27.3,0.0,21.7,0.0,24.7,0.0,30.5,0.1,27.8,0.0,25.21666666666667,0.0,26.354166666666668,1.6999999999999984,0.8000000000000007,0.0,Tiruchirappalli,31.2,0.0
2024-11-06 07:00:00,31.9,48,0.0,1001.3,8.3,10.8,11,13,7,6,11,2,311,31.3,0.0,29.2,0.0,23.4,0.0,23.7,0.0,30.9,0.2,29.21666666666667,0.0,25.9,0.0,26.39583333333333,1.4999999999999982,0.5999999999999979,0.0,Tiruchirappalli,32.1,0.0
2024-11-06 08:00:00,32.3,45,0.0,1000.3,7.6,9.7,28,31,8,6,11,2,311,31.9,0.0,30.5,0.0,25.1,0.0,23.2,0.0,31.1,0.4,30.416666666666668,0.0,26.65833333333333,0.0,26.44583333333333,1.0999999999999983,0.3999999999999986,0.0,Tiruchirappalli,32.8,0.0
2024-11-06 09:00:00,32.3,44,0.0,999.4,8.7,11.1,37,42,9,6,11,2,311,32.3,0.0,31.3,0.0,27.3,0.0,22.8,0.0,30.6,0.4,31.25,0.0,27.450000000000003,0.0,26.516666666666666,0.6999999999999982,0.0,0.0,Tiruchirappalli,33.2,0.0
2024-11-06 10:00:00,32.0,45,0.0,999.1,10.3,13.6,30,33,10,6,11,2,311,32.3,0.0,31.9,0.0,29.2,0.0,22.3,0.0,30.3,0.0,31.71666666666667,0.0,28.258333333333336,0.0,26.5875,0.6999999999999982,-0.2999999999999971,0.0,Tiruchirappalli,32.8,0.0
2024-11-06 11:00:00,31.1,50,0.0,999.6,11.1,18.2,32,30,11,6,11,2,311,32.0,0.0,32.3,0.0,30.5,0.0,22.1,0.0,29.5,0.0,31.816666666666663,0.0,29.00833333333333,0.0,26.65416666666667,0.6999999999999982,-0.8999999999999986,0.0,Tiruchirappalli,31.6,0.1
2024-11-06 12:00:00,29.0,59,0.0,999.8,6.4,16.7,32,32,12,6,11,2,311,31.1,0.0,32.3,0.0,31.3,0.0,21.7,0.0,28.2,0.0,31.433333333333334,0.0,29.616666666666664,0.0,26.6875,0.6999999999999982,-2.1000000000000014,0.0,Tiruchirappalli,29.8,0.0
2024-11-06 13:00:00,28.0,62,0.0,1000.3,10.9,23.8,44,44,13,6,11,2,311,29.0,0.0,32.0,0.0,31.9,0.0,23.4,0.0,26.2,0.0,30.78333333333333,0.0,30.0,0.0,26.762500000000003,0.6999999999999982,-1.0,0.0,Tiruchirappalli,28.5,0.0
2024-11-06 14:00:00,26.9,73,0.0,1001.3,17.2,29.6,40,41,14,6,11,2,311,28.0,0.0,31.1,0.0,32.3,0.0,25.1,0.0,25.0,0.6,29.88333333333333,0.0,30.15,0.0,26.84166666666667,0.0999999999999982,-1.1000000000000014,0.0,Tiruchirappalli,27.7,0.0
2024-11-06 15:00:00,26.1,77,0.0,1002.1,15.0,27.1,40,42,15,6,11,2,311,26.9,0.0,29.0,0.0,32.3,0.0,27.3,0.0,24.7,0.1,28.85,0.0,30.05,0.0,26.9,0.0,-0.7999999999999972,0.0,Tiruchirappalli,27.0,0.0
2024-11-06 16:00:00,25.7,80,0.0,1002.4,14.8,26.8,36,40,16,6,11,2,311,26.1,0.0,28.0,0.0,32.0,0.0,29.2,0.0,24.0,0.0,27.8,0.0,29.758333333333336,0.0,26.97083333333333,0.0,-0.4000000000000021,0.0,Tiruchirappalli,26.4,0.0
2024-11-06 17:00:00,25.6,81,0.0,1002.5,13.2,24.3,35,40,17,6,11,2,311,25.7,0.0,26.9,0.0,31.1,0.0,30.5,0.0,24.7,0.0,26.883333333333336,0.0,29.35,0.0,27.008333333333336,0.0,-0.0999999999999978,0.0,Tiruchirappalli,26.1,0.0
2024-11-06 18:00:00,25.3,81,0.0,1002.3,13.5,24.6,37,43,18,6,11,2,311,25.6,0.0,26.1,0.0,29.0,0.0,31.3,0.0,24.7,0.0,26.26666666666667,0.0,28.85,0.0,27.03333333333333,0.0,-0.3000000000000007,0.0,Tiruchirappalli,26.0,0.0
2024-11-06 19:00:00,25.1,82,0.0,1001.7,11.4,21.4,34,41,19,6,11,2,311,25.3,0.0,25.7,0.0,28.0,0.0,31.9,0.0,23.7,0.0,25.78333333333333,0.0,28.28333333333333,0.0,27.091666666666665,0.0,-0.1999999999999993,0.0,Tiruchirappalli,26.0,0.0
2024-11-06 20:00:00,25.0,83,0.0,1001.3,10.9,21.2,36,45,20,6,11,2,311,25.1,0.0,25.6,0.0,26.9,0.0,32.3,0.0,23.2,0.0,25.46666666666667,0.0,27.675,0.0,27.166666666666668,0.0,-0.1000000000000014,0.0,Tiruchirappalli,25.4,0.0
2024-11-06 21:00:00,25.1,83,0.0,1000.7,8.5,17.2,29,38,21,6,11,2,311,25.0,0.0,25.3,0.0,26.1,0.0,32.3,0.0,22.8,0.0,25.3,0.0,27.075,0.0,27.2625,0.0,0.1000000000000014,0.0,Tiruchirappalli,25.0,0.0
2024-11-06 22:00:00,24.8,85,0.0,1000.5,4.6,12.6,26,31,22,6,11,2,311,25.1,0.0,25.1,0.0,25.7,0.0,32.0,0.0,22.3,0.0,25.15,0.0,26.475,0.0,27.366666666666664,0.0,-0.3000000000000007,0.0,Tiruchirappalli,25.0,0.0
2024-11-06 23:00:00,24.4,88,0.0,1000.5,3.2,8.1,347,333,23,6,11,2,311,24.8,0.0,25.0,0.0,25.6,0.0,31.1,0.0,22.1,0.0,24.95,0.0,25.916666666666668,0.0,27.4625,0.0,-0.4000000000000021,0.0,Tiruchirappalli,24.6,0.0
2024-11-07 00:00:00,24.2,91,0.0,1000.9,4.8,9.1,304,299,0,7,11,3,312,24.4,0.0,25.1,0.0,25.3,0.0,29.0,0.0,21.7,0.0,24.766666666666666,0.0,25.51666666666667,0.0,27.566666666666663,0.0,-0.1999999999999993,0.0,Tiruchirappalli,24.1,0.0
2024-11-07 01:00:00,25.0,89,0.1,1001.9,3.1,6.4,288,249,1,7,11,3,312,24.2,0.0,24.8,0.0,25.1,0.0,28.0,0.0,23.4,0.0,24.75,0.0999999999999986,25.26666666666667,0.100000000000002,27.63333333333333,0.0999999999999982,0.8000000000000007,0.1,Tiruchirappalli,24.6,0.0
2024-11-07 02:00:00,25.4,88,0.7,1002.7,5.5,9.1,260,253,2,7,11,3,312,25.0,0.1,24.4,0.0,25.0,0.0,26.9,0.0,25.1,0.0,24.816666666666663,0.7999999999999986,25.141666666666666,0.8000000000000019,27.64583333333333,0.7999999999999982,0.3999999999999986,0.6,Tiruchirappalli,26.1,0.0
2024-11-07 03:00:00,26.1,82,0.1,1003.5,4.8,7.2,256,245,3,7,11,3,312,25.4,0.7,24.2,0.0,25.1,0.0,26.1,0.0,27.3,0.0,24.98333333333333,0.8999999999999986,25.14166666666667,0.9000000000000019,27.59583333333333,0.8999999999999981,0.7000000000000028,-0.6,Tiruchirappalli,28.1,0.0
2024-11-07 04:00:00,26.8,79,0.4,1003.6,4.2,5.8,272,265,4,7,11,3,312,26.1,0.1,25.0,0.1,24.8,0.0,25.7,0.0,29.2,0.0,25.316666666666663,1.2999999999999985,25.23333333333333,1.300000000000002,27.495833333333337,1.299999999999998,0.6999999999999993,0.3,Tiruchirappalli,29.9,0.0
2024-11-07 05:00:00,27.7,74,0.3,1003.4,3.6,4.8,333,333,5,7,11,3,312,26.8,0.4,25.4,0.7,24.4,0.0,25.6,0.0,30.5,0.0,25.866666666666664,1.5999999999999983,25.40833333333333,1.600000000000002,27.379166666666663,1.599999999999998,0.8999999999999986,-0.1,Tiruchirappalli,31.2,0.0
2024-11-07 06:00:00,29.4,68,0.1,1002.3,8.3,10.9,8,6,6,7,11,3,312,27.7,0.3,26.1,0.1,24.2,0.0,25.3,0.0,31.3,0.0,26.73333333333333,1.6999999999999986,25.75,1.700000000000002,27.3,1.6999999999999982,1.6999999999999993,-0.1999999999999999,Tiruchirappalli,30.7,0.0
2024-11-07 07:00:00,27.7,74,0.3,1001.6,12.9,17.2,49,49,7,7,11,3,312,29.4,0.1,26.8,0.4,25.0,0.1,25.1,0.0,31.9,0.0,27.183333333333334,1.8999999999999984,25.966666666666665,2.0000000000000018,27.125,1.9999999999999984,-1.6999999999999993,0.1999999999999999,Tiruchirappalli,31.1,0.0
2024-11-07 08:00:00,27.4,78,0.4,1000.9,9.6,12.9,49,49,8,7,11,3,312,27.7,0.3,27.7,0.3,25.4,0.7,25.0,0.0,32.3,0.0,27.516666666666666,1.5999999999999988,26.166666666666668,2.400000000000002,26.92083333333333,2.399999999999998,-0.3000000000000007,0.1,Tiruchirappalli,31.7,0.0
2024-11-07 09:00:00,28.0,75,0.0,1000.0,11.1,15.0,33,31,9,7,11,3,312,27.4,0.4,29.4,0.1,26.1,0.1,25.1,0.0,32.3,0.0,27.83333333333333,1.499999999999999,26.40833333333333,2.400000000000002,26.741666666666664,2.399999999999998,0.6000000000000014,-0.4,Tiruchirappalli,31.5,0.0
2024-11-07 10:00:00,28.1,75,0.0,999.8,7.9,10.8,43,41,10,7,11,3,312,28.0,0.0,27.7,0.3,26.8,0.4,24.8,0.0,32.0,0.0,28.05,1.0999999999999988,26.683333333333334,2.400000000000002,26.579166666666666,2.399999999999998,0.1000000000000014,0.0,Tiruchirappalli,31.3,0.0
2024-11-07 11:00:00,27.8,76,0.0,1000.0,9.8,13.4,39,38,11,7,11,3,312,28.1,0.0,27.4,0.4,27.7,0.3,24.4,0.0,31.1,0.0,28.066666666666663,0.7999999999999987,26.96666666666667,2.400000000000002,26.441666666666663,2.399999999999998,-0.3000000000000007,0.0,Tiruchirappalli,30.7,0.0
2024-11-07 12:00:00,26.9,80,0.1,1000.8,7.3,12.8,55,57,12,7,11,3,312,27.8,0.0,28.0,0.0,29.4,0.1,24.2,0.0,29.0,0.0,27.65,0.7999999999999986,27.191666666666663,2.5000000000000018,26.354166666666668,2.4999999999999982,-0.9000000000000021,0.1,Tiruchirappalli,29.5,0.0
2024-11-07 13:00:00,27.1,78,0.0,1000.8,9.2,17.5,39,42,13,7,11,3,312,26.9,0.1,28.1,0.0,27.7,0.3,25.0,0.1,28.0,0.0,27.55,0.4999999999999986,27.366666666666664,2.4000000000000017,26.316666666666663,2.4999999999999982,0.2000000000000028,-0.1,Tiruchirappalli,27.4,0.0
2024-11-07 14:00:00,26.6,80,0.0,1001.7,10.5,19.7,33,33,14,7,11,3,312,27.1,0.0,27.8,0.0,27.4,0.4,25.4,0.7,26.9,0.0,27.416666666666668,0.0999999999999986,27.46666666666667,1.7000000000000022,26.304166666666664,2.4999999999999982,-0.5,0.0,Tiruchirappalli,27.0,0.0
2024-11-07 15:00:00,26.1,82,0.0,1002.6,10.1,19.2,40,44,15,7,11,3,312,26.6,0.0,26.9,0.1,28.0,0.0,26.1,0.1,26.1,0.0,27.100000000000005,0.0999999999999986,27.466666666666665,1.600000000000002,26.304166666666664,2.4999999999999982,-0.5,0.0,Tiruchirappalli,26.4,0.0
2024-11-07 16:00:00,25.8,84,0.0,1002.9,10.2,20.0,35,36,16,7,11,3,312,26.1,0.0,27.1,0.0,28.1,0.0,26.8,0.4,25.7,0.0,26.71666666666667,0.0999999999999986,27.383333333333336,1.200000000000002,26.308333333333334,2.4999999999999982,-0.3000000000000007,0.0,Tiruchirappalli,26.2,0.0
2024-11-07 17:00:00,25.6,85,0.0,1003.3,10.7,20.5,38,44,17,7,11,3,312,25.8,0.0,26.6,0.0,27.8,0.0,27.7,0.3,25.6,0.0,26.35,0.0999999999999986,27.20833333333333,0.900000000000002,26.308333333333334,2.4999999999999982,-0.1999999999999993,0.0,Tiruchirappalli,26.0,0.0
2024-11-07 18:00:00,25.3,86,0.0,1002.8,11.1,21.5,36,40,18,7,11,3,312,25.6,0.0,26.1,0.0,26.9,0.1,29.4,0.1,25.3,0.0,26.08333333333333,0.0,26.866666666666664,0.8000000000000019,26.308333333333337,2.4999999999999982,-0.3000000000000007,0.0,Tiruchirappalli,25.8,0.0
2024-11-07 19:00:00,25.2,85,0.0,1002.4,12.3,23.4,28,30,19,7,11,3,312,25.3,0.0,25.8,0.0,27.1,0.0,27.7,0.3,25.1,0.0,25.766666666666666,0.0,26.65833333333333,0.500000000000002,26.3125,2.4999999999999982,-0.1000000000000014,0.0,Tiruchirappalli,25.4,0.0
2024-11-07 20:00:00,25.1,84,0.0,1001.6,11.7,22.6,25,27,20,7,11,3,312,25.2,0.0,25.6,0.0,26.6,0.0,27.4,0.4,25.0,0.0,25.51666666666667,0.0,26.466666666666665,0.100000000000002,26.316666666666663,2.4999999999999982,-0.0999999999999978,0.0,Tiruchirappalli,25.3,0.0
2024-11-07 21:00:00,24.9,85,0.0,1001.3,7.9,18.0,31,35,21,7,11,3,312,25.1,0.0,25.3,0.0,26.1,0.0,28.0,0.0,25.1,0.0,25.316666666666663,0.0,26.20833333333333,0.100000000000002,26.308333333333334,2.4999999999999982,-0.2000000000000028,0.0,Tiruchirappalli,25.1,0.0
2024-11-07 22:00:00,24.7,86,0.1,1000.5,8.2,17.2,18,14,22,7,11,3,312,24.9,0.0,25.2,0.0,25.8,0.0,28.1,0.0,24.8,0.0,25.133333333333336,0.0999999999999986,25.925,0.200000000000002,26.30416666666667,2.5999999999999983,-0.1999999999999993,0.1,Tiruchirappalli,24.8,0.0
2024-11-07 23:00:00,24.6,87,0.0,1000.0,10.1,19.9,16,20,23,7,11,3,312,24.7,0.1,25.1,0.0,25.6,0.0,27.8,0.0,24.4,0.0,24.96666666666667,0.0999999999999986,25.65833333333333,0.200000000000002,26.3125,2.5999999999999983,-0.0999999999999978,-0.1,Tiruchirappalli,24.5,0.0
2024-11-08 00:00:00,24.4,88,0.0,1000.6,5.4,14.2,3,358,0,8,11,4,313,24.6,0.0,24.9,0.0,25.3,0.0,26.9,0.1,24.2,0.0,24.816666666666663,0.0999999999999986,25.450000000000003,0.100000000000002,26.320833333333336,2.5999999999999983,-0.2000000000000028,0.0,Tiruchirappalli,24.2,0.0
2024-11-08 01:00:00,24.1,94,0.8,1001.8,6.7,13.4,18,360,1,8,11,4,313,24.4,0.0,24.7,0.1,25.2,0.0,27.1,0.0,25.0,0.1,24.633333333333336,0.8999999999999987,25.2,0.900000000000002,26.28333333333333,3.299999999999998,-0.2999999999999971,0.8,Tiruchirappalli,24.5,1.1
2024-11-08 02:00:00,25.2,89,0.1,1002.8,8.3,15.0,357,342,2,8,11,4,313,24.1,0.8,24.6,0.0,25.1,0.0,26.6,0.0,25.4,0.7,24.65,0.9999999999999988,25.08333333333333,1.000000000000002,26.275,2.6999999999999984,1.099999999999998,-0.7000000000000001,Tiruchirappalli,24.8,0.1
2024-11-08 03:00:00,26.8,79,0.1,1003.4,11.4,16.2,15,15,3,8,11,4,313,25.2,0.1,24.4,0.0,24.9,0.0,26.1,0.0,26.1,0.1,24.96666666666667,1.0999999999999988,25.14166666666667,1.100000000000002,26.30416666666667,2.6999999999999984,1.6000000000000014,0.0,Tiruchirappalli,25.9,0.0
2024-11-08 04:00:00,28.0,73,0.1,1003.5,14.5,20.2,17,17,4,8,11,4,313,26.8,0.1,24.1,0.8,24.7,0.1,25.8,0.0,26.8,0.4,25.51666666666667,1.0999999999999988,25.325,1.200000000000002,26.354166666666668,2.399999999999998,1.1999999999999993,0.0,Tiruchirappalli,27.2,0.0
2024-11-08 05:00:00,29.2,67,0.1,1003.1,15.6,21.5,30,30,5,8,11,4,313,28.0,0.1,25.2,0.1,24.6,0.0,25.6,0.0,27.7,0.3,26.28333333333333,1.1999999999999988,25.625,1.300000000000002,26.416666666666668,2.199999999999998,1.1999999999999993,0.0,Tiruchirappalli,28.3,0.0
2024-11-08 06:00:00,30.3,65,0.1,1002.0,15.5,21.1,38,39,6,8,11,4,313,29.2,0.1,26.8,0.1,24.4,0.0,25.3,0.0,29.4,0.1,27.26666666666667,1.2999999999999987,26.041666666666668,1.400000000000002,26.45416666666667,2.1999999999999984,1.1000000000000014,0.0,Tiruchirappalli,28.7,0.1
2024-11-08 07:00:00,31.1,61,0.1,1000.3,17.2,23.4,44,45,7,8,11,4,313,30.3,0.1,28.0,0.1,24.1,0.8,25.2,0.0,27.7,0.3,28.433333333333334,0.6000000000000001,26.53333333333333,1.500000000000002,26.59583333333333,1.9999999999999984,0.8000000000000007,0.0,Tiruchirappalli,28.2,0.1
2024-11-08 08:00:00,31.3,59,0.0,999.5,15.9,21.8,49,51,8,8,11,4,313,31.1,0.1,29.2,0.1,25.2,0.1,25.1,0.0,27.4,0.4,29.45,0.4999999999999987,27.05,1.500000000000002,26.758333333333336,1.5999999999999983,0.1999999999999993,-0.1,Tiruchirappalli,28.5,0.1
2024-11-08 09:00:00,31.4,58,0.0,998.9,14.8,20.2,58,58,9,8,11,4,313,31.3,0.0,30.3,0.1,26.8,0.1,24.9,0.0,28.0,0.0,30.216666666666665,0.3999999999999987,27.591666666666665,1.500000000000002,26.9,1.5999999999999983,0.0999999999999978,0.0,Tiruchirappalli,29.0,0.2
2024-11-08 10:00:00,30.9,59,0.0,998.7,13.2,18.9,58,59,10,8,11,4,313,31.4,0.0,31.1,0.1,28.0,0.1,24.7,0.1,28.1,0.0,30.700000000000003,0.2999999999999987,28.10833333333333,1.400000000000002,27.016666666666666,1.5999999999999983,-0.5,0.0,Tiruchirappalli,28.6,0.1
2024-11-08 11:00:00,30.4,60,0.0,999.2,12.6,19.1,61,62,11,8,11,4,313,30.9,0.0,31.3,0.0,29.2,0.1,24.6,0.0,27.8,0.0,30.9,0.1999999999999986,28.59166666666667,1.400000000000002,27.125,1.5999999999999983,-0.5,0.0,Tiruchirappalli,27.4,0.2
2024-11-08 12:00:00,29.1,65,0.0,1000.0,10.3,19.4,67,68,12,8,11,4,313,30.4,0.0,31.4,0.0,30.3,0.1,24.4,0.0,26.9,0.1,30.700000000000003,0.0999999999999986,28.98333333333333,1.400000000000002,27.216666666666665,1.4999999999999982,-1.2999999999999972,0.0,Tiruchirappalli,26.8,0.1
2024-11-08 13:00:00,27.5,76,0.0,1000.6,5.3,14.2,66,72,13,8,11,4,313,29.1,0.0,30.9,0.0,31.1,0.1,24.1,0.8,27.1,0.0,30.1,0.0,29.26666666666667,0.6000000000000021,27.23333333333333,1.4999999999999982,-1.6000000000000014,0.0,Tiruchirappalli,25.8,0.0
2024-11-08 14:00:00,26.8,79,0.0,1001.7,5.4,13.9,70,76,14,8,11,4,313,27.5,0.0,30.4,0.0,31.3,0.0,25.2,0.1,26.6,0.0,29.350000000000005,0.0,29.399999999999995,0.500000000000002,27.24166666666667,1.4999999999999982,-0.6999999999999993,0.0,Tiruchirappalli,25.6,0.0
2024-11-08 15:00:00,26.4,80,0.0,1002.6,7.8,18.2,74,75,15,8,11,4,313,26.8,0.0,29.1,0.0,31.4,0.0,26.8,0.1,26.1,0.0,28.516666666666666,0.0,29.36666666666667,0.400000000000002,27.254166666666663,1.4999999999999982,-0.4000000000000021,0.0,Tiruchirappalli,25.5,0.0
2024-11-08 16:00:00,25.9,83,0.0,1002.8,7.3,18.1,63,70,16,8,11,4,313,26.4,0.0,27.5,0.0,30.9,0.0,28.0,0.1,25.8,0.0,27.683333333333334,0.0,29.191666666666663,0.300000000000002,27.258333333333336,1.4999999999999982,-0.5,0.0,Tiruchirappalli,25.2,0.0
2024-11-08 17:00:00,25.4,87,0.0,1002.7,7.7,18.9,49,54,17,8,11,4,313,25.9,0.0,26.8,0.0,30.4,0.0,29.2,0.1,25.6,0.0,26.85,0.0,28.875,0.200000000000002,27.25,1.4999999999999982,-0.5,0.0,Tiruchirappalli,25.0,0.0
2024-11-08 18:00:00,24.9,89,0.0,1002.8,6.7,17.5,34,38,18,8,11,4,313,25.4,0.0,26.4,0.0,29.1,0.0,30.3,0.1,25.3,0.0,26.149999999999995,0.0,28.425,0.100000000000002,27.23333333333333,1.4999999999999982,-0.5,0.0,Tiruchirappalli,24.9,0.0
2024-11-08 19:00:00,24.7,90,0.0,1001.9,8.6,19.2,27,30,19,8,11,4,313,24.9,0.0,25.9,0.0,27.5,0.0,31.1,0.1,25.2,0.0,25.683333333333334,0.0,27.891666666666666,0.0,27.2125,1.4999999999999982,-0.1999999999999993,0.0,Tiruchirappalli,24.4,0.4
2024-11-08 20:00:00,24.6,88,0.0,1001.3,10.5,21.5,23,27,20,8,11,4,313,24.7,0.0,25.4,0.0,26.8,0.0,31.3,0.0,25.1,0.0,25.316666666666663,0.0,27.33333333333333,0.0,27.191666666666663,1.4999999999999982,-0.0999999999999978,0.0,Tiruchirappalli,24.2,0.9
2024-11-08 21:00:00,24.2,89,0.0,1000.5,9.1,20.2,16,18,21,8,11,4,313,24.6,0.0,24.9,0.0,26.4,0.0,31.4,0.0,24.9,0.0,24.95,0.0,26.73333333333333,0.0,27.1625,1.4999999999999982,-0.4000000000000021,0.0,Tiruchirappalli,24.2,0.5
2024-11-08 22:00:00,23.6,92,0.0,1000.2,5.8,16.8,15,16,22,8,11,4,313,24.2,0.0,24.7,0.0,25.9,0.0,30.9,0.0,24.7,0.1,24.566666666666663,0.0,26.125,0.0,27.116666666666664,1.3999999999999984,-0.5999999999999979,0.0,Tiruchirappalli,23.9,1.3
2024-11-08 23:00:00,23.5,91,0.0,1000.4,7.1,18.4,11,7,23,8,11,4,313,23.6,0.0,24.6,0.0,25.4,0.0,30.4,0.0,24.6,0.0,24.25,0.0,25.55,0.0,27.07083333333333,1.3999999999999984,-0.1000000000000014,0.0,Tiruchirappalli,23.5,2.2
2024-11-09 00:00:00,23.4,91,0.0,1000.9,6.3,17.6,11,5,0,9,11,5,314,23.5,0.0,24.2,0.0,24.9,0.0,29.1,0.0,24.4,0.0,24.0,0.0,25.075,0.0,27.029166666666665,1.3999999999999984,-0.1000000000000014,0.0,Tiruchirappalli,23.2,0.2
2024-11-09 01:00:00,24.3,86,0.0,1002.7,8.0,17.9,15,18,1,9,11,5,314,23.4,0.0,23.6,0.0,24.7,0.0,27.5,0.0,24.1,0.8,23.933333333333334,0.0,24.808333333333334,0.0,27.0375,0.5999999999999983,0.9000000000000021,0.0,Tiruchirappalli,25.2,0.1
2024-11-09 02:00:00,26.2,77,0.0,1003.5,10.7,15.6,7,6,2,9,11,5,314,24.3,0.0,23.5,0.0,24.6,0.0,26.8,0.0,25.2,0.1,24.2,0.0,24.75833333333333,0.0,27.079166666666666,0.4999999999999983,1.8999999999999984,0.0,Tiruchirappalli,25.9,0.1
2024-11-09 03:00:00,27.7,72,0.0,1003.7,12.9,17.6,8,9,3,9,11,5,314,26.2,0.0,23.4,0.0,24.2,0.0,26.4,0.0,26.8,0.1,24.78333333333333,0.0,24.866666666666664,0.0,27.116666666666664,0.3999999999999982,1.5,0.0,Tiruchirappalli,27.0,0.3
2024-11-09 04:00:00,29.1,65,0.0,1003.6,14.3,19.5,20,20,4,9,11,5,314,27.7,0.0,24.3,0.0,23.6,0.0,25.9,0.0,28.0,0.1,25.700000000000003,0.0,25.133333333333336,0.0,27.1625,0.2999999999999982,1.400000000000002,0.0,Tiruchirappalli,27.4,0.1
2024-11-09 05:00:00,30.2,59,0.0,1002.7,16.7,22.5,26,26,5,9,11,5,314,29.1,0.0,26.2,0.0,23.5,0.0,25.4,0.0,29.2,0.1,26.816666666666663,0.0,25.53333333333333,0.0,27.204166666666666,0.1999999999999982,1.099999999999998,0.0,Tiruchirappalli,27.1,0.5
2024-11-09 06:00:00,30.9,56,0.0,1002.0,17.2,23.3,28,27,6,9,11,5,314,30.2,0.0,27.7,0.0,23.4,0.0,24.9,0.0,30.3,0.1,28.066666666666663,0.0,26.03333333333333,0.0,27.229166666666668,0.0999999999999982,0.6999999999999993,0.0,Tiruchirappalli,28.9,0.4
2024-11-09 07:00:00,31.8,52,0.0,1000.8,15.9,21.2,28,28,7,9,11,5,314,30.9,0.0,29.1,0.0,24.3,0.0,24.7,0.0,31.1,0.1,29.316666666666663,0.0,26.625,0.0,27.258333333333336,0.0,0.9000000000000021,0.0,Tiruchirappalli,30.7,0.2
2024-11-09 08:00:00,31.9,50,0.0,999.9,15.8,21.4,35,36,8,9,11,5,314,31.8,0.0,30.2,0.0,26.2,0.0,24.6,0.0,31.3,0.0,30.266666666666666,0.0,27.23333333333333,0.0,27.28333333333333,0.0,0.0999999999999978,0.0,Tiruchirappalli,29.2,1.3
2024-11-09 09:00:00,31.5,51,0.1,999.3,15.6,21.3,41,41,9,9,11,5,314,31.9,0.0,30.9,0.0,27.7,0.0,24.2,0.0,31.4,0.0,30.9,0.0999999999999986,27.84166666666667,0.100000000000002,27.2875,0.0999999999999982,-0.3999999999999986,0.1,Tiruchirappalli,26.1,2.2
2024-11-09 10:00:00,30.5,55,0.1,999.4,15.9,22.4,53,53,10,9,11,5,314,31.5,0.1,31.8,0.0,29.1,0.0,23.6,0.0,30.9,0.0,31.13333333333333,0.1999999999999986,28.416666666666668,0.200000000000002,27.27083333333333,0.1999999999999982,-1.0,0.0,Tiruchirappalli,27.0,0.1
2024-11-09 11:00:00,30.0,58,0.0,999.8,13.5,19.7,54,54,11,9,11,5,314,30.5,0.1,31.9,0.0,30.2,0.0,23.5,0.0,30.4,0.0,31.1,0.1999999999999986,28.95833333333333,0.200000000000002,27.254166666666663,0.1999999999999982,-0.5,-0.1,Tiruchirappalli,27.1,1.7
2024-11-09 12:00:00,28.6,64,0.0,1000.6,10.4,18.9,49,48,12,9,11,5,314,30.0,0.0,31.5,0.1,30.9,0.0,23.4,0.0,29.1,0.0,30.716666666666665,0.1999999999999986,29.391666666666666,0.200000000000002,27.23333333333333,0.1999999999999982,-1.3999999999999986,0.0,Tiruchirappalli,25.5,0.2
2024-11-09 13:00:00,27.4,69,0.0,1000.9,7.7,17.2,57,59,13,9,11,5,314,28.6,0.0,30.5,0.1,31.8,0.0,24.3,0.0,27.5,0.0,29.98333333333333,0.1999999999999986,29.65,0.200000000000002,27.229166666666668,0.1999999999999982,-1.2000000000000028,0.0,Tiruchirappalli,25.5,0.0
2024-11-09 14:00:00,26.6,74,0.0,1001.9,7.3,17.1,44,46,14,9,11,5,314,27.4,0.0,30.0,0.0,31.9,0.0,26.2,0.0,26.8,0.0,29.1,0.1999999999999986,29.683333333333334,0.200000000000002,27.22083333333333,0.1999999999999982,-0.7999999999999972,0.0,Tiruchirappalli,25.2,0.0
2024-11-09 15:00:00,25.6,79,0.0,1002.6,5.1,14.7,35,36,15,9,11,5,314,26.6,0.0,28.6,0.0,31.5,0.1,27.7,0.0,26.4,0.0,28.11666666666667,0.0999999999999986,29.508333333333336,0.200000000000002,27.1875,0.1999999999999982,-1.0,0.0,Tiruchirappalli,24.7,0.0
2024-11-09 16:00:00,25.0,82,0.0,1003.2,5.8,15.9,35,36,16,9,11,5,314,25.6,0.0,27.4,0.0,30.5,0.1,29.1,0.0,25.9,0.0,27.200000000000003,0.0,29.166666666666668,0.200000000000002,27.15,0.1999999999999982,-0.6000000000000014,0.0,Tiruchirappalli,24.6,0.0
2024-11-09 17:00:00,24.3,86,0.0,1003.0,5.1,14.9,45,54,17,9,11,5,314,25.0,0.0,26.6,0.0,30.0,0.0,30.2,0.0,25.4,0.0,26.25,0.0,28.675,0.200000000000002,27.104166666666668,0.1999999999999982,-0.6999999999999993,0.0,Tiruchirappalli,24.6,0.0
2024-11-09 18:00:00,23.9,88,0.0,1002.8,5.2,14.5,43,46,18,9,11,5,314,24.3,0.0,25.6,0.0,28.6,0.0,30.9,0.0,24.9,0.0,25.46666666666667,0.0,28.09166666666667,0.200000000000002,27.0625,0.1999999999999982,-0.4000000000000021,0.0,Tiruchirappalli,24.3,0.0
2024-11-09 19:00:00,24.0,88,0.0,1002.1,6.3,17.2,35,39,19,9,11,5,314,23.9,0.0,25.0,0.0,27.4,0.0,31.8,0.0,24.7,0.0,24.9,0.0,27.441666666666663,0.200000000000002,27.03333333333333,0.1999999999999982,0.1000000000000014,0.0,Tiruchirappalli,24.2,0.0
2024-11-09 20:00:00,24.0,87,0.0,1001.4,7.7,19.4,28,33,20,9,11,5,314,24.0,0.0,24.3,0.0,26.6,0.0,31.9,0.0,24.6,0.0,24.46666666666667,0.0,26.78333333333333,0.200000000000002,27.00833333333333,0.1999999999999982,0.0,0.0,Tiruchirappalli,23.8,0.0
2024-11-09 21:00:00,24.0,87,0.0,1001.0,7.8,18.7,24,26,21,9,11,5,314,24.0,0.0,23.9,0.0,25.6,0.0,31.5,0.1,24.2,0.0,24.2,0.0,26.15833333333333,0.100000000000002,27.0,0.1999999999999982,0.0,0.0,Tiruchirappalli,23.4,1.7
2024-11-09 22:00:00,23.6,88,0.0,1000.7,6.2,16.5,18,22,22,9,11,5,314,24.0,0.0,24.0,0.0,25.0,0.0,30.5,0.1,23.6,0.0,23.96666666666667,0.0,25.58333333333333,0.0,27.0,0.1999999999999982,-0.3999999999999986,0.0,Tiruchirappalli,23.6,0.9
2024-11-09 23:00:00,22.9,91,0.0,1000.8,5.5,15.7,16,23,23,9,11,5,314,23.6,0.0,24.0,0.0,24.3,0.0,30.0,0.0,23.5,0.0,23.73333333333333,0.0,24.991666666666664,0.0,26.975,0.1999999999999982,-0.7000000000000028,0.0,Tiruchirappalli,23.4,0.0
2024-11-10 00:00:00,22.7,91,0.0,1001.4,5.6,15.9,14,7,0,10,11,6,315,22.9,0.0,24.0,0.0,23.9,0.0,28.6,0.0,23.4,0.0,23.53333333333333,0.0,24.5,0.0,26.945833333333336,0.1999999999999982,-0.1999999999999993,0.0,Tiruchirappalli,23.7,0.1
2024-11-10 01:00:00,23.8,84,0.0,1002.3,5.0,13.6,8,360,1,10,11,6,315,22.7,0.0,23.6,0.0,24.0,0.0,27.4,0.0,24.3,0.0,23.5,0.0,24.2,0.0,26.925,0.1999999999999982,1.1000000000000014,0.0,Tiruchirappalli,24.6,1.4
2024-11-10 02:00:00,25.4,79,0.0,1003.2,5.7,9.4,340,323,2,10,11,6,315,23.8,0.0,22.9,0.0,24.0,0.0,26.6,0.0,26.2,0.0,23.73333333333333,0.0,24.1,0.0,26.89166666666667,0.1999999999999982,1.599999999999998,0.0,Tiruchirappalli,24.4,3.7
2024-11-10 03:00:00,27.5,70,0.0,1003.6,8.7,11.8,347,343,3,10,11,6,315,25.4,0.0,22.7,0.0,24.0,0.0,25.6,0.0,27.7,0.0,24.316666666666663,0.0,24.25833333333333,0.0,26.883333333333336,0.1999999999999982,2.1000000000000014,0.0,Tiruchirappalli,24.5,6.0
2024-11-10 04:00:00,29.3,59,0.0,1003.8,13.4,18.1,17,17,4,10,11,6,315,27.5,0.0,23.8,0.0,23.6,0.0,25.0,0.0,29.1,0.0,25.266666666666666,0.0,24.616666666666664,0.0,26.891666666666666,0.1999999999999982,1.8000000000000007,0.0,Tiruchirappalli,24.5,2.7
2024-11-10 05:00:00,30.6,51,0.0,1003.0,16.6,22.5,26,26,5,10,11,6,315,29.3,0.0,25.4,0.0,22.9,0.0,24.3,0.0,30.2,0.0,26.55,0.0,25.141666666666666,0.0,26.90833333333333,0.1999999999999982,1.3000000000000007,0.0,Tiruchirappalli,25.3,0.6
2024-11-10 06:00:00,31.3,47,0.0,1002.2,17.3,23.5,32,31,6,10,11,6,315,30.6,0.0,27.5,0.0,22.7,0.0,23.9,0.0,30.9,0.0,27.98333333333333,0.0,25.758333333333336,0.0,26.925,0.1999999999999982,0.6999999999999993,0.0,Tiruchirappalli,26.3,0.2
2024-11-10 07:00:00,32.1,41,0.0,1001.0,17.4,23.7,34,33,7,10,11,6,315,31.3,0.0,29.3,0.0,23.8,0.0,24.0,0.0,31.8,0.0,29.366666666666664,0.0,26.433333333333334,0.0,26.9375,0.1999999999999982,0.8000000000000007,0.0,Tiruchirappalli,27.0,0.5
2024-11-10 08:00:00,32.0,41,0.0,1000.1,16.9,22.9,31,30,8,10,11,6,315,32.1,0.0,30.6,0.0,25.4,0.0,24.0,0.0,31.9,0.0,30.46666666666667,0.0,27.1,0.0,26.941666666666663,0.1999999999999982,-0.1000000000000014,0.0,Tiruchirappalli,27.3,0.2
2024-11-10 09:00:00,31.9,41,0.0,999.3,15.8,21.5,33,32,9,10,11,6,315,32.0,0.0,31.3,0.0,27.5,0.0,24.0,0.0,31.5,0.1,31.2,0.0,27.758333333333336,0.0,26.95833333333333,0.0999999999999982,-0.1000000000000014,0.0,Tiruchirappalli,27.0,0.3
2024-11-10 10:00:00,31.6,42,0.0,999.3,14.6,20.4,36,34,10,10,11,6,315,31.9,0.0,32.1,0.0,29.3,0.0,23.6,0.0,30.5,0.1,31.58333333333333,0.0,28.425,0.0,27.004166666666663,0.0,-0.2999999999999971,0.0,Tiruchirappalli,26.2,0.8
2024-11-10 11:00:00,30.6,46,0.0,999.6,13.4,21.3,33,32,11,10,11,6,315,31.6,0.0,32.0,0.0,30.6,0.0,22.9,0.0,30.0,0.0,31.58333333333333,0.0,29.066666666666663,0.0,27.02916666666667,0.0,-1.0,0.0,Tiruchirappalli,26.1,1.4
2024-11-10 12:00:00,28.9,52,0.0,1000.2,9.1,19.0,26,21,12,10,11,6,315,30.6,0.0,31.9,0.0,31.3,0.0,22.7,0.0,28.6,0.0,31.183333333333337,0.0,29.58333333333333,0.0,27.041666666666668,0.0,-1.7000000000000028,0.0,Tiruchirappalli,24.8,1.2
2024-11-10 13:00:00,26.9,63,0.0,1000.2,5.9,15.6,38,31,13,10,11,6,315,28.9,0.0,31.6,0.0,32.1,0.0,23.8,0.0,27.4,0.0,30.316666666666663,0.0,29.84166666666667,0.0,27.02083333333333,0.0,-2.0,0.0,Tiruchirappalli,25.2,0.0
2024-11-10 14:00:00,26.1,68,0.0,1001.4,5.7,15.2,60,62,14,10,11,6,315,26.9,0.0,30.6,0.0,32.0,0.0,25.4,0.0,26.6,0.0,29.33333333333333,0.0,29.9,0.0,27.0,0.0,-0.7999999999999972,0.0,Tiruchirappalli,25.0,0.0
2024-11-10 15:00:00,25.6,71,0.0,1002.2,7.8,18.0,81,85,15,10,11,6,315,26.1,0.0,28.9,0.0,31.9,0.0,27.5,0.0,25.6,0.0,28.28333333333333,0.0,29.74166666666667,0.0,27.0,0.0,-0.5,0.0,Tiruchirappalli,24.8,0.0
2024-11-10 16:00:00,25.2,76,0.0,1002.8,8.2,18.9,72,76,16,10,11,6,315,25.6,0.0,26.9,0.0,31.6,0.0,29.3,0.0,25.0,0.0,27.21666666666667,0.0,29.4,0.0,27.00833333333333,0.0,-0.4000000000000021,0.0,Tiruchirappalli,24.5,0.1
2024-11-10 17:00:00,24.9,80,0.0,1002.8,7.3,18.0,57,60,17,10,11,6,315,25.2,0.0,26.1,0.0,30.6,0.0,30.6,0.0,24.3,0.0,26.266666666666666,0.0,28.925,0.0,27.03333333333333,0.0,-0.3000000000000007,0.0,Tiruchirappalli,24.4,0.0
2024-11-10 18:00:00,24.4,83,0.0,1002.4,6.8,17.2,50,55,18,10,11,6,315,24.9,0.0,25.6,0.0,28.9,0.0,31.3,0.0,23.9,0.0,25.516666666666666,0.0,28.35,0.0,27.05416666666667,0.0,-0.5,0.0,Tiruchirappalli,24.2,0.0
2024-11-10 19:00:00,24.1,84,0.0,1001.6,8.2,19.5,42,49,19,10,11,6,315,24.4,0.0,25.2,0.0,26.9,0.0,32.1,0.0,24.0,0.0,25.05,0.0,27.683333333333334,0.0,27.058333333333337,0.0,-0.2999999999999971,0.0,Tiruchirappalli,23.9,0.3
2024-11-10 20:00:00,24.1,82,0.0,1001.0,10.7,23.3,37,42,20,10,11,6,315,24.1,0.0,24.9,0.0,26.1,0.0,32.0,0.0,24.0,0.0,24.71666666666667,0.0,27.025,0.0,27.0625,0.0,0.0,0.0,Tiruchirappalli,23.4,6.1
2024-11-10 21:00:00,24.1,82,0.0,1000.6,9.8,22.0,33,38,21,10,11,6,315,24.1,0.0,24.4,0.0,25.6,0.0,31.9,0.0,24.0,0.0,24.46666666666667,0.0,26.375,0.0,27.066666666666663,0.0,0.0,0.0,Tiruchirappalli,23.3,3.5
2024-11-10 22:00:00,23.5,84,0.0,1000.2,6.9,19.0,20,20,22,10,11,6,315,24.1,0.0,24.1,0.0,25.2,0.0,31.6,0.0,23.6,0.0,24.183333333333334,0.0,25.700000000000003,0.0,27.0625,0.0,-0.6000000000000014,0.0,Tiruchirappalli,23.0,3.6
2024-11-10 23:00:00,23.2,86,0.0,1000.3,5.6,15.7,360,343,23,10,11,6,315,23.5,0.0,24.1,0.0,24.9,0.0,30.6,0.0,22.9,0.0,23.9,0.0,25.08333333333333,0.0,27.075000000000003,0.0,-0.3000000000000007,0.0,Tiruchirappalli,23.2,0.7
2024-11-11 00:00:00,22.9,87,0.0,1001.1,4.7,12.3,323,310,0,11,11,0,316,23.2,0.0,24.1,0.0,24.4,0.0,28.9,0.0,22.7,0.0,23.65,0.0,24.58333333333333,0.0,27.08333333333333,0.0,-0.3000000000000007,0.0,Tiruchirappalli,23.2,0.0
2024-11-11 01:00:00,25.5,75,0.0,1001.7,4.8,11.0,350,338,1,11,11,0,316,22.9,0.0,23.5,0.0,24.1,0.0,26.9,0.0,23.8,0.0,23.883333333333336,0.0,24.466666666666665,0.0,27.15416666666667,0.0,2.6000000000000014,0.0,Tiruchirappalli,24.5,0.2
2024-11-11 02:00:00,26.0,75,0.0,1002.4,6.1,9.6,303,298,2,11,11,0,316,25.5,0.0,23.2,0.0,24.1,0.0,26.1,0.0,25.4,0.0,24.2,0.0,24.45833333333333,0.0,27.179166666666664,0.0,0.5,0.0,Tiruchirappalli,24.5,6.6
2024-11-11 03:00:00,27.5,68,0.0,1002.9,5.9,7.7,303,297,3,11,11,0,316,26.0,0.0,22.9,0.0,24.1,0.0,25.6,0.0,27.5,0.0,24.766666666666666,0.0,24.616666666666664,0.0,27.179166666666664,0.0,1.5,0.0,Tiruchirappalli,24.6,5.8
2024-11-11 04:00:00,29.0,61,0.0,1002.7,7.4,9.7,345,342,4,11,11,0,316,27.5,0.0,25.5,0.0,23.5,0.0,25.2,0.0,29.3,0.0,25.683333333333334,0.0,24.933333333333334,0.0,27.166666666666668,0.0,1.5,0.0,Tiruchirappalli,24.4,3.1
2024-11-11 05:00:00,30.4,53,0.0,1001.9,11.9,16.1,10,10,5,11,11,0,316,29.0,0.0,26.0,0.0,23.2,0.0,24.9,0.0,30.6,0.0,26.883333333333336,0.0,25.39166666666667,0.0,27.15833333333333,0.0,1.3999999999999986,0.0,Tiruchirappalli,25.1,1.2
2024-11-11 06:00:00,31.2,45,0.0,1000.9,15.7,21.2,18,17,6,11,11,0,316,30.4,0.0,27.5,0.0,22.9,0.0,24.4,0.0,31.3,0.0,28.266666666666666,0.0,25.95833333333333,0.0,27.15416666666667,0.0,0.8000000000000007,0.0,Tiruchirappalli,25.6,0.5
2024-11-11 07:00:00,32.1,45,0.0,999.3,15.6,21.1,17,17,7,11,11,0,316,31.2,0.0,29.0,0.0,25.5,0.0,24.1,0.0,32.1,0.0,29.366666666666664,0.0,26.625,0.0,27.15416666666667,0.0,0.9000000000000021,0.0,Tiruchirappalli,26.6,0.1
2024-11-11 08:00:00,32.8,42,0.0,998.2,14.5,19.4,13,11,8,11,11,0,316,32.1,0.0,30.4,0.0,26.0,0.0,24.1,0.0,32.0,0.0,30.5,0.0,27.35,0.0,27.1875,0.0,0.6999999999999957,0.0,Tiruchirappalli,27.6,0.2
2024-11-11 09:00:00,33.2,41,0.0,997.5,12.1,16.3,6,3,9,11,11,0,316,32.8,0.0,31.2,0.0,27.5,0.0,24.1,0.0,31.9,0.0,31.45,0.0,28.10833333333333,0.0,27.24166666666667,0.0,0.4000000000000057,0.0,Tiruchirappalli,25.2,6.3
2024-11-11 10:00:00,32.8,43,0.0,997.1,11.6,15.8,32,35,10,11,11,0,316,33.2,0.0,32.1,0.0,29.0,0.0,23.5,0.0,31.6,0.0,32.083333333333336,0.0,28.88333333333333,0.0,27.291666666666668,0.0,-0.4000000000000057,0.0,Tiruchirappalli,25.8,0.0
2024-11-11 11:00:00,31.6,48,0.1,997.8,11.5,18.5,34,35,11,11,11,0,316,32.8,0.0,32.8,0.0,30.4,0.0,23.2,0.0,30.6,0.0,32.28333333333333,0.0999999999999986,29.58333333333333,0.100000000000002,27.33333333333333,0.0999999999999982,-1.1999999999999955,0.1,Tiruchirappalli,26.7,0.0
2024-11-11 12:00:00,29.8,58,0.0,998.1,4.8,12.6,24,25,12,11,11,0,316,31.6,0.1,33.2,0.0,31.2,0.0,22.9,0.0,28.9,0.0,32.050000000000004,0.0999999999999986,30.15833333333333,0.100000000000002,27.370833333333334,0.0999999999999982,-1.8000000000000007,-0.1,Tiruchirappalli,25.9,0.1
2024-11-11 13:00:00,28.5,61,0.0,998.8,10.5,21.3,52,57,13,11,11,0,316,29.8,0.0,32.8,0.0,32.1,0.0,25.5,0.0,26.9,0.0,31.45,0.0999999999999986,30.40833333333333,0.100000000000002,27.4375,0.0999999999999982,-1.3000000000000007,0.0,Tiruchirappalli,24.7,0.0
2024-11-11 14:00:00,27.7,65,0.0,999.9,8.1,18.7,55,58,14,11,11,0,316,28.5,0.0,31.6,0.1,32.8,0.0,26.0,0.0,26.1,0.0,30.6,0.0999999999999986,30.55,0.100000000000002,27.504166666666663,0.0999999999999982,-0.8000000000000007,0.0,Tiruchirappalli,24.5,0.0
2024-11-11 15:00:00,27.0,70,0.0,1000.5,7.5,18.0,52,53,15,11,11,0,316,27.7,0.0,29.8,0.0,33.2,0.0,27.5,0.0,25.6,0.0,29.566666666666663,0.0999999999999986,30.508333333333336,0.100000000000002,27.5625,0.0999999999999982,-0.6999999999999993,0.0,Tiruchirappalli,24.4,0.0
2024-11-11 16:00:00,26.4,74,0.0,1001.2,7.7,18.6,45,51,16,11,11,0,316,27.0,0.0,28.5,0.0,32.8,0.0,29.0,0.0,25.2,0.0,28.5,0.0999999999999986,30.291666666666668,0.100000000000002,27.6125,0.0999999999999982,-0.6000000000000014,0.0,Tiruchirappalli,24.4,0.0
2024-11-11 17:00:00,26.1,75,0.0,1001.3,8.3,19.4,41,49,17,11,11,0,316,26.4,0.0,27.7,0.0,31.6,0.1,30.4,0.0,24.9,0.0,27.58333333333333,0.0,29.933333333333334,0.100000000000002,27.6625,0.0999999999999982,-0.2999999999999971,0.0,Tiruchirappalli,24.1,0.0
2024-11-11 18:00:00,26.0,75,0.0,1001.2,10.9,22.7,39,46,18,11,11,0,316,26.1,0.0,27.0,0.0,29.8,0.0,31.2,0.0,24.4,0.0,26.95,0.0,29.5,0.100000000000002,27.729166666666668,0.0999999999999982,-0.1000000000000014,0.0,Tiruchirappalli,23.7,0.0
2024-11-11 19:00:00,26.0,74,0.0,1000.3,10.7,22.2,35,42,19,11,11,0,316,26.0,0.0,26.4,0.0,28.5,0.0,32.1,0.0,24.1,0.0,26.53333333333333,0.0,28.991666666666664,0.100000000000002,27.808333333333334,0.0999999999999982,0.0,0.0,Tiruchirappalli,23.4,0.0
2024-11-11 20:00:00,25.4,76,0.0,999.4,7.6,18.8,34,43,20,11,11,0,316,26.0,0.0,26.1,0.0,27.7,0.0,32.8,0.0,24.1,0.0,26.15,0.0,28.375,0.100000000000002,27.8625,0.0999999999999982,-0.6000000000000014,0.0,Tiruchirappalli,23.1,0.0
2024-11-11 21:00:00,25.0,77,0.0,998.8,9.6,21.4,34,41,21,11,11,0,316,25.4,0.0,26.0,0.0,27.0,0.0,33.2,0.0,24.1,0.0,25.816666666666663,0.0,27.691666666666663,0.100000000000002,27.9,0.0999999999999982,-0.3999999999999986,0.0,Tiruchirappalli,22.9,0.0
2024-11-11 22:00:00,25.0,74,0.0,998.9,7.7,19.5,19,25,22,11,11,0,316,25.0,0.0,26.0,0.0,26.4,0.0,32.8,0.0,23.5,0.0,25.58333333333333,0.0,27.041666666666668,0.100000000000002,27.9625,0.0999999999999982,0.0,0.0,Tiruchirappalli,22.8,0.0
2024-11-11 23:00:00,24.6,73,0.0,999.3,5.2,15.1,2,360,23,11,11,0,316,25.0,0.0,25.4,0.0,26.1,0.0,31.6,0.1,23.2,0.0,25.33333333333333,0.0,26.45833333333333,0.0,28.02083333333333,0.0999999999999982,-0.3999999999999986,0.0,Tiruchirappalli,23.0,0.0
2024-11-12 00:00:00,24.1,80,0.0,999.7,4.7,9.9,322,310,0,12,11,1,317,24.6,0.0,25.0,0.0,26.0,0.0,29.8,0.0,22.9,0.0,25.01666666666667,0.0,25.98333333333333,0.0,28.070833333333336,0.0999999999999982,-0.5,0.0,Tiruchirappalli,23.6,0.0
2024-11-12 01:00:00,24.6,79,0.0,999.9,3.3,8.9,328,319,1,12,11,1,317,24.1,0.0,25.0,0.0,26.0,0.0,28.5,0.0,25.5,0.0,24.78333333333333,0.0,25.65833333333333,0.0,28.03333333333333,0.0999999999999982,0.5,0.0,Tiruchirappalli,24.3,0.2
2024-11-12 02:00:00,26.1,77,0.0,1000.8,4.2,7.1,297,290,2,12,11,1,317,24.6,0.0,24.6,0.0,25.4,0.0,27.7,0.0,26.0,0.0,24.9,0.0,25.525,0.0,28.0375,0.0999999999999982,1.5,0.0,Tiruchirappalli,25.4,0.0
2024-11-12 03:00:00,28.1,70,0.0,1001.7,3.3,4.3,315,311,3,12,11,1,317,26.1,0.0,24.1,0.0,25.0,0.0,27.0,0.0,27.5,0.0,25.416666666666668,0.0,25.616666666666664,0.0,28.0625,0.0999999999999982,2.0,0.0,Tiruchirappalli,26.3,0.0
2024-11-12 04:00:00,29.9,60,0.0,1001.8,5.4,6.9,345,345,4,12,11,1,317,28.1,0.0,24.6,0.0,25.0,0.0,26.4,0.0,29.0,0.0,26.23333333333333,0.0,25.90833333333333,0.0,28.1,0.0999999999999982,1.7999999999999972,0.0,Tiruchirappalli,27.4,0.0
2024-11-12 05:00:00,31.2,54,0.0,1001.4,15.7,21.1,15,15,5,12,11,1,317,29.9,0.0,26.1,0.0,24.6,0.0,26.1,0.0,30.4,0.0,27.33333333333333,0.0,26.33333333333333,0.0,28.133333333333336,0.0999999999999982,1.3000000000000007,0.0,Tiruchirappalli,28.6,0.0
2024-11-12 06:00:00,30.7,55,0.0,1000.2,17.0,23.4,22,21,6,12,11,1,317,31.2,0.0,28.1,0.0,24.1,0.0,26.0,0.0,31.2,0.0,28.433333333333334,0.0,26.725,0.0,28.1125,0.0999999999999982,-0.5,0.0,Tiruchirappalli,28.6,0.1
2024-11-12 07:00:00,31.1,55,0.0,998.8,14.4,19.4,16,15,7,12,11,1,317,30.7,0.0,29.9,0.0,24.6,0.0,26.0,0.0,32.1,0.0,29.516666666666666,0.0,27.15,0.0,28.07083333333333,0.0999999999999982,0.4000000000000021,0.0,Tiruchirappalli,27.1,2.3
2024-11-12 08:00:00,31.7,55,0.0,997.7,15.0,20.1,27,27,8,12,11,1,317,31.1,0.0,31.2,0.0,26.1,0.0,25.4,0.0,32.8,0.0,30.45,0.0,27.675,0.0,28.025,0.0999999999999982,0.5999999999999979,0.0,Tiruchirappalli,28.6,0.3
2024-11-12 09:00:00,31.5,58,0.0,997.1,13.4,17.9,30,31,9,12,11,1,317,31.7,0.0,30.7,0.0,28.1,0.0,25.0,0.0,33.2,0.0,31.016666666666666,0.0,28.21666666666667,0.0,27.954166666666666,0.0999999999999982,-0.1999999999999993,0.0,Tiruchirappalli,25.7,1.6
2024-11-12 10:00:00,31.3,59,0.0,996.9,12.9,17.6,43,43,10,12,11,1,317,31.5,0.0,31.1,0.0,29.9,0.0,25.0,0.0,32.8,0.0,31.25,0.0,28.74166666666667,0.0,27.891666666666666,0.0999999999999982,-0.1999999999999993,0.0,Tiruchirappalli,27.7,0.2
2024-11-12 11:00:00,30.7,62,0.0,997.2,13.5,18.9,48,49,11,12,11,1,317,31.3,0.0,31.7,0.0,31.2,0.0,24.6,0.0,31.6,0.1,31.166666666666668,0.0,29.25,0.0,27.854166666666668,0.0,-0.6000000000000014,0.0,Tiruchirappalli,27.0,0.2
2024-11-12 12:00:00,29.5,67,0.0,997.7,10.8,18.1,57,58,12,12,11,1,317,30.7,0.0,31.5,0.0,30.7,0.0,24.1,0.0,29.8,0.0,30.966666666666665,0.0,29.7,0.0,27.84166666666667,0.0,-1.1999999999999993,0.0,Tiruchirappalli,26.1,0.1
2024-11-12 13:00:00,27.4,82,0.0,998.2,11.9,18.9,47,49,13,12,11,1,317,29.5,0.0,31.3,0.0,31.1,0.0,24.6,0.0,28.5,0.0,30.35,0.0,29.933333333333334,0.0,27.79583333333333,0.0,-2.1000000000000014,0.0,Tiruchirappalli,24.8,0.4
2024-11-12 14:00:00,27.0,85,0.0,998.9,9.4,15.5,51,52,14,12,11,1,317,27.4,0.0,30.7,0.0,31.7,0.0,26.1,0.0,27.7,0.0,29.566666666666663,0.0,30.00833333333333,0.0,27.766666666666666,0.0,-0.3999999999999986,0.0,Tiruchirappalli,24.5,0.0
2024-11-12 15:00:00,26.4,86,0.0,999.9,12.5,20.4,36,37,15,12,11,1,317,27.0,0.0,29.5,0.0,31.5,0.0,28.1,0.0,27.0,0.0,28.71666666666667,0.0,29.86666666666667,0.0,27.741666666666664,0.0,-0.6000000000000014,0.0,Tiruchirappalli,24.4,0.0
2024-11-12 16:00:00,26.2,85,0.0,1000.6,12.1,21.2,32,35,16,12,11,1,317,26.4,0.0,27.4,0.0,31.3,0.0,29.9,0.0,26.4,0.0,27.866666666666664,0.0,29.558333333333334,0.0,27.73333333333333,0.0,-0.1999999999999993,0.0,Tiruchirappalli,24.6,0.0
2024-11-12 17:00:00,26.0,84,0.0,1000.2,10.4,18.7,39,48,17,12,11,1,317,26.2,0.0,27.0,0.0,30.7,0.0,31.2,0.0,26.1,0.0,27.08333333333333,0.0,29.125,0.0,27.729166666666668,0.0,-0.1999999999999993,0.0,Tiruchirappalli,24.3,0.0
2024-11-12 18:00:00,25.8,84,0.0,999.7,9.9,17.9,45,55,18,12,11,1,317,26.0,0.0,26.4,0.0,29.5,0.0,30.7,0.0,26.0,0.0,26.46666666666667,0.0,28.71666666666667,0.0,27.72083333333333,0.0,-0.1999999999999993,0.0,Tiruchirappalli,24.1,0.0
2024-11-12 19:00:00,25.4,85,0.0,999.2,10.5,19.0,42,51,19,12,11,1,317,25.8,0.0,26.2,0.0,27.4,0.0,31.1,0.0,26.0,0.0,26.133333333333336,0.0,28.241666666666664,0.0,27.69583333333333,0.0,-0.4000000000000021,0.0,Tiruchirappalli,24.0,0.0
2024-11-12 20:00:00,25.3,86,0.0,998.2,9.8,18.7,32,36,20,12,11,1,317,25.4,0.0,26.0,0.0,27.0,0.0,31.7,0.0,25.4,0.0,25.85,0.0,27.70833333333333,0.0,27.691666666666663,0.0,-0.0999999999999978,0.0,Tiruchirappalli,23.8,0.0
2024-11-12 21:00:00,25.1,88,0.0,997.6,7.8,15.5,36,46,21,12,11,1,317,25.3,0.0,25.8,0.0,26.4,0.0,31.5,0.0,25.0,0.0,25.633333333333336,0.0,27.175,0.0,27.695833333333336,0.0,-0.1999999999999993,0.0,Tiruchirappalli,23.7,0.0
2024-11-12 22:00:00,24.8,89,0.0,997.7,12.3,21.9,37,40,22,12,11,1,317,25.1,0.0,25.4,0.0,26.2,0.0,31.3,0.0,25.0,0.0,25.4,0.0,26.63333333333333,0.0,27.6875,0.0,-0.3000000000000007,0.0,Tiruchirappalli,23.6,0.0
2024-11-12 23:00:00,24.5,87,0.0,998.4,15.8,25.8,31,32,23,12,11,1,317,24.8,0.0,25.3,0.0,26.0,0.0,30.7,0.0,24.6,0.0,25.15,0.0,26.116666666666664,0.0,27.683333333333334,0.0,-0.3000000000000007,0.0,Tiruchirappalli,23.5,0.0
2024-11-13 00:00:00,24.2,85,0.0,998.8,11.8,20.1,36,39,0,13,11,2,318,24.5,0.0,25.1,0.0,25.8,0.0,29.5,0.0,24.1,0.0,24.883333333333336,0.0,25.675,0.0,27.6875,0.0,-0.3000000000000007,0.0,Tiruchirappalli,23.4,0.0
2024-11-13 01:00:00,24.5,92,1.1,999.8,10.6,16.2,358,356,1,13,11,2,318,24.2,0.0,24.8,0.0,25.4,0.0,27.4,0.0,24.6,0.0,24.73333333333333,1.0999999999999988,25.433333333333337,1.100000000000002,27.683333333333337,1.0999999999999983,0.3000000000000007,1.1,Tiruchirappalli,23.9,0.7
2024-11-13 02:00:00,24.8,89,0.1,1000.3,3.3,5.2,358,354,2,13,11,2,318,24.5,1.1,24.5,0.0,25.3,0.0,27.0,0.0,26.1,0.0,24.65,1.1999999999999988,25.25,1.2000000000000022,27.629166666666663,1.1999999999999984,0.3000000000000007,-1.0,Tiruchirappalli,23.9,1.5
2024-11-13 03:00:00,25.9,83,0.0,1000.7,6.7,8.6,344,346,3,13,11,2,318,24.8,0.1,24.2,0.0,25.1,0.0,26.4,0.0,28.1,0.0,24.78333333333333,1.1999999999999988,25.20833333333333,1.2000000000000022,27.5375,1.1999999999999984,1.099999999999998,-0.1,Tiruchirappalli,23.9,2.0
2024-11-13 04:00:00,27.2,75,0.0,1000.8,10.5,13.8,354,355,4,13,11,2,318,25.9,0.0,24.5,1.1,24.8,0.0,26.2,0.0,29.9,0.0,25.183333333333334,1.1999999999999988,25.291666666666668,1.2000000000000022,27.425,1.1999999999999984,1.3000000000000007,0.0,Tiruchirappalli,24.6,0.8
2024-11-13 05:00:00,28.3,71,0.0,1001.0,14.4,19.1,23,23,5,13,11,2,318,27.2,0.0,24.8,0.1,24.5,0.0,26.0,0.0,31.2,0.0,25.816666666666663,1.1999999999999988,25.48333333333333,1.2000000000000022,27.304166666666664,1.1999999999999984,1.1000000000000014,0.0,Tiruchirappalli,25.5,0.3
2024-11-13 06:00:00,28.7,70,0.1,1000.1,17.5,24.3,28,29,6,13,11,2,318,28.3,0.0,25.9,0.0,24.2,0.0,25.8,0.0,30.7,0.0,26.566666666666663,1.2999999999999987,25.725,1.300000000000002,27.22083333333333,1.2999999999999985,0.3999999999999986,0.1,Tiruchirappalli,26.4,0.1
2024-11-13 07:00:00,28.2,73,0.1,999.4,19.7,27.3,30,29,7,13,11,2,318,28.7,0.1,27.2,0.0,24.5,1.1,25.4,0.0,31.1,0.0,27.183333333333334,0.2999999999999987,25.95833333333333,1.400000000000002,27.1,1.3999999999999984,-0.5,0.0,Tiruchirappalli,27.1,0.7
2024-11-13 08:00:00,28.5,72,0.1,998.1,19.3,26.8,41,41,8,13,11,2,318,28.2,0.1,28.3,0.0,24.8,0.1,25.3,0.0,31.7,0.0,27.8,0.2999999999999987,26.225,1.5000000000000022,26.966666666666665,1.4999999999999982,0.3000000000000007,0.0,Tiruchirappalli,27.9,0.2
2024-11-13 09:00:00,29.0,70,0.2,997.5,18.7,25.4,50,50,9,13,11,2,318,28.5,0.1,28.7,0.1,25.9,0.0,25.1,0.0,31.5,0.0,28.316666666666663,0.4999999999999986,26.55,1.7000000000000022,26.8625,1.6999999999999984,0.5,0.1,Tiruchirappalli,27.7,0.1
2024-11-13 10:00:00,28.6,72,0.1,996.9,17.3,23.9,46,46,10,13,11,2,318,29.0,0.2,28.2,0.1,27.2,0.0,24.8,0.0,31.3,0.0,28.55,0.5999999999999988,26.86666666666667,1.800000000000002,26.75,1.7999999999999985,-0.3999999999999986,-0.1,Tiruchirappalli,28.3,0.0
2024-11-13 11:00:00,27.4,78,0.2,997.6,18.3,26.1,44,45,11,13,11,2,318,28.6,0.1,28.5,0.1,28.3,0.0,24.5,0.0,30.7,0.0,28.4,0.7999999999999987,27.10833333333333,2.000000000000002,26.6125,1.9999999999999984,-1.2000000000000028,0.1,Tiruchirappalli,26.8,0.8
2024-11-13 12:00:00,26.8,82,0.1,998.3,13.1,19.3,39,37,12,13,11,2,318,27.4,0.2,29.0,0.2,28.7,0.1,24.2,0.0,29.5,0.0,28.08333333333333,0.7999999999999987,27.325000000000003,2.1000000000000023,26.5,2.0999999999999983,-0.5999999999999979,-0.1,Tiruchirappalli,26.2,0.1
2024-11-13 13:00:00,25.8,88,0.0,998.7,11.7,19.3,45,46,13,13,11,2,318,26.8,0.1,28.6,0.1,28.2,0.1,24.5,1.1,27.4,0.0,27.683333333333334,0.6999999999999986,27.433333333333334,1.000000000000002,26.433333333333334,2.0999999999999983,-1.0,-0.1,Tiruchirappalli,24.9,0.1
2024-11-13 14:00:00,25.6,90,0.0,999.4,12.1,20.8,50,52,14,13,11,2,318,25.8,0.0,27.4,0.2,28.5,0.1,24.8,0.1,27.0,0.0,27.2,0.5999999999999986,27.5,0.9000000000000021,26.375,2.0999999999999983,-0.1999999999999993,0.0,Tiruchirappalli,24.6,0.0
2024-11-13 15:00:00,25.5,91,0.0,1000.5,12.6,21.5,46,49,15,13,11,2,318,25.6,0.0,26.8,0.1,29.0,0.2,25.9,0.0,26.4,0.0,26.616666666666664,0.3999999999999987,27.466666666666665,0.9000000000000021,26.3375,2.0999999999999983,-0.1000000000000014,0.0,Tiruchirappalli,24.4,0.0
2024-11-13 16:00:00,25.2,92,0.0,1001.0,12.9,22.0,39,42,16,13,11,2,318,25.5,0.0,25.8,0.0,28.6,0.1,27.2,0.0,26.2,0.0,26.05,0.2999999999999987,27.3,0.9000000000000021,26.29583333333333,2.0999999999999983,-0.3000000000000007,0.0,Tiruchirappalli,24.1,0.0
2024-11-13 17:00:00,25.0,92,0.0,1001.1,13.1,22.7,34,34,17,13,11,2,318,25.2,0.0,25.6,0.0,27.4,0.2,28.3,0.0,26.0,0.0,25.649999999999995,0.0999999999999986,27.024999999999995,0.9000000000000021,26.254166666666663,2.0999999999999983,-0.1999999999999993,0.0,Tiruchirappalli,23.8,0.0
2024-11-13 18:00:00,24.9,92,0.0,1000.7,12.1,21.1,33,35,18,13,11,2,318,25.0,0.0,25.5,0.0,26.8,0.1,28.7,0.1,25.8,0.0,25.33333333333333,0.0,26.70833333333333,0.800000000000002,26.21666666666667,2.0999999999999983,-0.1000000000000014,0.0,Tiruchirappalli,23.9,0.0
2024-11-13 19:00:00,24.4,92,0.4,1000.3,10.0,17.9,32,34,19,13,11,2,318,24.9,0.0,25.2,0.0,25.8,0.0,28.2,0.1,25.4,0.0,25.1,0.3999999999999987,26.391666666666666,1.100000000000002,26.175,2.4999999999999982,-0.5,0.4,Tiruchirappalli,23.9,0.0
2024-11-13 20:00:00,24.2,93,0.9,999.1,8.6,15.1,25,20,20,13,11,2,318,24.4,0.4,25.0,0.0,25.6,0.0,28.5,0.1,25.3,0.0,24.866666666666664,1.2999999999999987,26.03333333333333,1.900000000000002,26.129166666666663,3.3999999999999986,-0.1999999999999993,0.5,Tiruchirappalli,24.0,0.0
2024-11-13 21:00:00,24.2,94,0.5,998.5,7.0,14.5,41,48,21,13,11,2,318,24.2,0.9,24.9,0.0,25.5,0.0,29.0,0.2,25.1,0.0,24.65,1.7999999999999987,25.633333333333336,2.200000000000002,26.091666666666665,3.899999999999999,0.0,-0.4,Tiruchirappalli,23.9,0.0
2024-11-13 22:00:00,23.9,96,1.3,998.6,8.1,15.4,27,25,22,13,11,2,318,24.2,0.5,24.4,0.4,25.2,0.0,28.6,0.1,24.8,0.0,24.433333333333334,3.0999999999999988,25.241666666666664,3.400000000000002,26.054166666666664,5.199999999999998,-0.3000000000000007,0.8,Tiruchirappalli,23.8,0.0
2024-11-13 23:00:00,23.5,94,2.2,999.0,10.6,18.0,32,32,23,13,11,2,318,23.9,1.3,24.2,0.9,25.0,0.0,27.4,0.2,24.5,0.0,24.183333333333334,5.299999999999999,24.916666666666668,5.400000000000002,26.0125,7.399999999999999,-0.3999999999999986,0.9000000000000001,Tiruchirappalli,23.8,0.0
2024-11-14 00:00:00,23.2,94,0.2,999.8,9.1,16.4,40,34,0,14,11,3,319,23.5,2.2,24.2,0.5,24.9,0.0,26.8,0.1,24.2,0.0,23.899999999999995,5.499999999999999,24.616666666666664,5.500000000000002,25.97083333333333,7.599999999999999,-0.3000000000000007,-2.0,Tiruchirappalli,23.9,0.0
2024-11-14 01:00:00,25.2,90,0.1,1000.6,10.5,18.3,35,41,1,14,11,3,319,23.2,0.2,23.9,1.3,24.4,0.4,25.8,0.0,24.5,1.1,24.03333333333333,5.199999999999998,24.566666666666663,5.600000000000002,26.0,6.599999999999998,2.0,-0.1,Tiruchirappalli,24.4,0.0
2024-11-14 02:00:00,25.9,85,0.1,1001.1,10.7,16.8,28,30,2,14,11,3,319,25.2,0.1,23.5,2.2,24.2,0.9,25.6,0.0,24.8,0.1,24.316666666666663,4.4,24.59166666666667,5.700000000000002,26.04583333333333,6.599999999999999,0.6999999999999993,0.0,Tiruchirappalli,24.9,0.0
2024-11-14 03:00:00,27.0,80,0.3,1002.4,13.3,18.2,39,40,3,14,11,3,319,25.9,0.1,23.2,0.2,24.2,0.5,25.5,0.0,25.9,0.0,24.78333333333333,4.199999999999999,24.71666666666667,6.000000000000002,26.09166666666667,6.899999999999999,1.1000000000000014,0.1999999999999999,Tiruchirappalli,25.5,0.0
2024-11-14 04:00:00,27.4,76,0.1,1002.7,14.1,19.0,40,40,4,14,11,3,319,27.0,0.3,25.2,0.1,23.9,1.3,25.2,0.0,27.2,0.0,25.366666666666664,2.9999999999999987,24.899999999999995,6.100000000000002,26.1,6.999999999999998,0.3999999999999986,-0.1999999999999999,Tiruchirappalli,26.7,0.0
2024-11-14 05:00:00,27.1,76,0.5,1002.6,14.8,20.0,42,43,5,14,11,3,319,27.4,0.1,25.9,0.1,23.5,2.2,25.0,0.0,28.3,0.0,25.96666666666667,1.2999999999999987,25.075,6.600000000000002,26.05,7.499999999999998,-0.2999999999999971,0.4,Tiruchirappalli,28.0,0.1
2024-11-14 06:00:00,28.9,71,0.4,1001.5,14.5,19.3,45,45,6,14,11,3,319,27.1,0.5,27.0,0.3,23.2,0.2,24.9,0.0,28.7,0.1,26.916666666666668,1.499999999999999,25.40833333333333,7.000000000000002,26.058333333333334,7.799999999999999,1.7999999999999972,-0.0999999999999999,Tiruchirappalli,28.4,0.1
2024-11-14 07:00:00,30.7,62,0.2,1000.4,12.1,15.5,55,52,7,14,11,3,319,28.9,0.4,27.4,0.1,25.2,0.1,24.4,0.4,28.2,0.1,27.83333333333333,1.5999999999999988,25.933333333333334,6.8000000000000025,26.162500000000005,7.899999999999999,1.8000000000000007,-0.2,Tiruchirappalli,28.9,0.0
2024-11-14 08:00:00,29.2,70,1.3,999.7,10.2,13.8,64,69,8,14,11,3,319,30.7,0.2,27.1,0.5,25.9,0.1,24.2,0.9,28.5,0.1,28.383333333333336,2.799999999999999,26.350000000000005,7.200000000000003,26.191666666666663,9.099999999999998,-1.5,1.1,Tiruchirappalli,28.9,0.0
2024-11-14 09:00:00,26.1,84,2.2,999.3,11.9,17.1,91,91,9,14,11,3,319,29.2,1.3,28.9,0.4,27.0,0.3,24.2,0.5,29.0,0.2,28.23333333333333,4.699999999999999,26.50833333333333,8.900000000000002,26.070833333333336,11.1,-3.099999999999998,0.9000000000000001,Tiruchirappalli,28.5,0.0
2024-11-14 10:00:00,27.0,82,0.1,999.1,8.9,12.2,82,84,10,14,11,3,319,26.1,2.2,30.7,0.2,27.4,0.1,23.9,1.3,28.6,0.1,28.166666666666668,4.699999999999999,26.766666666666666,7.700000000000003,26.004166666666663,11.099999999999998,0.8999999999999986,-2.1,Tiruchirappalli,28.4,0.0
2024-11-14 11:00:00,27.1,81,1.7,999.6,13.0,17.6,79,80,11,14,11,3,319,27.0,0.1,29.2,1.3,27.1,0.5,23.5,2.2,27.4,0.2,28.166666666666668,5.9,27.066666666666663,7.200000000000003,25.99166666666667,12.6,0.1000000000000014,1.6,Tiruchirappalli,27.6,0.2
2024-11-14 12:00:00,25.5,88,0.2,1000.7,10.2,15.2,57,56,12,14,11,3,319,27.1,1.7,26.1,2.2,28.9,0.4,23.2,0.2,26.8,0.1,27.600000000000005,5.699999999999999,27.258333333333336,7.200000000000003,25.9375,12.7,-1.6000000000000014,-1.5,Tiruchirappalli,26.6,0.2
2024-11-14 13:00:00,25.5,91,0.0,1001.3,6.9,13.9,51,49,13,14,11,3,319,25.5,0.2,27.0,0.1,30.7,0.2,25.2,0.1,25.8,0.0,26.73333333333333,5.499999999999999,27.28333333333333,7.100000000000003,25.925,12.7,0.0,-0.2,Tiruchirappalli,26.7,0.0
2024-11-14 14:00:00,25.2,93,0.0,1001.9,8.0,15.4,54,56,14,14,11,3,319,25.5,0.0,27.1,1.7,29.2,1.3,25.9,0.1,25.6,0.0,26.066666666666663,4.199999999999999,27.225,7.000000000000003,25.90833333333333,12.7,-0.3000000000000007,0.0,Tiruchirappalli,26.3,0.1
2024-11-14 15:00:00,24.7,94,0.0,1002.3,7.9,16.2,46,55,15,14,11,3,319,25.2,0.0,25.5,0.2,26.1,2.2,27.0,0.3,25.5,0.0,25.83333333333333,1.9999999999999991,27.03333333333333,6.700000000000003,25.875,12.7,-0.5,0.0,Tiruchirappalli,26.0,0.0
2024-11-14 16:00:00,24.6,94,0.0,1002.9,8.7,18.0,44,52,16,14,11,3,319,24.7,0.0,25.5,0.0,27.0,0.1,27.4,0.1,25.2,0.0,25.433333333333337,1.899999999999999,26.8,6.600000000000003,25.85,12.7,-0.0999999999999978,0.0,Tiruchirappalli,25.6,0.0
2024-11-14 17:00:00,24.6,93,0.0,1002.9,10.3,19.9,44,50,17,14,11,3,319,24.6,0.0,25.2,0.0,27.1,1.7,27.1,0.5,25.0,0.0,25.016666666666666,0.1999999999999991,26.591666666666665,6.100000000000003,25.83333333333333,12.7,0.0,0.0,Tiruchirappalli,25.2,0.0
2024-11-14 18:00:00,24.3,94,0.0,1002.6,12.0,22.0,43,51,18,14,11,3,319,24.6,0.0,24.7,0.0,25.5,0.2,28.9,0.4,24.9,0.0,24.816666666666663,0.0,26.20833333333333,5.700000000000003,25.808333333333334,12.7,-0.3000000000000007,0.0,Tiruchirappalli,24.9,0.0
2024-11-14 19:00:00,24.2,92,0.0,1002.2,13.4,23.8,45,51,19,14,11,3,319,24.3,0.0,24.6,0.0,25.5,0.0,30.7,0.2,24.4,0.4,24.6,0.0,25.666666666666668,5.500000000000003,25.8,12.3,-0.1000000000000014,0.0,Tiruchirappalli,24.5,0.0
2024-11-14 20:00:00,23.8,93,0.0,1001.7,14.0,24.3,50,53,20,14,11,3,319,24.2,0.0,24.6,0.0,25.2,0.0,29.2,1.3,24.2,0.9,24.366666666666664,0.0,25.216666666666665,4.200000000000003,25.78333333333333,11.4,-0.3999999999999986,0.0,Tiruchirappalli,24.2,0.0
2024-11-14 21:00:00,23.4,94,1.7,1001.4,10.0,17.5,50,57,21,14,11,3,319,23.8,0.0,24.3,0.0,24.7,0.0,26.1,2.2,24.2,0.5,24.15,1.699999999999999,24.99166666666667,3.700000000000002,25.75,12.599999999999998,-0.4000000000000021,1.7,Tiruchirappalli,23.9,0.3
2024-11-14 22:00:00,23.6,95,0.9,1000.8,9.3,16.4,48,50,22,14,11,3,319,23.4,1.7,24.2,0.0,24.6,0.0,27.0,0.1,23.9,1.3,23.98333333333333,2.599999999999999,24.70833333333333,4.500000000000002,25.7375,12.199999999999998,0.2000000000000028,-0.7999999999999999,Tiruchirappalli,23.8,0.0
2024-11-14 23:00:00,23.4,94,0.0,1001.3,11.4,20.0,38,38,23,14,11,3,319,23.6,0.9,23.8,0.0,24.6,0.0,27.1,1.7,23.5,2.2,23.78333333333333,2.599999999999999,24.4,2.800000000000002,25.73333333333333,9.999999999999998,-0.2000000000000028,-0.9,Tiruchirappalli,22.9,3.1
2024-11-15 00:00:00,23.7,93,0.1,1001.5,10.8,18.9,34,38,0,15,11,4,320,23.4,0.0,23.4,1.7,24.3,0.0,25.5,0.2,23.2,0.2,23.683333333333334,2.7,24.25,2.7000000000000024,25.754166666666663,9.9,0.3000000000000007,0.1,Tiruchirappalli,23.2,0.4
2024-11-15 01:00:00,24.6,94,1.4,1001.9,12.3,22.1,28,32,1,15,11,4,320,23.7,0.1,23.6,0.9,24.2,0.0,25.5,0.0,25.2,0.1,23.75,4.099999999999999,24.175,4.100000000000002,25.729166666666668,11.199999999999998,0.9000000000000021,1.2999999999999998,Tiruchirappalli,23.7,1.0
2024-11-15 02:00:00,24.4,95,3.7,1002.8,11.6,20.1,36,36,2,15,11,4,320,24.6,1.4,23.4,0.0,23.8,0.0,25.2,0.0,25.9,0.1,23.85,7.799999999999999,24.10833333333333,7.800000000000002,25.666666666666668,14.799999999999995,-0.2000000000000028,2.3000000000000003,Tiruchirappalli,23.7,3.6
2024-11-15 03:00:00,24.5,95,6.0,1003.4,7.6,14.0,33,38,3,15,11,4,320,24.4,3.7,23.7,0.1,23.4,1.7,24.7,0.0,27.0,0.3,24.03333333333333,12.099999999999998,24.09166666666667,13.800000000000002,25.5625,20.5,0.1000000000000014,2.3,Tiruchirappalli,23.6,7.5
2024-11-15 04:00:00,24.5,95,2.7,1003.8,8.1,14.5,41,45,4,15,11,4,320,24.5,6.0,24.6,1.4,23.6,0.9,24.6,0.0,27.4,0.1,24.183333333333334,13.9,24.08333333333333,16.500000000000004,25.441666666666663,23.1,0.0,-3.3,Tiruchirappalli,23.8,8.1
2024-11-15 05:00:00,25.3,91,0.6,1003.3,13.4,19.3,35,35,5,15,11,4,320,24.5,2.7,24.4,3.7,23.4,0.0,24.6,0.0,27.1,0.5,24.5,14.499999999999998,24.14166666666667,17.1,25.366666666666664,23.2,0.8000000000000007,-2.1,Tiruchirappalli,23.7,1.2
2024-11-15 06:00:00,26.3,85,0.2,1002.2,13.3,19.0,23,23,6,15,11,4,320,25.3,0.6,24.5,6.0,23.7,0.1,24.3,0.0,28.9,0.4,24.933333333333334,14.6,24.308333333333334,17.300000000000004,25.258333333333336,23.0,1.0,-0.3999999999999999,Tiruchirappalli,25.0,0.4
2024-11-15 07:00:00,27.0,82,0.5,1001.0,15.5,21.2,34,35,7,15,11,4,320,26.3,0.2,24.5,2.7,24.6,1.4,24.2,0.0,30.7,0.2,25.33333333333333,13.7,24.541666666666668,17.800000000000004,25.104166666666668,23.3,0.6999999999999993,0.3,Tiruchirappalli,27.1,0.3
2024-11-15 08:00:00,27.3,81,0.2,999.8,15.5,21.3,43,44,8,15,11,4,320,27.0,0.5,25.3,0.6,24.4,3.7,23.8,0.0,29.2,1.3,25.816666666666663,10.2,24.83333333333333,18.000000000000004,25.025,22.2,0.3000000000000007,-0.3,Tiruchirappalli,26.5,0.5
2024-11-15 09:00:00,27.0,83,0.3,999.2,14.5,19.5,52,53,9,15,11,4,320,27.3,0.2,26.3,0.2,24.5,6.0,23.4,1.7,26.1,2.2,26.23333333333333,4.499999999999999,25.13333333333333,16.600000000000005,25.0625,20.3,-0.3000000000000007,0.0999999999999999,Tiruchirappalli,26.5,0.3
2024-11-15 10:00:00,26.2,87,0.8,999.0,8.5,12.1,62,63,10,15,11,4,320,27.0,0.3,27.0,0.5,24.5,2.7,23.6,0.9,27.0,0.1,26.516666666666666,2.599999999999999,25.35,16.500000000000004,25.02916666666667,21.0,-0.8000000000000007,0.5,Tiruchirappalli,26.8,0.0
2024-11-15 11:00:00,26.1,87,1.4,999.7,12.0,16.5,45,45,11,15,11,4,320,26.2,0.8,27.3,0.2,25.3,0.6,23.4,0.0,27.1,1.7,26.649999999999995,3.399999999999999,25.575,17.900000000000002,24.9875,20.7,-0.0999999999999978,0.5999999999999999,Tiruchirappalli,26.7,0.0
2024-11-15 12:00:00,24.8,91,1.2,1000.6,9.3,15.0,84,82,12,15,11,4,320,26.1,1.4,27.0,0.3,26.3,0.2,23.7,0.1,25.5,0.2,26.4,4.4,25.666666666666668,19.0,24.95833333333333,21.7,-1.3000000000000007,-0.1999999999999999,Tiruchirappalli,26.3,0.0
2024-11-15 13:00:00,25.2,93,0.0,1000.6,8.3,16.6,49,48,13,15,11,4,320,24.8,1.2,26.2,0.8,27.0,0.5,24.6,1.4,25.5,0.0,26.100000000000005,3.9,25.71666666666667,17.6,24.94583333333333,21.7,0.3999999999999986,-1.2,Tiruchirappalli,25.4,0.0
2024-11-15 14:00:00,25.0,94,0.0,1001.6,8.6,17.6,52,54,14,15,11,4,320,25.2,0.0,26.1,1.4,27.3,0.2,24.4,3.7,25.2,0.0,25.71666666666667,3.6999999999999993,25.766666666666666,13.900000000000004,24.9375,21.7,-0.1999999999999993,0.0,Tiruchirappalli,25.2,0.0
2024-11-15 15:00:00,24.8,95,0.0,1002.4,7.4,16.1,54,61,15,15,11,4,320,25.0,0.0,24.8,1.2,27.0,0.3,24.5,6.0,24.7,0.0,25.35,3.3999999999999995,25.791666666666668,7.900000000000003,24.941666666666663,21.7,-0.1999999999999993,0.0,Tiruchirappalli,25.0,0.0
2024-11-15 16:00:00,24.5,94,0.1,1002.5,8.4,17.0,51,56,16,15,11,4,320,24.8,0.0,25.2,0.0,26.2,0.8,24.5,2.7,24.6,0.0,25.066666666666663,2.699999999999999,25.791666666666668,5.3000000000000025,24.9375,21.8,-0.3000000000000007,0.1,Tiruchirappalli,24.7,0.0
2024-11-15 17:00:00,24.4,95,0.0,1002.4,8.3,17.3,46,51,17,15,11,4,320,24.5,0.1,25.0,0.0,26.1,1.4,25.3,0.6,24.6,0.0,24.78333333333333,1.2999999999999992,25.716666666666665,4.700000000000003,24.929166666666664,21.8,-0.1000000000000014,-0.1,Tiruchirappalli,24.6,0.0
2024-11-15 18:00:00,24.2,96,0.0,1002.0,6.1,14.8,46,58,18,15,11,4,320,24.4,0.0,24.8,0.0,24.8,1.2,26.3,0.2,24.3,0.0,24.683333333333334,0.0999999999999991,25.541666666666668,4.500000000000003,24.925,21.8,-0.1999999999999993,0.0,Tiruchirappalli,24.5,0.0
2024-11-15 19:00:00,23.9,94,0.3,1001.4,7.5,16.6,41,55,19,15,11,4,320,24.2,0.0,24.5,0.1,25.2,0.0,27.0,0.5,24.2,0.0,24.46666666666667,0.3999999999999991,25.28333333333333,4.3000000000000025,24.9125,22.1,-0.3000000000000007,0.3,Tiruchirappalli,24.4,0.0
2024-11-15 20:00:00,23.4,96,6.1,1001.0,5.1,11.8,50,84,20,15,11,4,320,23.9,0.3,24.4,0.0,25.0,0.0,27.3,0.2,23.8,0.0,24.2,6.499999999999999,24.95833333333333,10.200000000000005,24.89583333333333,28.2,-0.5,5.8,Tiruchirappalli,24.2,0.0
2024-11-15 21:00:00,23.3,98,3.5,1000.8,5.8,8.5,90,126,21,15,11,4,320,23.4,6.1,24.2,0.0,24.8,0.0,27.0,0.3,23.4,1.7,23.95,10.0,24.65,13.400000000000002,24.891666666666666,30.0,-0.0999999999999978,-2.6,Tiruchirappalli,24.2,0.0
2024-11-15 22:00:00,23.0,98,3.6,1000.9,5.3,9.1,131,145,22,15,11,4,320,23.3,3.5,23.9,0.3,24.5,0.1,26.2,0.8,23.6,0.9,23.7,13.5,24.383333333333336,16.200000000000003,24.866666666666664,32.7,-0.3000000000000007,0.1,Tiruchirappalli,24.0,0.2
2024-11-15 23:00:00,23.2,97,0.7,1000.6,7.9,13.8,39,41,23,15,11,4,320,23.0,3.6,23.4,6.1,24.4,0.0,26.1,1.4,23.4,0.0,23.5,14.2,24.141666666666666,15.500000000000002,24.85833333333333,33.4,0.1999999999999993,-2.9000000000000004,Tiruchirappalli,24.0,0.3
2024-11-16 00:00:00,23.2,96,0.0,1000.8,10.9,19.1,34,31,0,16,11,5,321,23.2,0.7,23.3,3.5,24.2,0.0,24.8,1.2,23.7,0.1,23.33333333333333,14.2,24.00833333333333,14.300000000000002,24.8375,33.3,0.0,-0.7,Tiruchirappalli,24.0,0.1
2024-11-16 01:00:00,24.5,94,0.2,1001.0,10.5,19.1,30,35,1,16,11,5,321,23.2,0.0,23.0,3.6,23.9,0.3,25.2,0.0,24.6,1.4,23.433333333333334,14.1,23.95,14.500000000000004,24.83333333333333,32.1,1.3000000000000007,0.2,Tiruchirappalli,24.6,0.0
2024-11-16 02:00:00,24.5,95,6.6,1002.0,10.7,19.1,28,29,2,16,11,5,321,24.5,0.2,23.2,0.7,23.4,6.1,25.0,0.0,24.4,3.7,23.616666666666664,14.599999999999998,23.90833333333333,21.1,24.8375,35.0,0.0,6.4,Tiruchirappalli,25.0,0.0
2024-11-16 03:00:00,24.6,95,5.8,1003.1,11.0,18.8,30,32,3,16,11,5,321,24.5,6.6,23.2,0.0,23.3,3.5,24.8,0.0,24.5,6.0,23.83333333333333,16.9,23.891666666666666,26.9,24.841666666666665,34.8,0.1000000000000014,-0.7999999999999998,Tiruchirappalli,25.3,0.0
2024-11-16 04:00:00,24.4,94,3.1,1003.2,12.2,20.5,27,26,4,16,11,5,321,24.6,5.8,24.5,0.2,23.0,3.6,24.5,0.1,24.5,2.7,24.066666666666663,16.4,23.88333333333333,29.9,24.8375,35.2,-0.2000000000000028,-2.7,Tiruchirappalli,25.9,0.0
2024-11-16 05:00:00,25.1,91,1.2,1003.1,15.9,24.3,46,47,5,16,11,5,321,24.4,3.1,24.5,6.6,23.2,0.7,24.4,0.0,25.3,0.6,24.383333333333336,16.9,23.941666666666663,31.1,24.829166666666666,35.8,0.7000000000000028,-1.9,Tiruchirappalli,26.9,0.0
2024-11-16 06:00:00,25.6,86,0.5,1002.1,14.6,19.6,58,58,6,16,11,5,321,25.1,1.2,24.6,5.8,23.2,0.0,24.2,0.0,26.3,0.2,24.78333333333333,17.4,24.058333333333337,31.6,24.8,36.1,0.5,-0.7,Tiruchirappalli,27.8,0.0
2024-11-16 07:00:00,26.6,84,0.1,1001.1,12.1,16.4,47,44,7,16,11,5,321,25.6,0.5,24.4,3.1,24.5,0.2,23.9,0.3,27.0,0.5,25.133333333333336,17.299999999999997,24.28333333333333,31.4,24.78333333333333,35.7,1.0,-0.4,Tiruchirappalli,28.9,0.0
2024-11-16 08:00:00,27.6,79,0.2,1000.1,12.7,16.9,63,63,8,16,11,5,321,26.6,0.1,25.1,1.2,24.5,6.6,23.4,6.1,27.3,0.2,25.65,10.9,24.633333333333336,25.500000000000004,24.79583333333333,35.7,1.0,0.1,Tiruchirappalli,29.6,0.0
2024-11-16 09:00:00,25.2,87,6.3,999.7,13.4,19.3,74,72,9,16,11,5,321,27.6,0.2,25.6,0.5,24.6,5.8,23.3,3.5,27.0,0.3,25.75,11.4,24.791666666666668,28.3,24.72083333333333,41.7,-2.400000000000002,6.1,Tiruchirappalli,29.6,0.0
2024-11-16 10:00:00,25.8,86,0.0,998.6,13.0,18.4,62,62,10,16,11,5,321,25.2,6.3,26.6,0.1,24.4,3.1,23.0,3.6,26.2,0.8,25.98333333333333,8.299999999999999,25.025,24.7,24.704166666666666,40.89999999999999,0.6000000000000014,-6.3,Tiruchirappalli,29.2,0.0
2024-11-16 11:00:00,26.7,81,0.0,998.7,12.2,18.0,59,59,11,16,11,5,321,25.8,0.0,27.6,0.2,25.1,1.2,23.2,0.7,26.1,1.4,26.25,7.099999999999999,25.316666666666663,24.0,24.729166666666668,39.49999999999999,0.8999999999999986,0.0,Tiruchirappalli,29.1,0.0
2024-11-16 12:00:00,25.9,87,0.1,999.6,10.2,16.5,60,60,12,16,11,5,321,26.7,0.0,25.2,6.3,25.6,0.5,23.2,0.0,24.8,1.2,26.3,6.699999999999998,25.541666666666668,24.1,24.775,38.4,-0.8000000000000007,0.1,Tiruchirappalli,27.9,0.0
2024-11-16 13:00:00,24.7,94,0.0,1000.2,7.5,14.8,48,48,13,16,11,5,321,25.9,0.1,25.8,0.0,26.6,0.1,24.5,0.2,25.2,0.0,25.98333333333333,6.599999999999998,25.558333333333337,23.9,24.754166666666663,38.4,-1.1999999999999993,-0.1,Tiruchirappalli,26.2,0.0
2024-11-16 14:00:00,24.5,94,0.0,1001.1,7.0,15.4,45,42,14,16,11,5,321,24.7,0.0,26.7,0.0,27.6,0.2,24.5,6.6,25.0,0.0,25.46666666666667,6.399999999999999,25.558333333333337,17.300000000000004,24.73333333333333,38.4,-0.1999999999999993,0.0,Tiruchirappalli,25.6,0.0
2024-11-16 15:00:00,24.4,95,0.0,1001.8,7.9,17.0,39,41,15,16,11,5,321,24.5,0.0,25.9,0.1,25.2,6.3,24.6,5.8,24.8,0.0,25.33333333333333,0.0999999999999991,25.541666666666668,11.500000000000004,24.716666666666665,38.4,-0.1000000000000014,0.0,Tiruchirappalli,25.3,0.0
2024-11-16 16:00:00,24.4,94,0.0,1002.4,10.7,20.9,39,44,16,16,11,5,321,24.4,0.0,24.7,0.0,25.8,0.0,24.4,3.1,24.5,0.1,25.1,0.0999999999999991,25.541666666666668,8.400000000000002,24.7125,38.3,0.0,0.0,Tiruchirappalli,25.0,0.0
2024-11-16 17:00:00,24.1,94,0.0,1002.4,13.2,23.5,37,39,17,16,11,5,321,24.4,0.0,24.5,0.0,26.7,0.0,25.1,1.2,24.4,0.0,24.666666666666668,0.0999999999999991,25.45833333333333,7.200000000000002,24.7,38.3,-0.2999999999999971,0.0,Tiruchirappalli,24.5,0.0
2024-11-16 18:00:00,23.7,93,0.0,1002.0,12.1,21.7,41,44,18,16,11,5,321,24.1,0.0,24.4,0.0,25.9,0.1,25.6,0.5,24.2,0.0,24.3,0.0,25.3,6.700000000000002,24.679166666666664,38.3,-0.4000000000000021,0.0,Tiruchirappalli,23.9,0.0
2024-11-16 19:00:00,23.4,94,0.0,1001.3,11.2,20.6,42,48,19,16,11,5,321,23.7,0.0,24.4,0.0,24.7,0.0,26.6,0.1,23.9,0.3,24.08333333333333,0.0,25.03333333333333,6.600000000000001,24.65833333333333,37.99999999999999,-0.3000000000000007,0.0,Tiruchirappalli,23.5,0.0
2024-11-16 20:00:00,23.1,95,0.0,1000.7,10.2,20.0,42,46,20,16,11,5,321,23.4,0.0,24.1,0.0,24.5,0.0,27.6,0.2,23.4,6.1,23.85,0.0,24.65833333333333,6.400000000000002,24.64583333333333,31.9,-0.2999999999999971,0.0,Tiruchirappalli,23.4,0.0
2024-11-16 21:00:00,22.9,96,0.0,1000.2,10.3,20.2,44,50,21,16,11,5,321,23.1,0.0,23.7,0.0,24.4,0.0,25.2,6.3,23.3,3.5,23.6,0.0,24.46666666666667,0.1000000000000026,24.629166666666663,28.4,-0.2000000000000028,0.0,Tiruchirappalli,23.4,0.0
2024-11-16 22:00:00,22.8,95,0.0,999.7,9.9,19.9,41,48,22,16,11,5,321,22.9,0.0,23.4,0.0,24.4,0.0,25.8,0.0,23.0,3.6,23.33333333333333,0.0,24.216666666666665,0.1000000000000026,24.620833333333337,24.8,-0.0999999999999978,0.0,Tiruchirappalli,23.4,0.0
2024-11-16 23:00:00,23.0,94,0.0,999.9,10.9,21.1,35,39,23,16,11,5,321,22.8,0.0,23.1,0.0,24.1,0.0,26.7,0.0,23.2,0.7,23.15,0.0,23.90833333333333,0.1000000000000026,24.6125,24.1,0.1999999999999993,0.0,Tiruchirappalli,23.2,0.0
2024-11-17 00:00:00,23.6,92,0.0,1000.5,11.0,20.7,30,34,0,17,11,6,322,23.0,0.0,22.9,0.0,23.7,0.0,25.9,0.1,23.2,0.0,23.133333333333336,0.0,23.71666666666667,0.0,24.629166666666663,24.1,0.6000000000000014,0.0,Tiruchirappalli,22.8,0.0
2024-11-17 01:00:00,24.3,92,0.2,1000.7,10.1,18.8,43,49,1,17,11,6,322,23.6,0.0,22.8,0.0,23.4,0.0,24.7,0.0,24.5,0.2,23.28333333333333,0.1999999999999991,23.683333333333334,0.2000000000000026,24.620833333333334,24.099999999999994,0.6999999999999993,0.2,Tiruchirappalli,23.6,0.0
2024-11-17 02:00:00,25.4,91,0.0,1001.8,12.0,18.2,32,32,2,17,11,6,322,24.3,0.2,23.0,0.0,23.1,0.0,24.5,0.0,24.5,6.6,23.666666666666668,0.1999999999999991,23.75833333333333,0.2000000000000026,24.65833333333333,17.499999999999996,1.099999999999998,-0.2,Tiruchirappalli,24.2,0.0
2024-11-17 03:00:00,26.3,85,0.0,1002.4,14.7,20.4,36,36,3,17,11,6,322,25.4,0.0,23.6,0.0,22.9,0.0,24.4,0.0,24.6,5.8,24.23333333333333,0.1999999999999991,23.916666666666668,0.2000000000000026,24.729166666666668,11.699999999999998,0.9000000000000021,0.0,Tiruchirappalli,25.3,0.0
2024-11-17 04:00:00,27.4,81,0.0,1002.6,15.1,20.7,40,40,4,17,11,6,322,26.3,0.0,24.3,0.2,22.8,0.0,24.4,0.0,24.4,3.1,25.0,0.1999999999999991,24.166666666666668,0.2000000000000026,24.854166666666668,8.599999999999998,1.099999999999998,0.0,Tiruchirappalli,26.9,0.0
2024-11-17 05:00:00,28.6,72,0.0,1002.2,16.7,22.8,46,45,5,17,11,6,322,27.4,0.0,25.4,0.0,23.0,0.0,24.1,0.0,25.1,1.2,25.933333333333334,0.1999999999999991,24.541666666666668,0.2000000000000026,25.0,7.399999999999998,1.2000000000000028,0.0,Tiruchirappalli,28.4,0.0
2024-11-17 06:00:00,28.6,72,0.1,1001.5,14.3,19.4,48,48,6,17,11,6,322,28.6,0.0,26.3,0.0,23.6,0.0,23.7,0.0,25.6,0.5,26.76666666666667,0.2999999999999991,24.950000000000003,0.3000000000000027,25.125,6.999999999999998,0.0,0.1,Tiruchirappalli,29.2,0.0
2024-11-17 07:00:00,27.1,82,2.3,1000.8,11.9,16.3,77,80,7,17,11,6,322,28.6,0.1,27.4,0.0,24.3,0.2,23.4,0.0,26.6,0.1,27.23333333333333,2.399999999999999,25.25833333333333,2.6000000000000023,25.14583333333333,9.199999999999998,-1.5,2.2,Tiruchirappalli,29.8,0.0
2024-11-17 08:00:00,28.6,74,0.3,1000.0,17.5,23.2,57,56,8,17,11,6,322,27.1,2.3,28.6,0.0,25.4,0.0,23.1,0.0,27.6,0.2,27.766666666666666,2.699999999999999,25.71666666666667,2.900000000000002,25.1875,9.299999999999995,1.5,-2.0,Tiruchirappalli,30.1,0.0
2024-11-17 09:00:00,25.7,88,1.6,999.3,7.9,12.2,70,69,9,17,11,6,322,28.6,0.3,28.6,0.1,26.3,0.0,22.9,0.0,25.2,6.3,27.666666666666668,4.299999999999999,25.950000000000003,4.500000000000003,25.20833333333333,4.599999999999998,-2.900000000000002,1.3,Tiruchirappalli,30.0,0.0
2024-11-17 10:00:00,27.7,80,0.2,999.1,12.2,16.5,62,63,10,17,11,6,322,25.7,1.6,27.1,2.3,27.4,0.0,22.8,0.0,25.8,0.0,27.71666666666667,4.499999999999999,26.35833333333333,4.700000000000003,25.2875,4.799999999999998,2.0,-1.4,Tiruchirappalli,29.7,0.0
2024-11-17 11:00:00,27.0,79,0.2,999.0,13.2,18.7,74,75,11,17,11,6,322,27.7,0.2,28.6,0.3,28.6,0.0,23.0,0.0,26.7,0.0,27.450000000000003,4.699999999999999,26.691666666666663,4.900000000000002,25.3,4.999999999999998,-0.6999999999999993,0.0,Tiruchirappalli,29.2,0.0
2024-11-17 12:00:00,26.1,84,0.1,999.5,9.7,16.2,66,62,12,17,11,6,322,27.0,0.2,25.7,1.6,28.6,0.1,23.6,0.0,25.9,0.1,27.03333333333333,4.699999999999999,26.9,5.000000000000003,25.308333333333334,4.999999999999998,-0.8999999999999986,-0.1,Tiruchirappalli,27.8,0.0
2024-11-17 13:00:00,24.8,93,0.4,1000.3,3.3,10.2,73,45,13,17,11,6,322,26.1,0.1,27.7,0.2,27.1,2.3,24.3,0.2,24.7,0.0,26.65,2.7999999999999994,26.941666666666663,5.200000000000002,25.3125,5.399999999999999,-1.3000000000000007,0.3,Tiruchirappalli,27.0,0.0
2024-11-17 14:00:00,24.5,95,0.0,1001.1,4.0,12.0,72,63,14,17,11,6,322,24.8,0.4,27.0,0.2,28.6,0.3,25.4,0.0,24.5,0.0,25.96666666666667,2.5,26.86666666666667,5.200000000000002,25.3125,5.399999999999999,-0.3000000000000007,-0.4,Tiruchirappalli,26.1,0.0
2024-11-17 15:00:00,24.4,96,0.0,1001.8,5.0,14.3,54,55,15,17,11,6,322,24.5,0.0,26.1,0.1,25.7,1.6,26.3,0.0,24.4,0.0,25.75,0.8999999999999991,26.70833333333333,5.200000000000002,25.3125,5.399999999999999,-0.1000000000000014,0.0,Tiruchirappalli,25.4,0.0
2024-11-17 16:00:00,24.6,94,0.0,1002.2,8.4,19.1,41,42,16,17,11,6,322,24.4,0.0,24.8,0.4,27.7,0.2,27.4,0.0,24.4,0.0,25.23333333333333,0.6999999999999991,26.475000000000005,5.200000000000002,25.32083333333333,5.399999999999999,0.2000000000000028,0.0,Tiruchirappalli,25.1,0.0
2024-11-17 17:00:00,24.3,92,0.0,1002.2,10.7,22.2,32,29,17,17,11,6,322,24.6,0.0,24.5,0.0,27.0,0.2,28.6,0.0,24.1,0.0,24.78333333333333,0.4999999999999991,26.116666666666664,5.200000000000002,25.32916666666667,5.399999999999999,-0.3000000000000007,0.0,Tiruchirappalli,24.5,0.0
2024-11-17 18:00:00,24.1,91,0.0,1002.1,11.6,23.6,30,32,18,17,11,6,322,24.3,0.0,24.4,0.0,26.1,0.1,28.6,0.1,23.7,0.0,24.450000000000003,0.3999999999999991,25.741666666666664,5.100000000000002,25.34583333333333,5.399999999999999,-0.1999999999999993,0.0,Tiruchirappalli,23.9,0.0
2024-11-17 19:00:00,24.0,90,0.0,1001.4,12.1,24.2,26,27,19,17,11,6,322,24.1,0.0,24.6,0.0,24.8,0.4,27.1,2.3,23.4,0.0,24.316666666666663,0.0,25.48333333333333,2.800000000000003,25.370833333333334,5.399999999999999,-0.1000000000000014,0.0,Tiruchirappalli,23.4,0.0
2024-11-17 20:00:00,23.8,91,0.0,1000.9,10.4,21.9,25,26,20,17,11,6,322,24.0,0.0,24.3,0.0,24.5,0.0,28.6,0.3,23.1,0.0,24.2,0.0,25.08333333333333,2.500000000000003,25.4,5.399999999999999,-0.1999999999999993,0.0,Tiruchirappalli,23.4,0.0
2024-11-17 21:00:00,23.7,91,0.0,1000.5,9.3,20.4,19,19,21,17,11,6,322,23.8,0.0,24.1,0.0,24.4,0.0,25.7,1.6,22.9,0.0,24.08333333333333,0.0,24.916666666666668,0.9000000000000027,25.433333333333334,5.399999999999999,-0.1000000000000014,0.0,Tiruchirappalli,23.4,0.0
2024-11-17 22:00:00,23.6,91,0.0,1000.3,9.5,20.3,19,19,22,17,11,6,322,23.7,0.0,24.0,0.0,24.6,0.0,27.7,0.2,22.8,0.0,23.916666666666668,0.0,24.575000000000003,0.7000000000000026,25.466666666666665,5.399999999999999,-0.0999999999999978,0.0,Tiruchirappalli,23.4,0.0
2024-11-17 23:00:00,23.5,91,0.0,1000.3,10.0,20.6,16,13,23,17,11,6,322,23.6,0.0,23.8,0.0,24.3,0.0,27.0,0.2,23.0,0.0,23.78333333333333,0.0,24.28333333333333,0.5000000000000027,25.4875,5.399999999999999,-0.1000000000000014,0.0,Tiruchirappalli,23.3,0.0
2024-11-18 00:00:00,23.4,91,0.0,1000.8,8.0,18.0,14,5,0,18,11,0,323,23.5,0.0,23.7,0.0,24.1,0.0,26.1,0.1,23.6,0.0,23.666666666666668,0.0,24.058333333333334,0.4000000000000027,25.479166666666668,5.399999999999999,-0.1000000000000014,0.0,Tiruchirappalli,23.2,0.0
2024-11-18 01:00:00,23.9,92,0.7,1001.7,14.3,24.3,54,56,1,18,11,0,323,23.4,0.0,23.6,0.0,24.0,0.0,24.8,0.4,24.3,0.2,23.65,0.6999999999999991,23.98333333333333,0.7000000000000026,25.4625,5.899999999999999,0.5,0.7,Tiruchirappalli,24.1,0.0
2024-11-18 02:00:00,23.9,94,1.5,1002.5,13.5,24.3,37,34,2,18,11,0,323,23.9,0.7,23.5,0.0,23.8,0.0,24.5,0.0,25.4,0.0,23.666666666666668,2.2,23.933333333333334,2.200000000000003,25.4,7.399999999999999,0.0,0.8,Tiruchirappalli,25.1,0.0
2024-11-18 03:00:00,23.9,95,2.0,1003.3,12.4,21.5,38,40,3,18,11,0,323,23.9,1.5,23.4,0.0,23.7,0.0,24.4,0.0,26.3,0.0,23.7,4.199999999999999,23.891666666666666,4.200000000000003,25.3,9.4,0.0,0.5,Tiruchirappalli,26.6,0.0
2024-11-18 04:00:00,24.6,93,0.8,1003.3,11.7,18.1,37,38,4,18,11,0,323,23.9,2.0,23.9,0.7,23.6,0.0,24.6,0.0,27.4,0.0,23.866666666666664,4.999999999999999,23.891666666666666,5.000000000000003,25.183333333333334,10.199999999999998,0.7000000000000028,-1.2,Tiruchirappalli,27.6,0.0
2024-11-18 05:00:00,25.5,88,0.3,1003.2,13.6,19.2,46,48,5,18,11,0,323,24.6,0.8,23.9,1.5,23.5,0.0,24.3,0.0,28.6,0.0,24.2,5.299999999999999,23.99166666666667,5.3000000000000025,25.05416666666667,10.499999999999998,0.8999999999999986,-0.5,Tiruchirappalli,28.5,0.0
2024-11-18 06:00:00,26.4,82,0.1,1002.5,13.8,19.6,42,42,6,18,11,0,323,25.5,0.3,23.9,2.0,23.4,0.0,24.1,0.0,28.6,0.1,24.7,5.4,24.183333333333334,5.400000000000003,24.9625,10.499999999999998,0.8999999999999986,-0.1999999999999999,Tiruchirappalli,29.3,0.0
2024-11-18 07:00:00,27.1,79,0.7,1001.3,15.0,21.3,42,43,7,18,11,0,323,26.4,0.1,24.6,0.8,23.9,0.7,24.0,0.0,27.1,2.3,25.23333333333333,5.399999999999999,24.441666666666663,6.100000000000002,24.9625,8.899999999999999,0.7000000000000028,0.6,Tiruchirappalli,28.2,0.1
2024-11-18 08:00:00,27.9,76,0.2,1000.4,14.0,18.9,54,55,8,18,11,0,323,27.1,0.7,25.5,0.3,23.9,1.5,23.8,0.0,28.6,0.3,25.9,4.099999999999999,24.78333333333333,6.3000000000000025,24.933333333333334,8.799999999999999,0.7999999999999972,-0.4999999999999999,Tiruchirappalli,27.9,0.4
2024-11-18 09:00:00,27.7,76,0.1,999.4,13.1,18.3,55,54,9,18,11,0,323,27.9,0.2,26.4,0.1,23.9,2.0,23.7,0.0,25.7,1.6,26.53333333333333,2.199999999999999,25.116666666666664,6.400000000000003,25.01666666666667,7.299999999999998,-0.1999999999999993,-0.1,Tiruchirappalli,28.9,0.0
2024-11-18 10:00:00,28.3,72,0.0,999.5,14.8,21.3,57,56,10,18,11,0,323,27.7,0.1,27.1,0.7,24.6,0.8,23.6,0.0,27.7,0.2,27.15,1.399999999999999,25.50833333333333,6.400000000000003,25.041666666666668,7.099999999999998,0.6000000000000014,-0.1,Tiruchirappalli,27.0,0.8
2024-11-18 11:00:00,26.8,81,0.8,999.7,13.0,19.9,64,64,11,18,11,0,323,28.3,0.0,27.9,0.2,25.5,0.3,23.5,0.0,27.0,0.2,27.366666666666664,1.899999999999999,25.78333333333333,7.200000000000003,25.03333333333333,7.699999999999998,-1.5,0.8,Tiruchirappalli,27.4,0.8
2024-11-18 12:00:00,26.2,85,0.1,1000.3,9.4,16.6,70,72,12,18,11,0,323,26.8,0.8,27.7,0.1,26.4,0.1,23.4,0.0,26.1,0.1,27.33333333333333,1.8999999999999992,26.016666666666666,7.300000000000002,25.0375,7.699999999999998,-0.6000000000000014,-0.7000000000000001,Tiruchirappalli,26.2,0.0
2024-11-18 13:00:00,24.9,93,0.1,1000.9,7.5,15.3,59,53,13,18,11,0,323,26.2,0.1,28.3,0.0,27.1,0.7,23.9,0.7,24.8,0.4,26.96666666666667,1.2999999999999994,26.100000000000005,6.700000000000003,25.041666666666668,7.399999999999998,-1.3000000000000007,0.0,Tiruchirappalli,25.7,0.0
2024-11-18 14:00:00,24.6,94,0.0,1002.1,7.3,15.7,58,60,14,18,11,0,323,24.9,0.1,26.8,0.8,27.9,0.2,23.9,1.5,24.5,0.0,26.416666666666668,1.0999999999999992,26.15833333333333,5.200000000000003,25.04583333333333,7.399999999999998,-0.2999999999999971,-0.1,Tiruchirappalli,25.4,0.0
2024-11-18 15:00:00,24.4,95,0.0,1003.0,6.9,15.3,50,47,15,18,11,0,323,24.6,0.0,26.2,0.1,27.7,0.1,23.9,2.0,24.4,0.0,25.86666666666667,0.9999999999999992,26.200000000000003,3.2000000000000024,25.04583333333333,7.399999999999998,-0.2000000000000028,0.0,Tiruchirappalli,25.0,0.0
2024-11-18 16:00:00,24.1,96,0.0,1003.4,4.9,13.3,41,36,16,18,11,0,323,24.4,0.0,24.9,0.1,28.3,0.0,24.6,0.8,24.6,0.0,25.166666666666668,0.9999999999999992,26.15833333333333,2.4000000000000026,25.025,7.399999999999998,-0.2999999999999971,0.0,Tiruchirappalli,24.6,0.0
2024-11-18 17:00:00,23.8,96,0.0,1003.4,5.9,15.5,39,40,17,18,11,0,323,24.1,0.0,24.6,0.0,26.8,0.8,25.5,0.3,24.3,0.0,24.666666666666668,0.1999999999999991,26.016666666666666,2.1000000000000028,25.004166666666663,7.399999999999998,-0.3000000000000007,0.0,Tiruchirappalli,24.3,0.0
2024-11-18 18:00:00,23.9,93,0.0,1003.3,7.8,18.2,36,42,18,18,11,0,323,23.8,0.0,24.4,0.0,26.2,0.1,26.4,0.1,24.1,0.0,24.28333333333333,0.0999999999999991,25.808333333333334,2.0000000000000027,24.995833333333337,7.399999999999998,0.0999999999999978,0.0,Tiruchirappalli,23.9,0.0
2024-11-18 19:00:00,23.9,90,0.0,1003.0,11.0,22.0,35,41,19,18,11,0,323,23.9,0.0,24.1,0.0,24.9,0.1,27.1,0.7,24.0,0.0,24.116666666666664,0.0,25.541666666666668,1.3000000000000027,24.99166666666667,7.399999999999998,0.0,0.0,Tiruchirappalli,23.8,0.0
2024-11-18 20:00:00,24.0,89,0.0,1002.1,13.8,25.7,26,28,20,18,11,0,323,23.9,0.0,23.8,0.0,24.6,0.0,27.9,0.2,23.8,0.0,24.016666666666666,0.0,25.21666666666667,1.1000000000000028,25.0,7.399999999999998,0.1000000000000014,0.0,Tiruchirappalli,23.8,0.0
2024-11-18 21:00:00,23.9,88,0.0,1001.7,14.2,26.0,27,29,21,18,11,0,323,24.0,0.0,23.9,0.0,24.4,0.0,27.7,0.1,23.7,0.0,23.933333333333334,0.0,24.9,1.0000000000000029,25.008333333333336,7.399999999999998,-0.1000000000000014,0.0,Tiruchirappalli,23.9,0.0
2024-11-18 22:00:00,23.8,89,0.0,1001.2,13.6,24.8,24,24,22,18,11,0,323,23.9,0.0,23.9,0.0,24.1,0.0,28.3,0.0,23.6,0.0,23.88333333333333,0.0,24.525,1.0000000000000029,25.016666666666666,7.399999999999998,-0.0999999999999978,0.0,Tiruchirappalli,23.8,0.0
2024-11-18 23:00:00,23.8,88,0.0,1001.4,13.5,24.6,26,27,23,18,11,0,323,23.8,0.0,24.0,0.0,23.8,0.0,26.8,0.8,23.5,0.0,23.883333333333336,0.0,24.275,0.2000000000000026,25.02916666666667,7.399999999999998,0.0,0.0,Tiruchirappalli,23.7,0.0
2024-11-19 00:00:00,23.9,87,0.0,1001.7,11.6,21.4,21,21,0,19,11,1,324,23.8,0.0,23.9,0.0,23.9,0.0,26.2,0.1,23.4,0.0,23.88333333333333,0.0,24.08333333333333,0.1000000000000026,25.05,7.399999999999998,0.0999999999999978,0.0,Tiruchirappalli,23.4,0.0
2024-11-19 01:00:00,24.4,87,0.0,1002.3,15.5,26.9,20,20,1,19,11,1,324,23.9,0.0,23.8,0.0,23.9,0.0,24.9,0.1,23.9,0.7,23.96666666666667,0.0,24.041666666666668,0.0,25.07083333333333,6.6999999999999975,0.5,0.0,Tiruchirappalli,24.5,0.0
2024-11-19 02:00:00,24.9,85,0.0,1003.3,13.1,22.1,22,23,2,19,11,1,324,24.4,0.0,23.8,0.0,24.0,0.0,24.6,0.0,23.9,1.5,24.116666666666664,0.0,24.066666666666663,0.0,25.1125,5.1999999999999975,0.5,0.0,Tiruchirappalli,25.2,0.1
2024-11-19 03:00:00,25.5,82,0.0,1004.0,13.8,22.7,13,12,3,19,11,1,324,24.9,0.0,23.9,0.0,23.9,0.0,24.4,0.0,23.9,2.0,24.38333333333333,0.0,24.15833333333333,0.0,25.179166666666664,3.1999999999999984,0.6000000000000014,0.0,Tiruchirappalli,26.0,0.0
2024-11-19 04:00:00,26.7,75,0.0,1004.2,14.6,21.2,9,9,4,19,11,1,324,25.5,0.0,24.4,0.0,23.8,0.0,24.1,0.0,24.6,0.8,24.866666666666664,0.0,24.375,0.0,25.266666666666666,2.3999999999999986,1.1999999999999993,0.0,Tiruchirappalli,27.7,0.0
2024-11-19 05:00:00,28.0,67,0.1,1004.1,18.8,26.4,25,25,5,19,11,1,324,26.7,0.0,24.9,0.0,23.8,0.0,23.8,0.0,25.5,0.3,25.566666666666663,0.0999999999999991,24.725,0.1000000000000026,25.370833333333334,2.1999999999999984,1.3000000000000007,0.1,Tiruchirappalli,29.1,0.0
2024-11-19 06:00:00,28.4,68,0.1,1003.3,17.3,24.3,32,31,6,19,11,1,324,28.0,0.1,25.5,0.0,23.9,0.0,23.9,0.0,26.4,0.1,26.316666666666663,0.1999999999999991,25.1,0.2000000000000026,25.454166666666666,2.1999999999999984,0.3999999999999986,0.0,Tiruchirappalli,29.9,0.0
2024-11-19 07:00:00,28.9,66,0.0,1002.2,15.7,21.1,37,38,7,19,11,1,324,28.4,0.1,26.7,0.0,24.4,0.0,23.9,0.0,27.1,0.7,27.066666666666663,0.1999999999999991,25.516666666666666,0.2000000000000026,25.529166666666665,1.4999999999999984,0.5,-0.1,Tiruchirappalli,29.6,0.0
2024-11-19 08:00:00,28.9,66,0.0,1000.9,16.8,22.7,42,42,8,19,11,1,324,28.9,0.0,28.0,0.1,24.9,0.0,24.0,0.0,27.9,0.2,27.73333333333333,0.1999999999999991,25.925,0.2000000000000026,25.57083333333333,1.2999999999999985,0.0,0.0,Tiruchirappalli,29.5,0.0
2024-11-19 09:00:00,28.5,69,0.0,1000.0,16.2,22.7,45,45,9,19,11,1,324,28.9,0.0,28.4,0.1,25.5,0.0,23.9,0.0,27.7,0.1,28.23333333333333,0.1999999999999991,26.308333333333334,0.2000000000000026,25.60416666666666,1.1999999999999984,-0.3999999999999986,0.0,Tiruchirappalli,29.6,0.0
2024-11-19 10:00:00,28.4,69,0.0,999.5,15.3,21.1,45,45,10,19,11,1,324,28.5,0.0,28.9,0.0,26.7,0.0,23.8,0.0,28.3,0.0,28.516666666666666,0.1999999999999991,26.691666666666663,0.2000000000000026,25.60833333333333,1.1999999999999984,-0.1000000000000014,0.0,Tiruchirappalli,29.4,0.0
2024-11-19 11:00:00,27.6,71,0.2,999.7,17.4,26.2,45,46,11,19,11,1,324,28.4,0.0,28.9,0.0,28.0,0.1,23.8,0.0,26.8,0.8,28.45,0.2999999999999991,27.00833333333333,0.4000000000000027,25.641666666666666,0.5999999999999983,-0.7999999999999972,0.2,Tiruchirappalli,27.9,0.0
2024-11-19 12:00:00,26.6,77,0.2,1000.2,12.6,21.6,40,41,12,19,11,1,324,27.6,0.2,28.5,0.0,28.4,0.1,23.9,0.0,26.2,0.1,28.15,0.3999999999999991,27.23333333333333,0.6000000000000028,25.65833333333333,0.6999999999999983,-1.0,0.0,Tiruchirappalli,26.9,0.0
2024-11-19 13:00:00,26.7,80,0.0,1000.2,12.0,22.0,50,49,13,19,11,1,324,26.6,0.2,28.4,0.0,28.9,0.0,24.4,0.0,24.9,0.1,27.78333333333333,0.3999999999999991,27.425,0.6000000000000028,25.73333333333333,0.5999999999999983,0.0999999999999978,-0.2,Tiruchirappalli,26.0,0.0
2024-11-19 14:00:00,26.3,80,0.1,1001.5,13.3,23.9,50,50,14,19,11,1,324,26.7,0.0,27.6,0.2,28.9,0.0,24.9,0.0,24.6,0.0,27.35,0.4999999999999991,27.541666666666668,0.7000000000000027,25.804166666666664,0.6999999999999983,-0.3999999999999986,0.1,Tiruchirappalli,25.7,0.0
2024-11-19 15:00:00,26.0,82,0.0,1002.2,14.4,25.4,55,56,15,19,11,1,324,26.3,0.1,26.6,0.2,28.5,0.0,25.5,0.0,24.4,0.0,26.933333333333334,0.4999999999999991,27.58333333333333,0.7000000000000027,25.870833333333334,0.6999999999999982,-0.3000000000000007,-0.1,Tiruchirappalli,25.4,0.0
2024-11-19 16:00:00,25.6,83,0.0,1003.0,13.8,24.4,52,54,16,19,11,1,324,26.0,0.0,26.7,0.0,28.4,0.0,26.7,0.0,24.1,0.0,26.466666666666665,0.4999999999999991,27.491666666666664,0.7000000000000027,25.933333333333334,0.6999999999999982,-0.3999999999999986,0.0,Tiruchirappalli,25.3,0.0
2024-11-19 17:00:00,25.2,83,0.0,1003.1,13.7,24.6,44,44,17,19,11,1,324,25.6,0.0,26.3,0.1,27.6,0.2,28.0,0.1,23.8,0.0,26.066666666666663,0.2999999999999991,27.258333333333336,0.6000000000000028,25.99166666666667,0.6999999999999982,-0.4000000000000021,0.0,Tiruchirappalli,24.9,0.0
2024-11-19 18:00:00,24.9,82,0.0,1002.9,14.1,25.2,42,42,18,19,11,1,324,25.2,0.0,26.0,0.0,26.6,0.2,28.4,0.1,23.9,0.0,25.78333333333333,0.0999999999999991,26.96666666666667,0.5000000000000027,26.03333333333333,0.6999999999999982,-0.3000000000000007,0.0,Tiruchirappalli,24.5,0.0
2024-11-19 19:00:00,24.5,82,0.0,1002.7,13.8,24.5,41,43,19,19,11,1,324,24.9,0.0,25.6,0.0,26.7,0.0,28.9,0.0,23.9,0.0,25.416666666666668,0.0999999999999991,26.6,0.5000000000000027,26.058333333333334,0.6999999999999982,-0.3999999999999986,0.0,Tiruchirappalli,24.2,0.0
2024-11-19 20:00:00,24.2,82,0.0,1002.1,13.7,24.3,37,38,20,19,11,1,324,24.5,0.0,25.2,0.0,26.3,0.1,28.9,0.0,24.0,0.0,25.066666666666663,0.0,26.20833333333333,0.5000000000000027,26.066666666666663,0.6999999999999982,-0.3000000000000007,0.0,Tiruchirappalli,24.1,0.0
2024-11-19 21:00:00,23.9,84,0.3,1001.7,12.8,23.0,36,39,21,19,11,1,324,24.2,0.0,24.9,0.0,26.0,0.0,28.5,0.0,23.9,0.0,24.71666666666667,0.2999999999999991,25.825000000000003,0.8000000000000026,26.066666666666663,0.9999999999999982,-0.3000000000000007,0.3,Tiruchirappalli,24.1,0.0
2024-11-19 22:00:00,23.8,84,0.0,1001.4,14.2,24.8,38,41,22,19,11,1,324,23.9,0.3,24.5,0.0,25.6,0.0,28.4,0.0,23.8,0.0,24.416666666666668,0.2999999999999991,25.441666666666663,0.8000000000000027,26.066666666666663,0.9999999999999982,-0.0999999999999978,-0.3,Tiruchirappalli,23.9,0.0
2024-11-19 23:00:00,22.9,93,3.1,1001.3,12.1,23.2,30,32,23,19,11,1,324,23.8,0.0,24.2,0.0,25.2,0.0,27.6,0.2,23.8,0.0,24.03333333333333,3.399999999999999,25.05,3.700000000000003,26.029166666666665,4.099999999999998,-0.9000000000000021,3.1,Tiruchirappalli,23.5,0.0
2024-11-20 00:00:00,23.2,90,0.4,1002.0,12.9,23.3,37,44,0,20,11,2,325,22.9,3.1,23.9,0.3,24.9,0.0,26.6,0.2,23.9,0.0,23.75,3.799999999999999,24.766666666666666,3.9000000000000026,26.0,4.499999999999998,0.3000000000000007,-2.7,Tiruchirappalli,23.2,0.0
2024-11-20 01:00:00,23.7,91,1.0,1002.4,14.2,26.0,22,24,1,20,11,2,325,23.2,0.4,23.8,0.0,24.5,0.0,26.7,0.0,24.4,0.0,23.616666666666664,4.799999999999999,24.516666666666666,4.900000000000002,25.97083333333333,5.499999999999998,0.5,0.6,Tiruchirappalli,23.8,0.0
2024-11-20 02:00:00,23.7,91,3.6,1003.8,13.1,24.5,20,21,2,20,11,2,325,23.7,1.0,22.9,3.1,24.2,0.0,26.3,0.1,24.9,0.0,23.53333333333333,8.399999999999999,24.3,8.400000000000002,25.92083333333333,9.099999999999998,0.0,2.6,Tiruchirappalli,25.1,0.0
2024-11-20 03:00:00,23.6,92,7.5,1004.8,10.5,20.5,25,27,3,20,11,2,325,23.7,3.6,23.2,0.4,23.9,0.3,26.0,0.0,25.5,0.0,23.48333333333333,15.599999999999998,24.1,15.900000000000002,25.84166666666667,16.599999999999998,-0.0999999999999978,3.9,Tiruchirappalli,26.4,0.0
2024-11-20 04:00:00,23.8,91,8.1,1004.7,13.7,24.7,13,9,4,20,11,2,325,23.6,7.5,23.7,1.0,23.8,0.0,25.6,0.0,26.7,0.0,23.48333333333333,23.7,23.950000000000003,24.000000000000004,25.72083333333333,24.7,0.1999999999999993,0.5999999999999996,Tiruchirappalli,27.3,0.0
2024-11-20 05:00:00,23.7,91,1.2,1004.1,13.2,24.9,15,10,5,20,11,2,325,23.8,8.1,23.7,3.6,22.9,3.1,25.2,0.0,28.0,0.1,23.616666666666664,21.8,23.825,25.200000000000003,25.541666666666668,25.8,-0.1000000000000014,-6.9,Tiruchirappalli,28.3,0.0
2024-11-20 06:00:00,25.0,87,0.4,1003.4,12.5,21.1,23,20,6,20,11,2,325,23.7,1.2,23.6,7.5,23.2,0.4,24.9,0.0,28.4,0.1,23.916666666666668,21.8,23.83333333333333,25.600000000000005,25.4,26.1,1.3000000000000007,-0.7999999999999999,Tiruchirappalli,29.0,0.0
2024-11-20 07:00:00,27.1,74,0.3,1002.4,12.8,18.2,38,39,7,20,11,2,325,25.0,0.4,23.8,8.1,23.7,1.0,24.5,0.0,28.9,0.0,24.48333333333333,21.1,24.05,25.9,25.325000000000003,26.4,2.1000000000000014,-0.1,Tiruchirappalli,29.0,0.0
2024-11-20 08:00:00,26.5,77,0.5,1001.5,12.9,19.0,65,69,8,20,11,2,325,27.1,0.3,23.7,1.2,23.7,3.6,24.2,0.0,28.9,0.0,24.950000000000003,18.0,24.24166666666667,26.4,25.225000000000005,26.9,-0.6000000000000014,0.2,Tiruchirappalli,29.7,0.0
2024-11-20 09:00:00,26.5,79,0.3,1000.4,9.5,13.8,63,63,9,20,11,2,325,26.5,0.5,25.0,0.4,23.6,7.5,23.9,0.3,28.5,0.0,25.433333333333334,10.799999999999995,24.45833333333333,26.4,25.14166666666667,27.2,0.0,-0.2,Tiruchirappalli,30.4,0.0
2024-11-20 10:00:00,26.8,77,0.0,999.8,12.0,18.5,45,45,10,20,11,2,325,26.5,0.3,27.1,0.3,23.8,8.1,23.8,0.0,28.4,0.0,25.933333333333337,2.6999999999999984,24.70833333333333,26.4,25.075,27.2,0.3000000000000007,-0.3,Tiruchirappalli,29.8,0.0
2024-11-20 11:00:00,26.7,77,0.0,999.7,10.9,17.4,47,45,11,20,11,2,325,26.8,0.0,26.5,0.5,23.7,1.2,22.9,3.1,27.6,0.2,26.433333333333334,1.4999999999999982,25.025,23.300000000000004,25.037500000000005,27.0,-0.1000000000000014,0.0,Tiruchirappalli,28.9,0.0
2024-11-20 12:00:00,26.3,78,0.0,1000.2,8.1,15.6,55,53,12,20,11,2,325,26.7,0.0,26.5,0.3,25.0,0.4,23.2,0.4,26.6,0.2,26.65,1.0999999999999983,25.28333333333333,22.9,25.025,26.8,-0.3999999999999986,0.0,Tiruchirappalli,28.0,0.0
2024-11-20 13:00:00,25.4,84,0.0,1001.1,9.5,18.3,62,63,13,20,11,2,325,26.3,0.0,26.8,0.0,27.1,0.3,23.7,1.0,26.7,0.0,26.366666666666664,0.7999999999999983,25.425,21.9,24.97083333333333,26.8,-0.9000000000000021,0.0,Tiruchirappalli,27.1,0.0
2024-11-20 14:00:00,25.2,84,0.0,1001.8,10.9,20.2,63,63,14,20,11,2,325,25.4,0.0,26.7,0.0,26.5,0.5,23.7,3.6,26.3,0.1,26.15,0.2999999999999982,25.55,18.300000000000004,24.925,26.7,-0.1999999999999993,0.0,Tiruchirappalli,26.5,0.0
2024-11-20 15:00:00,25.0,84,0.0,1002.1,12.5,22.7,67,70,15,20,11,2,325,25.2,0.0,26.3,0.0,26.5,0.3,23.6,7.5,26.0,0.0,25.9,0.0,25.666666666666668,10.800000000000002,24.883333333333336,26.7,-0.1999999999999993,0.0,Tiruchirappalli,26.3,0.0
2024-11-20 16:00:00,24.7,84,0.0,1002.2,11.8,21.8,66,70,16,20,11,2,325,25.0,0.0,25.4,0.0,26.8,0.0,23.8,8.1,25.6,0.0,25.55,0.0,25.741666666666664,2.700000000000004,24.84583333333333,26.7,-0.3000000000000007,0.0,Tiruchirappalli,25.6,0.0
2024-11-20 17:00:00,24.6,83,0.0,1001.9,10.6,20.2,58,60,17,20,11,2,325,24.7,0.0,25.2,0.0,26.7,0.0,23.7,1.2,25.2,0.0,25.2,0.0,25.816666666666663,1.5000000000000036,24.82083333333333,26.7,-0.0999999999999978,0.0,Tiruchirappalli,25.4,0.0
2024-11-20 18:00:00,24.5,82,0.0,1001.6,10.2,19.9,52,54,18,20,11,2,325,24.6,0.0,25.0,0.0,26.3,0.0,25.0,0.4,24.9,0.0,24.899999999999995,0.0,25.775,1.1000000000000036,24.804166666666664,26.7,-0.1000000000000014,0.0,Tiruchirappalli,25.3,0.0
2024-11-20 19:00:00,24.4,82,0.0,1001.4,7.5,16.3,41,42,19,20,11,2,325,24.5,0.0,24.7,0.0,25.4,0.0,27.1,0.3,24.5,0.0,24.73333333333333,0.0,25.55,0.8000000000000036,24.8,26.7,-0.1000000000000014,0.0,Tiruchirappalli,25.0,0.3
2024-11-20 20:00:00,24.2,83,0.0,1001.1,7.1,15.9,34,34,20,20,11,2,325,24.4,0.0,24.6,0.0,25.2,0.0,26.5,0.5,24.2,0.0,24.566666666666663,0.0,25.35833333333333,0.3000000000000035,24.8,26.7,-0.1999999999999993,0.0,Tiruchirappalli,24.9,0.0
2024-11-20 21:00:00,24.2,81,0.0,1000.6,9.7,18.4,27,27,21,20,11,2,325,24.2,0.0,24.5,0.0,25.0,0.0,26.5,0.3,23.9,0.3,24.433333333333334,0.0,25.166666666666668,0.0,24.8125,26.4,0.0,0.0,Tiruchirappalli,24.8,0.0
2024-11-20 22:00:00,24.0,81,0.2,1000.4,9.5,18.6,26,32,22,20,11,2,325,24.2,0.0,24.4,0.0,24.7,0.0,26.8,0.0,23.8,0.0,24.316666666666663,0.1999999999999983,24.933333333333337,0.2000000000000035,24.820833333333336,26.6,-0.1999999999999993,0.2,Tiruchirappalli,24.7,0.0
2024-11-20 23:00:00,24.0,82,0.3,1000.4,7.8,16.4,25,32,23,20,11,2,325,24.0,0.2,24.2,0.0,24.6,0.0,26.7,0.0,22.9,3.1,24.21666666666667,0.4999999999999983,24.70833333333333,0.5000000000000036,24.86666666666667,23.8,0.0,0.0999999999999999,Tiruchirappalli,24.3,0.0
2024-11-21 00:00:00,24.0,82,0.1,1001.1,9.2,17.9,32,43,0,21,11,3,326,24.0,0.3,24.2,0.0,24.5,0.0,26.3,0.0,23.2,0.4,24.133333333333336,0.5999999999999983,24.51666666666667,0.6000000000000035,24.9,23.5,0.0,-0.1999999999999999,Tiruchirappalli,24.1,0.0
2024-11-21 01:00:00,24.6,80,0.0,1001.7,14.2,24.5,21,20,1,21,11,3,326,24.0,0.1,24.0,0.2,24.4,0.0,25.4,0.0,23.7,1.0,24.166666666666668,0.5999999999999983,24.45,0.6000000000000035,24.9375,22.5,0.6000000000000014,-0.1,Tiruchirappalli,24.2,0.8
2024-11-21 02:00:00,25.0,79,0.0,1002.8,12.8,21.7,17,16,2,21,11,3,326,24.6,0.0,24.0,0.3,24.2,0.0,25.2,0.0,23.7,3.6,24.3,0.5999999999999983,24.433333333333334,0.6000000000000035,24.991666666666664,18.899999999999995,0.3999999999999986,0.0,Tiruchirappalli,23.6,2.3
2024-11-21 03:00:00,25.3,78,0.0,1003.9,10.5,16.7,19,19,3,21,11,3,326,25.0,0.0,24.0,0.1,24.2,0.0,25.0,0.0,23.6,7.5,24.48333333333333,0.5999999999999983,24.45833333333333,0.6000000000000035,25.0625,11.4,0.3000000000000007,0.0,Tiruchirappalli,23.8,1.0
2024-11-21 04:00:00,25.9,76,0.0,1004.3,12.4,18.7,18,17,4,21,11,3,326,25.3,0.0,24.6,0.0,24.0,0.2,24.7,0.0,23.8,8.1,24.8,0.3999999999999982,24.558333333333334,0.6000000000000035,25.15,3.299999999999998,0.5999999999999979,0.0,Tiruchirappalli,24.9,0.5
2024-11-21 05:00:00,26.9,71,0.0,1004.2,15.2,21.5,23,24,5,21,11,3,326,25.9,0.0,25.0,0.0,24.0,0.3,24.6,0.0,23.7,1.2,25.28333333333333,0.0999999999999982,24.75,0.6000000000000035,25.28333333333333,2.099999999999998,1.0,0.0,Tiruchirappalli,24.9,2.4
2024-11-21 06:00:00,27.8,66,0.0,1003.3,18.6,25.8,27,27,6,21,11,3,326,26.9,0.0,25.3,0.0,24.0,0.1,24.5,0.0,25.0,0.4,25.916666666666668,0.0,25.024999999999995,0.6000000000000035,25.4,1.6999999999999982,0.9000000000000021,0.0,Tiruchirappalli,24.8,1.3
2024-11-21 07:00:00,28.9,61,0.0,1002.0,19.1,26.4,34,35,7,21,11,3,326,27.8,0.0,25.9,0.0,24.6,0.0,24.4,0.0,27.1,0.3,26.633333333333336,0.0,25.4,0.6000000000000035,25.475,1.3999999999999984,1.099999999999998,0.0,Tiruchirappalli,25.1,2.3
2024-11-21 08:00:00,29.6,58,0.0,1000.6,19.2,26.2,40,40,8,21,11,3,326,28.9,0.0,26.9,0.0,25.0,0.0,24.2,0.0,26.5,0.5,27.4,0.0,25.850000000000005,0.6000000000000035,25.604166666666668,0.8999999999999982,0.7000000000000028,0.0,Tiruchirappalli,25.4,0.8
2024-11-21 09:00:00,29.6,57,0.0,999.5,17.9,24.4,41,41,9,21,11,3,326,29.6,0.0,27.8,0.0,25.3,0.0,24.2,0.0,26.5,0.3,28.116666666666664,0.0,26.3,0.6000000000000035,25.73333333333333,0.5999999999999983,0.0,0.0,Tiruchirappalli,25.2,0.8
2024-11-21 10:00:00,29.2,60,0.0,999.1,15.7,22.9,44,45,10,21,11,3,326,29.6,0.0,28.9,0.0,25.9,0.0,24.0,0.2,26.8,0.0,28.666666666666668,0.0,26.73333333333333,0.4000000000000036,25.83333333333333,0.5999999999999983,-0.4000000000000021,0.0,Tiruchirappalli,24.9,1.2
2024-11-21 11:00:00,29.1,61,0.0,999.5,14.9,22.5,47,47,11,21,11,3,326,29.2,0.0,29.6,0.0,26.9,0.0,24.0,0.3,26.7,0.0,29.03333333333333,0.0,27.15833333333333,0.1000000000000035,25.933333333333334,0.5999999999999983,-0.0999999999999978,0.0,Tiruchirappalli,24.5,1.6
2024-11-21 12:00:00,27.9,67,0.0,1000.0,11.0,19.4,57,58,12,21,11,3,326,29.1,0.0,29.6,0.0,27.8,0.0,24.0,0.1,26.3,0.0,29.05,0.0,27.48333333333333,0.0,26.0,0.5999999999999983,-1.2000000000000028,0.0,Tiruchirappalli,24.1,2.9
2024-11-21 13:00:00,26.2,77,0.0,1001.4,10.6,20.3,90,92,13,21,11,3,326,27.9,0.0,29.2,0.0,28.9,0.0,24.6,0.0,25.4,0.0,28.6,0.0,27.616666666666664,0.0,26.03333333333333,0.5999999999999983,-1.6999999999999993,0.0,Tiruchirappalli,23.6,3.3
2024-11-21 14:00:00,25.6,81,0.0,1002.4,11.5,22.4,85,90,14,21,11,3,326,26.2,0.0,29.1,0.0,29.6,0.0,25.0,0.0,25.2,0.0,27.933333333333334,0.0,27.666666666666668,0.0,26.05,0.5999999999999983,-0.5999999999999979,0.0,Tiruchirappalli,23.8,2.2
2024-11-21 15:00:00,25.3,82,0.0,1003.1,11.2,22.0,75,79,15,21,11,3,326,25.6,0.0,27.9,0.0,29.6,0.0,25.3,0.0,25.0,0.0,27.21666666666667,0.0,27.666666666666668,0.0,26.0625,0.5999999999999983,-0.3000000000000007,0.0,Tiruchirappalli,23.8,1.3
2024-11-21 16:00:00,25.0,83,0.0,1003.3,11.1,22.0,67,67,16,21,11,3,326,25.3,0.0,26.2,0.0,29.2,0.0,25.9,0.0,24.7,0.0,26.516666666666666,0.0,27.59166666666667,0.0,26.075000000000003,0.5999999999999983,-0.3000000000000007,0.0,Tiruchirappalli,23.9,2.0
2024-11-21 17:00:00,24.5,84,0.0,1003.1,11.2,21.7,54,52,17,21,11,3,326,25.0,0.0,25.6,0.0,29.1,0.0,26.9,0.0,24.6,0.0,25.75,0.0,27.391666666666666,0.0,26.070833333333336,0.5999999999999983,-0.5,0.0,Tiruchirappalli,23.7,1.5
2024-11-21 18:00:00,23.9,86,0.0,1003.0,9.6,19.8,48,49,18,21,11,3,326,24.5,0.0,25.3,0.0,27.9,0.0,27.8,0.0,24.5,0.0,25.08333333333333,0.0,27.066666666666663,0.0,26.04583333333333,0.5999999999999983,-0.6000000000000014,0.0,Tiruchirappalli,23.7,0.3
2024-11-21 19:00:00,23.5,87,0.0,1002.4,10.6,21.3,44,46,19,21,11,3,326,23.9,0.0,25.0,0.0,26.2,0.0,28.9,0.0,24.4,0.0,24.633333333333336,0.0,26.616666666666664,0.0,26.008333333333336,0.5999999999999983,-0.3999999999999986,0.0,Tiruchirappalli,23.5,1.2
2024-11-21 20:00:00,23.4,86,0.0,1001.6,12.2,23.5,36,37,20,21,11,3,326,23.5,0.0,24.5,0.0,25.6,0.0,29.6,0.0,24.2,0.0,24.266666666666666,0.0,26.1,0.0,25.975,0.5999999999999983,-0.1000000000000014,0.0,Tiruchirappalli,23.4,0.7
2024-11-21 21:00:00,23.4,83,0.0,1000.9,13.1,24.8,33,34,21,21,11,3,326,23.4,0.0,23.9,0.0,25.3,0.0,29.6,0.0,24.2,0.0,23.95,0.0,25.58333333333333,0.0,25.941666666666663,0.5999999999999983,0.0,0.0,Tiruchirappalli,23.4,1.0
2024-11-21 22:00:00,23.4,81,0.0,1000.4,14.4,26.4,29,31,22,21,11,3,326,23.4,0.0,23.5,0.0,25.0,0.0,29.2,0.0,24.0,0.2,23.683333333333334,0.0,25.1,0.0,25.916666666666668,0.3999999999999982,0.0,0.0,Tiruchirappalli,23.3,2.0
2024-11-21 23:00:00,23.2,81,0.0,1000.4,14.2,25.8,25,27,23,21,11,3,326,23.4,0.0,23.4,0.0,24.5,0.0,29.1,0.0,24.0,0.3,23.466666666666665,0.0,24.60833333333333,0.0,25.88333333333333,0.0999999999999982,-0.1999999999999993,0.0,Tiruchirappalli,23.3,1.1
2024-11-22 00:00:00,22.8,82,0.0,1001.1,12.0,23.4,30,33,0,22,11,4,327,23.2,0.0,23.4,0.0,23.9,0.0,27.9,0.0,24.0,0.1,23.28333333333333,0.0,24.183333333333334,0.0,25.83333333333333,0.0,-0.3999999999999986,0.0,Tiruchirappalli,23.2,2.0
2024-11-22 01:00:00,23.6,84,0.0,1001.4,12.9,23.3,27,28,1,22,11,4,327,22.8,0.0,23.4,0.0,23.5,0.0,26.2,0.0,24.6,0.0,23.3,0.0,23.96666666666667,0.0,25.791666666666668,0.0,0.8000000000000007,0.0,Tiruchirappalli,23.3,2.8
2024-11-22 02:00:00,24.2,81,0.0,1002.6,13.5,23.8,29,30,2,22,11,4,327,23.6,0.0,23.2,0.0,23.4,0.0,25.6,0.0,25.0,0.0,23.433333333333334,0.0,23.85,0.0,25.758333333333336,0.0,0.5999999999999979,0.0,Tiruchirappalli,23.6,1.6
2024-11-22 03:00:00,25.3,78,0.0,1003.4,12.8,19.3,24,24,3,22,11,4,327,24.2,0.0,22.8,0.0,23.4,0.0,25.3,0.0,25.3,0.0,23.75,0.0,23.85,0.0,25.75833333333333,0.0,1.1000000000000014,0.0,Tiruchirappalli,24.1,0.9
2024-11-22 04:00:00,26.9,71,0.0,1003.5,16.6,23.1,27,27,4,22,11,4,327,25.3,0.0,23.6,0.0,23.4,0.0,25.0,0.0,25.9,0.0,24.33333333333333,0.0,24.00833333333333,0.0,25.8,0.0,1.599999999999998,0.0,Tiruchirappalli,24.9,0.2
2024-11-22 05:00:00,28.4,64,0.0,1003.0,18.2,24.9,31,31,5,22,11,4,327,26.9,0.0,24.2,0.0,23.2,0.0,24.5,0.0,26.9,0.0,25.200000000000003,0.0,24.33333333333333,0.0,25.8625,0.0,1.5,0.0,Tiruchirappalli,25.1,0.2
2024-11-22 06:00:00,29.2,60,0.0,1002.2,18.3,24.8,30,30,6,22,11,4,327,28.4,0.0,25.3,0.0,22.8,0.0,23.9,0.0,27.8,0.0,26.266666666666666,0.0,24.775,0.0,25.92083333333333,0.0,0.8000000000000007,0.0,Tiruchirappalli,24.7,0.6
2024-11-22 07:00:00,29.8,57,0.0,1000.9,16.8,22.7,33,33,7,22,11,4,327,29.2,0.0,26.9,0.0,23.6,0.0,23.5,0.0,28.9,0.0,27.3,0.0,25.3,0.0,25.95833333333333,0.0,0.6000000000000014,0.0,Tiruchirappalli,24.6,2.0
2024-11-22 08:00:00,30.1,55,0.0,1000.0,16.3,21.9,38,38,8,22,11,4,327,29.8,0.0,28.4,0.0,24.2,0.0,23.4,0.0,29.6,0.0,28.28333333333333,0.0,25.85833333333333,0.0,25.979166666666668,0.0,0.3000000000000007,0.0,Tiruchirappalli,25.3,0.1
2024-11-22 09:00:00,30.0,54,0.0,999.2,16.2,22.2,41,41,9,22,11,4,327,30.1,0.0,29.2,0.0,25.3,0.0,23.4,0.0,29.6,0.0,29.066666666666663,0.0,26.40833333333333,0.0,25.995833333333337,0.0,-0.1000000000000014,0.0,Tiruchirappalli,25.7,0.2
2024-11-22 10:00:00,29.7,54,0.0,999.0,15.8,22.0,43,42,10,22,11,4,327,30.0,0.0,29.8,0.0,26.9,0.0,23.4,0.0,29.2,0.0,29.53333333333333,0.0,26.933333333333337,0.0,26.016666666666666,0.0,-0.3000000000000007,0.0,Tiruchirappalli,25.6,0.1
2024-11-22 11:00:00,29.2,55,0.0,999.1,14.0,20.8,43,41,11,22,11,4,327,29.7,0.0,30.1,0.0,28.4,0.0,23.2,0.0,29.1,0.0,29.666666666666668,0.0,27.433333333333334,0.0,26.02083333333333,0.0,-0.5,0.0,Tiruchirappalli,25.3,0.0
2024-11-22 12:00:00,27.8,61,0.0,999.6,11.7,21.3,47,47,12,22,11,4,327,29.2,0.0,30.0,0.0,29.2,0.0,22.8,0.0,27.9,0.0,29.433333333333334,0.0,27.850000000000005,0.0,26.016666666666666,0.0,-1.3999999999999986,0.0,Tiruchirappalli,24.7,0.0
2024-11-22 13:00:00,27.0,67,0.0,1000.9,9.8,20.1,44,46,13,22,11,4,327,27.8,0.0,29.7,0.0,29.8,0.0,23.6,0.0,26.2,0.0,28.966666666666665,0.0,28.133333333333336,0.0,26.05,0.0,-0.8000000000000007,0.0,Tiruchirappalli,24.4,1.9
2024-11-22 14:00:00,26.1,73,0.0,1002.1,11.1,21.7,75,78,14,22,11,4,327,27.0,0.0,29.2,0.0,30.1,0.0,24.2,0.0,25.6,0.0,28.3,0.0,28.291666666666668,0.0,26.070833333333336,0.0,-0.8999999999999986,0.0,Tiruchirappalli,24.2,0.6
2024-11-22 15:00:00,25.4,79,0.0,1002.8,12.4,23.9,71,73,15,22,11,4,327,26.1,0.0,27.8,0.0,30.0,0.0,25.3,0.0,25.3,0.0,27.53333333333333,0.0,28.3,0.0,26.075,0.0,-0.7000000000000028,0.0,Tiruchirappalli,24.1,0.1
2024-11-22 16:00:00,25.1,80,0.0,1003.0,11.8,22.9,64,67,16,22,11,4,327,25.4,0.0,27.0,0.0,29.7,0.0,26.9,0.0,25.0,0.0,26.76666666666667,0.0,28.15,0.0,26.079166666666666,0.0,-0.2999999999999971,0.0,Tiruchirappalli,24.4,0.0
2024-11-22 17:00:00,24.5,82,0.0,1003.0,9.9,20.2,61,63,17,22,11,4,327,25.1,0.0,26.1,0.0,29.2,0.0,28.4,0.0,24.5,0.0,25.98333333333333,0.0,27.825,0.0,26.079166666666666,0.0,-0.6000000000000014,0.0,Tiruchirappalli,24.2,0.0
2024-11-22 18:00:00,23.9,85,0.0,1003.0,8.3,17.9,62,68,18,22,11,4,327,24.5,0.0,25.4,0.0,27.8,0.0,29.2,0.0,23.9,0.0,25.33333333333333,0.0,27.383333333333336,0.0,26.079166666666666,0.0,-0.6000000000000014,0.0,Tiruchirappalli,24.0,0.0
2024-11-22 19:00:00,23.4,87,0.0,1002.3,7.9,17.6,44,45,19,22,11,4,327,23.9,0.0,25.1,0.0,27.0,0.0,29.8,0.0,23.5,0.0,24.73333333333333,0.0,26.85,0.0,26.075,0.0,-0.5,0.0,Tiruchirappalli,24.1,0.0
2024-11-22 20:00:00,23.4,84,0.0,1001.5,11.7,23.1,40,45,20,22,11,4,327,23.4,0.0,24.5,0.0,26.1,0.0,30.1,0.0,23.4,0.0,24.28333333333333,0.0,26.291666666666668,0.0,26.075000000000003,0.0,0.0,0.0,Tiruchirappalli,23.7,0.0
2024-11-22 21:00:00,23.4,81,0.0,1000.9,11.8,23.1,42,50,21,22,11,4,327,23.4,0.0,23.9,0.0,25.4,0.0,30.0,0.0,23.4,0.0,23.95,0.0,25.74166666666667,0.0,26.075000000000003,0.0,0.0,0.0,Tiruchirappalli,23.1,0.0
2024-11-22 22:00:00,23.4,80,0.0,1000.9,11.0,21.9,41,49,22,22,11,4,327,23.4,0.0,23.4,0.0,25.1,0.0,29.7,0.0,23.4,0.0,23.666666666666668,0.0,25.216666666666665,0.0,26.075,0.0,0.0,0.0,Tiruchirappalli,22.8,0.0
2024-11-22 23:00:00,23.3,80,0.0,1001.2,10.7,21.5,38,46,23,22,11,4,327,23.4,0.0,23.4,0.0,24.5,0.0,29.2,0.0,23.2,0.0,23.466666666666665,0.0,24.725,0.0,26.079166666666666,0.0,-0.0999999999999978,0.0,Tiruchirappalli,23.0,0.0
2024-11-23 00:00:00,23.2,81,0.0,1001.8,11.7,22.9,35,43,0,23,11,5,328,23.3,0.0,23.4,0.0,23.9,0.0,27.8,0.0,22.8,0.0,23.35,0.0,24.341666666666665,0.0,26.09583333333333,0.0,-0.1000000000000014,0.0,Tiruchirappalli,22.8,0.0
2024-11-23 01:00:00,24.1,85,0.0,1002.7,12.4,22.8,31,34,1,23,11,5,328,23.2,0.0,23.4,0.0,23.4,0.0,27.0,0.0,23.6,0.0,23.46666666666667,0.0,24.1,0.0,26.11666666666667,0.0,0.9000000000000021,0.0,Tiruchirappalli,23.4,0.0
2024-11-23 02:00:00,25.1,81,0.0,1003.6,13.0,20.8,29,31,2,23,11,5,328,24.1,0.0,23.3,0.0,23.4,0.0,26.1,0.0,24.2,0.0,23.75,0.0,24.016666666666666,0.0,26.15416666666667,0.0,1.0,0.0,Tiruchirappalli,24.0,0.0
2024-11-23 03:00:00,26.6,76,0.0,1004.4,15.1,21.3,28,28,3,23,11,5,328,25.1,0.0,23.2,0.0,23.4,0.0,25.4,0.0,25.3,0.0,24.28333333333333,0.0,24.116666666666664,0.0,26.20833333333333,0.0,1.5,0.0,Tiruchirappalli,24.5,0.0
2024-11-23 04:00:00,27.6,72,0.0,1004.7,15.5,21.5,31,32,4,23,11,5,328,26.6,0.0,24.1,0.0,23.4,0.0,25.1,0.0,26.9,0.0,24.98333333333333,0.0,24.325000000000003,0.0,26.2375,0.0,1.0,0.0,Tiruchirappalli,25.4,0.0
2024-11-23 05:00:00,28.5,68,0.0,1004.0,17.7,24.2,29,30,5,23,11,5,328,27.6,0.0,25.1,0.0,23.3,0.0,24.5,0.0,28.4,0.0,25.85,0.0,24.65833333333333,0.0,26.241666666666664,0.0,0.8999999999999986,0.0,Tiruchirappalli,26.1,0.0
2024-11-23 06:00:00,29.3,64,0.0,1003.0,19.2,26.3,36,35,6,23,11,5,328,28.5,0.0,26.6,0.0,23.2,0.0,23.9,0.0,29.2,0.0,26.86666666666667,0.0,25.10833333333333,0.0,26.245833333333337,0.0,0.8000000000000007,0.0,Tiruchirappalli,27.7,0.0
2024-11-23 07:00:00,28.2,70,0.1,1002.1,14.2,20.3,38,38,7,23,11,5,328,29.3,0.0,27.6,0.0,24.1,0.0,23.4,0.0,29.8,0.0,27.55,0.0999999999999982,25.508333333333336,0.1000000000000035,26.179166666666664,0.0999999999999982,-1.1000000000000014,0.1,Tiruchirappalli,26.8,0.3
2024-11-23 08:00:00,27.9,68,0.4,1001.1,17.8,24.6,45,43,8,23,11,5,328,28.2,0.1,28.5,0.0,25.1,0.0,23.4,0.0,30.1,0.0,28.016666666666666,0.4999999999999983,25.883333333333336,0.5000000000000036,26.087499999999995,0.4999999999999983,-0.3000000000000007,0.3,Tiruchirappalli,24.8,3.4
2024-11-23 09:00:00,28.9,70,0.0,1000.1,13.1,18.0,44,42,9,23,11,5,328,27.9,0.4,29.3,0.0,26.6,0.0,23.4,0.0,30.0,0.0,28.4,0.4999999999999983,26.341666666666665,0.5000000000000036,26.041666666666668,0.4999999999999983,1.0,-0.4,Tiruchirappalli,23.6,2.1
2024-11-23 10:00:00,27.0,77,0.8,1000.3,17.4,24.3,40,38,10,23,11,5,328,28.9,0.0,28.2,0.1,27.6,0.0,23.4,0.0,29.7,0.0,28.3,1.2999999999999985,26.641666666666666,1.3000000000000036,25.92916666666667,1.2999999999999985,-1.8999999999999984,0.8,Tiruchirappalli,23.4,2.5
2024-11-23 11:00:00,27.4,75,0.8,1000.3,9.5,13.7,35,32,11,23,11,5,328,27.0,0.8,27.9,0.4,28.5,0.0,23.3,0.0,29.2,0.0,28.116666666666664,2.0999999999999983,26.98333333333333,2.100000000000004,25.854166666666668,2.0999999999999983,0.3999999999999986,0.0,Tiruchirappalli,23.0,5.2
2024-11-23 12:00:00,26.2,80,0.0,1000.9,15.0,24.1,52,55,12,23,11,5,328,27.4,0.8,28.9,0.0,29.3,0.0,23.2,0.0,27.8,0.0,27.6,2.0999999999999983,27.23333333333333,2.100000000000004,25.7875,2.0999999999999983,-1.1999999999999993,-0.8,Tiruchirappalli,22.7,0.0
2024-11-23 13:00:00,25.7,86,0.0,1001.4,11.4,20.8,58,59,13,23,11,5,328,26.2,0.0,27.0,0.8,28.2,0.1,24.1,0.0,27.0,0.0,27.183333333333334,1.9999999999999984,27.366666666666664,2.100000000000004,25.73333333333333,2.0999999999999983,-0.5,0.0,Tiruchirappalli,24.2,0.0
2024-11-23 14:00:00,25.4,88,0.0,1002.5,11.3,20.9,54,54,14,23,11,5,328,25.7,0.0,27.4,0.8,27.9,0.4,25.1,0.0,26.1,0.0,26.766666666666666,1.5999999999999983,27.39166666666667,2.100000000000004,25.704166666666666,2.0999999999999983,-0.3000000000000007,0.0,Tiruchirappalli,24.0,0.0
2024-11-23 15:00:00,25.0,89,0.0,1002.9,11.0,20.5,47,48,15,23,11,5,328,25.4,0.0,26.2,0.0,28.9,0.0,26.6,0.0,25.4,0.0,26.116666666666664,1.5999999999999983,27.258333333333336,2.100000000000004,25.6875,2.0999999999999983,-0.3999999999999986,0.0,Tiruchirappalli,24.2,0.0
2024-11-23 16:00:00,24.6,91,0.0,1003.1,8.7,17.7,52,56,16,23,11,5,328,25.0,0.0,25.7,0.0,27.0,0.8,27.6,0.0,25.1,0.0,25.716666666666665,0.7999999999999984,27.00833333333333,2.100000000000004,25.666666666666668,2.0999999999999983,-0.3999999999999986,0.0,Tiruchirappalli,25.0,0.0
2024-11-23 17:00:00,24.3,92,0.0,1003.3,7.7,16.8,51,54,17,23,11,5,328,24.6,0.0,25.4,0.0,27.4,0.8,28.5,0.0,24.5,0.0,25.2,0.0,26.65833333333333,2.100000000000004,25.65833333333333,2.0999999999999983,-0.3000000000000007,0.0,Tiruchirappalli,24.7,0.0
2024-11-23 18:00:00,23.9,94,0.0,1003.1,6.9,16.3,42,49,18,23,11,5,328,24.3,0.0,25.0,0.0,26.2,0.0,29.3,0.0,23.9,0.0,24.816666666666663,0.0,26.20833333333333,2.100000000000004,25.65833333333333,2.0999999999999983,-0.4000000000000021,0.0,Tiruchirappalli,24.3,0.0
2024-11-23 19:00:00,23.8,94,0.0,1002.8,8.6,18.0,43,51,19,23,11,5,328,23.9,0.0,24.6,0.0,25.7,0.0,28.2,0.1,23.4,0.0,24.5,0.0,25.841666666666665,2.000000000000004,25.675,2.0999999999999983,-0.0999999999999978,0.0,Tiruchirappalli,24.0,0.0
2024-11-23 20:00:00,23.8,93,0.0,1001.9,10.6,20.6,36,40,20,23,11,5,328,23.8,0.0,24.3,0.0,25.4,0.0,27.9,0.4,23.4,0.0,24.23333333333333,0.0,25.5,1.6000000000000036,25.691666666666663,2.0999999999999983,0.0,0.0,Tiruchirappalli,23.2,0.0
2024-11-23 21:00:00,23.9,92,0.0,1001.3,11.0,20.7,45,52,21,23,11,5,328,23.8,0.0,23.9,0.0,25.0,0.0,28.9,0.0,23.4,0.0,24.05,0.0,25.08333333333333,1.6000000000000036,25.7125,2.0999999999999983,0.0999999999999978,0.0,Tiruchirappalli,22.9,0.6
2024-11-23 22:00:00,23.8,92,0.0,1001.0,10.1,18.7,45,55,22,23,11,5,328,23.9,0.0,23.8,0.0,24.6,0.0,27.0,0.8,23.4,0.0,23.916666666666668,0.0,24.816666666666663,0.8000000000000036,25.729166666666668,2.0999999999999983,-0.0999999999999978,0.0,Tiruchirappalli,22.6,0.6
2024-11-23 23:00:00,23.7,91,0.0,1001.4,9.9,18.8,40,48,23,23,11,5,328,23.8,0.0,23.8,0.0,24.3,0.0,27.4,0.8,23.3,0.0,23.816666666666663,0.0,24.50833333333333,0.0,25.745833333333337,2.0999999999999983,-0.1000000000000014,0.0,Tiruchirappalli,21.8,0.4
2024-11-24 00:00:00,23.4,92,0.0,1001.9,10.0,19.1,32,34,0,24,11,6,329,23.7,0.0,23.9,0.0,23.9,0.0,26.2,0.0,23.2,0.0,23.73333333333333,0.0,24.275,0.0,25.754166666666663,2.0999999999999983,-0.3000000000000007,0.0,Tiruchirappalli,21.4,0.0
2024-11-24 01:00:00,24.5,86,0.0,1002.6,10.9,20.2,19,19,1,24,11,6,329,23.4,0.0,23.8,0.0,23.8,0.0,25.7,0.0,24.1,0.0,23.85,0.0,24.175,0.0,25.77083333333333,2.0999999999999983,1.1000000000000014,0.0,Tiruchirappalli,23.5,0.0
2024-11-24 02:00:00,25.2,82,0.1,1003.6,11.6,19.7,16,15,2,24,11,6,329,24.5,0.0,23.7,0.0,23.8,0.0,25.4,0.0,25.1,0.0,24.08333333333333,0.0999999999999983,24.15833333333333,0.1000000000000035,25.774999999999995,2.1999999999999984,0.6999999999999993,0.1,Tiruchirappalli,23.7,0.0
2024-11-24 03:00:00,26.0,79,0.0,1004.3,8.4,13.0,14,11,3,24,11,6,329,25.2,0.1,23.4,0.0,23.9,0.0,25.0,0.0,26.6,0.0,24.433333333333334,0.0999999999999983,24.241666666666664,0.1000000000000035,25.75,2.1999999999999984,0.8000000000000007,-0.1,Tiruchirappalli,24.0,0.0
2024-11-24 04:00:00,27.7,71,0.0,1004.3,17.5,24.3,25,25,4,24,11,6,329,26.0,0.0,24.5,0.0,23.8,0.0,24.6,0.0,27.6,0.0,25.08333333333333,0.0999999999999983,24.5,0.1000000000000035,25.754166666666663,2.1999999999999984,1.6999999999999993,0.0,Tiruchirappalli,25.9,0.0
2024-11-24 05:00:00,29.1,63,0.0,1003.5,17.1,23.4,29,29,5,24,11,6,329,27.7,0.0,25.2,0.1,23.7,0.0,24.3,0.0,28.5,0.0,25.98333333333333,0.0999999999999983,24.9,0.1000000000000035,25.77916666666667,2.1999999999999984,1.400000000000002,0.0,Tiruchirappalli,26.1,0.4
2024-11-24 06:00:00,29.9,58,0.0,1002.7,16.9,22.9,38,39,6,24,11,6,329,29.1,0.0,26.0,0.0,23.4,0.0,23.9,0.0,29.3,0.0,27.066666666666663,0.0999999999999983,25.4,0.1000000000000035,25.804166666666664,2.1999999999999984,0.7999999999999972,0.0,Tiruchirappalli,27.3,0.0
2024-11-24 07:00:00,29.6,59,0.0,1001.7,17.6,24.0,42,43,7,24,11,6,329,29.9,0.0,27.7,0.0,24.5,0.0,23.8,0.0,28.2,0.1,27.916666666666668,0.0999999999999983,25.883333333333336,0.1000000000000035,25.8625,2.0999999999999983,-0.2999999999999971,0.0,Tiruchirappalli,28.6,0.0
2024-11-24 08:00:00,29.5,58,0.0,1000.8,16.8,23.5,42,42,8,24,11,6,329,29.6,0.0,29.1,0.0,25.2,0.1,23.8,0.0,27.9,0.4,28.633333333333336,0.0,26.35833333333333,0.1000000000000035,25.92916666666667,1.6999999999999984,-0.1000000000000014,0.0,Tiruchirappalli,28.8,0.0
2024-11-24 09:00:00,29.6,58,0.0,1000.2,17.1,23.8,38,39,9,24,11,6,329,29.5,0.0,29.9,0.0,26.0,0.0,23.9,0.0,28.9,0.0,29.23333333333333,0.0,26.83333333333333,0.1000000000000035,25.95833333333333,1.6999999999999984,0.1000000000000014,0.0,Tiruchirappalli,29.4,0.0
2024-11-24 10:00:00,29.4,59,0.0,999.9,16.8,23.6,42,42,10,24,11,6,329,29.6,0.0,29.6,0.0,27.7,0.0,23.8,0.0,27.0,0.8,29.516666666666666,0.0,27.3,0.1000000000000035,26.058333333333334,0.8999999999999984,-0.2000000000000028,0.0,Tiruchirappalli,28.9,0.0
2024-11-24 11:00:00,27.9,67,0.0,1000.4,16.1,24.1,62,63,11,24,11,6,329,29.4,0.0,29.5,0.0,29.1,0.0,23.7,0.0,27.4,0.8,29.316666666666663,0.0,27.65,0.1000000000000035,26.079166666666666,0.0999999999999983,-1.5,0.0,Tiruchirappalli,28.3,0.0
2024-11-24 12:00:00,26.9,74,0.0,1000.9,12.2,20.1,62,64,12,24,11,6,329,27.9,0.0,29.6,0.0,29.9,0.0,23.4,0.0,26.2,0.0,28.816666666666663,0.0,27.941666666666663,0.1000000000000035,26.10833333333333,0.0999999999999983,-1.0,0.0,Tiruchirappalli,27.5,0.0
2024-11-24 13:00:00,26.0,82,0.0,1001.4,11.5,20.6,71,76,13,24,11,6,329,26.9,0.0,29.4,0.0,29.6,0.0,24.5,0.0,25.7,0.0,28.216666666666665,0.0,28.066666666666663,0.1000000000000035,26.120833333333334,0.0999999999999983,-0.8999999999999986,0.0,Tiruchirappalli,25.5,0.0
2024-11-24 14:00:00,25.7,83,0.0,1002.2,11.2,20.7,73,78,14,24,11,6,329,26.0,0.0,27.9,0.0,29.5,0.0,25.2,0.1,25.4,0.0,27.58333333333333,0.0,28.10833333333333,0.0,26.133333333333336,0.0999999999999983,-0.3000000000000007,0.0,Tiruchirappalli,25.4,0.0
2024-11-24 15:00:00,25.4,84,0.0,1002.9,11.6,21.5,69,71,15,24,11,6,329,25.7,0.0,26.9,0.0,29.6,0.0,26.0,0.0,25.0,0.0,26.883333333333336,0.0,28.058333333333334,0.0,26.15,0.0999999999999983,-0.3000000000000007,0.0,Tiruchirappalli,25.2,0.0
2024-11-24 16:00:00,25.3,85,0.0,1003.3,11.8,21.7,63,66,16,24,11,6,329,25.4,0.0,26.0,0.0,29.4,0.0,27.7,0.0,24.6,0.0,26.2,0.0,27.85833333333333,0.0,26.179166666666664,0.0999999999999983,-0.0999999999999978,0.0,Tiruchirappalli,24.8,0.0
2024-11-24 17:00:00,24.9,86,0.0,1003.2,10.3,19.9,53,55,17,24,11,6,329,25.3,0.0,25.7,0.0,27.9,0.0,29.1,0.0,24.3,0.0,25.7,0.0,27.50833333333333,0.0,26.204166666666666,0.0999999999999983,-0.4000000000000021,0.0,Tiruchirappalli,24.8,0.0
2024-11-24 18:00:00,24.5,87,0.0,1002.6,11.6,21.6,51,54,18,24,11,6,329,24.9,0.0,25.4,0.0,26.9,0.0,29.9,0.0,23.9,0.0,25.3,0.0,27.058333333333334,0.0,26.22916666666666,0.0999999999999983,-0.3999999999999986,0.0,Tiruchirappalli,24.7,0.0
2024-11-24 19:00:00,24.2,87,0.0,1002.0,13.1,23.7,43,46,19,24,11,6,329,24.5,0.0,25.3,0.0,26.0,0.0,29.6,0.0,23.8,0.0,25.0,0.0,26.60833333333333,0.0,26.245833333333334,0.0999999999999983,-0.3000000000000007,0.0,Tiruchirappalli,24.4,0.0
2024-11-24 20:00:00,24.1,87,0.0,1001.3,14.4,25.5,38,40,20,24,11,6,329,24.2,0.0,24.9,0.0,25.7,0.0,29.5,0.0,23.8,0.0,24.73333333333333,0.0,26.15833333333333,0.0,26.258333333333336,0.0999999999999983,-0.0999999999999978,0.0,Tiruchirappalli,24.4,0.0
2024-11-24 21:00:00,24.1,85,0.0,1000.5,15.0,26.4,28,32,21,24,11,6,329,24.1,0.0,24.5,0.0,25.4,0.0,29.6,0.0,23.9,0.0,24.516666666666666,0.0,25.700000000000003,0.0,26.266666666666666,0.0999999999999983,0.0,0.0,Tiruchirappalli,24.4,0.0
2024-11-24 22:00:00,23.9,85,0.0,1000.0,13.5,24.4,26,29,22,24,11,6,329,24.1,0.0,24.2,0.0,25.3,0.0,29.4,0.0,23.8,0.0,24.28333333333333,0.0,25.241666666666664,0.0,26.27083333333333,0.0999999999999983,-0.2000000000000028,0.0,Tiruchirappalli,24.5,0.2
2024-11-24 23:00:00,23.5,87,0.0,1000.0,11.9,22.5,25,27,23,24,11,6,329,23.9,0.0,24.1,0.0,24.9,0.0,27.9,0.0,23.7,0.0,24.05,0.0,24.875,0.0,26.2625,0.0999999999999983,-0.3999999999999986,0.0,Tiruchirappalli,24.6,0.2
2024-11-25 00:00:00,23.2,88,0.0,1000.5,12.1,22.7,24,27,0,25,11,0,330,23.5,0.0,24.1,0.0,24.5,0.0,26.9,0.0,23.4,0.0,23.83333333333333,0.0,24.566666666666663,0.0,26.254166666666663,0.0999999999999983,-0.3000000000000007,0.0,Tiruchirappalli,24.8,0.0
2024-11-25 01:00:00,23.8,89,0.0,1001.4,11.7,21.7,14,15,1,25,11,0,330,23.2,0.0,23.9,0.0,24.2,0.0,26.0,0.0,24.5,0.0,23.76666666666667,0.0,24.383333333333336,0.0,26.225,0.0999999999999983,0.6000000000000014,0.0,Tiruchirappalli,25.4,0.0
2024-11-25 02:00:00,25.1,82,0.0,1002.1,13.6,21.0,16,17,2,25,11,0,330,23.8,0.0,23.5,0.0,24.1,0.0,25.7,0.0,25.2,0.1,23.933333333333334,0.0,24.33333333333333,0.0,26.22083333333333,0.0,1.3000000000000007,0.0,Tiruchirappalli,25.7,0.0
2024-11-25 03:00:00,26.4,76,0.0,1002.8,16.5,23.2,16,16,3,25,11,0,330,25.1,0.0,23.2,0.0,24.1,0.0,25.4,0.0,26.0,0.0,24.316666666666663,0.0,24.416666666666668,0.0,26.2375,0.0,1.2999999999999972,0.0,Tiruchirappalli,26.3,0.0
2024-11-25 04:00:00,27.3,70,0.0,1003.0,16.9,23.2,20,21,4,25,11,0,330,26.4,0.0,23.8,0.0,23.9,0.0,25.3,0.0,27.7,0.0,24.883333333333336,0.0,24.58333333333333,0.0,26.22083333333333,0.0,0.9000000000000021,0.0,Tiruchirappalli,27.7,0.0
2024-11-25 05:00:00,28.3,64,0.0,1002.3,16.6,22.8,21,22,5,25,11,0,330,27.3,0.0,25.1,0.0,23.5,0.0,24.9,0.0,29.1,0.0,25.683333333333334,0.0,24.86666666666667,0.0,26.1875,0.0,1.0,0.0,Tiruchirappalli,27.5,0.1
2024-11-25 06:00:00,29.0,59,0.0,1001.5,17.4,23.8,26,27,6,25,11,0,330,28.3,0.0,26.4,0.0,23.2,0.0,24.5,0.0,29.9,0.0,26.65,0.0,25.24166666666667,0.0,26.15,0.0,0.6999999999999993,0.0,Tiruchirappalli,27.6,0.0
2024-11-25 07:00:00,29.0,60,0.0,1000.6,16.3,22.6,31,32,7,25,11,0,330,29.0,0.0,27.3,0.0,23.8,0.0,24.2,0.0,29.6,0.0,27.516666666666666,0.0,25.64166666666667,0.0,26.125,0.0,0.0,0.0,Tiruchirappalli,28.4,0.0
2024-11-25 08:00:00,29.7,57,0.0,999.6,15.7,21.9,30,30,8,25,11,0,330,29.0,0.0,28.3,0.0,25.1,0.0,24.1,0.0,29.5,0.0,28.28333333333333,0.0,26.10833333333333,0.0,26.13333333333333,0.0,0.6999999999999993,0.0,Tiruchirappalli,28.4,0.3
2024-11-25 09:00:00,30.4,53,0.0,998.9,15.6,21.5,33,34,9,25,11,0,330,29.7,0.0,29.0,0.0,26.4,0.0,24.1,0.0,29.6,0.0,28.95,0.0,26.63333333333333,0.0,26.16666666666666,0.0,0.6999999999999993,0.0,Tiruchirappalli,28.9,0.6
2024-11-25 10:00:00,29.8,54,0.0,998.3,14.6,21.0,42,44,10,25,11,0,330,30.4,0.0,29.0,0.0,27.3,0.0,23.9,0.0,29.4,0.0,29.366666666666664,0.0,27.125,0.0,26.183333333333334,0.0,-0.5999999999999979,0.0,Tiruchirappalli,27.8,0.9
2024-11-25 11:00:00,28.9,59,0.0,998.6,12.6,20.3,58,59,11,25,11,0,330,29.8,0.0,29.7,0.0,28.3,0.0,23.5,0.0,27.9,0.0,29.46666666666667,0.0,27.575,0.0,26.225,0.0,-0.9000000000000021,0.0,Tiruchirappalli,26.2,1.0
2024-11-25 12:00:00,28.0,64,0.0,999.3,11.0,20.3,63,66,12,25,11,0,330,28.9,0.0,30.4,0.0,29.0,0.0,23.2,0.0,26.9,0.0,29.3,0.0,27.975,0.0,26.27083333333333,0.0,-0.8999999999999986,0.0,Tiruchirappalli,25.5,1.3
2024-11-25 13:00:00,27.1,71,0.0,1000.4,12.6,22.3,45,44,13,25,11,0,330,28.0,0.0,29.8,0.0,29.0,0.0,23.8,0.0,26.0,0.0,28.98333333333333,0.0,28.25,0.0,26.316666666666663,0.0,-0.8999999999999986,0.0,Tiruchirappalli,26.5,0.2
2024-11-25 14:00:00,26.5,73,0.0,1001.0,13.9,24.4,44,46,14,25,11,0,330,27.1,0.0,28.9,0.0,29.7,0.0,25.1,0.0,25.7,0.0,28.45,0.0,28.366666666666664,0.0,26.35,0.0,-0.6000000000000014,0.0,Tiruchirappalli,26.2,0.2
2024-11-25 15:00:00,26.3,73,0.0,1001.6,16.4,28.4,38,38,15,25,11,0,330,26.5,0.0,28.0,0.0,30.4,0.0,26.4,0.0,25.4,0.0,27.76666666666667,0.0,28.35833333333333,0.0,26.3875,0.0,-0.1999999999999993,0.0,Tiruchirappalli,25.1,1.5
2024-11-25 16:00:00,25.6,75,0.0,1001.7,15.8,27.7,34,35,16,25,11,0,330,26.3,0.0,27.1,0.0,29.8,0.0,27.3,0.0,25.3,0.0,27.066666666666663,0.0,28.216666666666665,0.0,26.4,0.0,-0.6999999999999993,0.0,Tiruchirappalli,24.9,1.2
2024-11-25 17:00:00,25.4,76,0.0,1001.7,14.9,26.3,30,32,17,25,11,0,330,25.6,0.0,26.5,0.0,28.9,0.0,28.3,0.0,24.9,0.0,26.48333333333333,0.0,27.975,0.0,26.42083333333333,0.0,-0.2000000000000028,0.0,Tiruchirappalli,24.9,2.2
2024-11-25 18:00:00,25.3,77,0.0,1001.1,14.9,25.7,25,27,18,25,11,0,330,25.4,0.0,26.3,0.0,28.0,0.0,29.0,0.0,24.5,0.0,26.03333333333333,0.0,27.666666666666668,0.0,26.45416666666667,0.0,-0.0999999999999978,0.0,Tiruchirappalli,24.2,8.4
2024-11-25 19:00:00,25.0,79,0.3,1000.4,14.0,24.9,27,31,19,25,11,0,330,25.3,0.0,25.6,0.0,27.1,0.0,29.0,0.0,24.2,0.0,25.683333333333334,0.2999999999999983,27.33333333333333,0.3000000000000035,26.4875,0.2999999999999983,-0.3000000000000007,0.3,Tiruchirappalli,24.1,5.0
2024-11-25 20:00:00,24.9,78,0.0,999.2,13.1,23.7,20,21,20,25,11,0,330,25.0,0.3,25.4,0.0,26.5,0.0,29.7,0.0,24.1,0.0,25.416666666666668,0.2999999999999983,26.933333333333334,0.3000000000000035,26.52083333333333,0.2999999999999983,-0.1000000000000014,-0.3,Tiruchirappalli,24.1,6.7
2024-11-25 21:00:00,24.8,76,0.0,998.4,13.7,24.4,19,21,21,25,11,0,330,24.9,0.0,25.3,0.0,26.3,0.0,30.4,0.0,24.1,0.0,25.166666666666668,0.2999999999999983,26.46666666666667,0.3000000000000035,26.55,0.2999999999999983,-0.0999999999999978,0.0,Tiruchirappalli,24.1,8.6
2024-11-25 22:00:00,24.7,74,0.0,998.1,12.0,22.3,12,12,22,25,11,0,330,24.8,0.0,25.0,0.3,25.6,0.0,29.8,0.0,23.9,0.0,25.016666666666666,0.2999999999999983,26.041666666666668,0.3000000000000035,26.58333333333333,0.2999999999999983,-0.1000000000000014,0.0,Tiruchirappalli,24.0,8.1
2024-11-25 23:00:00,24.3,75,0.0,998.5,8.9,17.6,8,8,23,25,11,0,330,24.7,0.0,24.9,0.0,25.4,0.0,28.9,0.0,23.5,0.0,24.83333333333333,0.2999999999999983,25.65833333333333,0.3000000000000035,26.616666666666664,0.2999999999999983,-0.3999999999999986,0.0,Tiruchirappalli,23.9,4.8
2024-11-26 00:00:00,24.1,77,0.0,999.0,5.6,12.5,352,353,0,26,11,1,331,24.3,0.0,24.8,0.0,25.3,0.0,28.0,0.0,23.2,0.0,24.63333333333333,0.2999999999999983,25.33333333333333,0.3000000000000035,26.65416666666667,0.2999999999999983,-0.1999999999999993,0.0,Tiruchirappalli,23.9,2.8
2024-11-26 01:00:00,24.2,82,0.8,1000.2,9.1,16.8,23,30,1,26,11,1,331,24.1,0.0,24.7,0.0,25.0,0.3,27.1,0.0,23.8,0.0,24.5,0.7999999999999984,25.09166666666667,1.1000000000000036,26.67083333333333,1.0999999999999983,0.0999999999999978,0.8,Tiruchirappalli,24.1,3.1
2024-11-26 02:00:00,23.6,92,2.3,1000.8,5.7,13.5,358,351,2,26,11,1,331,24.2,0.8,24.3,0.0,24.9,0.0,26.5,0.0,25.1,0.0,24.28333333333333,3.0999999999999983,24.85,3.4000000000000035,26.60833333333333,3.399999999999998,-0.5999999999999979,1.4999999999999998,Tiruchirappalli,24.4,6.3
2024-11-26 03:00:00,23.8,92,1.0,1001.5,7.2,15.3,360,359,3,26,11,1,331,23.6,2.3,24.1,0.0,24.8,0.0,26.3,0.0,26.4,0.0,24.11666666666667,4.099999999999998,24.641666666666666,4.400000000000004,26.5,4.399999999999999,0.1999999999999993,-1.2999999999999998,Tiruchirappalli,24.8,3.4
2024-11-26 04:00:00,24.9,87,0.5,1001.6,4.3,7.6,360,355,4,26,11,1,331,23.8,1.0,24.2,0.8,24.7,0.0,25.6,0.0,27.3,0.0,24.15,4.599999999999998,24.58333333333333,4.900000000000004,26.4,4.899999999999999,1.099999999999998,-0.5,Tiruchirappalli,26.5,0.2
2024-11-26 05:00:00,24.9,90,2.4,1001.3,3.1,3.7,284,277,5,26,11,1,331,24.9,0.5,23.6,2.3,24.3,0.0,25.4,0.0,28.3,0.0,24.25,6.999999999999998,24.541666666666668,7.300000000000003,26.25833333333333,7.299999999999998,0.0,1.9,Tiruchirappalli,28.0,0.0
2024-11-26 06:00:00,24.8,90,1.3,1000.3,4.6,6.2,311,318,6,26,11,1,331,24.9,2.4,23.8,1.0,24.1,0.0,25.3,0.0,29.0,0.0,24.366666666666664,8.299999999999999,24.5,8.600000000000003,26.08333333333333,8.599999999999998,-0.0999999999999978,-1.1,Tiruchirappalli,28.5,0.3
2024-11-26 07:00:00,25.1,91,2.3,999.7,6.3,8.8,19,18,7,26,11,1,331,24.8,1.3,24.9,0.5,24.2,0.8,25.0,0.3,29.0,0.0,24.51666666666667,9.799999999999995,24.50833333333333,10.6,25.92083333333333,10.9,0.3000000000000007,0.9999999999999998,Tiruchirappalli,29.5,0.3
2024-11-26 08:00:00,25.4,88,0.8,998.5,9.4,13.4,348,348,8,26,11,1,331,25.1,2.3,24.9,2.4,23.6,2.3,24.9,0.0,29.7,0.0,24.816666666666663,8.299999999999999,24.55,11.400000000000002,25.74166666666667,11.699999999999998,0.2999999999999971,-1.4999999999999998,Tiruchirappalli,29.5,0.0
2024-11-26 09:00:00,25.2,92,0.8,998.2,7.0,10.3,3,3,9,26,11,1,331,25.4,0.8,24.8,1.3,23.8,1.0,24.8,0.0,30.4,0.0,25.05,8.099999999999998,24.58333333333333,12.200000000000005,25.525,12.499999999999998,-0.1999999999999993,0.0,Tiruchirappalli,28.7,0.0
2024-11-26 10:00:00,24.9,93,1.2,997.6,3.9,6.1,348,338,10,26,11,1,331,25.2,0.8,25.1,2.3,24.9,0.5,24.7,0.0,29.8,0.0,25.05,8.799999999999999,24.6,13.400000000000002,25.32083333333333,13.699999999999998,-0.3000000000000007,0.3999999999999999,Tiruchirappalli,28.3,0.0
2024-11-26 11:00:00,24.5,96,1.6,997.8,8.0,13.5,3,6,11,26,11,1,331,24.9,1.2,25.4,0.8,24.9,2.4,24.3,0.0,28.9,0.0,24.98333333333333,7.999999999999998,24.616666666666664,15.000000000000002,25.1375,15.299999999999995,-0.3999999999999986,0.4000000000000001,Tiruchirappalli,28.4,0.0
2024-11-26 12:00:00,24.1,94,2.9,998.3,15.4,26.4,19,17,12,26,11,1,331,24.5,1.6,25.2,0.8,24.8,1.3,24.1,0.0,28.0,0.0,24.866666666666664,9.599999999999998,24.61666666666667,17.900000000000002,24.975,18.2,-0.3999999999999986,1.2999999999999998,Tiruchirappalli,27.8,0.0
2024-11-26 13:00:00,23.6,94,3.3,999.2,14.8,26.3,30,31,13,26,11,1,331,24.1,2.9,24.9,1.2,25.1,2.3,24.2,0.8,27.1,0.0,24.616666666666664,10.599999999999998,24.566666666666663,20.4,24.829166666666666,21.5,-0.5,0.3999999999999999,Tiruchirappalli,24.2,11.6
2024-11-26 14:00:00,23.8,94,2.2,1000.0,13.6,25.3,25,26,14,26,11,1,331,23.6,3.3,24.5,1.6,25.4,0.8,23.6,2.3,26.5,0.0,24.35,11.999999999999996,24.58333333333333,20.300000000000004,24.71666666666667,23.7,0.1999999999999993,-1.0999999999999996,Tiruchirappalli,24.2,1.0
2024-11-26 15:00:00,23.8,94,1.3,1001.0,12.9,24.2,25,27,15,26,11,1,331,23.8,2.2,24.1,2.9,25.2,0.8,23.8,1.0,26.3,0.0,24.11666666666667,12.499999999999998,24.58333333333333,20.600000000000005,24.6125,25.0,0.0,-0.9000000000000001,Tiruchirappalli,24.3,2.6
2024-11-26 16:00:00,23.9,93,2.0,1001.2,14.7,26.7,21,20,16,26,11,1,331,23.8,1.3,23.6,3.3,24.9,1.2,24.9,0.5,25.6,0.0,23.95,13.299999999999995,24.5,22.100000000000005,24.541666666666668,27.0,0.0999999999999978,0.7,Tiruchirappalli,24.2,3.8
2024-11-26 17:00:00,23.7,94,1.5,1000.9,16.5,29.1,12,10,17,26,11,1,331,23.9,2.0,23.8,2.2,24.5,1.6,24.9,2.4,25.4,0.0,23.816666666666663,13.199999999999998,24.4,21.200000000000003,24.47083333333333,28.5,-0.1999999999999993,-0.5,Tiruchirappalli,24.5,2.4
2024-11-26 18:00:00,23.7,93,0.3,999.7,16.9,29.9,359,358,18,26,11,1,331,23.7,1.5,23.8,1.3,24.1,2.9,24.8,1.3,25.3,0.0,23.75,10.599999999999998,24.308333333333334,20.200000000000003,24.404166666666665,28.8,0.0,-1.2,Tiruchirappalli,24.6,1.3
2024-11-26 19:00:00,23.5,94,1.2,999.7,9.4,18.9,352,356,19,26,11,1,331,23.7,0.3,23.9,2.0,23.6,3.3,25.1,2.3,25.0,0.3,23.73333333333333,8.499999999999998,24.175,19.100000000000005,24.341666666666665,29.7,-0.1999999999999993,0.8999999999999999,Tiruchirappalli,24.7,0.4
2024-11-26 20:00:00,23.4,95,0.7,998.4,8.9,17.0,336,333,20,26,11,1,331,23.5,1.2,23.7,1.5,23.8,2.2,25.4,0.8,24.9,0.0,23.666666666666668,6.999999999999998,24.00833333333333,19.000000000000004,24.279166666666665,30.399999999999995,-0.1000000000000014,-0.5,Tiruchirappalli,25.0,0.0
2024-11-26 21:00:00,23.4,96,1.0,997.9,3.2,9.4,317,333,21,26,11,1,331,23.4,0.7,23.7,0.3,23.8,1.3,25.2,0.8,24.8,0.0,23.6,6.699999999999998,23.85833333333333,19.200000000000003,24.22083333333333,31.399999999999995,0.0,0.3,Tiruchirappalli,24.9,0.0
2024-11-26 22:00:00,23.3,97,2.0,997.5,6.3,12.6,333,333,22,26,11,1,331,23.4,1.0,23.5,1.2,23.9,2.0,24.9,1.2,24.7,0.0,23.5,6.699999999999998,23.725,20.000000000000004,24.1625,33.4,-0.0999999999999978,1.0,Tiruchirappalli,24.9,0.0
2024-11-26 23:00:00,23.3,97,1.1,997.6,6.1,13.0,297,294,23,26,11,1,331,23.3,2.0,23.4,0.7,23.7,1.5,24.5,1.6,24.3,0.0,23.433333333333334,6.299999999999998,23.625,19.500000000000004,24.120833333333334,34.5,0.0,-0.8999999999999999,Tiruchirappalli,24.8,0.0
2024-11-27 00:00:00,23.2,98,2.0,998.0,6.5,13.6,293,294,0,27,11,2,332,23.3,1.1,23.4,1.0,23.7,0.3,24.1,2.9,24.1,0.0,23.35,7.999999999999998,23.55,18.600000000000005,24.08333333333333,36.5,-0.1000000000000014,0.8999999999999999,Tiruchirappalli,24.8,0.0
2024-11-27 01:00:00,23.3,93,2.8,999.2,10.3,20.6,4,2,1,27,11,2,332,23.2,2.0,23.3,2.0,23.5,1.2,23.6,3.3,24.2,0.8,23.316666666666663,9.599999999999998,23.525,18.1,24.04583333333333,38.5,0.1000000000000014,0.7999999999999998,Tiruchirappalli,24.9,0.1
2024-11-27 02:00:00,23.6,94,1.6,1000.1,7.3,15.4,336,327,2,27,11,2,332,23.3,2.8,23.3,1.1,23.4,0.7,23.8,2.2,23.6,2.3,23.35,10.499999999999998,23.508333333333336,17.500000000000004,24.04583333333333,37.8,0.3000000000000007,-1.1999999999999995,Tiruchirappalli,25.6,0.0
2024-11-27 03:00:00,24.1,95,0.9,1000.8,6.8,13.4,325,312,3,27,11,2,332,23.6,1.6,23.2,2.0,23.4,1.0,23.8,1.3,23.8,1.0,23.46666666666667,10.4,23.53333333333333,17.1,24.058333333333334,37.7,0.5,-0.7000000000000001,Tiruchirappalli,27.1,0.0
2024-11-27 04:00:00,24.9,88,0.2,1001.1,12.4,19.6,352,347,4,27,11,2,332,24.1,0.9,23.3,2.8,23.3,2.0,23.9,2.0,24.9,0.5,23.73333333333333,8.599999999999998,23.61666666666667,15.300000000000002,24.058333333333334,37.4,0.7999999999999972,-0.7,Tiruchirappalli,28.3,0.0
2024-11-27 05:00:00,25.1,82,0.2,1000.8,14.0,22.9,3,359,5,27,11,2,332,24.9,0.2,23.6,1.6,23.3,1.1,23.7,1.5,24.9,2.4,24.03333333333333,7.699999999999997,23.73333333333333,14.000000000000004,24.066666666666663,35.2,0.2000000000000028,0.0,Tiruchirappalli,29.3,0.0
2024-11-27 06:00:00,24.7,83,0.6,1000.2,18.1,28.8,6,5,6,27,11,2,332,25.1,0.2,24.1,0.9,23.2,2.0,23.7,0.3,24.8,1.3,24.28333333333333,6.299999999999997,23.816666666666663,14.300000000000004,24.0625,34.5,-0.4000000000000021,0.3999999999999999,Tiruchirappalli,30.3,0.0
2024-11-27 07:00:00,24.6,86,2.0,998.7,14.3,23.5,356,353,7,27,11,2,332,24.7,0.6,24.9,0.2,23.3,2.8,23.5,1.2,25.1,2.3,24.5,5.499999999999998,23.90833333333333,15.100000000000003,24.041666666666668,34.2,-0.0999999999999978,1.4,Tiruchirappalli,30.7,0.0
2024-11-27 08:00:00,25.3,84,0.1,998.1,9.4,14.3,349,348,8,27,11,2,332,24.6,2.0,25.1,0.2,23.6,1.6,23.4,0.7,25.4,0.8,24.78333333333333,3.999999999999998,24.066666666666663,14.500000000000004,24.0375,33.5,0.6999999999999993,-1.9,Tiruchirappalli,30.4,0.2
2024-11-27 09:00:00,25.7,82,0.2,997.0,7.8,10.6,317,318,9,27,11,2,332,25.3,0.1,24.7,0.6,24.1,0.9,23.4,1.0,25.2,0.8,25.05,3.2999999999999976,24.25833333333333,13.700000000000005,24.058333333333337,32.9,0.3999999999999986,0.1,Tiruchirappalli,30.9,0.0
2024-11-27 10:00:00,25.6,83,0.1,996.4,8.5,13.3,318,324,10,27,11,2,332,25.7,0.2,24.6,2.0,24.9,0.2,23.3,2.0,24.9,1.2,25.166666666666668,3.199999999999997,24.450000000000003,11.800000000000004,24.0875,31.8,-0.0999999999999978,-0.1,Tiruchirappalli,30.8,0.0
2024-11-27 11:00:00,25.3,85,0.0,996.2,6.6,12.0,316,319,11,27,11,2,332,25.6,0.1,25.3,0.1,25.1,0.2,23.3,1.1,24.5,1.6,25.2,2.9999999999999973,24.61666666666667,10.700000000000005,24.120833333333337,30.2,-0.3000000000000007,-0.1,Tiruchirappalli,27.1,1.4
2024-11-27 12:00:00,24.7,88,0.0,996.8,5.4,11.7,328,323,12,27,11,2,332,25.3,0.0,25.7,0.2,24.7,0.6,23.2,2.0,24.1,2.9,25.200000000000003,2.3999999999999977,24.74166666666667,8.700000000000005,24.14583333333333,27.3,-0.6000000000000014,0.0,Tiruchirappalli,25.9,1.0
2024-11-27 13:00:00,24.4,93,1.9,997.9,2.9,6.9,313,277,13,27,11,2,332,24.7,0.0,25.6,0.1,24.6,2.0,23.3,2.8,23.6,3.3,25.166666666666668,2.2999999999999976,24.83333333333333,7.800000000000002,24.179166666666664,25.9,-0.3000000000000007,1.9,Tiruchirappalli,25.5,0.1
2024-11-27 14:00:00,24.2,93,0.6,998.6,3.1,7.7,335,294,14,27,11,2,332,24.4,1.9,25.3,0.0,25.3,0.1,23.6,1.6,23.8,2.2,24.98333333333333,2.7999999999999976,24.88333333333333,6.800000000000003,24.195833333333336,24.3,-0.1999999999999993,-1.2999999999999998,Tiruchirappalli,25.1,0.7
2024-11-27 15:00:00,24.1,92,0.1,999.5,4.2,12.2,352,320,15,27,11,2,332,24.2,0.6,24.7,0.0,25.7,0.2,24.1,0.9,23.8,1.3,24.71666666666667,2.699999999999998,24.883333333333336,6.000000000000003,24.20833333333333,23.1,-0.0999999999999978,-0.5,Tiruchirappalli,24.0,4.5
2024-11-27 16:00:00,24.4,89,0.0,999.4,12.0,23.0,354,344,16,27,11,2,332,24.1,0.1,24.4,1.9,25.6,0.1,24.9,0.2,23.9,2.0,24.516666666666666,2.599999999999998,24.841666666666665,5.800000000000003,24.229166666666668,21.1,0.2999999999999971,-0.1,Tiruchirappalli,24.1,0.5
2024-11-27 17:00:00,24.2,88,0.0,999.8,12.4,23.5,6,2,17,27,11,2,332,24.4,0.0,24.2,0.6,25.3,0.0,25.1,0.2,23.7,1.5,24.33333333333333,2.599999999999998,24.76666666666667,5.600000000000003,24.25,19.6,-0.1999999999999993,0.0,Tiruchirappalli,23.8,0.9
2024-11-27 18:00:00,24.0,87,0.0,999.6,11.4,22.3,24,26,18,27,11,2,332,24.2,0.0,24.1,0.1,24.7,0.0,24.7,0.6,23.7,0.3,24.21666666666667,2.599999999999998,24.70833333333333,5.000000000000003,24.262500000000003,19.3,-0.1999999999999993,0.0,Tiruchirappalli,23.6,2.3
2024-11-27 19:00:00,24.1,80,0.0,998.8,11.7,23.5,18,14,19,27,11,2,332,24.0,0.0,24.4,0.0,24.4,1.9,24.6,2.0,23.5,1.2,24.166666666666668,0.6999999999999977,24.666666666666668,3.000000000000004,24.287500000000005,18.1,0.1000000000000014,0.0,Tiruchirappalli,23.3,0.0
2024-11-27 20:00:00,23.7,78,0.0,997.5,6.6,16.0,3,343,20,27,11,2,332,24.1,0.0,24.2,0.0,24.2,0.6,25.3,0.1,23.4,0.7,24.08333333333333,0.0999999999999977,24.53333333333333,2.9000000000000035,24.3,17.4,-0.4000000000000021,0.0,Tiruchirappalli,23.3,0.0
2024-11-27 21:00:00,23.1,88,0.0,996.9,6.3,11.3,290,277,21,27,11,2,332,23.7,0.0,24.0,0.0,24.1,0.1,25.7,0.2,23.4,1.0,23.916666666666668,0.0,24.316666666666663,2.700000000000004,24.2875,16.4,-0.5999999999999979,0.0,Tiruchirappalli,23.0,0.0
2024-11-27 22:00:00,22.8,95,0.0,996.4,7.8,15.5,285,289,22,27,11,2,332,23.1,0.0,24.1,0.0,24.4,0.0,25.6,0.1,23.3,2.0,23.65,0.0,24.08333333333333,2.600000000000004,24.266666666666666,14.4,-0.3000000000000007,0.0,Tiruchirappalli,23.1,0.0
2024-11-27 23:00:00,23.0,94,0.0,996.6,7.6,15.9,298,306,23,27,11,2,332,22.8,0.0,23.7,0.0,24.2,0.0,25.3,0.0,23.3,1.1,23.450000000000003,0.0,23.891666666666666,2.600000000000004,24.254166666666663,13.3,0.1999999999999993,0.0,Tiruchirappalli,23.3,0.0
2024-11-28 00:00:00,22.8,94,0.0,997.4,3.9,11.8,313,317,0,28,11,3,333,23.0,0.0,23.1,0.0,24.0,0.0,24.7,0.0,23.2,2.0,23.25,0.0,23.73333333333333,2.600000000000004,24.2375,11.3,-0.1999999999999993,0.0,Tiruchirappalli,23.4,0.0
2024-11-28 01:00:00,23.4,94,0.0,998.2,5.5,12.5,298,293,1,28,11,3,333,22.8,0.0,22.8,0.0,24.1,0.0,24.4,1.9,23.3,2.8,23.133333333333336,0.0,23.65,0.7000000000000035,24.24166666666667,8.499999999999998,0.5999999999999979,0.0,Tiruchirappalli,24.4,0.0
2024-11-28 02:00:00,24.0,92,0.0,999.2,5.9,12.2,290,268,2,28,11,3,333,23.4,0.0,23.0,0.0,23.7,0.0,24.2,0.6,23.6,1.6,23.183333333333334,0.0,23.633333333333336,0.1000000000000035,24.258333333333336,6.899999999999998,0.6000000000000014,0.0,Tiruchirappalli,24.9,0.0
2024-11-28 03:00:00,24.5,91,0.0,1000.0,5.4,13.1,299,262,3,28,11,3,333,24.0,0.0,22.8,0.0,23.1,0.0,24.1,0.1,24.1,0.9,23.416666666666668,0.0,23.666666666666668,0.0,24.275,5.999999999999997,0.5,0.0,Tiruchirappalli,25.7,0.2
2024-11-28 04:00:00,25.4,85,0.0,1000.0,7.1,12.2,303,286,4,28,11,3,333,24.5,0.0,23.4,0.0,22.8,0.0,24.4,0.0,24.9,0.2,23.85,0.0,23.75,0.0,24.29583333333333,5.799999999999998,0.8999999999999986,0.0,Tiruchirappalli,27.4,0.1
2024-11-28 05:00:00,26.1,77,0.0,1000.0,6.9,9.9,314,309,5,28,11,3,333,25.4,0.0,24.0,0.0,23.0,0.0,24.2,0.0,25.1,0.2,24.366666666666664,0.0,23.90833333333333,0.0,24.3375,5.599999999999998,0.7000000000000028,0.0,Tiruchirappalli,29.0,0.1
2024-11-28 06:00:00,27.7,65,0.0,999.4,7.4,10.0,330,328,6,28,11,3,333,26.1,0.0,24.5,0.0,22.8,0.0,24.0,0.0,24.7,0.6,25.183333333333334,0.0,24.216666666666665,0.0,24.462499999999995,4.999999999999997,1.599999999999998,0.0,Tiruchirappalli,29.9,0.1
2024-11-28 07:00:00,26.8,65,0.3,998.5,5.5,7.1,7,17,7,28,11,3,333,27.7,0.0,25.4,0.0,23.4,0.0,24.1,0.0,24.6,2.0,25.75,0.2999999999999977,24.441666666666663,0.3000000000000035,24.55416666666667,3.299999999999998,-0.8999999999999986,0.3,Tiruchirappalli,30.5,0.1
2024-11-28 08:00:00,24.8,82,3.4,997.4,6.1,7.6,91,93,8,28,11,3,333,26.8,0.3,26.1,0.0,24.0,0.0,23.7,0.0,25.3,0.1,25.883333333333336,3.6999999999999975,24.53333333333333,3.7000000000000033,24.53333333333333,6.599999999999998,-2.0,3.1,Tiruchirappalli,30.9,0.1
2024-11-28 09:00:00,23.6,88,2.1,996.8,8.0,10.9,98,98,9,28,11,3,333,24.8,3.4,27.7,0.0,24.5,0.0,23.1,0.0,25.7,0.2,25.73333333333333,5.799999999999997,24.575,5.800000000000003,24.44583333333333,8.499999999999998,-1.1999999999999993,-1.2999999999999998,Tiruchirappalli,30.6,0.2
2024-11-28 10:00:00,23.4,89,2.5,996.3,9.0,9.2,73,68,10,28,11,3,333,23.6,2.1,26.8,0.3,25.4,0.0,22.8,0.0,25.6,0.1,25.4,8.299999999999997,24.625,8.300000000000004,24.354166666666668,10.9,-0.2000000000000028,0.3999999999999999,Tiruchirappalli,29.8,0.1
2024-11-28 11:00:00,23.0,92,5.2,996.2,6.0,6.1,150,111,11,28,11,3,333,23.4,2.5,24.8,3.4,26.1,0.0,23.0,0.0,25.3,0.0,24.883333333333336,13.499999999999998,24.625,13.500000000000004,24.25833333333333,16.099999999999998,-0.3999999999999986,2.7,Tiruchirappalli,26.9,4.1
2024-11-28 12:00:00,22.7,97,0.0,997.0,8.4,11.2,84,83,12,28,11,3,333,23.0,5.2,23.6,2.1,27.7,0.0,22.8,0.0,24.7,0.0,24.05,13.499999999999998,24.616666666666664,13.500000000000004,24.175,16.099999999999998,-0.3000000000000007,-5.2,Tiruchirappalli,25.6,0.1
2024-11-28 13:00:00,24.2,93,0.0,997.1,3.9,8.0,124,114,13,28,11,3,333,22.7,0.0,23.4,2.5,26.8,0.3,23.4,0.0,24.4,1.9,23.616666666666664,13.199999999999998,24.683333333333334,13.500000000000004,24.166666666666668,14.199999999999998,1.5,0.0,Tiruchirappalli,26.6,0.0
2024-11-28 14:00:00,24.0,94,0.0,997.5,2.4,8.9,58,99,14,28,11,3,333,24.2,0.0,23.0,5.2,24.8,3.4,24.0,0.0,24.2,0.6,23.48333333333333,9.8,24.683333333333334,13.500000000000004,24.15833333333333,13.599999999999998,-0.1999999999999993,0.0,Tiruchirappalli,26.1,0.0
2024-11-28 15:00:00,24.2,90,0.0,998.5,9.3,20.7,45,74,15,28,11,3,333,24.0,0.0,22.7,0.0,23.6,2.1,24.5,0.0,24.1,0.1,23.58333333333333,7.699999999999998,24.65833333333333,13.500000000000004,24.1625,13.499999999999998,0.1999999999999993,0.0,Tiruchirappalli,25.5,0.1
2024-11-28 16:00:00,25.0,71,0.0,999.1,12.8,26.3,25,34,16,28,11,3,333,24.2,0.0,24.2,0.0,23.4,2.5,25.4,0.0,24.4,0.0,23.85,5.199999999999998,24.625,13.500000000000004,24.1875,13.499999999999998,0.8000000000000007,0.0,Tiruchirappalli,25.4,0.0
2024-11-28 17:00:00,24.7,65,0.0,998.8,11.6,24.6,18,19,17,28,11,3,333,25.0,0.0,24.0,0.0,23.0,5.2,26.1,0.0,24.2,0.0,24.13333333333333,0.0,24.508333333333336,13.500000000000004,24.20833333333333,13.499999999999998,-0.3000000000000007,0.0,Tiruchirappalli,25.1,0.0
2024-11-28 18:00:00,24.3,65,0.0,998.0,11.1,22.1,19,30,18,28,11,3,333,24.7,0.0,24.2,0.0,22.7,0.0,27.7,0.0,24.0,0.0,24.4,0.0,24.225,13.500000000000004,24.22083333333333,13.499999999999998,-0.3999999999999986,0.0,Tiruchirappalli,25.0,0.1
2024-11-28 19:00:00,24.0,68,0.0,997.7,5.1,14.3,356,350,19,28,11,3,333,24.3,0.0,25.0,0.0,24.2,0.0,26.8,0.3,24.1,0.0,24.366666666666664,0.0,23.991666666666664,13.200000000000005,24.21666666666667,13.499999999999998,-0.3000000000000007,0.0,Tiruchirappalli,24.9,0.2
2024-11-28 20:00:00,23.2,78,0.0,997.2,5.9,14.1,301,315,20,28,11,3,333,24.0,0.0,24.7,0.0,24.0,0.0,24.8,3.4,23.7,0.0,24.23333333333333,0.0,23.85833333333333,9.800000000000004,24.195833333333336,13.499999999999998,-0.8000000000000007,0.0,Tiruchirappalli,25.0,0.0
2024-11-28 21:00:00,22.9,86,0.6,996.8,5.5,9.6,347,38,21,28,11,3,333,23.2,0.0,24.3,0.0,24.2,0.0,23.6,2.1,23.1,0.0,24.016666666666666,0.5999999999999982,23.8,8.300000000000004,24.1875,14.099999999999998,-0.3000000000000007,0.6,Tiruchirappalli,24.8,0.0
2024-11-28 22:00:00,22.6,90,0.6,996.6,6.4,15.5,333,335,22,28,11,3,333,22.9,0.6,24.0,0.0,25.0,0.0,23.4,2.5,22.8,0.0,23.616666666666664,1.1999999999999982,23.73333333333333,6.400000000000004,24.17916666666667,14.699999999999998,-0.2999999999999971,0.0,Tiruchirappalli,24.6,0.0
2024-11-28 23:00:00,21.8,86,0.4,996.5,11.6,22.0,320,317,23,28,11,3,333,22.6,0.6,23.2,0.0,24.7,0.0,23.0,5.2,23.0,0.0,23.133333333333336,1.5999999999999983,23.63333333333333,1.6000000000000036,24.129166666666663,15.099999999999998,-0.8000000000000007,-0.1999999999999999,Tiruchirappalli,24.8,1.1
2024-11-29 00:00:00,21.4,88,0.0,996.6,11.8,21.1,290,294,0,29,11,4,334,21.8,0.4,22.9,0.6,24.3,0.0,22.7,0.0,22.8,0.0,22.65,1.5999999999999983,23.525,1.6000000000000036,24.07083333333333,15.099999999999998,-0.4000000000000021,-0.4,Tiruchirappalli,24.5,0.9
2024-11-29 01:00:00,23.5,87,0.0,998.0,5.5,11.3,290,283,1,29,11,4,334,21.4,0.0,22.6,0.6,24.0,0.0,24.2,0.0,23.4,0.0,22.566666666666663,1.5999999999999983,23.46666666666667,1.6000000000000036,24.075,15.099999999999998,2.1000000000000014,0.0,Tiruchirappalli,24.1,0.0
2024-11-29 02:00:00,23.7,89,0.0,998.9,8.5,15.6,256,249,2,29,11,4,334,23.5,0.0,21.8,0.4,23.2,0.0,24.0,0.0,24.0,0.0,22.65,1.5999999999999983,23.441666666666663,1.6000000000000036,24.0625,15.099999999999998,0.1999999999999993,0.0,Tiruchirappalli,24.9,0.0
2024-11-29 03:00:00,24.0,84,0.0,999.1,12.3,23.2,264,259,3,29,11,4,334,23.7,0.0,21.4,0.0,22.9,0.6,24.2,0.0,24.5,0.0,22.83333333333333,0.9999999999999982,23.425,1.6000000000000036,24.041666666666668,15.099999999999998,0.3000000000000007,0.0,Tiruchirappalli,26.2,0.0
2024-11-29 04:00:00,25.9,76,0.0,999.7,9.5,13.5,273,271,4,29,11,4,334,24.0,0.0,23.5,0.0,22.6,0.6,25.0,0.0,25.4,0.0,23.383333333333336,0.3999999999999982,23.5,1.6000000000000036,24.0625,15.099999999999998,1.8999999999999984,0.0,Tiruchirappalli,27.7,0.0
2024-11-29 05:00:00,26.1,77,0.4,999.3,11.5,15.9,279,278,5,29,11,4,334,25.9,0.0,23.7,0.0,21.8,0.4,24.7,0.0,26.1,0.0,24.1,0.3999999999999982,23.616666666666664,2.000000000000004,24.0625,15.499999999999998,0.2000000000000028,0.4,Tiruchirappalli,28.7,0.0
2024-11-29 06:00:00,27.3,71,0.0,998.5,13.8,19.1,279,278,6,29,11,4,334,26.1,0.4,24.0,0.0,21.4,0.0,24.3,0.0,27.7,0.0,25.08333333333333,0.3999999999999982,23.86666666666667,2.000000000000004,24.04583333333333,15.499999999999998,1.1999999999999993,-0.4,Tiruchirappalli,29.4,0.1
2024-11-29 07:00:00,28.6,65,0.0,997.3,13.5,18.1,299,300,7,29,11,4,334,27.3,0.0,25.9,0.0,23.5,0.0,24.0,0.0,26.8,0.3,25.933333333333334,0.3999999999999982,24.25,2.000000000000004,24.120833333333334,15.199999999999998,1.3000000000000007,0.0,Tiruchirappalli,29.5,0.2
2024-11-29 08:00:00,28.8,64,0.0,996.6,13.1,17.8,316,313,8,29,11,4,334,28.6,0.0,26.1,0.4,23.7,0.0,23.2,0.0,24.8,3.4,26.78333333333333,0.3999999999999982,24.716666666666665,2.000000000000004,24.287500000000005,11.799999999999995,0.1999999999999993,0.0,Tiruchirappalli,29.8,0.2
2024-11-29 09:00:00,29.4,62,0.0,995.7,11.2,16.1,323,320,9,29,11,4,334,28.8,0.0,27.3,0.0,24.0,0.0,22.9,0.6,23.6,2.1,27.683333333333334,0.3999999999999982,25.258333333333336,1.4000000000000037,24.52916666666667,9.699999999999998,0.5999999999999979,0.0,Tiruchirappalli,30.1,0.0
2024-11-29 10:00:00,28.9,66,0.0,995.4,12.3,19.6,338,337,10,29,11,4,334,29.4,0.0,28.6,0.0,25.9,0.0,22.6,0.6,23.4,2.5,28.183333333333337,0.3999999999999982,25.78333333333333,0.8000000000000036,24.758333333333336,7.1999999999999975,-0.5,0.0,Tiruchirappalli,29.8,0.1
2024-11-29 11:00:00,28.3,68,0.0,995.5,8.8,16.7,331,321,11,29,11,4,334,28.9,0.0,28.8,0.0,26.1,0.4,21.8,0.4,23.0,5.2,28.55,0.0,26.325000000000003,0.4000000000000036,24.979166666666668,1.9999999999999984,-0.5999999999999979,0.0,Tiruchirappalli,28.8,0.5
2024-11-29 12:00:00,27.5,73,0.0,996.1,6.3,14.7,352,340,12,29,11,4,334,28.3,0.0,29.4,0.0,27.3,0.0,21.4,0.0,22.7,0.0,28.58333333333333,0.0,26.83333333333333,0.4000000000000036,25.179166666666664,1.9999999999999984,-0.8000000000000007,0.0,Tiruchirappalli,27.3,0.2
2024-11-29 13:00:00,25.5,80,0.0,996.8,12.8,23.5,281,280,13,29,11,4,334,27.5,0.0,28.9,0.0,28.6,0.0,23.5,0.0,24.2,0.0,28.066666666666663,0.0,27.0,0.4000000000000036,25.23333333333333,1.9999999999999984,-2.0,0.0,Tiruchirappalli,26.6,0.0
2024-11-29 14:00:00,25.4,81,0.0,997.5,13.0,23.8,278,276,14,29,11,4,334,25.5,0.0,28.3,0.0,28.8,0.0,23.7,0.0,24.0,0.0,27.5,0.0,27.141666666666666,0.4000000000000036,25.29166666666666,1.9999999999999984,-0.1000000000000014,0.0,Tiruchirappalli,25.4,0.8
2024-11-29 15:00:00,25.2,82,0.0,998.3,13.4,25.0,279,278,15,29,11,4,334,25.4,0.0,27.5,0.0,29.4,0.0,24.0,0.0,24.2,0.0,26.8,0.0,27.241666666666664,0.4000000000000036,25.33333333333333,1.9999999999999984,-0.1999999999999993,0.0,Tiruchirappalli,25.0,0.1
2024-11-29 16:00:00,24.8,82,0.0,998.3,13.7,26.0,281,279,16,29,11,4,334,25.2,0.0,25.5,0.0,28.9,0.0,25.9,0.0,25.0,0.0,26.116666666666664,0.0,27.15,0.4000000000000036,25.325,1.9999999999999984,-0.3999999999999986,0.0,Tiruchirappalli,24.5,0.0
2024-11-29 17:00:00,24.8,80,0.0,998.2,13.0,25.5,286,284,17,29,11,4,334,24.8,0.0,25.4,0.0,28.3,0.0,26.1,0.4,24.7,0.0,25.53333333333333,0.0,27.041666666666668,0.0,25.329166666666666,1.9999999999999984,0.0,0.0,Tiruchirappalli,24.3,0.0
2024-11-29 18:00:00,24.7,80,0.0,997.9,11.8,23.4,289,290,18,29,11,4,334,24.8,0.0,25.2,0.0,27.5,0.0,27.3,0.0,24.3,0.0,25.066666666666663,0.0,26.825,0.0,25.34583333333333,1.9999999999999984,-0.1000000000000014,0.0,Tiruchirappalli,24.1,0.0
2024-11-29 19:00:00,24.4,82,0.0,997.3,12.1,23.5,286,285,19,29,11,4,334,24.7,0.0,24.8,0.0,25.5,0.0,28.6,0.0,24.0,0.0,24.883333333333336,0.0,26.475000000000005,0.0,25.3625,1.9999999999999984,-0.3000000000000007,0.0,Tiruchirappalli,23.6,0.7
2024-11-29 20:00:00,24.4,82,0.0,996.3,13.8,25.8,285,283,20,29,11,4,334,24.4,0.0,24.8,0.0,25.4,0.0,28.8,0.0,23.2,0.0,24.716666666666665,0.0,26.10833333333333,0.0,25.4125,1.9999999999999984,0.0,0.0,Tiruchirappalli,23.6,0.2
2024-11-29 21:00:00,24.4,79,0.0,995.7,13.4,25.7,296,298,21,29,11,4,334,24.4,0.0,24.7,0.0,25.2,0.0,29.4,0.0,22.9,0.6,24.58333333333333,0.0,25.691666666666663,0.0,25.475,1.399999999999998,0.0,0.0,Tiruchirappalli,23.0,0.0
2024-11-29 22:00:00,24.5,77,0.2,995.1,14.6,26.6,300,300,22,29,11,4,334,24.4,0.0,24.4,0.0,24.8,0.0,28.9,0.0,22.6,0.6,24.53333333333333,0.1999999999999982,25.325,0.2000000000000035,25.554166666666664,0.9999999999999982,0.1000000000000014,0.2,Tiruchirappalli,23.2,0.3
2024-11-29 23:00:00,24.6,77,0.2,994.8,17.1,30.8,284,278,23,29,11,4,334,24.5,0.2,24.4,0.0,24.8,0.0,28.3,0.0,21.8,0.4,24.5,0.3999999999999982,25.016666666666666,0.4000000000000036,25.67083333333333,0.7999999999999983,0.1000000000000014,0.0,Tiruchirappalli,23.1,0.0
2024-11-30 00:00:00,24.8,74,0.0,995.2,20.7,35.8,286,284,0,30,11,5,335,24.6,0.2,24.4,0.0,24.7,0.0,27.5,0.0,21.4,0.0,24.516666666666666,0.3999999999999982,24.791666666666668,0.4000000000000036,25.8125,0.7999999999999983,0.1999999999999993,-0.2,Tiruchirappalli,23.1,0.0
2024-11-30 01:00:00,25.4,78,0.0,995.7,20.0,34.3,280,277,1,30,11,5,335,24.8,0.0,24.5,0.2,24.4,0.0,25.5,0.0,23.5,0.0,24.683333333333334,0.3999999999999982,24.78333333333333,0.4000000000000036,25.891666666666666,0.7999999999999983,0.5999999999999979,0.0,Tiruchirappalli,23.9,0.3
2024-11-30 02:00:00,25.7,78,0.0,996.7,19.9,33.6,286,282,2,30,11,5,335,25.4,0.0,24.6,0.2,24.4,0.0,25.4,0.0,23.7,0.0,24.9,0.3999999999999982,24.808333333333334,0.4000000000000036,25.975,0.7999999999999983,0.3000000000000007,0.0,Tiruchirappalli,24.9,0.0
2024-11-30 03:00:00,26.3,75,0.0,997.3,18.6,31.9,290,289,3,30,11,5,335,25.7,0.0,24.8,0.0,24.4,0.0,25.2,0.0,24.0,0.0,25.21666666666667,0.3999999999999982,24.9,0.4000000000000036,26.07083333333333,0.7999999999999983,0.6000000000000014,0.0,Tiruchirappalli,26.2,0.0
2024-11-30 04:00:00,27.7,71,0.0,997.8,18.3,27.6,289,288,4,30,11,5,335,26.3,0.0,25.4,0.0,24.5,0.2,24.8,0.0,25.9,0.0,25.75,0.1999999999999982,25.141666666666666,0.4000000000000036,26.14583333333333,0.7999999999999983,1.3999999999999986,0.0,Tiruchirappalli,27.4,0.2
2024-11-30 05:00:00,27.5,72,0.1,998.0,19.5,29.0,287,286,5,30,11,5,335,27.7,0.0,25.7,0.0,24.6,0.2,24.8,0.0,26.1,0.4,26.23333333333333,0.0999999999999982,25.366666666666664,0.5000000000000036,26.204166666666666,0.4999999999999982,-0.1999999999999993,0.1,Tiruchirappalli,28.5,0.4
2024-11-30 06:00:00,27.6,69,0.0,996.8,23.3,35.1,276,274,6,30,11,5,335,27.5,0.1,26.3,0.0,24.8,0.0,24.7,0.0,27.3,0.0,26.7,0.0999999999999982,25.60833333333333,0.5000000000000036,26.21666666666667,0.4999999999999982,0.1000000000000014,-0.1,Tiruchirappalli,29.1,0.4
2024-11-30 07:00:00,28.4,65,0.0,995.3,25.6,38.0,281,282,7,30,11,5,335,27.6,0.0,27.7,0.0,25.4,0.0,24.4,0.0,28.6,0.0,27.2,0.0999999999999982,25.941666666666663,0.5000000000000036,26.20833333333333,0.4999999999999982,0.7999999999999972,0.0,Tiruchirappalli,29.4,1.3
2024-11-30 08:00:00,28.4,67,0.3,994.3,24.3,36.5,286,285,8,30,11,5,335,28.4,0.0,27.5,0.1,25.7,0.0,24.4,0.0,28.8,0.0,27.65,0.3999999999999982,26.275,0.8000000000000036,26.191666666666663,0.7999999999999983,0.0,0.3,Tiruchirappalli,29.4,1.3
2024-11-30 09:00:00,28.9,67,0.6,993.7,19.3,28.5,283,284,9,30,11,5,335,28.4,0.3,27.6,0.0,26.3,0.0,24.4,0.0,29.4,0.0,28.08333333333333,0.999999999999998,26.65,1.4000000000000037,26.17083333333333,1.399999999999998,0.5,0.3,Tiruchirappalli,29.8,0.1
2024-11-30 10:00:00,27.8,76,0.9,993.6,15.7,25.2,290,292,10,30,11,5,335,28.9,0.6,28.4,0.0,27.7,0.0,24.5,0.2,28.9,0.0,28.1,1.899999999999998,26.925,2.100000000000004,26.125,2.299999999999998,-1.099999999999998,0.3,Tiruchirappalli,29.5,0.0
2024-11-30 11:00:00,26.2,87,1.0,994.3,13.2,24.4,310,316,11,30,11,5,335,27.8,0.9,28.4,0.3,27.5,0.1,24.6,0.2,28.3,0.0,27.883333333333336,2.799999999999998,27.058333333333334,2.9000000000000035,26.0375,3.299999999999998,-1.6000000000000014,0.0999999999999999,Tiruchirappalli,29.1,0.0
2024-11-30 12:00:00,25.5,85,1.3,994.5,8.5,19.3,294,298,12,30,11,5,335,26.2,1.0,28.9,0.6,27.6,0.0,24.8,0.0,27.5,0.0,27.53333333333333,4.099999999999998,27.116666666666664,4.200000000000004,25.954166666666666,4.599999999999998,-0.6999999999999993,0.3,Tiruchirappalli,28.0,0.0
2024-11-30 13:00:00,26.5,78,0.2,994.0,19.9,34.0,284,280,13,30,11,5,335,25.5,1.3,27.8,0.9,28.4,0.0,25.4,0.0,25.5,0.0,27.21666666666667,4.299999999999998,27.20833333333333,4.400000000000004,25.995833333333334,4.799999999999998,1.0,-1.1,Tiruchirappalli,27.1,0.0
2024-11-30 14:00:00,26.2,79,0.2,994.8,20.8,35.1,278,276,14,30,11,5,335,26.5,0.2,26.2,1.0,28.4,0.3,25.7,0.0,25.4,0.0,26.85,4.199999999999998,27.25,4.600000000000003,26.02916666666667,4.999999999999998,-0.3000000000000007,0.0,Tiruchirappalli,26.3,0.0
2024-11-30 15:00:00,25.1,89,1.5,996.3,11.5,23.8,284,287,15,30,11,5,335,26.2,0.2,25.5,1.3,28.9,0.6,26.3,0.0,25.2,0.0,26.216666666666665,5.099999999999998,27.15,6.100000000000003,26.025,6.499999999999998,-1.099999999999998,1.3,Tiruchirappalli,25.8,0.0
2024-11-30 16:00:00,24.9,89,1.2,995.4,22.6,38.7,260,257,16,30,11,5,335,25.1,1.5,26.5,0.2,27.8,0.9,27.7,0.0,24.8,0.0,25.73333333333333,5.399999999999998,26.916666666666668,7.300000000000003,26.02916666666667,7.699999999999998,-0.2000000000000028,-0.3,Tiruchirappalli,25.1,0.0
2024-11-30 17:00:00,24.9,87,2.2,995.7,18.4,32.6,264,265,17,30,11,5,335,24.9,1.2,26.2,0.2,26.2,1.0,27.5,0.1,24.8,0.0,25.516666666666666,6.599999999999998,26.700000000000003,9.400000000000004,26.03333333333333,9.9,0.0,1.0000000000000002,Tiruchirappalli,24.3,0.0
2024-11-30 18:00:00,24.2,91,8.4,996.0,16.9,30.9,285,284,18,30,11,5,335,24.9,2.2,25.1,1.5,25.5,1.3,27.6,0.0,24.7,0.0,25.3,13.7,26.416666666666668,17.800000000000004,26.012500000000003,18.3,-0.6999999999999993,6.2,Tiruchirappalli,23.5,0.0
2024-11-30 19:00:00,24.1,91,5.0,994.8,23.5,40.3,268,266,19,30,11,5,335,24.2,8.4,24.9,1.2,26.5,0.2,28.4,0.0,24.4,0.0,24.9,18.5,26.058333333333334,22.800000000000004,26.0,23.3,-0.0999999999999978,-3.4000000000000004,Tiruchirappalli,22.9,0.0
2024-11-30 20:00:00,24.1,90,6.7,993.7,9.8,16.8,267,265,20,30,11,5,335,24.1,5.0,24.9,2.2,26.2,0.2,28.4,0.3,24.4,0.0,24.55,25.0,25.7,29.200000000000003,25.9875,30.0,0.0,1.7000000000000002,Tiruchirappalli,22.7,0.0
2024-11-30 21:00:00,24.1,89,8.6,993.3,9.8,16.8,268,268,21,30,11,5,335,24.1,6.7,24.2,8.4,25.1,1.5,28.9,0.6,24.4,0.0,24.383333333333336,32.099999999999994,25.3,37.2,25.975,38.6,0.0,1.9,Tiruchirappalli,22.5,0.0
2024-11-30 22:00:00,24.0,91,8.1,992.8,9.8,16.8,267,266,22,30,11,5,335,24.1,8.6,24.1,5.0,24.9,1.2,27.8,0.9,24.5,0.2,24.23333333333333,38.99999999999999,24.98333333333333,44.400000000000006,25.954166666666666,46.49999999999999,-0.1000000000000014,-0.5,Tiruchirappalli,22.5,0.0
2024-11-30 23:00:00,23.9,90,4.8,992.9,9.8,16.8,272,270,23,30,11,5,335,24.0,8.1,24.1,6.7,24.9,2.2,26.2,1.0,24.6,0.2,24.066666666666663,41.6,24.791666666666668,48.20000000000001,25.925,51.1,-0.1000000000000014,-3.3,Tiruchirappalli,22.5,0.0
2024-12-01 00:00:00,23.9,90,2.8,993.6,26.5,16.8,273,270,0,1,12,6,336,23.9,4.8,24.1,8.6,24.2,8.4,25.5,1.3,24.8,0.0,24.016666666666666,36.0,24.65833333333333,49.7,25.887500000000003,53.9,0.0,-2.0,Tiruchirappalli,22.5,0.0
2024-12-01 01:00:00,24.1,91,3.1,994.3,23.8,40.8,279,278,1,1,12,6,336,23.9,2.8,24.0,8.1,24.1,5.0,26.5,0.2,25.4,0.0,24.016666666666666,34.099999999999994,24.45833333333333,52.60000000000001,25.83333333333333,57.0,0.2000000000000028,0.3000000000000002,Tiruchirappalli,24.0,0.0
2024-12-01 02:00:00,24.4,91,6.3,995.4,13.2,25.9,270,265,2,1,12,6,336,24.1,3.1,23.9,4.8,24.1,6.7,26.2,0.2,25.7,0.0,24.066666666666663,33.7,24.308333333333334,58.7,25.77916666666667,63.3,0.2999999999999971,3.2,Tiruchirappalli,25.2,0.0
2024-12-01 03:00:00,24.8,92,3.4,996.0,15.3,27.5,265,255,3,1,12,6,336,24.4,6.3,23.9,2.8,24.1,8.6,25.1,1.5,26.3,0.0,24.183333333333334,28.5,24.28333333333333,60.6,25.71666666666667,66.7,0.4000000000000021,-2.9,Tiruchirappalli,26.8,0.0
2024-12-01 04:00:00,26.5,86,0.2,996.2,19.8,31.7,270,267,4,1,12,6,336,24.8,3.4,24.1,3.1,24.0,8.1,24.9,1.2,27.7,0.0,24.6,20.6,24.416666666666668,59.6,25.666666666666668,66.9,1.6999999999999993,-3.2,Tiruchirappalli,28.0,0.0
2024-12-01 05:00:00,28.0,77,0.0,996.1,22.6,32.5,275,275,5,1,12,6,336,26.5,0.2,24.4,6.3,23.9,4.8,24.9,2.2,27.5,0.1,25.28333333333333,15.799999999999995,24.675,57.400000000000006,25.6875,66.8,1.5,-0.2,Tiruchirappalli,29.1,0.0
2024-12-01 06:00:00,28.5,74,0.3,994.9,24.5,35.3,273,274,6,1,12,6,336,28.0,0.0,24.8,3.4,23.9,2.8,24.2,8.4,27.6,0.0,26.05,13.299999999999995,25.03333333333333,49.3,25.725,67.1,0.5,0.3,Tiruchirappalli,29.6,0.0
2024-12-01 07:00:00,29.5,69,0.3,993.8,24.9,35.4,274,274,7,1,12,6,336,28.5,0.3,26.5,0.2,24.1,3.1,24.1,5.0,28.4,0.0,26.95,10.499999999999996,25.48333333333333,44.6,25.77083333333333,67.39999999999999,1.0,0.0,Tiruchirappalli,29.9,0.0
2024-12-01 08:00:00,29.5,67,0.0,993.0,23.3,33.8,280,279,8,1,12,6,336,29.5,0.3,28.0,0.0,24.4,6.3,24.1,6.7,28.4,0.3,27.8,4.199999999999997,25.933333333333334,37.900000000000006,25.816666666666663,67.1,0.0,-0.3,Tiruchirappalli,30.3,0.1
2024-12-01 09:00:00,28.7,71,0.0,992.4,19.1,28.3,277,278,9,1,12,6,336,29.5,0.0,28.5,0.3,24.8,3.4,24.1,8.6,28.9,0.6,28.45,0.7999999999999965,26.316666666666663,29.300000000000004,25.808333333333337,66.5,-0.8000000000000007,0.0,Tiruchirappalli,30.5,0.0
2024-12-01 10:00:00,28.3,74,0.0,992.0,14.8,24.8,276,276,10,1,12,6,336,28.7,0.0,29.5,0.3,26.5,0.2,24.0,8.1,27.8,0.9,28.75,0.5999999999999965,26.675,21.200000000000003,25.829166666666666,65.6,-0.3999999999999986,0.0,Tiruchirappalli,30.4,0.0
2024-12-01 11:00:00,28.4,73,0.0,992.2,14.4,24.5,270,266,11,1,12,6,336,28.3,0.0,29.5,0.0,28.0,0.0,23.9,4.8,26.2,1.0,28.816666666666663,0.5999999999999965,27.05,16.400000000000006,25.92083333333333,64.6,0.0999999999999978,0.0,Tiruchirappalli,29.4,0.0
2024-12-01 12:00:00,27.8,77,0.0,992.7,12.5,22.0,256,249,12,1,12,6,336,28.4,0.0,28.7,0.0,28.5,0.3,23.9,2.8,25.5,1.3,28.7,0.2999999999999964,27.375,13.600000000000003,26.01666666666667,63.3,-0.5999999999999979,0.0,Tiruchirappalli,28.0,0.0
2024-12-01 13:00:00,24.2,94,11.6,993.9,6.8,13.9,214,191,13,1,12,6,336,27.8,0.0,28.3,0.0,29.5,0.3,24.1,3.1,26.5,0.2,27.816666666666663,11.599999999999996,27.383333333333336,22.1,25.92083333333333,74.7,-3.6000000000000014,11.6,Tiruchirappalli,27.5,0.0
2024-12-01 14:00:00,24.2,94,1.0,994.5,15.2,26.1,212,204,14,1,12,6,336,24.2,11.6,28.4,0.0,29.5,0.0,24.4,6.3,26.2,0.2,26.933333333333334,12.599999999999996,27.36666666666667,16.800000000000004,25.8375,75.5,0.0,-10.6,Tiruchirappalli,26.7,0.2
2024-12-01 15:00:00,24.3,93,2.6,995.1,12.0,23.6,227,224,15,1,12,6,336,24.2,1.0,27.8,0.0,28.7,0.0,24.8,3.4,25.1,1.5,26.2,15.199999999999996,27.325000000000003,16.000000000000004,25.804166666666664,76.6,0.1000000000000014,1.6,Tiruchirappalli,26.0,0.0
2024-12-01 16:00:00,24.2,94,3.8,995.7,11.9,22.8,226,221,16,1,12,6,336,24.3,2.6,24.2,11.6,28.3,0.0,26.5,0.2,24.9,1.2,25.516666666666666,19.0,27.133333333333336,19.6,25.775,79.19999999999999,-0.1000000000000014,1.1999999999999995,Tiruchirappalli,25.7,0.0
2024-12-01 17:00:00,24.5,93,2.4,995.5,16.6,29.8,238,229,17,1,12,6,336,24.2,3.8,24.2,1.0,28.4,0.0,28.0,0.0,24.9,2.2,24.86666666666667,21.399999999999995,26.84166666666667,22.000000000000004,25.758333333333336,79.39999999999999,0.3000000000000007,-1.4,Tiruchirappalli,25.0,0.0
2024-12-01 18:00:00,24.6,91,1.3,994.8,23.2,39.8,246,240,18,1,12,6,336,24.5,2.4,24.3,2.6,27.8,0.0,28.5,0.3,24.2,8.4,24.33333333333333,22.7,26.516666666666666,23.000000000000004,25.775,72.3,0.1000000000000014,-1.1,Tiruchirappalli,24.6,0.0
2024-12-01 19:00:00,24.7,89,0.4,993.9,20.0,34.3,238,232,19,1,12,6,336,24.6,1.3,24.2,3.8,24.2,11.6,29.5,0.3,24.1,5.0,24.416666666666668,11.499999999999996,26.11666666666667,23.1,25.8,67.7,0.0999999999999978,-0.9,Tiruchirappalli,24.0,0.0
2024-12-01 20:00:00,25.0,87,0.0,993.4,17.1,30.0,241,232,20,1,12,6,336,24.7,0.4,24.5,2.4,24.2,1.0,29.5,0.0,24.1,6.7,24.55,10.499999999999996,25.74166666666667,23.1,25.8375,60.99999999999999,0.3000000000000007,-0.4,Tiruchirappalli,23.9,0.0
2024-12-01 21:00:00,24.9,86,0.0,992.7,17.6,30.5,240,233,21,1,12,6,336,25.0,0.0,24.6,1.3,24.3,2.6,28.7,0.0,24.1,8.6,24.649999999999995,7.899999999999997,25.425,23.1,25.870833333333334,52.39999999999999,-0.1000000000000014,0.0,Tiruchirappalli,24.2,0.0
2024-12-01 22:00:00,24.9,85,0.0,992.5,18.0,30.7,238,232,22,1,12,6,336,24.9,0.0,24.7,0.4,24.2,3.8,28.3,0.0,24.0,8.1,24.766666666666666,4.099999999999996,25.141666666666666,23.1,25.90833333333333,44.29999999999999,0.0,0.0,Tiruchirappalli,24.3,0.0
2024-12-01 23:00:00,24.8,85,0.0,992.9,18.0,30.7,239,232,23,1,12,6,336,24.9,0.0,25.0,0.0,24.5,2.4,28.4,0.0,23.9,4.8,24.816666666666663,1.6999999999999966,24.841666666666665,23.1,25.945833333333336,39.49999999999999,-0.0999999999999978,0.0,Tiruchirappalli,24.3,0.0
2024-12-02 00:00:00,24.8,84,0.0,993.6,17.0,29.5,237,228,0,2,12,0,337,24.8,0.0,24.9,0.0,24.6,1.3,27.8,0.0,23.9,2.8,24.85,0.3999999999999964,24.59166666666667,23.1,25.98333333333333,36.69999999999999,0.0,0.0,Tiruchirappalli,24.3,0.0
2024-12-02 01:00:00,24.9,87,0.1,994.6,14.3,24.9,251,247,1,2,12,0,337,24.8,0.0,24.9,0.0,24.7,0.4,24.2,11.6,24.1,3.1,24.883333333333336,0.0999999999999964,24.649999999999995,11.600000000000003,26.01666666666667,33.7,0.0999999999999978,0.1,Tiruchirappalli,24.4,0.0
2024-12-02 02:00:00,25.6,85,0.0,995.9,11.9,20.1,255,250,2,2,12,0,337,24.9,0.1,24.8,0.0,25.0,0.0,24.2,1.0,24.4,6.3,24.98333333333333,0.0999999999999964,24.766666666666666,10.600000000000003,26.066666666666663,27.399999999999995,0.7000000000000028,-0.1,Tiruchirappalli,25.3,0.0
2024-12-02 03:00:00,27.1,78,0.0,997.0,12.1,17.2,256,255,3,2,12,0,337,25.6,0.0,24.8,0.0,24.9,0.0,24.3,2.6,24.8,3.4,25.35,0.0999999999999964,25.0,8.000000000000004,26.1625,24.0,1.5,0.0,Tiruchirappalli,26.7,0.0
2024-12-02 04:00:00,28.3,74,0.0,997.1,14.2,19.5,256,257,4,2,12,0,337,27.1,0.0,24.9,0.1,24.9,0.0,24.2,3.8,26.5,0.2,25.916666666666668,0.0999999999999964,25.341666666666665,4.200000000000003,26.2375,23.8,1.1999999999999993,0.0,Tiruchirappalli,28.2,0.0
2024-12-02 05:00:00,29.3,70,0.0,997.0,15.9,21.5,264,265,5,2,12,0,337,28.3,0.0,25.6,0.0,24.8,0.0,24.5,2.4,28.0,0.0,26.666666666666668,0.0999999999999964,25.741666666666664,1.8000000000000036,26.291666666666668,23.8,1.0,0.0,Tiruchirappalli,29.1,0.0
2024-12-02 06:00:00,30.3,65,0.0,996.3,16.8,22.6,265,266,6,2,12,0,337,29.3,0.0,27.1,0.0,24.8,0.0,24.6,1.3,28.5,0.3,27.58333333333333,0.0999999999999964,26.21666666666667,0.5000000000000036,26.366666666666664,23.5,1.0,0.0,Tiruchirappalli,29.6,0.1
2024-12-02 07:00:00,30.7,63,0.0,995.4,15.5,21.1,272,273,7,2,12,0,337,30.3,0.0,28.3,0.0,24.9,0.1,24.7,0.4,29.5,0.3,28.55,0.0,26.716666666666665,0.1000000000000035,26.416666666666668,23.2,0.3999999999999986,0.0,Tiruchirappalli,29.9,0.0
2024-12-02 08:00:00,30.4,66,0.2,994.9,12.3,16.6,267,267,8,2,12,0,337,30.7,0.0,29.3,0.0,25.6,0.0,25.0,0.0,29.5,0.0,29.35,0.1999999999999964,27.166666666666668,0.3000000000000036,26.454166666666666,23.399999999999995,-0.3000000000000007,0.2,Tiruchirappalli,29.9,0.0
2024-12-02 09:00:00,30.9,65,0.0,994.2,8.8,11.6,251,253,9,2,12,0,337,30.4,0.2,30.3,0.0,27.1,0.0,24.9,0.0,28.7,0.0,29.98333333333333,0.1999999999999964,27.666666666666668,0.3000000000000036,26.54583333333333,23.399999999999995,0.5,-0.2,Tiruchirappalli,28.9,1.2
2024-12-02 10:00:00,30.8,65,0.0,993.6,8.2,10.8,237,237,10,2,12,0,337,30.9,0.0,30.7,0.0,28.3,0.0,24.9,0.0,28.3,0.0,30.4,0.1999999999999964,28.15833333333333,0.3000000000000036,26.65,23.399999999999995,-0.0999999999999978,0.0,Tiruchirappalli,28.2,0.1
2024-12-02 11:00:00,27.1,84,1.4,995.1,16.5,25.0,168,167,11,2,12,0,337,30.8,0.0,30.4,0.2,29.3,0.0,24.8,0.0,28.4,0.0,30.03333333333333,1.5999999999999963,28.35,1.7000000000000035,26.59583333333333,24.8,-3.6999999999999993,1.4,Tiruchirappalli,27.9,0.0
2024-12-02 12:00:00,25.9,90,1.0,995.9,10.9,18.5,187,188,12,2,12,0,337,27.1,1.4,30.9,0.0,30.3,0.0,24.8,0.0,27.8,0.0,29.3,2.599999999999996,28.441666666666663,2.700000000000004,26.516666666666666,25.8,-1.2000000000000028,-0.3999999999999999,Tiruchirappalli,27.2,0.0
2024-12-02 13:00:00,25.5,93,0.1,995.7,3.9,11.1,153,137,13,2,12,0,337,25.9,1.0,30.8,0.0,30.7,0.0,24.9,0.1,24.2,11.6,28.433333333333337,2.699999999999996,28.49166666666667,2.700000000000004,26.570833333333336,14.299999999999995,-0.3999999999999986,-0.9,Tiruchirappalli,26.4,0.0
2024-12-02 14:00:00,25.1,94,0.7,996.9,5.1,6.5,95,45,14,2,12,0,337,25.5,0.1,27.1,1.4,30.4,0.2,25.6,0.0,24.2,1.0,27.55,3.199999999999996,28.45,3.4000000000000035,26.60833333333333,13.999999999999996,-0.3999999999999986,0.6,Tiruchirappalli,25.8,0.0
2024-12-02 15:00:00,24.0,99,4.5,998.6,5.9,4.9,36,349,15,2,12,0,337,25.1,0.7,25.9,1.0,30.9,0.0,27.1,0.0,24.3,2.6,26.4,7.699999999999996,28.191666666666663,7.900000000000004,26.59583333333333,15.899999999999997,-1.1000000000000014,3.8,Tiruchirappalli,25.5,0.0
2024-12-02 16:00:00,24.1,97,0.5,999.2,3.4,1.4,113,6,16,2,12,0,337,24.0,4.5,25.5,0.1,30.8,0.0,28.3,0.0,24.2,3.8,25.28333333333333,8.199999999999996,27.84166666666667,8.400000000000004,26.591666666666665,12.599999999999996,0.1000000000000014,-4.0,Tiruchirappalli,24.7,0.0
2024-12-02 17:00:00,23.8,98,0.9,999.4,4.7,5.3,336,332,17,2,12,0,337,24.1,0.5,25.1,0.7,27.1,1.4,29.3,0.0,24.5,2.4,24.73333333333333,7.699999999999997,27.383333333333336,9.300000000000004,26.5625,11.099999999999996,-0.3000000000000007,0.4,Tiruchirappalli,23.8,0.0
2024-12-02 18:00:00,23.6,98,2.3,999.1,3.8,5.5,23,8,18,2,12,0,337,23.8,0.9,24.0,4.5,25.9,1.0,30.3,0.0,24.6,1.3,24.350000000000005,8.999999999999996,26.825,11.600000000000003,26.52083333333333,12.099999999999996,-0.1999999999999993,1.4,Tiruchirappalli,23.2,0.0
2024-12-02 19:00:00,23.3,99,0.0,998.8,2.3,3.7,337,302,19,2,12,0,337,23.6,2.3,24.1,0.5,25.5,0.1,30.7,0.0,24.7,0.4,23.98333333333333,8.899999999999997,26.20833333333333,11.600000000000003,26.4625,11.699999999999996,-0.3000000000000007,-2.3,Tiruchirappalli,22.8,0.0
2024-12-02 20:00:00,23.3,99,0.0,998.1,1.1,3.7,23,342,20,2,12,0,337,23.3,0.0,23.8,0.9,25.1,0.7,30.4,0.2,25.0,0.0,23.683333333333334,8.199999999999996,25.616666666666664,11.400000000000004,26.391666666666666,11.699999999999996,0.0,0.0,Tiruchirappalli,22.6,0.0
2024-12-02 21:00:00,23.0,99,0.0,997.5,2.2,4.9,24,360,21,2,12,0,337,23.3,0.0,23.6,2.3,24.0,4.5,30.9,0.0,24.9,0.0,23.516666666666666,3.699999999999996,24.95833333333333,11.400000000000004,26.3125,11.699999999999996,-0.3000000000000007,0.0,Tiruchirappalli,22.3,0.0
2024-12-02 22:00:00,23.1,98,0.0,997.4,1.2,3.6,6,321,22,2,12,0,337,23.0,0.0,23.3,0.0,24.1,0.5,30.8,0.0,24.9,0.0,23.350000000000005,3.199999999999996,24.316666666666663,11.400000000000004,26.2375,11.699999999999996,0.1000000000000014,0.0,Tiruchirappalli,22.1,0.0
2024-12-02 23:00:00,23.3,98,0.0,997.4,0.9,2.5,360,323,23,2,12,0,337,23.1,0.0,23.3,0.0,23.8,0.9,27.1,1.4,24.8,0.0,23.266666666666666,2.2999999999999963,24.000000000000004,10.000000000000004,26.175,11.699999999999996,0.1999999999999993,0.0,Tiruchirappalli,21.9,0.0
2024-12-03 00:00:00,23.4,97,0.0,997.9,0.8,2.5,356,315,0,3,12,1,338,23.3,0.0,23.0,0.0,23.6,2.3,25.9,1.0,24.8,0.0,23.23333333333333,0.0,23.791666666666668,9.000000000000004,26.11666666666667,11.699999999999996,0.0999999999999978,0.0,Tiruchirappalli,21.7,0.0
2024-12-03 01:00:00,24.4,98,0.0,998.8,5.5,8.7,60,54,1,3,12,1,338,23.4,0.0,23.1,0.0,23.3,0.0,25.5,0.1,24.9,0.1,23.416666666666668,0.0,23.7,8.900000000000004,26.09583333333333,11.599999999999996,1.0,0.0,Tiruchirappalli,23.0,0.0
2024-12-03 02:00:00,24.9,96,0.0,999.7,8.2,10.6,60,58,2,3,12,1,338,24.4,0.0,23.3,0.0,23.3,0.0,25.1,0.7,25.6,0.0,23.683333333333334,0.0,23.683333333333337,8.200000000000003,26.066666666666663,11.599999999999996,0.5,0.0,Tiruchirappalli,24.4,0.0
2024-12-03 03:00:00,25.7,92,0.2,1000.3,8.3,11.9,65,63,3,3,12,1,338,24.9,0.0,23.4,0.0,23.0,0.0,24.0,4.5,27.1,0.0,24.13333333333333,0.1999999999999964,23.825000000000003,3.900000000000005,26.008333333333336,11.799999999999995,0.8000000000000007,0.2,Tiruchirappalli,26.2,0.0
2024-12-03 04:00:00,27.4,82,0.1,1000.5,5.8,7.8,81,83,4,3,12,1,338,25.7,0.2,24.4,0.0,23.1,0.0,24.1,0.5,28.3,0.0,24.85,0.2999999999999965,24.1,3.500000000000004,25.97083333333333,11.899999999999997,1.6999999999999993,-0.1,Tiruchirappalli,27.7,0.0
2024-12-03 05:00:00,29.0,74,0.1,1000.2,5.1,6.5,120,122,5,3,12,1,338,27.4,0.1,24.9,0.0,23.3,0.0,23.8,0.9,29.3,0.0,25.8,0.3999999999999964,24.53333333333333,2.700000000000004,25.95833333333333,11.999999999999996,1.6000000000000014,0.0,Tiruchirappalli,28.8,0.0
2024-12-03 06:00:00,29.9,69,0.1,999.8,4.6,5.8,99,99,6,3,12,1,338,29.0,0.1,25.7,0.2,23.4,0.0,23.6,2.3,30.3,0.0,26.88333333333333,0.4999999999999964,25.058333333333334,0.5000000000000044,25.941666666666663,12.099999999999996,0.8999999999999986,0.0,Tiruchirappalli,29.6,0.1
2024-12-03 07:00:00,30.5,66,0.1,999.1,5.6,7.2,71,69,7,3,12,1,338,29.9,0.1,27.4,0.1,24.4,0.0,23.3,0.0,30.7,0.0,27.899999999999995,0.5999999999999965,25.65833333333333,0.6000000000000045,25.933333333333334,12.199999999999996,0.6000000000000014,0.0,Tiruchirappalli,29.9,0.1
2024-12-03 08:00:00,30.9,64,0.1,998.0,7.9,10.3,67,66,8,3,12,1,338,30.5,0.1,29.0,0.1,24.9,0.0,23.3,0.0,30.4,0.2,28.9,0.6999999999999965,26.291666666666668,0.7000000000000045,25.954166666666666,12.099999999999996,0.3999999999999986,0.0,Tiruchirappalli,30.1,0.1
2024-12-03 09:00:00,30.6,66,0.2,997.2,8.2,10.8,79,80,9,3,12,1,338,30.9,0.1,29.9,0.1,25.7,0.2,23.0,0.0,30.9,0.0,29.716666666666665,0.6999999999999965,26.925,0.9000000000000045,25.941666666666663,12.299999999999995,-0.2999999999999971,0.1,Tiruchirappalli,30.1,0.0
2024-12-03 10:00:00,29.8,67,0.1,996.7,11.7,15.5,72,67,10,3,12,1,338,30.6,0.2,30.5,0.1,27.4,0.1,23.1,0.0,30.8,0.0,30.116666666666664,0.6999999999999965,27.48333333333333,1.0000000000000044,25.9,12.399999999999997,-0.8000000000000007,-0.1,Tiruchirappalli,29.7,0.0
2024-12-03 11:00:00,26.9,82,4.1,998.1,10.4,15.7,58,58,11,3,12,1,338,29.8,0.1,30.9,0.1,29.0,0.1,23.3,0.0,27.1,1.4,29.766666666666666,4.699999999999996,27.78333333333333,5.100000000000004,25.891666666666666,15.099999999999998,-2.900000000000002,4.0,Tiruchirappalli,29.1,0.0
2024-12-03 12:00:00,25.6,90,0.1,999.1,9.8,15.5,65,60,12,3,12,1,338,26.9,4.1,30.6,0.2,29.9,0.1,23.4,0.0,25.9,1.0,29.05,4.699999999999996,27.966666666666665,5.200000000000004,25.879166666666663,14.199999999999998,-1.2999999999999972,-4.0,Tiruchirappalli,27.9,0.0
2024-12-03 13:00:00,26.6,85,0.0,999.1,11.0,20.8,68,65,13,3,12,1,338,25.6,0.1,29.8,0.1,30.5,0.1,24.4,0.0,25.5,0.1,28.4,4.599999999999995,28.15,5.200000000000004,25.925,14.099999999999998,1.0,-0.1,Tiruchirappalli,26.9,0.0
2024-12-03 14:00:00,26.1,88,0.0,1000.7,10.8,20.3,65,58,14,3,12,1,338,26.6,0.0,26.9,4.1,30.9,0.1,24.9,0.0,25.1,0.7,27.6,4.499999999999996,28.25,5.200000000000004,25.966666666666665,13.399999999999997,-0.5,0.0,Tiruchirappalli,26.2,0.0
2024-12-03 15:00:00,25.5,92,0.1,1001.2,10.9,19.9,70,70,15,3,12,1,338,26.1,0.0,25.6,0.1,30.6,0.2,25.7,0.2,24.0,4.5,26.75,4.399999999999996,28.23333333333333,5.100000000000004,26.029166666666665,8.999999999999996,-0.6000000000000014,0.1,Tiruchirappalli,25.4,0.0
2024-12-03 16:00:00,25.4,94,0.0,1001.6,7.9,16.0,64,63,16,3,12,1,338,25.5,0.1,26.6,0.0,29.8,0.1,27.4,0.1,24.1,0.5,26.016666666666666,4.299999999999995,28.066666666666663,5.000000000000004,26.08333333333333,8.499999999999996,-0.1000000000000014,-0.1,Tiruchirappalli,24.8,0.0
2024-12-03 17:00:00,25.1,97,0.0,1001.6,6.1,13.0,80,90,17,3,12,1,338,25.4,0.0,26.1,0.0,26.9,4.1,29.0,0.1,23.8,0.9,25.716666666666665,0.1999999999999955,27.74166666666667,4.900000000000004,26.1375,7.599999999999996,-0.2999999999999971,0.0,Tiruchirappalli,24.0,0.0
2024-12-03 18:00:00,25.0,97,0.1,1001.3,6.5,12.9,65,62,18,3,12,1,338,25.1,0.0,25.5,0.1,25.6,0.1,29.9,0.1,23.6,2.3,25.616666666666664,0.1999999999999955,27.33333333333333,4.900000000000004,26.19583333333333,5.399999999999997,-0.1000000000000014,0.1,Tiruchirappalli,23.4,0.0
2024-12-03 19:00:00,24.9,97,0.2,1000.9,6.9,13.6,83,81,19,3,12,1,338,25.0,0.1,25.4,0.0,26.6,0.0,30.5,0.1,23.3,0.0,25.33333333333333,0.3999999999999956,26.866666666666664,5.000000000000004,26.2625,5.599999999999997,-0.1000000000000014,0.1,Tiruchirappalli,23.1,0.0
2024-12-03 20:00:00,25.0,98,0.0,1000.6,5.8,11.5,88,86,20,3,12,1,338,24.9,0.2,25.1,0.0,26.1,0.0,30.9,0.1,23.3,0.0,25.15,0.3999999999999956,26.375,4.900000000000004,26.33333333333333,5.599999999999996,0.1000000000000014,-0.2,Tiruchirappalli,22.6,0.0
2024-12-03 21:00:00,24.8,99,0.0,1000.0,4.4,9.1,82,81,21,3,12,1,338,25.0,0.0,25.0,0.1,25.5,0.1,30.6,0.2,23.0,0.0,25.03333333333333,0.2999999999999956,25.891666666666666,4.700000000000004,26.40833333333333,5.599999999999996,-0.1999999999999993,0.0,Tiruchirappalli,22.3,0.0
2024-12-03 22:00:00,24.6,99,0.0,999.8,6.0,9.9,75,74,22,3,12,1,338,24.8,0.0,24.9,0.2,25.4,0.0,29.8,0.1,23.1,0.0,24.9,0.2999999999999956,25.45833333333333,4.600000000000004,26.47083333333333,5.599999999999996,-0.1999999999999993,0.0,Tiruchirappalli,22.0,0.0
2024-12-03 23:00:00,24.8,95,1.1,1000.0,8.4,13.2,73,74,23,3,12,1,338,24.6,0.0,25.0,0.0,25.1,0.0,26.9,4.1,23.3,0.0,24.85,1.3999999999999957,25.28333333333333,1.6000000000000043,26.53333333333333,6.699999999999996,0.1999999999999993,1.1,Tiruchirappalli,22.2,0.0
2024-12-04 00:00:00,24.5,96,0.9,1000.4,8.4,13.5,74,79,0,4,12,2,339,24.8,1.1,24.8,0.0,25.0,0.1,25.6,0.1,23.4,0.0,24.766666666666666,2.199999999999996,25.191666666666663,2.4000000000000044,26.579166666666666,7.599999999999996,-0.3000000000000007,-0.2,Tiruchirappalli,22.4,0.0
2024-12-04 01:00:00,24.1,100,0.0,1000.9,4.8,13.1,53,63,1,4,12,2,339,24.5,0.9,24.6,0.0,24.9,0.2,26.6,0.0,24.4,0.0,24.633333333333336,1.999999999999996,24.98333333333333,2.4000000000000044,26.566666666666663,7.599999999999996,-0.3999999999999986,-0.9,Tiruchirappalli,24.0,0.0
2024-12-04 02:00:00,24.9,96,0.0,1001.9,8.5,10.4,56,54,2,4,12,2,339,24.1,0.0,24.8,1.1,25.0,0.0,26.1,0.0,24.9,0.0,24.61666666666667,1.999999999999996,24.88333333333333,2.4000000000000044,26.566666666666663,7.599999999999996,0.7999999999999972,0.0,Tiruchirappalli,24.6,0.1
2024-12-04 03:00:00,26.2,88,0.0,1002.7,7.7,10.4,56,57,3,4,12,2,339,24.9,0.0,24.5,0.9,24.8,0.0,25.5,0.1,25.7,0.2,24.85,1.999999999999996,24.941666666666663,2.3000000000000043,26.5875,7.399999999999997,1.3000000000000007,0.0,Tiruchirappalli,25.6,0.0
2024-12-04 04:00:00,27.7,77,0.0,1002.8,6.6,8.5,55,55,4,4,12,2,339,26.2,0.0,24.1,0.0,24.6,0.0,25.4,0.0,27.4,0.1,25.366666666666664,1.999999999999996,25.133333333333336,2.3000000000000043,26.6,7.299999999999996,1.5,0.0,Tiruchirappalli,27.2,0.1
2024-12-04 05:00:00,28.7,71,0.0,1002.7,5.8,7.3,54,51,5,4,12,2,339,27.7,0.0,24.9,0.0,24.8,1.1,25.1,0.0,29.0,0.1,26.016666666666666,0.8999999999999956,25.433333333333334,2.3000000000000043,26.5875,7.199999999999997,1.0,0.0,Tiruchirappalli,28.5,0.1
2024-12-04 06:00:00,29.4,66,0.1,1002.0,7.5,9.7,63,63,6,4,12,2,339,28.7,0.0,26.2,0.0,24.5,0.9,25.0,0.1,29.9,0.1,26.83333333333333,0.0999999999999955,25.8,2.3000000000000047,26.566666666666663,7.199999999999997,0.6999999999999993,0.1,Tiruchirappalli,29.3,0.0
2024-12-04 07:00:00,29.5,65,0.2,1000.9,7.2,9.4,72,72,7,4,12,2,339,29.4,0.1,27.7,0.0,24.1,0.0,24.9,0.2,30.5,0.1,27.73333333333333,0.2999999999999956,26.183333333333334,2.3000000000000047,26.525,7.299999999999996,0.1000000000000014,0.1,Tiruchirappalli,29.9,0.0
2024-12-04 08:00:00,29.8,64,0.2,999.7,5.7,7.4,67,66,8,4,12,2,339,29.5,0.2,28.7,0.0,24.9,0.0,25.0,0.0,30.9,0.1,28.55,0.4999999999999955,26.58333333333333,2.5000000000000044,26.479166666666668,7.399999999999997,0.3000000000000007,0.0,Tiruchirappalli,30.0,0.0
2024-12-04 09:00:00,30.1,62,0.0,998.7,5.6,7.3,59,59,9,4,12,2,339,29.8,0.2,29.4,0.1,26.2,0.0,24.8,0.0,30.6,0.2,29.200000000000003,0.4999999999999955,27.025,2.5000000000000044,26.45833333333333,7.199999999999997,0.3000000000000007,-0.2,Tiruchirappalli,30.0,0.0
2024-12-04 10:00:00,29.8,63,0.1,998.3,6.5,8.6,57,56,10,4,12,2,339,30.1,0.0,29.5,0.2,27.7,0.0,24.6,0.0,29.8,0.1,29.55,0.5999999999999956,27.45833333333333,2.6000000000000045,26.45833333333333,7.199999999999997,-0.3000000000000007,0.1,Tiruchirappalli,29.5,0.0
2024-12-04 11:00:00,28.8,70,0.5,998.6,7.7,10.9,77,78,11,4,12,2,339,29.8,0.1,29.8,0.2,28.7,0.0,24.8,1.1,26.9,4.1,29.566666666666663,1.0999999999999956,27.791666666666668,2.0000000000000044,26.5375,3.5999999999999965,-1.0,0.4,Tiruchirappalli,29.1,0.0
2024-12-04 12:00:00,27.3,78,0.2,999.5,7.1,12.8,93,106,12,4,12,2,339,28.8,0.5,30.1,0.0,29.4,0.1,24.5,0.9,25.6,0.1,29.21666666666667,1.1999999999999955,28.025,1.3000000000000045,26.60833333333333,3.6999999999999966,-1.5,-0.3,Tiruchirappalli,28.0,0.0
2024-12-04 13:00:00,26.6,84,0.0,1000.2,4.2,11.3,46,47,13,4,12,2,339,27.3,0.2,29.8,0.1,29.5,0.2,24.1,0.0,26.6,0.0,28.73333333333333,0.9999999999999956,28.23333333333333,1.3000000000000045,26.60833333333333,3.6999999999999966,-0.6999999999999993,-0.2,Tiruchirappalli,27.1,0.0
2024-12-04 14:00:00,25.4,86,0.8,1001.9,13.0,22.9,130,128,14,4,12,2,339,26.6,0.0,28.8,0.5,29.8,0.2,24.9,0.0,26.1,0.0,28.0,1.5999999999999956,28.275,2.100000000000004,26.579166666666666,4.4999999999999964,-1.2000000000000028,0.8,Tiruchirappalli,26.5,0.0
2024-12-04 15:00:00,25.0,90,0.1,1002.5,3.8,10.0,129,139,15,4,12,2,339,25.4,0.8,27.3,0.2,30.1,0.0,26.2,0.0,25.5,0.1,27.15,1.6999999999999955,28.175,2.200000000000004,26.558333333333334,4.499999999999997,-0.3999999999999986,-0.7000000000000001,Tiruchirappalli,26.0,0.0
2024-12-04 16:00:00,24.5,91,0.0,1002.8,0.4,3.0,123,243,16,4,12,2,339,25.0,0.1,26.6,0.0,29.8,0.1,27.7,0.0,25.4,0.0,26.26666666666667,1.5999999999999956,27.90833333333333,2.200000000000004,26.52083333333333,4.499999999999997,-0.5,-0.1,Tiruchirappalli,25.4,0.0
2024-12-04 17:00:00,24.3,92,0.0,1002.9,0.7,2.2,132,256,17,4,12,2,339,24.5,0.0,25.4,0.8,28.8,0.5,28.7,0.0,25.1,0.0,25.516666666666666,1.0999999999999956,27.541666666666668,2.200000000000004,26.4875,4.499999999999997,-0.1999999999999993,0.0,Tiruchirappalli,24.8,0.0
2024-12-04 18:00:00,24.1,94,0.0,1002.6,3.8,6.6,29,8,18,4,12,2,339,24.3,0.0,25.0,0.1,27.3,0.2,29.4,0.1,25.0,0.1,24.98333333333333,0.8999999999999956,27.100000000000005,2.100000000000004,26.450000000000003,4.399999999999997,-0.1999999999999993,0.0,Tiruchirappalli,24.3,0.0
2024-12-04 19:00:00,23.6,96,0.7,1002.6,9.8,18.2,47,50,19,4,12,2,339,24.1,0.0,24.5,0.0,26.6,0.0,29.5,0.2,24.9,0.2,24.48333333333333,1.5999999999999956,26.60833333333333,2.6000000000000045,26.39583333333333,4.899999999999996,-0.5,0.7,Tiruchirappalli,23.7,0.0
2024-12-04 20:00:00,23.6,95,0.2,1001.5,4.8,11.1,50,53,20,4,12,2,339,23.6,0.7,24.3,0.0,25.4,0.8,29.8,0.2,25.0,0.0,24.183333333333334,0.9999999999999956,26.09166666666667,2.600000000000004,26.3375,5.099999999999996,0.0,-0.4999999999999999,Tiruchirappalli,23.5,0.0
2024-12-04 21:00:00,23.0,97,0.0,1001.1,2.8,9.1,39,55,21,4,12,2,339,23.6,0.2,24.1,0.0,25.0,0.1,30.1,0.0,24.8,0.0,23.85,0.8999999999999955,25.5,2.600000000000004,26.2625,5.099999999999996,-0.6000000000000014,-0.2,Tiruchirappalli,23.5,0.0
2024-12-04 22:00:00,23.2,97,0.3,1000.7,3.1,9.3,41,62,22,4,12,2,339,23.0,0.0,23.6,0.7,24.5,0.0,29.8,0.1,24.6,0.0,23.633333333333336,1.1999999999999955,24.950000000000003,2.8000000000000043,26.204166666666666,5.399999999999996,0.1999999999999993,0.3,Tiruchirappalli,23.5,0.0
2024-12-04 23:00:00,23.1,97,0.0,1000.7,4.7,12.5,43,58,23,4,12,2,339,23.2,0.3,23.6,0.2,24.3,0.0,28.8,0.5,24.8,1.1,23.433333333333334,1.1999999999999955,24.475000000000005,2.3000000000000043,26.133333333333336,4.299999999999996,-0.0999999999999978,-0.3,Tiruchirappalli,23.5,0.0
2024-12-05 00:00:00,23.1,96,0.0,1001.2,6.3,13.9,44,51,0,5,12,3,340,23.1,0.0,23.0,0.0,24.1,0.0,27.3,0.2,24.5,0.9,23.26666666666667,1.1999999999999955,24.125,2.1000000000000045,26.075,3.399999999999997,0.0,0.0,Tiruchirappalli,23.6,0.0
2024-12-05 01:00:00,23.9,95,0.3,1001.8,5.1,10.8,38,32,1,5,12,3,340,23.1,0.0,23.2,0.3,23.6,0.7,26.6,0.0,24.1,0.0,23.316666666666663,0.7999999999999956,23.9,2.4000000000000044,26.066666666666663,3.6999999999999966,0.7999999999999972,0.3,Tiruchirappalli,24.3,0.0
2024-12-05 02:00:00,24.9,92,0.0,1002.7,7.0,10.7,46,48,2,5,12,3,340,23.9,0.3,23.1,0.0,23.6,0.2,25.4,0.8,24.9,0.0,23.53333333333333,0.5999999999999956,23.85833333333333,1.600000000000004,26.066666666666663,3.6999999999999966,1.0,-0.3,Tiruchirappalli,25.3,0.0
2024-12-05 03:00:00,26.2,89,0.0,1003.5,7.5,10.2,41,40,3,5,12,3,340,24.9,0.0,23.1,0.0,23.0,0.0,25.0,0.1,26.2,0.0,24.066666666666663,0.5999999999999956,23.95833333333333,1.5000000000000042,26.066666666666663,3.6999999999999966,1.3000000000000007,0.0,Tiruchirappalli,26.6,0.0
2024-12-05 04:00:00,27.4,81,0.2,1003.5,8.3,11.1,40,41,4,5,12,3,340,26.2,0.0,23.9,0.3,23.2,0.3,24.5,0.0,27.7,0.0,24.766666666666666,0.4999999999999955,24.200000000000003,1.7000000000000042,26.05416666666667,3.899999999999997,1.1999999999999993,0.2,Tiruchirappalli,27.9,0.0
2024-12-05 05:00:00,28.5,74,0.4,1003.2,6.8,8.7,63,63,5,5,12,3,340,27.4,0.2,24.9,0.0,23.1,0.0,24.3,0.0,28.7,0.0,25.666666666666668,0.8999999999999956,24.55,2.100000000000004,26.04583333333333,4.299999999999996,1.1000000000000014,0.2,Tiruchirappalli,28.9,0.0
2024-12-05 06:00:00,29.1,71,0.4,1002.5,8.6,10.9,78,75,6,5,12,3,340,28.5,0.4,26.2,0.0,23.1,0.0,24.1,0.0,29.4,0.1,26.66666666666666,1.2999999999999956,24.966666666666665,2.5000000000000044,26.03333333333333,4.599999999999996,0.6000000000000014,0.0,Tiruchirappalli,29.7,0.0
2024-12-05 07:00:00,29.4,69,1.3,1001.5,9.5,12.1,78,76,7,5,12,3,340,29.1,0.4,27.4,0.2,23.9,0.3,23.6,0.7,29.5,0.2,27.58333333333333,2.2999999999999954,25.450000000000003,3.100000000000004,26.02916666666667,5.699999999999997,0.2999999999999971,0.9,Tiruchirappalli,29.8,0.0
2024-12-05 08:00:00,29.4,71,1.3,1000.4,9.6,12.4,69,67,8,5,12,3,340,29.4,1.3,28.5,0.4,24.9,0.0,23.6,0.2,29.8,0.2,28.33333333333333,3.599999999999996,25.933333333333334,4.200000000000005,26.012500000000003,6.799999999999997,0.0,0.0,Tiruchirappalli,30.0,0.0
2024-12-05 09:00:00,29.8,68,0.1,999.2,9.7,13.1,75,75,9,5,12,3,340,29.4,1.3,29.1,0.4,26.2,0.0,23.0,0.0,30.1,0.0,28.933333333333337,3.699999999999996,26.5,4.300000000000004,26.0,6.899999999999997,0.4000000000000021,-1.2,Tiruchirappalli,29.8,0.0
2024-12-05 10:00:00,29.5,67,0.0,998.6,10.5,14.2,78,77,10,5,12,3,340,29.8,0.1,29.4,1.3,27.4,0.2,23.2,0.3,29.8,0.1,29.28333333333333,3.499999999999996,27.025,4.000000000000004,25.9875,6.799999999999996,-0.3000000000000007,-0.1,Tiruchirappalli,29.6,0.0
2024-12-05 11:00:00,29.1,70,0.0,998.7,10.5,15.9,86,85,11,5,12,3,340,29.5,0.0,29.4,1.3,28.5,0.4,23.1,0.0,28.8,0.5,29.383333333333336,3.099999999999996,27.524999999999995,4.000000000000004,26.0,6.299999999999996,-0.3999999999999986,0.0,Tiruchirappalli,28.9,0.0
2024-12-05 12:00:00,28.0,76,0.0,999.6,9.9,17.3,91,89,12,5,12,3,340,29.1,0.0,29.8,0.1,29.1,0.4,23.1,0.0,27.3,0.2,29.200000000000003,2.699999999999996,27.933333333333334,4.000000000000004,26.02916666666667,6.099999999999997,-1.1000000000000014,0.0,Tiruchirappalli,27.9,0.0
2024-12-05 13:00:00,27.1,81,0.0,1000.6,6.5,14.6,104,103,13,5,12,3,340,28.0,0.0,29.5,0.0,29.4,1.3,23.9,0.3,26.6,0.0,28.816666666666663,1.3999999999999957,28.2,3.7000000000000046,26.05,6.099999999999997,-0.8999999999999986,0.0,Tiruchirappalli,27.0,0.0
2024-12-05 14:00:00,26.3,85,0.0,1001.8,6.7,15.1,82,81,14,5,12,3,340,27.1,0.0,29.1,0.0,29.4,1.3,24.9,0.0,25.4,0.8,28.3,0.0999999999999955,28.316666666666663,3.7000000000000046,26.0875,5.299999999999996,-0.8000000000000007,0.0,Tiruchirappalli,26.0,0.0
2024-12-05 15:00:00,25.8,86,0.0,1002.5,10.3,20.5,79,79,15,5,12,3,340,26.3,0.0,28.0,0.0,29.8,0.1,26.2,0.0,25.0,0.1,27.63333333333333,0.0,28.28333333333333,3.7000000000000046,26.120833333333337,5.199999999999997,-0.5,0.0,Tiruchirappalli,25.5,0.0
2024-12-05 16:00:00,25.1,89,0.0,1003.3,8.9,18.3,77,81,16,5,12,3,340,25.8,0.0,27.1,0.0,29.5,0.0,27.4,0.2,24.5,0.0,26.90000000000001,0.0,28.091666666666665,3.5000000000000044,26.14583333333333,5.199999999999997,-0.6999999999999993,0.0,Tiruchirappalli,25.5,0.0
2024-12-05 17:00:00,24.3,93,0.0,1002.9,5.4,13.7,80,88,17,5,12,3,340,25.1,0.0,26.3,0.0,29.1,0.0,28.5,0.4,24.3,0.0,26.1,0.0,27.741666666666664,3.1000000000000045,26.14583333333333,5.199999999999997,-0.8000000000000007,0.0,Tiruchirappalli,25.1,0.0
2024-12-05 18:00:00,23.5,96,0.0,1002.7,3.9,10.9,68,66,18,5,12,3,340,24.3,0.0,25.8,0.0,28.0,0.0,29.1,0.4,24.1,0.0,25.35,0.0,27.275,2.7000000000000046,26.120833333333334,5.199999999999997,-0.8000000000000007,0.0,Tiruchirappalli,25.1,0.0
2024-12-05 19:00:00,22.9,98,0.0,1002.3,3.4,9.5,53,47,19,5,12,3,340,23.5,0.0,25.1,0.0,27.1,0.0,29.4,1.3,23.6,0.7,24.65,0.0,26.73333333333333,1.4000000000000044,26.09166666666667,4.4999999999999964,-0.6000000000000014,0.0,Tiruchirappalli,25.1,0.0
2024-12-05 20:00:00,22.7,98,0.0,1001.8,3.5,9.8,46,51,20,5,12,3,340,22.9,0.0,24.3,0.0,26.3,0.0,29.4,1.3,23.6,0.2,24.05,0.0,26.175,0.1000000000000042,26.05416666666667,4.299999999999996,-0.1999999999999993,0.0,Tiruchirappalli,24.7,0.0
2024-12-05 21:00:00,22.5,99,0.0,1001.3,2.8,9.9,45,55,21,5,12,3,340,22.7,0.0,23.5,0.0,25.8,0.0,29.8,0.1,23.0,0.0,23.5,0.0,25.566666666666663,0.0,26.03333333333333,4.299999999999996,-0.1999999999999993,0.0,Tiruchirappalli,24.7,0.0
2024-12-05 22:00:00,22.5,99,0.0,1001.1,2.9,10.9,36,43,22,5,12,3,340,22.5,0.0,22.9,0.0,25.1,0.0,29.5,0.0,23.2,0.3,23.066666666666663,0.0,24.98333333333333,0.0,26.004166666666663,3.999999999999997,0.0,0.0,Tiruchirappalli,24.5,0.0
2024-12-05 23:00:00,22.5,99,0.0,1001.1,2.7,11.3,36,53,23,5,12,3,340,22.5,0.0,22.7,0.0,24.3,0.0,29.1,0.0,23.1,0.0,22.766666666666666,0.0,24.433333333333337,0.0,25.979166666666668,3.999999999999997,0.0,0.0,Tiruchirappalli,24.1,0.0
2024-12-06 00:00:00,22.5,98,0.0,1001.7,3.2,10.8,47,87,0,6,12,4,341,22.5,0.0,22.5,0.0,23.5,0.0,28.0,0.0,23.1,0.0,22.6,0.0,23.975000000000005,0.0,25.95416666666667,3.999999999999997,0.0,0.0,Tiruchirappalli,24.1,0.0
2024-12-06 01:00:00,24.0,96,0.0,1002.4,6.4,15.2,41,52,1,6,12,4,341,22.5,0.0,22.5,0.0,22.9,0.0,27.1,0.0,23.9,0.3,22.78333333333333,0.0,23.71666666666667,0.0,25.95833333333333,3.6999999999999966,1.5,0.0,Tiruchirappalli,25.8,0.0
2024-12-06 02:00:00,25.2,92,0.0,1003.1,6.2,15.0,35,41,2,6,12,4,341,24.0,0.0,22.5,0.0,22.7,0.0,26.3,0.0,24.9,0.0,23.200000000000003,0.0,23.625,0.0,25.97083333333333,3.6999999999999966,1.1999999999999993,0.0,Tiruchirappalli,25.5,0.1
2024-12-06 03:00:00,26.8,83,0.0,1003.8,8.8,12.1,30,31,3,6,12,4,341,25.2,0.0,22.5,0.0,22.5,0.0,25.8,0.0,26.2,0.0,23.916666666666668,0.0,23.70833333333333,0.0,25.995833333333337,3.6999999999999966,1.6000000000000014,0.0,Tiruchirappalli,25.1,0.6
2024-12-06 04:00:00,28.0,73,0.0,1004.0,8.8,11.6,32,33,4,6,12,4,341,26.8,0.0,24.0,0.0,22.5,0.0,25.1,0.0,27.4,0.2,24.83333333333333,0.0,23.950000000000003,0.0,26.02083333333333,3.4999999999999964,1.1999999999999993,0.0,Tiruchirappalli,25.0,0.4
2024-12-06 05:00:00,29.1,67,0.0,1003.6,9.8,12.7,44,44,5,6,12,4,341,28.0,0.0,25.2,0.0,22.5,0.0,24.3,0.0,28.5,0.4,25.933333333333337,0.0,24.35,0.0,26.04583333333333,3.0999999999999965,1.1000000000000014,0.0,Tiruchirappalli,26.2,0.0
2024-12-06 06:00:00,29.6,65,0.0,1002.7,9.7,12.6,48,48,6,6,12,4,341,29.1,0.0,26.8,0.0,22.5,0.0,23.5,0.0,29.1,0.4,27.11666666666667,0.0,24.85833333333333,0.0,26.066666666666663,2.6999999999999966,0.5,0.0,Tiruchirappalli,26.2,0.0
2024-12-06 07:00:00,29.9,63,0.0,1001.6,9.1,11.9,48,49,7,6,12,4,341,29.6,0.0,28.0,0.0,24.0,0.0,22.9,0.0,29.4,1.3,28.100000000000005,0.0,25.441666666666663,0.0,26.087499999999995,1.3999999999999966,0.2999999999999971,0.0,Tiruchirappalli,26.7,0.1
2024-12-06 08:00:00,30.3,61,0.1,1000.5,9.9,13.1,53,52,8,6,12,4,341,29.9,0.0,29.1,0.0,25.2,0.0,22.7,0.0,29.4,1.3,28.95,0.0999999999999955,26.075,0.1000000000000042,26.125,0.1999999999999964,0.4000000000000021,0.1,Tiruchirappalli,27.0,0.0
2024-12-06 09:00:00,30.5,61,0.0,999.6,9.3,12.4,49,49,9,6,12,4,341,30.3,0.1,29.6,0.0,26.8,0.0,22.5,0.0,29.8,0.1,29.566666666666663,0.0999999999999955,26.741666666666664,0.1000000000000042,26.15416666666667,0.0999999999999964,0.1999999999999993,-0.1,Tiruchirappalli,27.0,0.0
2024-12-06 10:00:00,30.4,61,0.0,999.0,9.7,13.1,57,56,10,6,12,4,341,30.5,0.0,29.9,0.0,28.0,0.0,22.5,0.0,29.5,0.0,29.96666666666667,0.0999999999999955,27.399999999999995,0.1000000000000042,26.191666666666663,0.0999999999999964,-0.1000000000000014,0.0,Tiruchirappalli,26.9,0.1
2024-12-06 11:00:00,29.4,66,0.0,999.3,12.0,18.3,74,74,11,6,12,4,341,30.4,0.0,30.3,0.1,29.1,0.0,22.5,0.0,29.1,0.0,30.016666666666666,0.0999999999999955,27.975,0.1000000000000042,26.204166666666666,0.0999999999999964,-1.0,0.0,Tiruchirappalli,25.7,0.6
2024-12-06 12:00:00,28.0,76,0.0,999.9,10.3,17.8,76,75,12,6,12,4,341,29.4,0.0,30.5,0.0,29.6,0.0,22.5,0.0,28.0,0.0,29.75,0.0999999999999955,28.433333333333334,0.1000000000000042,26.204166666666666,0.0999999999999964,-1.3999999999999986,0.0,Tiruchirappalli,24.5,0.9
2024-12-06 13:00:00,27.5,80,0.0,1000.5,8.2,16.5,74,68,13,6,12,4,341,28.0,0.0,30.4,0.0,29.9,0.0,24.0,0.0,27.1,0.0,29.350000000000005,0.0999999999999955,28.725,0.1000000000000042,26.22083333333333,0.0999999999999964,-0.5,0.0,Tiruchirappalli,24.3,0.4
2024-12-06 14:00:00,26.7,84,0.2,1001.3,7.7,16.3,73,65,14,6,12,4,341,27.5,0.0,29.4,0.0,30.3,0.1,25.2,0.0,26.3,0.0,28.75,0.1999999999999955,28.85,0.3000000000000042,26.2375,0.2999999999999965,-0.8000000000000007,0.2,Tiruchirappalli,24.2,0.5
2024-12-06 15:00:00,26.0,89,0.0,1002.2,8.0,16.8,81,76,15,6,12,4,341,26.7,0.2,28.0,0.0,30.5,0.0,26.8,0.0,25.8,0.0,28.0,0.1999999999999955,28.78333333333333,0.3000000000000042,26.245833333333334,0.2999999999999965,-0.6999999999999993,-0.2,Tiruchirappalli,24.3,0.2
2024-12-06 16:00:00,25.7,91,0.0,1002.7,7.7,16.2,87,87,16,6,12,4,341,26.0,0.0,27.5,0.0,30.4,0.0,28.0,0.0,25.1,0.0,27.216666666666665,0.1999999999999955,28.591666666666665,0.3000000000000042,26.27083333333333,0.2999999999999965,-0.3000000000000007,0.0,Tiruchirappalli,24.3,0.3
2024-12-06 17:00:00,25.0,95,0.0,1002.4,7.9,16.4,73,70,17,6,12,4,341,25.7,0.0,26.7,0.2,29.4,0.0,29.1,0.0,24.3,0.0,26.48333333333333,0.1999999999999955,28.25,0.3000000000000042,26.3,0.2999999999999965,-0.6999999999999993,0.0,Tiruchirappalli,23.5,2.1
2024-12-06 18:00:00,24.6,97,0.0,1002.0,7.1,15.4,48,47,18,6,12,4,341,25.0,0.0,26.0,0.0,28.0,0.0,29.6,0.0,23.5,0.0,25.916666666666668,0.1999999999999955,27.83333333333333,0.3000000000000042,26.34583333333333,0.2999999999999965,-0.3999999999999986,0.0,Tiruchirappalli,23.9,1.8
2024-12-06 19:00:00,24.0,98,0.0,1001.5,3.9,11.9,48,62,19,6,12,4,341,24.6,0.0,25.7,0.0,27.5,0.0,29.9,0.0,22.9,0.0,25.33333333333333,0.1999999999999955,27.34166666666667,0.3000000000000042,26.391666666666666,0.2999999999999965,-0.6000000000000014,0.0,Tiruchirappalli,23.3,1.8
2024-12-06 20:00:00,23.9,99,0.0,1000.9,3.9,11.6,47,56,20,6,12,4,341,24.0,0.0,25.0,0.0,26.7,0.2,30.3,0.1,22.7,0.0,24.866666666666664,0.0,26.808333333333334,0.2000000000000042,26.441666666666663,0.2999999999999965,-0.1000000000000014,0.0,Tiruchirappalli,23.4,1.2
2024-12-06 21:00:00,24.2,99,0.0,1000.6,5.4,11.9,39,42,21,6,12,4,341,23.9,0.0,24.6,0.0,26.0,0.0,30.5,0.0,22.5,0.0,24.566666666666663,0.0,26.28333333333333,0.2000000000000042,26.5125,0.2999999999999965,0.3000000000000007,0.0,Tiruchirappalli,23.5,1.4
2024-12-06 22:00:00,24.3,98,0.0,1000.3,5.2,12.3,32,34,22,6,12,4,341,24.2,0.0,24.0,0.0,25.7,0.0,30.4,0.0,22.5,0.0,24.33333333333333,0.0,25.775,0.2000000000000042,26.587499999999995,0.2999999999999965,0.1000000000000014,0.0,Tiruchirappalli,23.1,2.9
2024-12-06 23:00:00,24.3,96,0.0,1000.4,4.7,12.1,41,58,23,6,12,4,341,24.3,0.0,23.9,0.0,25.0,0.0,29.4,0.0,22.5,0.0,24.21666666666667,0.0,25.35,0.2000000000000042,26.6625,0.2999999999999965,0.0,0.0,Tiruchirappalli,23.0,3.7
2024-12-07 00:00:00,24.3,96,0.0,1001.0,6.8,13.7,52,72,0,7,12,5,342,24.3,0.0,24.2,0.0,24.6,0.0,28.0,0.0,22.5,0.0,24.166666666666668,0.0,25.041666666666668,0.2000000000000042,26.7375,0.2999999999999965,0.0,0.0,Tiruchirappalli,23.1,2.9
2024-12-07 01:00:00,24.4,95,0.0,1001.4,5.7,13.1,37,44,1,7,12,5,342,24.3,0.0,24.3,0.0,24.0,0.0,27.5,0.0,24.0,0.0,24.23333333333333,0.0,24.78333333333333,0.2000000000000042,26.754166666666663,0.2999999999999965,0.0999999999999978,0.0,Tiruchirappalli,23.5,1.9
2024-12-07 02:00:00,25.3,92,0.0,1002.4,5.9,11.0,32,31,2,7,12,5,342,24.4,0.0,24.3,0.0,23.9,0.0,26.7,0.2,25.2,0.0,24.46666666666667,0.0,24.666666666666668,0.0,26.758333333333336,0.2999999999999965,0.9000000000000021,0.0,Tiruchirappalli,23.4,2.3
2024-12-07 03:00:00,26.7,85,0.0,1003.1,6.6,9.0,16,16,3,7,12,5,342,25.3,0.0,24.3,0.0,24.2,0.0,26.0,0.0,26.8,0.0,24.883333333333336,0.0,24.725,0.0,26.754166666666663,0.2999999999999965,1.3999999999999986,0.0,Tiruchirappalli,23.6,2.1
2024-12-07 04:00:00,28.2,74,0.0,1003.7,8.1,10.7,33,32,4,7,12,5,342,26.7,0.0,24.4,0.0,24.3,0.0,25.7,0.0,28.0,0.0,25.53333333333333,0.0,24.933333333333334,0.0,26.7625,0.2999999999999965,1.5,0.0,Tiruchirappalli,24.2,0.9
2024-12-07 05:00:00,29.1,68,0.0,1003.1,9.8,12.9,46,46,5,7,12,5,342,28.2,0.0,25.3,0.0,24.3,0.0,25.0,0.0,29.1,0.0,26.33333333333333,0.0,25.275,0.0,26.762500000000003,0.2999999999999965,0.9000000000000021,0.0,Tiruchirappalli,24.5,0.6
2024-12-07 06:00:00,29.6,69,0.1,1002.3,11.4,14.8,51,51,6,7,12,5,342,29.1,0.0,26.7,0.0,24.3,0.0,24.6,0.0,29.6,0.0,27.21666666666667,0.0999999999999955,25.691666666666663,0.1000000000000042,26.762500000000003,0.3999999999999964,0.5,0.1,Tiruchirappalli,25.6,0.4
2024-12-07 07:00:00,29.9,70,0.0,1001.6,12.2,16.0,57,57,7,7,12,5,342,29.6,0.1,28.2,0.0,24.4,0.0,24.0,0.0,29.9,0.0,28.133333333333336,0.0999999999999955,26.183333333333334,0.1000000000000042,26.762500000000003,0.3999999999999964,0.2999999999999971,-0.1,Tiruchirappalli,26.5,0.3
2024-12-07 08:00:00,29.9,69,0.0,1000.5,12.1,15.6,59,58,8,7,12,5,342,29.9,0.0,29.1,0.0,25.3,0.0,23.9,0.0,30.3,0.1,28.899999999999995,0.0999999999999955,26.683333333333334,0.1000000000000042,26.745833333333334,0.2999999999999965,0.0,0.0,Tiruchirappalli,25.7,2.5
2024-12-07 09:00:00,28.9,68,1.2,999.8,11.8,15.7,47,47,9,7,12,5,342,29.9,0.0,29.6,0.1,26.7,0.0,24.2,0.0,30.5,0.0,29.266666666666666,1.2999999999999956,27.075000000000003,1.3000000000000045,26.679166666666664,1.4999999999999964,-1.0,1.2,Tiruchirappalli,25.7,1.0
2024-12-07 10:00:00,28.2,72,0.1,999.7,12.6,17.4,76,77,10,7,12,5,342,28.9,1.2,29.9,0.0,28.2,0.0,24.3,0.0,30.4,0.0,29.266666666666666,1.3999999999999957,27.4,1.4000000000000044,26.5875,1.5999999999999963,-0.6999999999999993,-1.1,Tiruchirappalli,25.2,8.0
2024-12-07 11:00:00,27.9,75,0.0,999.8,9.9,13.8,84,85,11,7,12,5,342,28.2,0.1,29.9,0.0,29.1,0.0,24.3,0.0,29.4,0.0,29.066666666666663,1.3999999999999957,27.7,1.4000000000000044,26.525,1.5999999999999963,-0.3000000000000007,-0.1,Tiruchirappalli,25.0,0.2
2024-12-07 12:00:00,27.2,79,0.0,1000.3,7.9,14.0,91,93,12,7,12,5,342,27.9,0.0,28.9,1.2,29.6,0.1,24.3,0.0,28.0,0.0,28.666666666666668,1.2999999999999956,27.941666666666663,1.4000000000000044,26.49166666666667,1.5999999999999963,-0.6999999999999993,0.0,Tiruchirappalli,24.7,0.2
2024-12-07 13:00:00,26.4,83,0.0,1000.9,6.0,13.5,85,81,13,7,12,5,342,27.2,0.0,28.2,0.1,29.9,0.0,24.4,0.0,27.5,0.0,28.08333333333333,1.2999999999999956,28.10833333333333,1.4000000000000044,26.445833333333336,1.5999999999999963,-0.8000000000000007,0.0,Tiruchirappalli,22.9,2.0
2024-12-07 14:00:00,25.8,87,0.0,1001.7,5.0,13.4,72,69,14,7,12,5,342,26.4,0.0,27.9,0.0,29.9,0.0,25.3,0.0,26.7,0.2,27.4,1.2999999999999956,28.15,1.4000000000000044,26.40833333333333,1.3999999999999966,-0.5999999999999979,0.0,Tiruchirappalli,23.1,2.6
2024-12-07 15:00:00,25.5,88,0.0,1002.3,7.8,17.0,74,71,15,7,12,5,342,25.8,0.0,27.2,0.0,28.9,1.2,26.7,0.0,26.0,0.0,26.83333333333333,0.0999999999999955,28.05,1.4000000000000044,26.3875,1.3999999999999966,-0.3000000000000007,0.0,Tiruchirappalli,23.1,1.3
2024-12-07 16:00:00,24.7,91,0.0,1002.8,5.2,13.7,72,68,16,7,12,5,342,25.5,0.0,26.4,0.0,28.2,0.1,28.2,0.0,25.7,0.0,26.25,0.0,27.758333333333336,1.4000000000000044,26.34583333333333,1.3999999999999966,-0.8000000000000007,0.0,Tiruchirappalli,23.3,0.4
2024-12-07 17:00:00,23.8,94,0.0,1002.6,4.0,11.5,68,69,17,7,12,5,342,24.7,0.0,25.8,0.0,27.9,0.0,29.1,0.0,25.0,0.0,25.566666666666663,0.0,27.316666666666663,1.4000000000000044,26.29583333333333,1.3999999999999966,-0.8999999999999986,0.0,Tiruchirappalli,23.0,0.4
2024-12-07 18:00:00,23.2,96,0.0,1002.2,4.1,11.4,63,61,18,7,12,5,342,23.8,0.0,25.5,0.0,27.2,0.0,29.6,0.1,24.6,0.0,24.9,0.0,26.78333333333333,1.3000000000000045,26.2375,1.3999999999999966,-0.6000000000000014,0.0,Tiruchirappalli,22.9,1.2
2024-12-07 19:00:00,22.8,97,0.0,1001.9,3.3,10.1,63,68,19,7,12,5,342,23.2,0.0,24.7,0.0,26.4,0.0,29.9,0.0,24.0,0.0,24.3,0.0,26.191666666666663,1.3000000000000045,26.1875,1.3999999999999966,-0.3999999999999986,0.0,Tiruchirappalli,23.0,0.1
2024-12-07 20:00:00,22.6,97,0.0,1001.4,1.8,7.8,50,37,20,7,12,5,342,22.8,0.0,23.8,0.0,25.8,0.0,29.9,0.0,23.9,0.0,23.766666666666666,0.0,25.58333333333333,1.3000000000000045,26.133333333333336,1.3999999999999966,-0.1999999999999993,0.0,Tiruchirappalli,22.8,0.5
2024-12-07 21:00:00,22.3,98,0.0,1001.2,1.9,8.3,44,34,21,7,12,5,342,22.6,0.0,23.2,0.0,25.5,0.0,28.9,1.2,24.2,0.0,23.23333333333333,0.0,25.03333333333333,0.1000000000000042,26.054166666666664,1.3999999999999966,-0.3000000000000007,0.0,Tiruchirappalli,22.5,4.3
2024-12-07 22:00:00,22.1,98,0.0,1000.9,1.7,8.3,44,49,22,7,12,5,342,22.3,0.0,22.8,0.0,24.7,0.0,28.2,0.1,24.3,0.0,22.8,0.0,24.525,0.0,25.9625,1.3999999999999966,-0.1999999999999993,0.0,Tiruchirappalli,22.5,1.1
2024-12-07 23:00:00,21.9,98,0.0,1000.9,0.8,7.2,39,63,23,7,12,5,342,22.1,0.0,22.6,0.0,23.8,0.0,27.9,0.0,24.3,0.0,22.48333333333333,0.0,24.025,0.0,25.8625,1.3999999999999966,-0.2000000000000028,0.0,Tiruchirappalli,22.9,1.3
2024-12-08 00:00:00,21.7,99,0.0,1001.5,0.8,7.1,36,63,0,8,12,6,343,21.9,0.0,22.3,0.0,23.2,0.0,27.2,0.0,24.3,0.0,22.23333333333333,0.0,23.566666666666663,0.0,25.754166666666663,1.3999999999999966,-0.1999999999999993,0.0,Tiruchirappalli,22.6,0.4
2024-12-08 01:00:00,23.0,99,0.0,1002.1,3.1,9.7,40,54,1,8,12,6,343,21.7,0.0,22.1,0.0,22.8,0.0,26.4,0.0,24.4,0.0,22.266666666666666,0.0,23.28333333333333,0.0,25.695833333333336,1.3999999999999966,1.3000000000000007,0.0,Tiruchirappalli,23.6,2.0
2024-12-08 02:00:00,24.4,95,0.0,1003.0,4.1,9.9,33,38,2,8,12,6,343,23.0,0.0,21.9,0.0,22.6,0.0,25.8,0.0,25.3,0.0,22.566666666666663,0.0,23.166666666666668,0.0,25.65833333333333,1.3999999999999966,1.3999999999999986,0.0,Tiruchirappalli,23.7,1.2
2024-12-08 03:00:00,26.2,86,0.0,1003.6,8.4,12.0,37,35,3,8,12,6,343,24.4,0.0,21.7,0.0,22.3,0.0,25.5,0.0,26.7,0.0,23.216666666666665,0.0,23.225,0.0,25.637500000000003,1.3999999999999966,1.8000000000000007,0.0,Tiruchirappalli,24.6,0.3
2024-12-08 04:00:00,27.7,73,0.0,1003.7,9.4,12.5,44,43,4,8,12,6,343,26.2,0.0,23.0,0.0,22.1,0.0,24.7,0.0,28.2,0.0,24.15,0.0,23.475,0.0,25.616666666666664,1.3999999999999966,1.5,0.0,Tiruchirappalli,25.1,0.2
2024-12-08 05:00:00,28.8,64,0.0,1003.3,9.7,12.7,50,51,5,8,12,6,343,27.7,0.0,24.4,0.0,21.9,0.0,23.8,0.0,29.1,0.0,25.3,0.0,23.891666666666666,0.0,25.604166666666668,1.3999999999999966,1.1000000000000014,0.0,Tiruchirappalli,25.1,1.0
2024-12-08 06:00:00,29.6,61,0.1,1002.4,9.8,12.9,55,55,6,8,12,6,343,28.8,0.0,26.2,0.0,21.7,0.0,23.2,0.0,29.6,0.1,26.616666666666664,0.0999999999999955,24.425,0.1000000000000042,25.604166666666668,1.3999999999999964,0.8000000000000007,0.1,Tiruchirappalli,25.9,0.1
2024-12-08 07:00:00,29.9,60,0.1,1001.4,9.9,13.2,55,55,7,8,12,6,343,29.6,0.1,27.7,0.0,23.0,0.0,22.8,0.0,29.9,0.0,27.766666666666666,0.1999999999999955,25.016666666666666,0.2000000000000042,25.604166666666668,1.4999999999999964,0.2999999999999971,0.0,Tiruchirappalli,26.6,1.2
2024-12-08 08:00:00,30.1,59,0.1,1000.4,10.4,13.8,57,56,8,8,12,6,343,29.9,0.1,28.8,0.0,24.4,0.0,22.6,0.0,29.9,0.0,28.71666666666667,0.2999999999999956,25.64166666666667,0.3000000000000042,25.6125,1.5999999999999963,0.2000000000000028,0.0,Tiruchirappalli,25.4,0.5
2024-12-08 09:00:00,30.1,60,0.0,999.6,10.6,14.1,55,55,9,8,12,6,343,30.1,0.1,29.6,0.1,26.2,0.0,22.3,0.0,28.9,1.2,29.36666666666667,0.2999999999999956,26.291666666666668,0.3000000000000042,25.6625,0.3999999999999964,0.0,-0.1,Tiruchirappalli,25.7,0.8
2024-12-08 10:00:00,29.7,61,0.0,999.2,10.8,14.7,53,53,10,8,12,6,343,30.1,0.0,29.9,0.1,27.7,0.0,22.1,0.0,28.2,0.1,29.7,0.2999999999999956,26.925,0.3000000000000042,25.725,0.2999999999999965,-0.4000000000000021,0.0,Tiruchirappalli,24.8,6.9
2024-12-08 11:00:00,29.1,65,0.0,999.3,10.2,15.3,54,53,11,8,12,6,343,29.7,0.0,30.1,0.1,28.8,0.0,21.9,0.0,27.9,0.0,29.75,0.2999999999999956,27.525,0.3000000000000042,25.775,0.2999999999999965,-0.5999999999999979,0.0,Tiruchirappalli,24.8,1.0
2024-12-08 12:00:00,27.9,72,0.0,999.9,8.6,16.1,63,64,12,8,12,6,343,29.1,0.0,30.1,0.0,29.6,0.1,21.7,0.0,27.2,0.0,29.466666666666665,0.1999999999999955,28.041666666666668,0.3000000000000042,25.804166666666664,0.2999999999999965,-1.2000000000000028,0.0,Tiruchirappalli,24.1,0.6
2024-12-08 13:00:00,26.9,79,0.0,1000.6,7.3,16.0,73,74,13,8,12,6,343,27.9,0.0,29.7,0.0,29.9,0.1,23.0,0.0,26.4,0.0,28.96666666666667,0.0999999999999955,28.36666666666667,0.3000000000000042,25.825,0.2999999999999965,-1.0,0.0,Tiruchirappalli,24.3,0.3
2024-12-08 14:00:00,26.2,82,0.0,1001.4,7.6,16.9,83,85,14,8,12,6,343,26.9,0.0,29.1,0.0,30.1,0.1,24.4,0.0,25.8,0.0,28.316666666666663,0.0,28.516666666666666,0.3000000000000042,25.84166666666667,0.2999999999999965,-0.6999999999999993,0.0,Tiruchirappalli,24.0,0.1
2024-12-08 15:00:00,25.4,85,0.0,1002.0,8.1,17.5,86,91,15,8,12,6,343,26.2,0.0,27.9,0.0,30.1,0.0,26.2,0.0,25.5,0.0,27.53333333333333,0.0,28.45,0.3000000000000042,25.8375,0.2999999999999965,-0.8000000000000007,0.0,Tiruchirappalli,23.9,0.1
2024-12-08 16:00:00,24.8,88,0.0,1002.2,9.3,19.0,94,100,16,8,12,6,343,25.4,0.0,26.9,0.0,29.7,0.0,27.7,0.0,24.7,0.0,26.71666666666667,0.0,28.20833333333333,0.3000000000000042,25.841666666666665,0.2999999999999965,-0.5999999999999979,0.0,Tiruchirappalli,23.7,0.2
2024-12-08 17:00:00,24.0,93,0.0,1002.4,5.2,13.8,75,65,17,8,12,6,343,24.8,0.0,26.2,0.0,29.1,0.0,28.8,0.0,23.8,0.0,25.86666666666667,0.0,27.808333333333334,0.3000000000000042,25.85,0.2999999999999965,-0.8000000000000007,0.0,Tiruchirappalli,23.8,0.5
2024-12-08 18:00:00,23.4,95,0.0,1002.1,4.4,11.7,47,32,18,8,12,6,343,24.0,0.0,25.4,0.0,27.9,0.0,29.6,0.1,23.2,0.0,25.116666666666664,0.0,27.291666666666668,0.2000000000000042,25.85833333333333,0.2999999999999965,-0.6000000000000014,0.0,Tiruchirappalli,23.6,0.4
2024-12-08 19:00:00,23.1,96,0.0,1001.4,4.4,11.9,35,27,19,8,12,6,343,23.4,0.0,24.8,0.0,26.9,0.0,29.9,0.1,22.8,0.0,24.48333333333333,0.0,26.725,0.1000000000000042,25.870833333333334,0.2999999999999965,-0.2999999999999971,0.0,Tiruchirappalli,23.5,0.4
2024-12-08 20:00:00,22.6,97,0.0,1001.0,3.3,10.6,40,45,20,8,12,6,343,23.1,0.0,24.0,0.0,26.2,0.0,30.1,0.1,22.6,0.0,23.883333333333336,0.0,26.100000000000005,0.0,25.870833333333334,0.2999999999999965,-0.5,0.0,Tiruchirappalli,23.5,0.9
2024-12-08 21:00:00,22.3,98,0.0,1000.6,2.7,10.1,49,70,21,8,12,6,343,22.6,0.0,23.4,0.0,25.4,0.0,30.1,0.0,22.3,0.0,23.366666666666664,0.0,25.45,0.0,25.870833333333337,0.2999999999999965,-0.3000000000000007,0.0,Tiruchirappalli,23.6,0.2
2024-12-08 22:00:00,22.0,99,0.0,1000.4,2.9,9.6,57,94,22,8,12,6,343,22.3,0.0,23.1,0.0,24.8,0.0,29.7,0.0,22.1,0.0,22.9,0.0,24.808333333333337,0.0,25.86666666666667,0.2999999999999965,-0.3000000000000007,0.0,Tiruchirappalli,23.4,0.0
2024-12-08 23:00:00,22.2,99,0.0,1000.7,4.6,12.5,55,79,23,8,12,6,343,22.0,0.0,22.6,0.0,24.0,0.0,29.1,0.0,21.9,0.0,22.6,0.0,24.23333333333333,0.0,25.879166666666663,0.2999999999999965,0.1999999999999993,0.0,Tiruchirappalli,23.3,0.1
2024-12-09 00:00:00,22.4,98,0.0,1001.1,5.6,14.0,47,63,0,9,12,0,344,22.2,0.0,22.3,0.0,23.4,0.0,27.9,0.0,21.7,0.0,22.433333333333334,0.0,23.775,0.0,25.90833333333333,0.2999999999999965,0.1999999999999993,0.0,Tiruchirappalli,23.1,0.7
2024-12-09 01:00:00,24.0,98,0.0,1001.6,4.3,9.5,58,62,1,9,12,0,344,22.4,0.0,22.0,0.0,23.1,0.0,26.9,0.0,23.0,0.0,22.58333333333333,0.0,23.53333333333333,0.0,25.95,0.2999999999999965,1.6000000000000014,0.0,Tiruchirappalli,23.3,0.1
2024-12-09 02:00:00,24.6,94,0.1,1002.7,5.4,7.8,53,53,2,9,12,0,344,24.0,0.0,22.2,0.0,22.6,0.0,26.2,0.0,24.4,0.0,22.916666666666668,0.0999999999999955,23.4,0.1000000000000042,25.95833333333333,0.3999999999999964,0.6000000000000014,0.1,Tiruchirappalli,23.6,0.1
2024-12-09 03:00:00,25.6,89,0.0,1003.3,6.2,8.4,45,44,3,9,12,0,344,24.6,0.1,22.4,0.0,22.3,0.0,25.4,0.0,26.2,0.0,23.46666666666667,0.0999999999999955,23.416666666666668,0.1000000000000042,25.933333333333334,0.3999999999999964,1.0,-0.1,Tiruchirappalli,24.4,0.0
2024-12-09 04:00:00,27.2,78,0.1,1003.4,7.6,10.2,32,31,4,9,12,0,344,25.6,0.0,24.0,0.0,22.0,0.0,24.8,0.0,27.7,0.0,24.33333333333333,0.1999999999999955,23.616666666666664,0.2000000000000042,25.912500000000005,0.4999999999999965,1.599999999999998,0.1,Tiruchirappalli,25.9,0.0
2024-12-09 05:00:00,28.5,70,0.1,1003.0,8.8,11.7,34,33,5,9,12,0,344,27.2,0.1,24.6,0.1,22.2,0.0,24.0,0.0,28.8,0.0,25.383333333333336,0.2999999999999956,23.991666666666664,0.3000000000000042,25.9,0.5999999999999964,1.3000000000000007,0.0,Tiruchirappalli,27.4,0.0
2024-12-09 06:00:00,29.3,65,0.0,1002.0,9.8,12.9,37,38,6,9,12,0,344,28.5,0.1,25.6,0.0,22.4,0.0,23.4,0.0,29.6,0.1,26.53333333333333,0.2999999999999956,24.48333333333333,0.3000000000000042,25.8875,0.4999999999999964,0.8000000000000007,-0.1,Tiruchirappalli,28.1,0.0
2024-12-09 07:00:00,29.9,62,0.0,1001.2,11.2,14.6,45,45,7,9,12,0,344,29.3,0.0,27.2,0.1,24.0,0.0,23.1,0.0,29.9,0.1,27.516666666666666,0.2999999999999956,25.05,0.3000000000000042,25.8875,0.3999999999999964,0.5999999999999979,0.0,Tiruchirappalli,28.2,0.0
2024-12-09 08:00:00,30.0,62,0.0,1000.2,12.1,16.0,43,43,8,9,12,0,344,29.9,0.0,28.5,0.1,24.6,0.1,22.6,0.0,30.1,0.1,28.416666666666668,0.1999999999999955,25.666666666666668,0.3000000000000042,25.88333333333333,0.2999999999999965,0.1000000000000014,0.0,Tiruchirappalli,28.0,0.0
2024-12-09 09:00:00,30.0,61,0.0,999.2,11.7,15.9,45,45,9,9,12,0,344,30.0,0.0,29.3,0.0,25.6,0.0,22.3,0.0,30.1,0.0,29.15,0.1999999999999955,26.308333333333337,0.3000000000000042,25.879166666666663,0.2999999999999965,0.0,0.0,Tiruchirappalli,28.1,0.0
2024-12-09 10:00:00,29.5,64,0.0,998.8,11.5,15.8,50,50,10,9,12,0,344,30.0,0.0,29.9,0.0,27.2,0.1,22.0,0.0,29.7,0.0,29.53333333333333,0.0999999999999955,26.933333333333337,0.3000000000000042,25.870833333333334,0.2999999999999965,-0.5,0.0,Tiruchirappalli,27.5,0.0
2024-12-09 11:00:00,29.1,66,0.0,998.7,10.5,15.7,56,57,11,9,12,0,344,29.5,0.0,30.0,0.0,28.5,0.1,22.2,0.0,29.1,0.0,29.63333333333333,0.0,27.50833333333333,0.3000000000000042,25.870833333333334,0.2999999999999965,-0.3999999999999986,0.0,Tiruchirappalli,27.2,0.0
2024-12-09 12:00:00,28.0,73,0.0,999.0,7.4,14.4,61,64,12,9,12,0,344,29.1,0.0,30.0,0.0,29.3,0.0,22.4,0.0,27.9,0.0,29.416666666666668,0.0,27.975,0.3000000000000042,25.875,0.2999999999999965,-1.1000000000000014,0.0,Tiruchirappalli,26.7,0.0
2024-12-09 13:00:00,27.1,79,0.0,999.8,8.0,16.7,61,67,13,9,12,0,344,28.0,0.0,29.5,0.0,29.9,0.0,24.0,0.0,26.9,0.0,28.95,0.0,28.23333333333333,0.3000000000000042,25.883333333333336,0.2999999999999965,-0.8999999999999986,0.0,Tiruchirappalli,25.1,0.0
2024-12-09 14:00:00,26.5,82,0.0,1000.6,9.1,19.0,64,68,14,9,12,0,344,27.1,0.0,29.1,0.0,30.0,0.0,24.6,0.1,26.2,0.0,28.366666666666664,0.0,28.391666666666666,0.2000000000000042,25.89583333333333,0.2999999999999965,-0.6000000000000014,0.0,Tiruchirappalli,24.7,0.0
2024-12-09 15:00:00,26.0,83,0.0,1001.6,10.6,21.2,78,80,15,9,12,0,344,26.5,0.0,28.0,0.0,30.0,0.0,25.6,0.0,25.4,0.0,27.7,0.0,28.425,0.2000000000000042,25.92083333333333,0.2999999999999965,-0.5,0.0,Tiruchirappalli,24.2,0.0
2024-12-09 16:00:00,25.4,85,0.0,1002.2,9.7,19.9,76,79,16,9,12,0,344,26.0,0.0,27.1,0.0,29.5,0.0,27.2,0.1,24.8,0.0,27.016666666666666,0.0,28.274999999999995,0.1000000000000042,25.945833333333336,0.2999999999999965,-0.6000000000000014,0.0,Tiruchirappalli,23.9,0.0
2024-12-09 17:00:00,24.8,88,0.0,1002.2,8.3,17.8,70,74,17,9,12,0,344,25.4,0.0,26.5,0.0,29.1,0.0,28.5,0.1,24.0,0.0,26.3,0.0,27.966666666666665,0.0,25.979166666666668,0.2999999999999965,-0.5999999999999979,0.0,Tiruchirappalli,23.5,0.0
2024-12-09 18:00:00,24.3,91,0.0,1001.7,6.1,14.8,63,66,18,9,12,0,344,24.8,0.0,26.0,0.0,28.0,0.0,29.3,0.0,23.4,0.0,25.683333333333334,0.0,27.55,0.0,26.016666666666666,0.2999999999999965,-0.5,0.0,Tiruchirappalli,23.2,0.0
2024-12-09 19:00:00,23.7,95,0.0,1001.2,4.2,12.5,50,50,19,9,12,0,344,24.3,0.0,25.4,0.0,27.1,0.0,29.9,0.0,23.1,0.0,25.116666666666664,0.0,27.03333333333333,0.0,26.041666666666668,0.2999999999999965,-0.6000000000000014,0.0,Tiruchirappalli,23.2,0.0
2024-12-09 20:00:00,23.5,95,0.0,1000.6,4.3,12.7,36,33,20,9,12,0,344,23.7,0.0,24.8,0.0,26.5,0.0,30.0,0.0,22.6,0.0,24.616666666666664,0.0,26.491666666666664,0.0,26.079166666666666,0.2999999999999965,-0.1999999999999993,0.0,Tiruchirappalli,23.0,0.0
2024-12-09 21:00:00,23.5,95,0.0,1000.0,6.0,14.8,34,37,21,9,12,0,344,23.5,0.0,24.3,0.0,26.0,0.0,30.0,0.0,22.3,0.0,24.2,0.0,25.95,0.0,26.129166666666663,0.2999999999999965,0.0,0.0,Tiruchirappalli,22.7,0.0
2024-12-09 22:00:00,23.5,95,0.0,999.8,8.0,17.4,39,48,22,9,12,0,344,23.5,0.0,23.7,0.0,25.4,0.0,29.5,0.0,22.0,0.0,23.883333333333336,0.0,25.45,0.0,26.191666666666663,0.2999999999999965,0.0,0.0,Tiruchirappalli,22.2,0.0
2024-12-09 23:00:00,23.5,95,0.0,999.8,9.8,20.1,37,43,23,9,12,0,344,23.5,0.0,23.5,0.0,24.8,0.0,29.1,0.0,22.2,0.0,23.666666666666668,0.0,24.98333333333333,0.0,26.245833333333334,0.2999999999999965,0.0,0.0,Tiruchirappalli,21.8,0.0
2024-12-10 00:00:00,23.6,94,0.0,1000.3,11.2,21.8,38,42,0,10,12,1,345,23.5,0.0,23.5,0.0,24.3,0.0,28.0,0.0,22.4,0.0,23.55,0.0,24.61666666666667,0.0,26.29583333333333,0.2999999999999965,0.1000000000000014,0.0,Tiruchirappalli,21.5,0.0
2024-12-10 01:00:00,24.3,92,0.0,1000.6,9.1,18.1,33,39,1,10,12,1,345,23.6,0.0,23.5,0.0,23.7,0.0,27.1,0.0,24.0,0.0,23.65,0.0,24.383333333333336,0.0,26.308333333333337,0.2999999999999965,0.6999999999999993,0.0,Tiruchirappalli,22.2,0.0
2024-12-10 02:00:00,25.3,88,0.0,1001.8,7.7,15.3,32,39,2,10,12,1,345,24.3,0.0,23.5,0.0,23.5,0.0,26.5,0.0,24.6,0.1,23.950000000000003,0.0,24.28333333333333,0.0,26.3375,0.1999999999999964,1.0,0.0,Tiruchirappalli,23.2,0.0
2024-12-10 03:00:00,26.6,81,0.0,1002.5,10.1,14.3,25,27,3,10,12,1,345,25.3,0.0,23.6,0.0,23.5,0.0,26.0,0.0,25.6,0.0,24.46666666666667,0.0,24.33333333333333,0.0,26.379166666666663,0.1999999999999964,1.3000000000000007,0.0,Tiruchirappalli,24.7,0.0
2024-12-10 04:00:00,27.9,70,0.0,1002.8,12.9,17.8,18,19,4,10,12,1,345,26.6,0.0,24.3,0.0,23.5,0.0,25.4,0.0,27.2,0.1,25.200000000000003,0.0,24.541666666666668,0.0,26.40833333333333,0.0999999999999964,1.2999999999999972,0.0,Tiruchirappalli,26.0,0.0
2024-12-10 05:00:00,28.9,64,0.0,1002.4,13.1,17.7,13,13,5,10,12,1,345,27.9,0.0,25.3,0.0,23.5,0.0,24.8,0.0,28.5,0.1,26.100000000000005,0.0,24.883333333333336,0.0,26.425,0.0,1.0,0.0,Tiruchirappalli,27.1,0.0
2024-12-10 06:00:00,29.7,60,0.0,1001.7,14.2,19.2,22,22,6,10,12,1,345,28.9,0.0,26.6,0.0,23.6,0.0,24.3,0.0,29.3,0.0,27.116666666666664,0.0,25.33333333333333,0.0,26.441666666666663,0.0,0.8000000000000007,0.0,Tiruchirappalli,28.1,0.0
2024-12-10 07:00:00,29.8,59,0.0,1000.6,17.1,23.5,28,29,7,10,12,1,345,29.7,0.0,27.9,0.0,24.3,0.0,23.7,0.0,29.9,0.0,28.03333333333333,0.0,25.84166666666667,0.0,26.4375,0.0,0.1000000000000014,0.0,Tiruchirappalli,27.9,0.0
2024-12-10 08:00:00,30.0,59,0.0,999.6,16.9,23.4,32,33,8,10,12,1,345,29.8,0.0,28.9,0.0,25.3,0.0,23.5,0.0,30.0,0.0,28.816666666666663,0.0,26.383333333333336,0.0,26.4375,0.0,0.1999999999999993,0.0,Tiruchirappalli,27.9,0.0
2024-12-10 09:00:00,29.8,60,0.0,998.9,15.7,22.1,35,36,9,10,12,1,345,30.0,0.0,29.7,0.0,26.6,0.0,23.5,0.0,30.0,0.0,29.35,0.0,26.90833333333333,0.0,26.42916666666667,0.0,-0.1999999999999993,0.0,Tiruchirappalli,28.3,0.0
2024-12-10 10:00:00,29.6,60,0.0,998.2,14.4,21.3,37,37,10,10,12,1,345,29.8,0.0,29.8,0.0,27.9,0.0,23.5,0.0,29.5,0.0,29.63333333333333,0.0,27.416666666666668,0.0,26.433333333333334,0.0,-0.1999999999999993,0.0,Tiruchirappalli,27.7,0.0
2024-12-10 11:00:00,28.9,66,0.0,998.2,11.8,19.4,40,40,11,10,12,1,345,29.6,0.0,30.0,0.0,28.9,0.0,23.5,0.0,29.1,0.0,29.63333333333333,0.0,27.86666666666667,0.0,26.425,0.0,-0.7000000000000028,0.0,Tiruchirappalli,27.0,0.0
2024-12-10 12:00:00,27.9,70,0.0,998.7,10.4,19.3,39,39,12,10,12,1,345,28.9,0.0,29.8,0.0,29.7,0.0,23.6,0.0,28.0,0.0,29.33333333333333,0.0,28.225,0.0,26.42083333333333,0.0,-1.0,0.0,Tiruchirappalli,26.4,0.0
2024-12-10 13:00:00,27.0,74,0.0,999.8,10.8,20.7,57,58,13,10,12,1,345,27.9,0.0,29.6,0.0,29.8,0.0,24.3,0.0,27.1,0.0,28.866666666666664,0.0,28.45,0.0,26.416666666666668,0.0,-0.8999999999999986,0.0,Tiruchirappalli,24.7,0.0
2024-12-10 14:00:00,26.0,80,0.0,1001.1,8.9,18.9,62,65,14,10,12,1,345,27.0,0.0,28.9,0.0,30.0,0.0,25.3,0.0,26.5,0.0,28.2,0.0,28.508333333333336,0.0,26.39583333333333,0.0,-1.0,0.0,Tiruchirappalli,24.5,0.0
2024-12-10 15:00:00,25.5,84,0.0,1002.0,6.6,16.0,66,73,15,10,12,1,345,26.0,0.0,27.9,0.0,29.8,0.0,26.6,0.0,26.0,0.0,27.48333333333333,0.0,28.416666666666668,0.0,26.375,0.0,-0.5,0.0,Tiruchirappalli,24.4,0.0
2024-12-10 16:00:00,25.5,85,0.0,1002.7,6.8,15.8,55,55,16,10,12,1,345,25.5,0.0,27.0,0.0,29.6,0.0,27.9,0.0,25.4,0.0,26.8,0.0,28.21666666666667,0.0,26.379166666666663,0.0,0.0,0.0,Tiruchirappalli,24.2,0.0
2024-12-10 17:00:00,25.1,86,0.0,1002.6,7.5,16.4,46,50,17,10,12,1,345,25.5,0.0,26.0,0.0,28.9,0.0,28.9,0.0,24.8,0.0,26.166666666666668,0.0,27.9,0.0,26.39166666666667,0.0,-0.3999999999999986,0.0,Tiruchirappalli,23.6,0.0
2024-12-10 18:00:00,25.1,84,0.0,1002.0,10.0,19.4,40,41,18,10,12,1,345,25.1,0.0,25.5,0.0,27.9,0.0,29.7,0.0,24.3,0.0,25.7,0.0,27.516666666666666,0.0,26.425,0.0,0.0,0.0,Tiruchirappalli,23.2,0.0
2024-12-10 19:00:00,25.1,81,0.0,1001.3,11.6,21.7,23,21,19,10,12,1,345,25.1,0.0,25.5,0.0,27.0,0.0,29.8,0.0,23.7,0.0,25.383333333333336,0.0,27.125,0.0,26.48333333333333,0.0,0.0,0.0,Tiruchirappalli,22.9,0.0
2024-12-10 20:00:00,24.7,80,0.0,1000.8,12.1,22.7,21,21,20,10,12,1,345,25.1,0.0,25.1,0.0,26.0,0.0,30.0,0.0,23.5,0.0,25.166666666666668,0.0,26.683333333333334,0.0,26.53333333333333,0.0,-0.4000000000000021,0.0,Tiruchirappalli,22.7,0.0
2024-12-10 21:00:00,24.7,80,0.0,1000.4,11.1,20.9,22,22,21,10,12,1,345,24.7,0.0,25.1,0.0,25.5,0.0,29.8,0.0,23.5,0.0,25.03333333333333,0.0,26.25833333333333,0.0,26.58333333333333,0.0,0.0,0.0,Tiruchirappalli,22.3,0.0
2024-12-10 22:00:00,24.5,80,0.0,999.7,11.3,21.0,21,20,22,10,12,1,345,24.7,0.0,25.1,0.0,25.5,0.0,29.6,0.0,23.5,0.0,24.866666666666664,0.0,25.83333333333333,0.0,26.625,0.0,-0.1999999999999993,0.0,Tiruchirappalli,22.0,0.0
2024-12-10 23:00:00,24.1,81,0.0,999.5,11.1,21.6,15,14,23,10,12,1,345,24.5,0.0,24.7,0.0,25.1,0.0,28.9,0.0,23.5,0.0,24.700000000000003,0.0,25.433333333333334,0.0,26.65,0.0,-0.3999999999999986,0.0,Tiruchirappalli,22.1,0.0
2024-12-11 00:00:00,24.1,81,0.0,999.9,10.4,21.0,15,18,0,11,12,2,346,24.1,0.0,24.7,0.0,25.1,0.0,27.9,0.0,23.6,0.0,24.53333333333333,0.0,25.116666666666664,0.0,26.67083333333333,0.0,0.0,0.0,Tiruchirappalli,22.0,0.0
2024-12-11 01:00:00,25.8,73,0.0,1000.6,13.9,24.7,17,17,1,11,12,2,346,24.1,0.0,24.5,0.0,25.1,0.0,27.0,0.0,24.3,0.0,24.65,0.0,25.016666666666666,0.0,26.73333333333333,0.0,1.6999999999999993,0.0,Tiruchirappalli,22.3,0.0
2024-12-11 02:00:00,25.5,74,0.1,1002.0,15.7,26.5,29,28,2,11,12,2,346,25.8,0.0,24.1,0.0,24.7,0.0,26.0,0.0,25.3,0.0,24.78333333333333,0.0999999999999955,24.975,0.1000000000000042,26.741666666666664,0.0999999999999964,-0.3000000000000007,0.1,Tiruchirappalli,23.0,0.0
2024-12-11 03:00:00,25.1,78,0.6,1003.0,19.9,32.3,22,23,3,11,12,2,346,25.5,0.1,24.1,0.0,24.7,0.0,25.5,0.0,26.6,0.0,24.85,0.6999999999999955,24.941666666666663,0.7000000000000042,26.679166666666664,0.6999999999999964,-0.3999999999999986,0.5,Tiruchirappalli,24.4,0.0
2024-12-11 04:00:00,25.0,77,0.4,1003.2,11.4,20.5,6,4,4,11,12,2,346,25.1,0.6,25.8,0.0,24.5,0.0,25.5,0.0,27.9,0.0,24.933333333333334,1.0999999999999956,24.9,1.100000000000004,26.558333333333334,1.0999999999999963,-0.1000000000000014,-0.1999999999999999,Tiruchirappalli,25.6,0.0
2024-12-11 05:00:00,26.2,72,0.0,1002.6,16.3,26.9,17,16,5,11,12,2,346,25.0,0.4,25.5,0.1,24.1,0.0,25.1,0.0,28.9,0.0,25.28333333333333,1.0999999999999956,24.991666666666664,1.100000000000004,26.445833333333336,1.0999999999999963,1.1999999999999993,-0.4,Tiruchirappalli,26.3,0.0
2024-12-11 06:00:00,26.2,75,0.0,1002.0,13.4,20.5,8,5,6,11,12,2,346,26.2,0.0,25.1,0.6,24.1,0.0,25.1,0.0,29.7,0.0,25.633333333333336,1.0999999999999956,25.08333333333333,1.100000000000004,26.3,1.0999999999999963,0.0,0.0,Tiruchirappalli,27.3,0.0
2024-12-11 07:00:00,26.7,75,0.1,1000.9,16.6,24.2,18,17,7,11,12,2,346,26.2,0.0,25.0,0.4,25.8,0.0,25.1,0.0,29.8,0.0,25.78333333333333,1.1999999999999955,25.216666666666665,1.2000000000000042,26.17083333333333,1.1999999999999964,0.5,0.1,Tiruchirappalli,27.8,0.0
2024-12-11 08:00:00,27.0,73,0.0,999.9,24.6,35.6,18,18,8,11,12,2,346,26.7,0.1,26.2,0.0,25.5,0.1,24.7,0.0,30.0,0.0,26.03333333333333,1.0999999999999954,25.40833333333333,1.2000000000000042,26.04583333333333,1.1999999999999964,0.3000000000000007,-0.1,Tiruchirappalli,27.8,0.0
2024-12-11 09:00:00,27.0,73,0.0,998.8,20.2,30.2,9,8,9,11,12,2,346,27.0,0.0,26.2,0.0,25.1,0.6,24.7,0.0,29.8,0.0,26.35,0.4999999999999955,25.6,1.2000000000000042,25.929166666666664,1.1999999999999964,0.0,0.0,Tiruchirappalli,27.9,0.0
2024-12-11 10:00:00,26.9,74,0.1,998.2,16.8,25.0,2,2,10,11,12,2,346,27.0,0.0,26.7,0.1,25.0,0.4,24.5,0.0,29.6,0.0,26.666666666666668,0.1999999999999955,25.8,1.3000000000000045,25.816666666666663,1.2999999999999965,-0.1000000000000014,0.1,Tiruchirappalli,27.9,0.0
2024-12-11 11:00:00,25.7,81,0.6,998.4,16.2,26.8,13,12,11,11,12,2,346,26.9,0.1,27.0,0.0,26.2,0.0,24.1,0.0,28.9,0.0,26.58333333333333,0.7999999999999956,25.933333333333334,1.900000000000004,25.683333333333334,1.8999999999999964,-1.1999999999999993,0.5,Tiruchirappalli,27.5,0.0
2024-12-11 12:00:00,24.5,88,0.9,998.5,15.4,28.5,10,7,12,11,12,2,346,25.7,0.6,27.0,0.0,26.2,0.0,24.1,0.0,27.9,0.0,26.3,1.6999999999999955,25.96666666666667,2.8000000000000043,25.541666666666668,2.7999999999999963,-1.1999999999999993,0.3,Tiruchirappalli,26.1,0.0
2024-12-11 13:00:00,24.3,92,0.4,999.4,13.8,25.8,10,7,13,11,12,2,346,24.5,0.9,26.9,0.1,26.7,0.1,25.8,0.0,27.0,0.0,25.9,1.999999999999996,25.84166666666667,3.200000000000004,25.429166666666664,3.1999999999999966,-0.1999999999999993,-0.5,Tiruchirappalli,25.8,0.0
2024-12-11 14:00:00,24.2,92,0.5,1000.0,14.4,26.7,10,9,14,11,12,2,346,24.3,0.4,25.7,0.6,27.0,0.0,25.5,0.1,26.0,0.0,25.433333333333334,2.499999999999996,25.73333333333333,3.600000000000004,25.354166666666668,3.6999999999999966,-0.1000000000000014,0.0999999999999999,Tiruchirappalli,25.2,0.0
2024-12-11 15:00:00,24.3,91,0.2,1000.9,13.2,24.1,12,11,15,11,12,2,346,24.2,0.5,24.5,0.9,27.0,0.0,25.1,0.6,25.5,0.0,24.98333333333333,2.699999999999996,25.666666666666668,3.2000000000000046,25.304166666666664,3.899999999999997,0.1000000000000014,-0.3,Tiruchirappalli,25.0,0.0
2024-12-11 16:00:00,24.3,92,0.3,1001.3,13.5,25.4,12,9,16,11,12,2,346,24.3,0.2,24.3,0.4,26.9,0.1,25.0,0.4,25.5,0.0,24.55,2.8999999999999955,25.60833333333333,3.100000000000004,25.254166666666663,4.199999999999997,0.0,0.0999999999999999,Tiruchirappalli,24.7,0.0
2024-12-11 17:00:00,23.5,94,2.1,1001.2,11.4,21.7,29,37,17,11,12,2,346,24.3,0.3,24.2,0.5,25.7,0.6,26.2,0.0,25.1,0.0,24.183333333333334,4.399999999999995,25.383333333333336,5.200000000000005,25.1875,6.299999999999996,-0.8000000000000007,1.8,Tiruchirappalli,24.5,0.0
2024-12-11 18:00:00,23.9,93,1.8,1000.7,14.2,26.2,17,16,18,11,12,2,346,23.5,2.1,24.3,0.2,24.5,0.9,26.2,0.0,25.1,0.0,24.08333333333333,5.299999999999995,25.191666666666663,7.000000000000004,25.137500000000003,8.099999999999996,0.3999999999999986,-0.3,Tiruchirappalli,23.9,0.0
2024-12-11 19:00:00,23.3,94,1.8,1000.3,14.2,25.2,14,12,19,11,12,2,346,23.9,1.8,24.3,0.3,24.3,0.4,26.7,0.1,25.1,0.0,23.916666666666668,6.699999999999996,24.90833333333333,8.700000000000005,25.0625,9.899999999999997,-0.5999999999999979,0.0,Tiruchirappalli,23.2,0.0
2024-12-11 20:00:00,23.4,94,1.2,999.3,16.0,28.0,12,12,20,11,12,2,346,23.3,1.8,23.5,2.1,24.2,0.5,27.0,0.0,24.7,0.0,23.78333333333333,7.399999999999995,24.60833333333333,9.900000000000004,25.00833333333333,11.099999999999996,0.0999999999999978,-0.6000000000000001,Tiruchirappalli,22.9,0.0
2024-12-11 21:00:00,23.5,94,1.4,998.6,16.2,28.2,10,8,21,11,12,2,346,23.4,1.2,23.9,1.8,24.3,0.2,27.0,0.0,24.7,0.0,23.65,8.599999999999996,24.316666666666663,11.300000000000004,24.95833333333333,12.499999999999996,0.1000000000000014,0.1999999999999999,Tiruchirappalli,22.3,0.0
2024-12-11 22:00:00,23.1,95,2.9,998.3,14.4,25.5,5,360,22,11,12,2,346,23.5,1.4,23.3,1.8,24.3,0.3,26.9,0.1,24.5,0.0,23.45,11.199999999999996,24.0,14.100000000000003,24.9,15.399999999999997,-0.3999999999999986,1.5,Tiruchirappalli,21.9,0.0
2024-12-11 23:00:00,23.0,94,3.7,998.3,12.4,22.9,13,13,23,11,12,2,346,23.1,2.9,23.4,1.2,23.5,2.1,25.7,0.6,24.1,0.0,23.366666666666664,12.799999999999995,23.775,17.200000000000003,24.854166666666668,19.099999999999994,-0.1000000000000014,0.8000000000000003,Tiruchirappalli,21.5,0.0
2024-12-12 00:00:00,23.1,94,2.9,998.5,12.1,22.9,15,15,0,12,12,3,347,23.0,3.7,23.5,1.4,23.9,1.8,24.5,0.9,24.1,0.0,23.23333333333333,13.899999999999997,23.65833333333333,19.200000000000006,24.8125,22.0,0.1000000000000014,-0.8000000000000003,Tiruchirappalli,22.1,0.0
2024-12-12 01:00:00,23.5,95,1.9,999.2,14.2,25.0,22,20,1,12,12,3,347,23.1,2.9,23.1,2.9,23.3,1.8,24.3,0.4,25.8,0.0,23.266666666666666,13.999999999999996,23.591666666666665,20.700000000000003,24.71666666666667,23.899999999999995,0.3999999999999986,-1.0,Tiruchirappalli,23.6,0.1
2024-12-12 02:00:00,23.4,95,2.3,1000.2,15.1,26.3,30,29,2,12,12,3,347,23.5,1.9,23.0,3.7,23.4,1.2,24.2,0.5,25.5,0.1,23.266666666666666,15.099999999999994,23.525,22.500000000000004,24.629166666666663,26.099999999999994,-0.1000000000000014,0.3999999999999999,Tiruchirappalli,23.7,0.0
2024-12-12 03:00:00,23.6,96,2.1,1001.3,15.5,25.6,38,39,3,12,12,3,347,23.4,2.3,23.1,2.9,23.5,1.4,24.3,0.2,25.1,0.6,23.28333333333333,15.799999999999995,23.466666666666665,24.4,24.566666666666663,27.6,0.2000000000000028,-0.1999999999999997,Tiruchirappalli,24.3,0.0
2024-12-12 04:00:00,24.2,94,0.9,1001.6,15.2,23.1,35,35,4,12,12,3,347,23.6,2.1,23.5,1.9,23.1,2.9,24.3,0.3,25.0,0.4,23.46666666666667,13.799999999999995,23.45833333333333,25.000000000000004,24.53333333333333,28.099999999999994,0.5999999999999979,-1.2000000000000002,Tiruchirappalli,25.6,0.0
2024-12-12 05:00:00,24.5,92,0.6,1001.4,15.9,22.5,36,35,5,12,12,3,347,24.2,0.9,23.4,2.3,23.0,3.7,23.5,2.1,26.2,0.0,23.71666666666667,10.699999999999994,23.541666666666668,23.500000000000004,24.4625,28.7,0.3000000000000007,-0.3,Tiruchirappalli,26.4,0.0
2024-12-12 06:00:00,25.6,88,0.4,1000.9,16.2,23.6,40,40,6,12,12,3,347,24.5,0.6,23.6,2.1,23.1,2.9,23.9,1.8,26.2,0.0,24.133333333333336,8.199999999999996,23.683333333333334,22.100000000000005,24.4375,29.099999999999994,1.1000000000000014,-0.1999999999999999,Tiruchirappalli,28.1,0.0
2024-12-12 07:00:00,26.5,83,0.3,999.8,19.3,26.4,55,54,7,12,12,3,347,25.6,0.4,24.2,0.9,23.5,1.9,23.3,1.8,26.7,0.1,24.633333333333336,6.599999999999995,23.95,20.600000000000005,24.429166666666664,29.3,0.8999999999999986,-0.1,Tiruchirappalli,29.5,0.0
2024-12-12 08:00:00,25.7,87,2.5,998.6,14.3,20.5,46,45,8,12,12,3,347,26.5,0.3,24.5,0.6,23.4,2.3,23.4,1.2,27.0,0.0,25.016666666666666,6.799999999999995,24.141666666666666,21.90000000000001,24.375,31.8,-0.8000000000000007,2.2,Tiruchirappalli,29.2,0.0
2024-12-12 09:00:00,25.7,88,1.0,998.1,15.8,22.1,59,60,9,12,12,3,347,25.7,2.5,25.6,0.4,23.6,2.1,23.5,1.4,27.0,0.0,25.366666666666664,5.699999999999996,24.325000000000003,21.500000000000007,24.320833333333336,32.8,0.0,-1.5,Tiruchirappalli,29.1,0.0
2024-12-12 10:00:00,25.2,87,8.0,998.1,14.1,20.9,77,79,10,12,12,3,347,25.7,1.0,26.5,0.3,24.2,0.9,23.1,2.9,26.9,0.1,25.53333333333333,12.799999999999995,24.5,26.6,24.25,40.7,-0.5,7.0,Tiruchirappalli,28.7,0.0
2024-12-12 11:00:00,25.0,90,0.2,998.3,13.6,20.0,56,55,11,12,12,3,347,25.2,8.0,25.7,2.5,24.5,0.6,23.0,3.7,25.7,0.6,25.61666666666667,12.399999999999997,24.666666666666668,23.100000000000005,24.22083333333333,40.3,-0.1999999999999993,-7.8,Tiruchirappalli,28.5,0.0
2024-12-12 12:00:00,24.7,91,0.2,999.3,11.2,18.4,59,62,12,12,12,3,347,25.0,0.2,25.7,1.0,25.6,0.4,23.1,2.9,24.5,0.9,25.46666666666667,12.199999999999996,24.8,20.40000000000001,24.229166666666668,39.6,-0.3000000000000007,0.0,Tiruchirappalli,27.5,0.0
2024-12-12 13:00:00,22.9,95,2.0,999.7,15.1,25.4,58,61,13,12,12,3,347,24.7,0.2,25.2,8.0,26.5,0.3,23.5,1.9,24.3,0.4,24.866666666666664,13.899999999999997,24.75,20.500000000000004,24.17083333333333,41.2,-1.8000000000000007,1.8,Tiruchirappalli,26.2,0.0
2024-12-12 14:00:00,23.1,94,2.6,1000.2,15.5,26.7,53,51,14,12,12,3,347,22.9,2.0,25.0,0.2,25.7,2.5,23.4,2.3,24.2,0.5,24.433333333333334,13.999999999999996,24.725,20.800000000000004,24.125,43.3,0.2000000000000028,0.6000000000000001,Tiruchirappalli,25.8,0.1
2024-12-12 15:00:00,23.1,96,1.3,1001.1,16.2,28.0,59,58,15,12,12,3,347,23.1,2.6,24.7,0.2,25.7,1.0,23.6,2.1,24.3,0.2,24.0,14.299999999999995,24.683333333333337,20.000000000000004,24.075000000000003,44.39999999999999,0.0,-1.3,Tiruchirappalli,25.3,0.0
2024-12-12 16:00:00,23.3,94,0.4,1001.7,16.3,27.4,59,59,16,12,12,3,347,23.1,1.3,22.9,2.0,25.2,8.0,24.2,0.9,24.3,0.3,23.683333333333334,6.699999999999995,24.60833333333333,19.500000000000004,24.03333333333333,44.5,0.1999999999999993,-0.9,Tiruchirappalli,25.0,0.1
2024-12-12 17:00:00,23.0,96,0.4,1001.7,13.8,24.2,51,51,17,12,12,3,347,23.3,0.4,23.1,2.6,25.0,0.2,24.5,0.6,23.5,2.1,23.35,6.899999999999995,24.48333333333333,19.300000000000004,24.0125,42.8,-0.3000000000000007,0.0,Tiruchirappalli,24.5,0.0
2024-12-12 18:00:00,22.9,96,1.2,1001.2,15.1,26.2,47,45,18,12,12,3,347,23.0,0.4,23.1,1.3,24.7,0.2,25.6,0.4,23.9,1.8,23.05,7.899999999999994,24.258333333333336,20.1,23.97083333333333,42.2,-0.1000000000000014,0.7999999999999999,Tiruchirappalli,24.3,0.0
2024-12-12 19:00:00,23.0,96,0.1,1001.0,14.5,24.2,43,41,19,12,12,3,347,22.9,1.2,23.3,0.4,22.9,2.0,26.5,0.3,23.3,1.8,23.066666666666663,5.999999999999996,23.96666666666667,19.90000000000001,23.95833333333333,40.49999999999999,0.1000000000000014,-1.1,Tiruchirappalli,24.0,0.0
2024-12-12 20:00:00,22.8,98,0.5,1000.7,10.3,19.2,40,40,20,12,12,3,347,23.0,0.1,23.0,0.4,23.1,2.6,25.7,2.5,23.4,1.2,23.016666666666666,3.8999999999999946,23.725000000000005,17.900000000000006,23.933333333333337,39.8,-0.1999999999999993,0.4,Tiruchirappalli,23.7,0.0
2024-12-12 21:00:00,22.5,98,4.3,1000.3,7.3,13.6,53,52,21,12,12,3,347,22.8,0.5,22.9,1.2,23.1,1.3,25.7,1.0,23.5,1.4,22.916666666666668,6.899999999999994,23.45833333333333,21.200000000000006,23.89166666666667,42.7,-0.3000000000000007,3.8,Tiruchirappalli,23.4,0.0
2024-12-12 22:00:00,22.5,99,1.1,999.6,8.3,21.7,54,51,22,12,12,3,347,22.5,4.3,23.0,0.1,23.3,0.4,25.2,8.0,23.1,2.9,22.78333333333333,7.599999999999994,23.23333333333333,14.300000000000004,23.86666666666667,40.89999999999999,0.0,-3.2,Tiruchirappalli,23.2,0.0
2024-12-12 23:00:00,22.9,97,1.3,999.9,14.9,26.1,60,60,23,12,12,3,347,22.5,1.1,22.8,0.5,23.0,0.4,25.0,0.2,23.0,3.7,22.766666666666666,8.499999999999995,23.058333333333334,15.400000000000004,23.8625,38.5,0.3999999999999986,0.1999999999999999,Tiruchirappalli,22.9,0.0
2024-12-13 00:00:00,22.6,98,0.4,1000.4,12.3,21.6,62,63,0,13,12,4,348,22.9,1.3,22.5,4.3,22.9,1.2,24.7,0.2,23.1,2.9,22.71666666666667,7.699999999999994,22.883333333333336,15.600000000000003,23.84166666666667,36.0,-0.2999999999999971,-0.9,Tiruchirappalli,22.6,0.0
2024-12-13 01:00:00,23.6,95,2.0,1000.8,14.4,24.9,53,54,1,13,12,4,348,22.6,0.4,22.5,1.1,23.0,0.1,22.9,2.0,23.5,1.9,22.816666666666663,9.599999999999994,22.941666666666663,15.600000000000003,23.84583333333333,36.1,1.0,1.6,Tiruchirappalli,23.5,0.0
2024-12-13 02:00:00,23.7,95,1.2,1001.5,15.6,26.6,51,52,2,13,12,4,348,23.6,2.0,22.9,1.3,22.8,0.5,23.1,2.6,23.4,2.3,22.966666666666665,10.299999999999995,22.991666666666664,14.200000000000005,23.85833333333333,35.0,0.0999999999999978,-0.8,Tiruchirappalli,24.0,0.0
2024-12-13 03:00:00,24.6,92,0.3,1002.7,16.4,25.8,50,48,3,13,12,4,348,23.7,1.2,22.6,0.4,22.5,4.3,23.1,1.3,23.6,2.1,23.316666666666663,6.2999999999999945,23.11666666666667,13.200000000000005,23.9,33.2,0.9000000000000021,-0.8999999999999999,Tiruchirappalli,25.2,0.0
2024-12-13 04:00:00,25.1,91,0.2,1002.9,14.2,20.1,52,52,4,13,12,4,348,24.6,0.3,23.6,2.0,22.5,1.1,23.3,0.4,24.2,0.9,23.75,5.399999999999994,23.266666666666666,13.000000000000004,23.9375,32.5,0.5,-0.0999999999999999,Tiruchirappalli,26.6,0.0
2024-12-13 05:00:00,25.1,89,1.0,1002.5,17.9,26.1,63,64,5,13,12,4,348,25.1,0.2,23.7,1.2,22.9,1.3,23.0,0.4,24.5,0.6,24.11666666666667,5.099999999999994,23.441666666666663,13.600000000000003,23.9625,32.9,0.0,0.8,Tiruchirappalli,27.3,0.0
2024-12-13 06:00:00,25.9,88,0.1,1001.6,16.3,22.7,60,61,6,13,12,4,348,25.1,1.0,24.6,0.3,22.6,0.4,22.9,1.2,25.6,0.4,24.666666666666668,4.799999999999995,23.691666666666663,12.500000000000004,23.975,32.599999999999994,0.7999999999999972,-0.9,Tiruchirappalli,28.1,0.1
2024-12-13 07:00:00,26.6,80,1.2,1000.7,18.8,26.1,68,68,7,13,12,4,348,25.9,0.1,25.1,0.2,23.6,2.0,23.0,0.1,26.5,0.3,25.166666666666668,3.999999999999994,23.99166666666667,13.600000000000003,23.97916666666667,33.5,0.7000000000000028,1.1,Tiruchirappalli,29.1,0.1
2024-12-13 08:00:00,25.4,89,0.5,999.5,17.9,25.7,72,71,8,13,12,4,348,26.6,1.2,25.1,1.0,23.7,1.2,22.8,0.5,25.7,2.5,25.45,3.2999999999999945,24.20833333333333,13.600000000000003,23.96666666666667,31.5,-1.2000000000000028,-0.7,Tiruchirappalli,29.8,0.1
2024-12-13 09:00:00,25.7,88,0.8,999.1,12.2,17.5,58,57,9,13,12,4,348,25.4,0.5,25.9,0.1,24.6,0.3,22.5,4.3,25.7,1.0,25.633333333333336,3.7999999999999945,24.475,10.100000000000003,23.966666666666665,31.3,0.3000000000000007,0.3,Tiruchirappalli,30.1,0.1
2024-12-13 10:00:00,24.8,87,6.9,999.3,17.4,23.8,64,66,10,13,12,4,348,25.7,0.8,26.6,1.2,25.1,0.2,22.5,1.1,25.2,8.0,25.58333333333333,10.499999999999996,24.666666666666668,15.900000000000004,23.950000000000003,30.2,-0.8999999999999986,6.1000000000000005,Tiruchirappalli,30.0,0.0
2024-12-13 11:00:00,24.8,89,1.0,999.6,12.4,18.7,66,69,11,13,12,4,348,24.8,6.9,25.4,0.5,25.1,1.0,22.9,1.3,25.0,0.2,25.53333333333333,10.499999999999996,24.825000000000003,15.600000000000003,23.941666666666663,31.0,0.0,-5.9,Tiruchirappalli,29.4,0.0
2024-12-13 12:00:00,24.1,95,0.6,1000.4,9.9,17.9,84,89,12,13,12,4,348,24.8,1.0,25.7,0.8,25.9,0.1,22.6,0.4,24.7,0.2,25.23333333333333,10.999999999999996,24.950000000000003,15.800000000000004,23.916666666666668,31.4,-0.6999999999999993,-0.4,Tiruchirappalli,28.5,0.0
2024-12-13 13:00:00,24.3,96,0.3,1000.6,8.2,16.5,68,67,13,13,12,4,348,24.1,0.6,24.8,6.9,26.6,1.2,23.6,2.0,22.9,2.0,24.85,10.099999999999994,25.00833333333333,14.100000000000003,23.975,29.7,0.1999999999999993,-0.3,Tiruchirappalli,25.6,0.0
2024-12-13 14:00:00,24.0,96,0.1,1001.5,9.3,18.0,59,58,14,13,12,4,348,24.3,0.3,24.8,1.0,25.4,0.5,23.7,1.2,23.1,2.6,24.616666666666664,9.699999999999994,25.03333333333333,13.000000000000004,24.0125,27.2,-0.3000000000000007,-0.1999999999999999,Tiruchirappalli,25.5,0.0
2024-12-13 15:00:00,23.9,96,0.1,1002.4,9.6,18.9,52,52,15,13,12,4,348,24.0,0.1,24.1,0.6,25.7,0.8,24.6,0.3,23.1,1.3,24.316666666666663,8.999999999999995,24.975,12.800000000000004,24.04583333333333,26.0,-0.1000000000000014,0.0,Tiruchirappalli,25.3,0.0
2024-12-13 16:00:00,23.7,95,0.2,1003.0,11.6,21.9,55,57,16,13,12,4,348,23.9,0.1,24.3,0.3,24.8,6.9,25.1,0.2,23.3,0.4,24.133333333333336,2.2999999999999945,24.85833333333333,12.800000000000004,24.0625,25.8,-0.1999999999999993,0.1,Tiruchirappalli,25.1,0.0
2024-12-13 17:00:00,23.8,94,0.5,1003.4,13.5,23.5,58,59,17,13,12,4,348,23.7,0.2,24.0,0.1,24.8,1.0,25.1,1.0,23.0,0.4,23.96666666666667,1.7999999999999947,24.75,12.300000000000004,24.09583333333333,25.899999999999995,0.1000000000000014,0.3,Tiruchirappalli,24.9,0.0
2024-12-13 18:00:00,23.6,96,0.4,1003.1,12.8,22.1,55,56,18,13,12,4,348,23.8,0.5,23.9,0.1,24.1,0.6,25.9,0.1,22.9,1.2,23.883333333333336,1.5999999999999948,24.558333333333334,12.600000000000003,24.125,25.1,-0.1999999999999993,-0.0999999999999999,Tiruchirappalli,24.9,0.0
2024-12-13 19:00:00,23.5,96,0.4,1002.7,10.6,19.9,46,50,19,13,12,4,348,23.6,0.4,23.7,0.2,24.3,0.3,26.6,1.2,23.0,0.1,23.75,1.6999999999999948,24.3,11.800000000000004,24.14583333333333,25.4,-0.1000000000000014,0.0,Tiruchirappalli,24.5,0.0
2024-12-13 20:00:00,23.5,95,0.9,1001.9,11.6,21.7,40,44,20,13,12,4,348,23.5,0.4,23.8,0.5,24.0,0.1,25.4,0.5,22.8,0.5,23.666666666666668,2.4999999999999947,24.141666666666666,12.200000000000005,24.175,25.8,0.0,0.5,Tiruchirappalli,24.3,0.3
2024-12-13 21:00:00,23.6,91,0.2,1001.3,14.7,25.6,34,36,21,13,12,4,348,23.5,0.9,23.6,0.4,23.9,0.1,25.7,0.8,22.5,4.3,23.61666666666667,2.5999999999999948,23.96666666666667,11.600000000000003,24.22083333333333,21.7,0.1000000000000014,-0.7,Tiruchirappalli,24.0,0.0
2024-12-13 22:00:00,23.4,90,0.0,1001.0,14.8,25.9,31,34,22,13,12,4,348,23.6,0.2,23.5,0.4,23.7,0.2,24.8,6.9,22.5,1.1,23.566666666666663,2.399999999999995,23.85,4.700000000000004,24.25833333333333,20.6,-0.2000000000000028,-0.2,Tiruchirappalli,23.7,0.0
2024-12-13 23:00:00,23.3,90,0.1,1001.4,15.1,26.4,31,33,23,13,12,4,348,23.4,0.0,23.5,0.9,23.8,0.5,24.8,1.0,22.9,1.3,23.48333333333333,1.999999999999995,23.725,3.8000000000000034,24.275,19.399999999999995,-0.0999999999999978,0.1,Tiruchirappalli,23.5,0.0
2024-12-14 00:00:00,23.1,90,0.7,1002.0,13.8,24.4,30,32,0,14,12,5,349,23.3,0.1,23.6,0.2,23.6,0.4,24.1,0.6,22.6,0.4,23.4,2.299999999999995,23.641666666666666,3.900000000000004,24.29583333333333,19.7,-0.1999999999999993,0.6,Tiruchirappalli,23.2,0.0
2024-12-14 01:00:00,23.3,88,0.1,1002.2,18.1,30.2,24,23,1,14,12,5,349,23.1,0.7,23.4,0.0,23.5,0.4,24.3,0.3,23.6,2.0,23.366666666666664,1.999999999999995,23.558333333333337,3.700000000000004,24.28333333333333,17.799999999999997,0.1999999999999993,-0.6,Tiruchirappalli,24.4,0.1
2024-12-14 02:00:00,23.6,86,0.1,1003.2,15.2,25.6,18,17,2,14,12,5,349,23.3,0.1,23.3,0.1,23.5,0.9,24.0,0.1,23.7,1.2,23.383333333333336,1.1999999999999948,23.525,3.700000000000004,24.27916666666667,16.7,0.3000000000000007,0.0,Tiruchirappalli,25.0,0.0
2024-12-14 03:00:00,24.4,84,0.0,1004.3,11.1,19.6,26,25,3,14,12,5,349,23.6,0.1,23.1,0.7,23.6,0.2,23.9,0.1,24.6,0.3,23.516666666666666,0.9999999999999948,23.566666666666663,3.600000000000004,24.27083333333333,16.4,0.7999999999999972,-0.1,Tiruchirappalli,26.4,0.0
2024-12-14 04:00:00,25.9,77,0.0,1004.7,14.4,20.7,25,24,4,14,12,5,349,24.4,0.0,23.3,0.1,23.4,0.0,23.7,0.2,25.1,0.2,23.933333333333334,0.9999999999999948,23.75,3.400000000000004,24.304166666666664,16.2,1.5,0.0,Tiruchirappalli,27.4,0.0
2024-12-14 05:00:00,27.4,70,0.0,1004.4,23.1,32.0,38,39,5,14,12,5,349,25.9,0.0,23.6,0.1,23.3,0.1,23.8,0.5,25.1,1.0,24.616666666666664,0.8999999999999946,24.05,2.900000000000004,24.399999999999995,15.199999999999996,1.5,0.0,Tiruchirappalli,28.5,0.0
2024-12-14 06:00:00,28.1,65,0.0,1003.5,21.3,29.7,46,47,6,14,12,5,349,27.4,0.0,24.4,0.0,23.1,0.7,23.6,0.4,25.9,0.1,25.450000000000003,0.1999999999999946,24.425,2.500000000000004,24.491666666666664,15.099999999999996,0.7000000000000028,0.0,Tiruchirappalli,28.8,0.0
2024-12-14 07:00:00,28.2,66,0.0,1002.6,17.6,25.0,47,47,7,14,12,5,349,28.1,0.0,25.9,0.0,23.3,0.1,23.5,0.4,26.6,1.2,26.266666666666666,0.0999999999999946,24.816666666666663,2.100000000000004,24.558333333333334,13.899999999999997,0.0999999999999978,0.0,Tiruchirappalli,29.5,0.0
2024-12-14 08:00:00,28.0,67,0.0,1001.2,17.2,24.6,39,38,8,14,12,5,349,28.2,0.0,27.4,0.0,23.6,0.1,23.5,0.9,25.4,0.5,27.0,0.0,25.191666666666663,1.2000000000000035,24.666666666666668,13.399999999999997,-0.1999999999999993,0.0,Tiruchirappalli,29.9,0.0
2024-12-14 09:00:00,28.1,66,0.0,1000.4,19.7,28.3,38,37,9,14,12,5,349,28.0,0.0,28.1,0.0,24.4,0.0,23.6,0.2,25.7,0.8,27.616666666666664,0.0,25.566666666666663,1.000000000000003,24.76666666666667,12.599999999999996,0.1000000000000014,0.0,Tiruchirappalli,30.2,0.0
2024-12-14 10:00:00,27.5,70,0.0,1000.2,18.3,27.3,35,34,10,14,12,5,349,28.1,0.0,28.2,0.0,25.9,0.0,23.4,0.0,24.8,6.9,27.88333333333333,0.0,25.90833333333333,1.000000000000003,24.879166666666663,5.699999999999997,-0.6000000000000014,0.0,Tiruchirappalli,30.4,0.0
2024-12-14 11:00:00,27.2,72,0.0,1000.3,15.5,24.5,39,39,11,14,12,5,349,27.5,0.0,28.0,0.0,27.4,0.0,23.3,0.1,24.8,1.0,27.850000000000005,0.0,26.23333333333333,0.9000000000000035,24.979166666666668,4.699999999999997,-0.3000000000000007,0.0,Tiruchirappalli,30.1,0.0
2024-12-14 12:00:00,26.7,73,0.0,1000.8,13.5,23.3,43,44,12,14,12,5,349,27.2,0.0,28.1,0.0,28.1,0.0,23.1,0.7,24.1,0.6,27.616666666666664,0.0,26.53333333333333,0.2000000000000034,25.0875,4.099999999999997,-0.5,0.0,Tiruchirappalli,29.1,0.0
2024-12-14 13:00:00,25.1,82,0.0,1002.1,10.7,20.9,52,54,13,14,12,5,349,26.7,0.0,27.5,0.0,28.2,0.0,23.3,0.1,24.3,0.3,27.1,0.0,26.683333333333334,0.1000000000000034,25.120833333333337,3.7999999999999967,-1.599999999999998,0.0,Tiruchirappalli,27.5,0.0
2024-12-14 14:00:00,24.7,83,0.0,1003.4,11.4,22.7,56,57,14,14,12,5,349,25.1,0.0,27.2,0.0,28.0,0.0,23.6,0.1,24.0,0.1,26.55,0.0,26.775,0.0,25.15,3.6999999999999966,-0.4000000000000021,0.0,Tiruchirappalli,27.1,0.0
2024-12-14 15:00:00,24.2,83,0.0,1004.2,10.3,21.4,48,49,15,14,12,5,349,24.7,0.0,26.7,0.0,28.1,0.0,24.4,0.0,23.9,0.1,25.9,0.0,26.75833333333333,0.0,25.1625,3.5999999999999965,-0.5,0.0,Tiruchirappalli,26.6,0.0
2024-12-14 16:00:00,23.9,82,0.0,1004.9,12.0,23.7,41,43,16,14,12,5,349,24.2,0.0,25.1,0.0,27.5,0.0,25.9,0.0,23.7,0.2,25.3,0.0,26.59166666666667,0.0,25.17083333333333,3.399999999999997,-0.3000000000000007,0.0,Tiruchirappalli,26.1,0.0
2024-12-14 17:00:00,23.5,83,0.0,1005.0,11.9,23.4,40,42,17,14,12,5,349,23.9,0.0,24.7,0.0,27.2,0.0,27.4,0.0,23.8,0.5,24.683333333333334,0.0,26.26666666666667,0.0,25.15833333333333,2.899999999999997,-0.3999999999999986,0.0,Tiruchirappalli,25.4,0.0
2024-12-14 18:00:00,23.2,85,0.0,1004.5,13.1,25.1,32,34,18,14,12,5,349,23.5,0.0,24.2,0.0,26.7,0.0,28.1,0.0,23.6,0.4,24.1,0.0,25.85833333333333,0.0,25.14166666666667,2.4999999999999964,-0.3000000000000007,0.0,Tiruchirappalli,25.0,0.0
2024-12-14 19:00:00,23.2,85,0.0,1004.1,13.2,25.1,30,31,19,14,12,5,349,23.2,0.0,23.9,0.0,25.1,0.0,28.2,0.0,23.5,0.4,23.78333333333333,0.0,25.441666666666663,0.0,25.129166666666663,2.0999999999999965,0.0,0.0,Tiruchirappalli,24.3,0.5
2024-12-14 20:00:00,23.0,84,0.0,1003.4,13.2,25.1,32,34,20,14,12,5,349,23.2,0.0,23.5,0.0,24.7,0.0,28.0,0.0,23.5,0.9,23.5,0.0,25.025,0.0,25.10833333333333,1.1999999999999966,-0.1999999999999993,0.0,Tiruchirappalli,24.1,0.3
2024-12-14 21:00:00,22.7,83,0.0,1002.6,13.6,25.8,32,35,21,14,12,5,349,23.0,0.0,23.2,0.0,24.2,0.0,28.1,0.0,23.6,0.2,23.25,0.0,24.575,0.0,25.070833333333336,0.9999999999999964,-0.3000000000000007,0.0,Tiruchirappalli,23.6,0.4
2024-12-14 22:00:00,22.2,83,0.0,1002.2,13.2,25.4,29,30,22,14,12,5,349,22.7,0.0,23.2,0.0,23.9,0.0,27.5,0.0,23.4,0.0,22.966666666666665,0.0,24.13333333333333,0.0,25.02083333333333,0.9999999999999964,-0.5,0.0,Tiruchirappalli,23.4,1.3
2024-12-14 23:00:00,21.8,84,0.0,1002.2,12.2,24.6,25,24,23,14,12,5,349,22.2,0.0,23.0,0.0,23.5,0.0,27.2,0.0,23.3,0.1,22.683333333333334,0.0,23.683333333333334,0.0,24.95833333333333,0.8999999999999964,-0.3999999999999986,0.0,Tiruchirappalli,23.4,0.2
2024-12-15 00:00:00,21.5,83,0.0,1002.6,12.7,25.4,21,21,0,15,12,6,350,21.8,0.0,22.7,0.0,23.2,0.0,26.7,0.0,23.1,0.7,22.4,0.0,23.25,0.0,24.891666666666666,0.1999999999999964,-0.3000000000000007,0.0,Tiruchirappalli,23.4,0.0
2024-12-15 01:00:00,22.2,89,0.0,1003.6,14.8,27.6,21,22,1,15,12,6,350,21.5,0.0,22.2,0.0,23.2,0.0,25.1,0.0,23.3,0.1,22.23333333333333,0.0,23.00833333333333,0.0,24.84583333333333,0.0999999999999964,0.6999999999999993,0.0,Tiruchirappalli,24.2,0.0
2024-12-15 02:00:00,23.2,85,0.0,1004.5,15.0,25.5,19,18,2,15,12,6,350,22.2,0.0,21.8,0.0,23.0,0.0,24.7,0.0,23.6,0.1,22.266666666666666,0.0,22.883333333333336,0.0,24.829166666666666,0.0,1.0,0.0,Tiruchirappalli,25.1,0.0
2024-12-15 03:00:00,24.7,79,0.0,1005.3,13.8,20.7,23,22,3,15,12,6,350,23.2,0.0,21.5,0.0,22.7,0.0,24.2,0.0,24.4,0.0,22.6,0.0,22.925,0.0,24.84166666666667,0.0,1.5,0.0,Tiruchirappalli,26.6,0.0
2024-12-15 04:00:00,26.0,70,0.0,1005.7,19.7,28.0,21,21,4,15,12,6,350,24.7,0.0,22.2,0.0,22.2,0.0,23.9,0.0,25.9,0.0,23.23333333333333,0.0,23.1,0.0,24.84583333333333,0.0,1.3000000000000007,0.0,Tiruchirappalli,28.0,0.0
2024-12-15 05:00:00,27.1,59,0.0,1005.4,19.1,26.9,25,24,5,15,12,6,350,26.0,0.0,23.2,0.0,21.8,0.0,23.5,0.0,27.4,0.0,24.116666666666664,0.0,23.4,0.0,24.83333333333333,0.0,1.1000000000000014,0.0,Tiruchirappalli,29.3,0.0
2024-12-15 06:00:00,28.1,56,0.0,1004.9,21.3,29.5,35,35,6,15,12,6,350,27.1,0.0,24.7,0.0,21.5,0.0,23.2,0.0,28.1,0.0,25.21666666666667,0.0,23.808333333333337,0.0,24.83333333333333,0.0,1.0,0.0,Tiruchirappalli,30.4,0.0
2024-12-15 07:00:00,27.9,60,0.0,1004.1,20.8,29.3,38,37,7,15,12,6,350,28.1,0.0,26.0,0.0,22.2,0.0,23.2,0.0,28.2,0.0,26.166666666666668,0.0,24.2,0.0,24.82083333333333,0.0,-0.2000000000000028,0.0,Tiruchirappalli,30.9,0.0
2024-12-15 08:00:00,27.9,60,0.0,1002.8,19.4,27.3,32,33,8,15,12,6,350,27.9,0.0,27.1,0.0,23.2,0.0,23.0,0.0,28.0,0.0,26.95,0.0,24.60833333333333,0.0,24.816666666666663,0.0,0.0,0.0,Tiruchirappalli,31.1,0.0
2024-12-15 09:00:00,28.3,58,0.0,1001.8,18.6,26.1,30,30,9,15,12,6,350,27.9,0.0,28.1,0.0,24.7,0.0,22.7,0.0,28.1,0.0,27.55,0.0,25.075,0.0,24.825,0.0,0.4000000000000021,0.0,Tiruchirappalli,31.2,0.0
2024-12-15 10:00:00,27.7,61,0.0,1001.3,17.9,26.0,37,37,10,15,12,6,350,28.3,0.0,27.9,0.0,26.0,0.0,22.2,0.0,27.5,0.0,27.83333333333333,0.0,25.53333333333333,0.0,24.83333333333333,0.0,-0.6000000000000014,0.0,Tiruchirappalli,31.2,0.0
2024-12-15 11:00:00,27.0,68,0.0,1001.2,12.1,19.4,47,47,11,15,12,6,350,27.7,0.0,27.9,0.0,27.1,0.0,21.8,0.0,27.2,0.0,27.816666666666663,0.0,25.966666666666665,0.0,24.825,0.0,-0.6999999999999993,0.0,Tiruchirappalli,29.5,0.0
2024-12-15 12:00:00,26.4,72,0.0,1001.7,10.5,19.1,51,55,12,15,12,6,350,27.0,0.0,28.3,0.0,28.1,0.0,21.5,0.0,26.7,0.0,27.53333333333333,0.0,26.375,0.0,24.8125,0.0,-0.6000000000000014,0.0,Tiruchirappalli,28.4,0.0
2024-12-15 13:00:00,24.7,85,0.0,1002.3,7.5,16.0,71,79,13,15,12,6,350,26.4,0.0,27.7,0.0,27.9,0.0,22.2,0.0,25.1,0.0,27.0,0.0,26.58333333333333,0.0,24.79583333333333,0.0,-1.6999999999999993,0.0,Tiruchirappalli,25.6,1.2
2024-12-15 14:00:00,24.5,85,0.0,1003.4,10.0,19.6,62,62,14,15,12,6,350,24.7,0.0,27.0,0.0,27.9,0.0,23.2,0.0,24.7,0.0,26.433333333333334,0.0,26.691666666666663,0.0,24.7875,0.0,-0.1999999999999993,0.0,Tiruchirappalli,24.5,2.2
2024-12-15 15:00:00,24.4,80,0.0,1004.3,11.9,22.2,48,48,15,15,12,6,350,24.5,0.0,26.4,0.0,28.3,0.0,24.7,0.0,24.2,0.0,25.78333333333333,0.0,26.666666666666668,0.0,24.79583333333333,0.0,-0.1000000000000014,0.0,Tiruchirappalli,24.4,0.1
2024-12-15 16:00:00,24.2,75,0.0,1004.8,14.2,25.6,39,39,16,15,12,6,350,24.4,0.0,24.7,0.0,27.7,0.0,26.0,0.0,23.9,0.0,25.2,0.0,26.516666666666666,0.0,24.808333333333334,0.0,-0.1999999999999993,0.0,Tiruchirappalli,23.5,2.7
2024-12-15 17:00:00,23.6,73,0.0,1004.6,14.2,26.1,31,32,17,15,12,6,350,24.2,0.0,24.5,0.0,27.0,0.0,27.1,0.0,23.5,0.0,24.633333333333336,0.0,26.225,0.0,24.8125,0.0,-0.5999999999999979,0.0,Tiruchirappalli,23.4,12.6
2024-12-15 18:00:00,23.2,72,0.0,1004.1,14.3,26.6,27,28,18,15,12,6,350,23.6,0.0,24.4,0.0,26.4,0.0,28.1,0.0,23.2,0.0,24.1,0.0,25.816666666666663,0.0,24.8125,0.0,-0.4000000000000021,0.0,Tiruchirappalli,23.2,0.6
2024-12-15 19:00:00,22.9,73,0.0,1003.4,14.2,27.2,21,20,19,15,12,6,350,23.2,0.0,24.2,0.0,24.7,0.0,27.9,0.0,23.2,0.0,23.8,0.0,25.4,0.0,24.8,0.0,-0.3000000000000007,0.0,Tiruchirappalli,23.0,0.0
2024-12-15 20:00:00,22.7,73,0.0,1002.6,12.6,24.7,16,13,20,15,12,6,350,22.9,0.0,23.6,0.0,24.5,0.0,27.9,0.0,23.0,0.0,23.5,0.0,24.96666666666667,0.0,24.7875,0.0,-0.1999999999999993,0.0,Tiruchirappalli,22.8,0.0
2024-12-15 21:00:00,22.3,75,0.0,1002.1,10.2,21.4,15,9,21,15,12,6,350,22.7,0.0,23.2,0.0,24.4,0.0,28.3,0.0,22.7,0.0,23.15,0.0,24.46666666666667,0.0,24.77083333333333,0.0,-0.3999999999999986,0.0,Tiruchirappalli,22.7,0.0
2024-12-15 22:00:00,22.0,78,0.0,1001.6,9.9,21.1,18,19,22,15,12,6,350,22.3,0.0,22.9,0.0,24.2,0.0,27.7,0.0,22.2,0.0,22.78333333333333,0.0,23.99166666666667,0.0,24.762500000000003,0.0,-0.3000000000000007,0.0,Tiruchirappalli,22.6,0.0
2024-12-15 23:00:00,22.1,78,0.0,1001.7,11.6,23.2,22,21,23,15,12,6,350,22.0,0.0,22.7,0.0,23.6,0.0,27.0,0.0,21.8,0.0,22.53333333333333,0.0,23.58333333333333,0.0,24.774999999999995,0.0,0.1000000000000014,0.0,Tiruchirappalli,22.7,0.0
2024-12-16 00:00:00,22.0,79,0.0,1002.6,11.2,22.1,27,24,0,16,12,0,351,22.1,0.0,22.3,0.0,23.2,0.0,26.4,0.0,21.5,0.0,22.33333333333333,0.0,23.216666666666665,0.0,24.79583333333333,0.0,-0.1000000000000014,0.0,Tiruchirappalli,22.6,0.0
2024-12-16 01:00:00,22.3,87,0.0,1003.2,13.1,24.0,19,15,1,16,12,0,351,22.0,0.0,22.0,0.0,22.9,0.0,24.7,0.0,22.2,0.0,22.23333333333333,0.0,23.016666666666666,0.0,24.8,0.0,0.3000000000000007,0.0,Tiruchirappalli,23.8,0.0
2024-12-16 02:00:00,23.0,83,0.0,1004.0,15.4,25.2,14,11,2,16,12,0,351,22.3,0.0,22.1,0.0,22.7,0.0,24.5,0.0,23.2,0.0,22.28333333333333,0.0,22.891666666666666,0.0,24.791666666666668,0.0,0.6999999999999993,0.0,Tiruchirappalli,24.7,0.0
2024-12-16 03:00:00,24.4,77,0.0,1004.7,14.3,21.0,12,11,3,16,12,0,351,23.0,0.0,22.0,0.0,22.3,0.0,24.4,0.0,24.7,0.0,22.633333333333336,0.0,22.891666666666666,0.0,24.779166666666665,0.0,1.3999999999999986,0.0,Tiruchirappalli,26.0,0.0
2024-12-16 04:00:00,25.6,70,0.0,1005.3,20.0,28.2,18,17,4,16,12,0,351,24.4,0.0,22.3,0.0,22.0,0.0,24.2,0.0,26.0,0.0,23.23333333333333,0.0,23.008333333333336,0.0,24.762500000000003,0.0,1.2000000000000028,0.0,Tiruchirappalli,27.7,0.0
2024-12-16 05:00:00,26.3,66,0.0,1004.7,18.9,26.4,16,16,5,16,12,0,351,25.6,0.0,23.0,0.0,22.1,0.0,23.6,0.0,27.1,0.0,23.933333333333334,0.0,23.23333333333333,0.0,24.729166666666668,0.0,0.6999999999999993,0.0,Tiruchirappalli,28.8,0.1
2024-12-16 06:00:00,27.3,60,0.0,1004.0,19.5,26.3,22,22,6,16,12,0,351,26.3,0.0,24.4,0.0,22.0,0.0,23.2,0.0,28.1,0.0,24.816666666666663,0.0,23.575000000000003,0.0,24.695833333333336,0.0,1.0,0.0,Tiruchirappalli,29.9,0.1
2024-12-16 07:00:00,27.8,57,0.0,1002.7,18.1,24.3,24,23,7,16,12,0,351,27.3,0.0,25.6,0.0,22.3,0.0,22.9,0.0,27.9,0.0,25.73333333333333,0.0,23.98333333333333,0.0,24.691666666666663,0.0,0.5,0.0,Tiruchirappalli,30.5,0.1
2024-12-16 08:00:00,27.8,56,0.0,1001.5,16.6,22.5,19,19,8,16,12,0,351,27.8,0.0,26.3,0.0,23.0,0.0,22.7,0.0,27.9,0.0,26.53333333333333,0.0,24.40833333333333,0.0,24.6875,0.0,0.0,0.0,Tiruchirappalli,30.8,0.0
2024-12-16 09:00:00,27.9,56,0.0,1000.5,15.5,21.5,21,20,9,16,12,0,351,27.8,0.0,27.3,0.0,24.4,0.0,22.3,0.0,28.3,0.0,27.116666666666664,0.0,24.875,0.0,24.67083333333333,0.0,0.0999999999999978,0.0,Tiruchirappalli,31.1,0.0
2024-12-16 10:00:00,27.9,57,0.0,1000.2,14.0,19.8,30,30,10,16,12,0,351,27.9,0.0,27.8,0.0,25.6,0.0,22.0,0.0,27.7,0.0,27.5,0.0,25.366666666666664,0.0,24.67916666666667,0.0,0.0,0.0,Tiruchirappalli,31.0,0.0
2024-12-16 11:00:00,27.5,61,0.0,1000.2,12.3,19.5,32,32,11,16,12,0,351,27.9,0.0,27.8,0.0,26.3,0.0,22.1,0.0,27.0,0.0,27.7,0.0,25.816666666666663,0.0,24.7,0.0,-0.3999999999999986,0.0,Tiruchirappalli,30.5,0.0
2024-12-16 12:00:00,26.1,67,0.0,1000.5,12.3,22.1,39,40,12,16,12,0,351,27.5,0.0,27.9,0.0,27.3,0.0,22.0,0.0,26.4,0.0,27.5,0.0,26.15833333333333,0.0,24.6875,0.0,-1.3999999999999986,0.0,Tiruchirappalli,29.1,0.0
2024-12-16 13:00:00,25.8,67,0.0,1001.0,12.4,23.4,31,30,13,16,12,0,351,26.1,0.0,27.9,0.0,27.8,0.0,22.3,0.0,24.7,0.0,27.166666666666668,0.0,26.45,0.0,24.73333333333333,0.0,-0.3000000000000007,0.0,Tiruchirappalli,28.1,0.0
2024-12-16 14:00:00,25.2,69,0.0,1001.7,11.5,23.0,32,31,14,16,12,0,351,25.8,0.0,27.5,0.0,27.8,0.0,23.0,0.0,24.5,0.0,26.73333333333333,0.0,26.633333333333336,0.0,24.762500000000003,0.0,-0.6000000000000014,0.0,Tiruchirappalli,27.5,0.0
2024-12-16 15:00:00,25.0,71,0.0,1002.5,10.6,21.4,38,39,15,16,12,0,351,25.2,0.0,26.1,0.0,27.9,0.0,24.4,0.0,24.4,0.0,26.25,0.0,26.683333333333337,0.0,24.787500000000005,0.0,-0.1999999999999993,0.0,Tiruchirappalli,26.4,0.0
2024-12-16 16:00:00,24.7,72,0.0,1002.7,10.8,21.8,33,37,16,16,12,0,351,25.0,0.0,25.8,0.0,27.9,0.0,25.6,0.0,24.2,0.0,25.71666666666667,0.0,26.60833333333333,0.0,24.808333333333334,0.0,-0.3000000000000007,0.0,Tiruchirappalli,25.6,0.0
2024-12-16 17:00:00,24.5,72,0.0,1003.0,13.2,24.7,39,44,17,16,12,0,351,24.7,0.0,25.2,0.0,27.5,0.0,26.3,0.0,23.6,0.0,25.21666666666667,0.0,26.45833333333333,0.0,24.84583333333333,0.0,-0.1999999999999993,0.0,Tiruchirappalli,24.7,0.0
2024-12-16 18:00:00,23.9,72,0.0,1002.8,12.2,23.0,33,36,18,16,12,0,351,24.5,0.0,25.0,0.0,26.1,0.0,27.3,0.0,23.2,0.0,24.85,0.0,26.175,0.0,24.875,0.0,-0.6000000000000014,0.0,Tiruchirappalli,24.5,0.3
2024-12-16 19:00:00,23.2,73,0.0,1002.2,10.6,21.5,25,28,19,16,12,0,351,23.9,0.0,24.7,0.0,25.8,0.0,27.8,0.0,22.9,0.0,24.416666666666668,0.0,25.791666666666668,0.0,24.8875,0.0,-0.6999999999999993,0.0,Tiruchirappalli,22.9,1.3
2024-12-16 20:00:00,22.9,73,0.0,1001.3,11.9,22.7,31,41,20,16,12,0,351,23.2,0.0,24.5,0.0,25.2,0.0,27.8,0.0,22.7,0.0,24.03333333333333,0.0,25.383333333333336,0.0,24.89583333333333,0.0,-0.3000000000000007,0.0,Tiruchirappalli,22.8,0.6
2024-12-16 21:00:00,22.3,77,0.0,1000.2,10.1,20.4,32,43,21,16,12,0,351,22.9,0.0,23.9,0.0,25.0,0.0,27.9,0.0,22.3,0.0,23.58333333333333,0.0,24.916666666666668,0.0,24.89583333333333,0.0,-0.5999999999999979,0.0,Tiruchirappalli,22.4,0.0
2024-12-16 22:00:00,21.9,79,0.0,999.9,5.4,15.2,26,26,22,16,12,0,351,22.3,0.0,23.2,0.0,24.7,0.0,27.9,0.0,22.0,0.0,23.116666666666664,0.0,24.416666666666668,0.0,24.891666666666666,0.0,-0.4000000000000021,0.0,Tiruchirappalli,22.3,0.0
2024-12-16 23:00:00,21.5,83,0.0,999.9,3.2,9.1,353,317,23,16,12,0,351,21.9,0.0,22.9,0.0,24.5,0.0,27.5,0.0,22.1,0.0,22.616666666666664,0.0,23.916666666666668,0.0,24.86666666666667,0.0,-0.3999999999999986,0.0,Tiruchirappalli,22.5,0.0
2024-12-17 00:00:00,22.1,81,0.0,1000.0,5.5,11.8,295,293,0,17,12,1,352,21.5,0.0,22.3,0.0,23.9,0.0,26.1,0.0,22.0,0.0,22.316666666666663,0.0,23.58333333333333,0.0,24.870833333333337,0.0,0.6000000000000014,0.0,Tiruchirappalli,22.4,0.0
2024-12-17 01:00:00,23.6,80,0.1,1001.2,5.3,10.2,332,315,1,17,12,1,352,22.1,0.0,21.9,0.0,23.2,0.0,25.8,0.0,22.3,0.0,22.383333333333336,0.0999999999999946,23.4,0.1000000000000034,24.925,0.0999999999999964,1.5,0.1,Tiruchirappalli,23.8,0.1
2024-12-17 02:00:00,23.7,84,0.0,1001.9,6.9,13.2,280,277,2,17,12,1,352,23.6,0.1,21.5,0.0,22.9,0.0,25.2,0.0,23.0,0.0,22.516666666666666,0.0999999999999946,23.275,0.1000000000000034,24.954166666666666,0.0999999999999964,0.0999999999999978,-0.1,Tiruchirappalli,24.2,0.0
2024-12-17 03:00:00,24.3,84,0.0,1002.4,5.1,8.5,287,302,3,17,12,1,352,23.7,0.0,22.1,0.0,22.3,0.0,25.0,0.0,24.4,0.0,22.85,0.0999999999999946,23.21666666666667,0.1000000000000034,24.95,0.0999999999999964,0.6000000000000014,0.0,Tiruchirappalli,25.0,0.0
2024-12-17 04:00:00,25.6,79,0.0,1002.6,6.5,8.8,316,314,4,17,12,1,352,24.3,0.0,23.6,0.1,21.9,0.0,24.7,0.0,25.6,0.0,23.46666666666667,0.0999999999999946,23.291666666666668,0.1000000000000034,24.95,0.0999999999999964,1.3000000000000007,0.0,Tiruchirappalli,26.7,0.0
2024-12-17 05:00:00,26.4,74,0.0,1002.0,5.6,7.2,307,303,5,17,12,1,352,25.6,0.0,23.7,0.0,21.5,0.0,24.5,0.0,26.3,0.0,24.28333333333333,0.0999999999999946,23.45,0.1000000000000034,24.954166666666666,0.0999999999999964,0.7999999999999972,0.0,Tiruchirappalli,28.2,0.1
2024-12-17 06:00:00,28.1,69,0.0,1001.2,4.9,6.5,355,352,6,17,12,1,352,26.4,0.0,24.3,0.0,22.1,0.0,23.9,0.0,27.3,0.0,25.28333333333333,0.0999999999999946,23.8,0.1000000000000034,24.9875,0.0999999999999964,1.7000000000000028,0.0,Tiruchirappalli,28.7,0.2
2024-12-17 07:00:00,29.5,63,0.0,1000.2,10.8,14.0,20,21,7,17,12,1,352,28.1,0.0,25.6,0.0,23.6,0.1,23.2,0.0,27.8,0.0,26.26666666666667,0.0,24.325000000000003,0.1000000000000034,25.058333333333334,0.0999999999999964,1.3999999999999986,0.0,Tiruchirappalli,29.5,0.1
2024-12-17 08:00:00,29.2,64,0.0,999.2,10.7,14.4,38,41,8,17,12,1,352,29.5,0.0,26.4,0.0,23.7,0.0,22.9,0.0,27.8,0.0,27.183333333333334,0.0,24.85,0.1000000000000034,25.116666666666664,0.0999999999999964,-0.3000000000000007,0.0,Tiruchirappalli,29.9,0.0
2024-12-17 09:00:00,29.1,64,0.0,998.5,11.6,15.8,30,32,9,17,12,1,352,29.2,0.0,28.1,0.0,24.3,0.0,22.3,0.0,27.9,0.0,27.98333333333333,0.0,25.416666666666668,0.1000000000000034,25.166666666666668,0.0999999999999964,-0.0999999999999978,0.0,Tiruchirappalli,29.8,0.1
2024-12-17 10:00:00,28.7,66,0.0,997.8,10.1,15.3,25,27,10,17,12,1,352,29.1,0.0,29.5,0.0,25.6,0.0,21.9,0.0,27.9,0.0,28.5,0.0,25.98333333333333,0.1000000000000034,25.2,0.0999999999999964,-0.4000000000000021,0.0,Tiruchirappalli,29.4,0.0
2024-12-17 11:00:00,28.5,69,0.0,998.2,7.7,12.2,34,37,11,17,12,1,352,28.7,0.0,29.2,0.0,26.4,0.0,21.5,0.0,27.5,0.0,28.850000000000005,0.0,26.566666666666663,0.1000000000000034,25.241666666666664,0.0999999999999964,-0.1999999999999993,0.0,Tiruchirappalli,29.2,0.0
2024-12-17 12:00:00,27.5,75,0.0,999.0,8.1,15.2,60,69,12,17,12,1,352,28.5,0.0,29.1,0.0,28.1,0.0,22.1,0.0,26.1,0.0,28.75,0.0,27.016666666666666,0.1000000000000034,25.3,0.0999999999999964,-1.0,0.0,Tiruchirappalli,28.1,0.0
2024-12-17 13:00:00,26.2,85,0.0,1000.4,6.5,12.7,39,34,13,17,12,1,352,27.5,0.0,28.7,0.0,29.5,0.0,23.6,0.1,25.8,0.0,28.2,0.0,27.23333333333333,0.0,25.316666666666663,0.0999999999999964,-1.3000000000000007,0.0,Tiruchirappalli,26.9,0.0
2024-12-17 14:00:00,25.8,85,0.1,1001.2,6.0,13.0,39,39,14,17,12,1,352,26.2,0.0,28.5,0.0,29.2,0.0,23.7,0.0,25.2,0.0,27.633333333333336,0.0999999999999946,27.40833333333333,0.1000000000000034,25.341666666666665,0.1999999999999964,-0.3999999999999986,0.1,Tiruchirappalli,26.1,0.0
2024-12-17 15:00:00,25.3,86,0.0,1001.5,5.2,12.1,41,56,15,17,12,1,352,25.8,0.1,27.5,0.0,29.1,0.0,24.3,0.0,25.0,0.0,27.0,0.0999999999999946,27.49166666666667,0.1000000000000034,25.354166666666668,0.1999999999999964,-0.5,-0.1,Tiruchirappalli,25.3,0.0
2024-12-17 16:00:00,25.0,87,0.1,1001.9,5.0,12.4,42,60,16,17,12,1,352,25.3,0.0,26.2,0.0,28.7,0.0,25.6,0.0,24.7,0.0,26.38333333333333,0.1999999999999946,27.441666666666663,0.2000000000000034,25.36666666666667,0.2999999999999965,-0.3000000000000007,0.1,Tiruchirappalli,24.8,0.0
2024-12-17 17:00:00,24.5,89,0.0,1002.0,4.5,12.0,53,76,17,17,12,1,352,25.0,0.1,25.8,0.1,28.5,0.0,26.4,0.0,24.5,0.0,25.716666666666665,0.1999999999999946,27.28333333333333,0.2000000000000034,25.36666666666667,0.2999999999999965,-0.5,-0.1,Tiruchirappalli,24.4,0.0
2024-12-17 18:00:00,24.3,89,0.0,1001.8,8.0,17.5,50,63,18,17,12,1,352,24.5,0.0,25.3,0.0,27.5,0.0,28.1,0.0,23.9,0.0,25.183333333333334,0.1999999999999946,26.966666666666665,0.2000000000000034,25.383333333333336,0.2999999999999965,-0.1999999999999993,0.0,Tiruchirappalli,23.9,0.0
2024-12-17 19:00:00,24.0,88,0.0,1001.5,8.0,18.1,38,50,19,17,12,1,352,24.3,0.0,25.0,0.1,26.2,0.0,29.5,0.0,23.2,0.0,24.816666666666663,0.1999999999999946,26.50833333333333,0.2000000000000034,25.416666666666668,0.2999999999999965,-0.3000000000000007,0.0,Tiruchirappalli,23.6,0.0
2024-12-17 20:00:00,23.7,84,0.0,1001.0,9.3,19.4,41,50,20,17,12,1,352,24.0,0.0,24.5,0.0,25.8,0.1,29.2,0.0,22.9,0.0,24.46666666666667,0.0999999999999946,26.05,0.2000000000000034,25.450000000000003,0.2999999999999965,-0.3000000000000007,0.0,Tiruchirappalli,23.2,0.0
2024-12-17 21:00:00,23.4,79,0.0,1000.2,9.6,19.8,42,50,21,17,12,1,352,23.7,0.0,24.3,0.0,25.3,0.0,29.1,0.0,22.3,0.0,24.149999999999995,0.0999999999999946,25.575,0.2000000000000034,25.495833333333334,0.2999999999999965,-0.3000000000000007,0.0,Tiruchirappalli,23.0,0.0
2024-12-17 22:00:00,23.2,77,0.0,999.2,9.7,19.2,35,40,22,17,12,1,352,23.4,0.0,24.0,0.0,25.0,0.1,28.7,0.0,21.9,0.0,23.85,0.0,25.116666666666664,0.2000000000000034,25.55,0.2999999999999965,-0.1999999999999993,0.0,Tiruchirappalli,23.0,0.0
2024-12-17 23:00:00,22.9,78,0.0,999.0,6.6,14.6,24,33,23,17,12,1,352,23.2,0.0,23.7,0.0,24.5,0.0,28.5,0.0,21.5,0.0,23.58333333333333,0.0,24.65,0.2000000000000034,25.60833333333333,0.2999999999999965,-0.3000000000000007,0.0,Tiruchirappalli,22.8,0.0
2024-12-18 00:00:00,22.6,83,0.0,999.2,4.0,10.3,359,18,0,18,12,2,353,22.9,0.0,23.4,0.0,24.3,0.0,27.5,0.0,22.1,0.0,23.3,0.0,24.241666666666664,0.2000000000000034,25.629166666666663,0.2999999999999965,-0.2999999999999971,0.0,Tiruchirappalli,22.5,0.0
2024-12-18 01:00:00,23.5,85,0.0,1000.3,5.0,10.4,1,15,1,18,12,2,353,22.6,0.0,23.2,0.0,24.0,0.0,26.2,0.0,23.6,0.1,23.216666666666665,0.0,24.016666666666666,0.2000000000000034,25.625,0.1999999999999964,0.8999999999999986,0.0,Tiruchirappalli,23.4,0.0
2024-12-18 02:00:00,24.0,86,0.0,1000.9,2.5,6.9,303,356,2,18,12,2,353,23.5,0.0,22.9,0.0,23.7,0.0,25.8,0.1,23.7,0.0,23.266666666666666,0.0,23.866666666666664,0.1000000000000034,25.6375,0.1999999999999964,0.5,0.0,Tiruchirappalli,23.8,0.0
2024-12-18 03:00:00,25.2,88,0.0,1001.6,4.3,9.0,258,253,3,18,12,2,353,24.0,0.0,22.6,0.0,23.4,0.0,25.3,0.0,24.3,0.0,23.566666666666663,0.0,23.85833333333333,0.1000000000000034,25.675,0.1999999999999964,1.1999999999999993,0.0,Tiruchirappalli,24.4,0.0
2024-12-18 04:00:00,26.6,85,0.0,1002.1,3.9,5.2,286,292,4,18,12,2,353,25.2,0.0,23.5,0.0,23.2,0.0,25.0,0.1,25.6,0.0,24.133333333333336,0.0,23.991666666666664,0.0,25.71666666666667,0.1999999999999964,1.400000000000002,0.0,Tiruchirappalli,24.8,0.0
2024-12-18 05:00:00,27.3,83,0.0,1001.6,4.5,5.8,304,307,5,18,12,2,353,26.6,0.0,24.0,0.0,22.9,0.0,24.5,0.0,26.4,0.0,24.86666666666667,0.0,24.225,0.0,25.754166666666663,0.1999999999999964,0.6999999999999993,0.0,Tiruchirappalli,25.1,0.0
2024-12-18 06:00:00,28.1,76,0.1,1000.6,5.5,6.9,307,308,6,18,12,2,353,27.3,0.0,25.2,0.0,22.6,0.0,24.3,0.0,28.1,0.0,25.78333333333333,0.0999999999999946,24.541666666666668,0.1000000000000034,25.754166666666663,0.2999999999999965,0.8000000000000007,0.1,Tiruchirappalli,26.3,0.0
2024-12-18 07:00:00,29.1,69,0.1,999.5,8.5,11.0,346,347,7,18,12,2,353,28.1,0.1,26.6,0.0,23.5,0.0,24.0,0.0,29.5,0.0,26.71666666666667,0.1999999999999946,24.96666666666667,0.2000000000000034,25.7375,0.3999999999999964,1.0,0.0,Tiruchirappalli,26.8,0.0
2024-12-18 08:00:00,29.8,66,0.1,998.4,8.6,11.2,3,1,8,18,12,2,353,29.1,0.1,27.3,0.0,24.0,0.0,23.7,0.0,29.2,0.0,27.683333333333334,0.2999999999999947,25.475,0.3000000000000035,25.7625,0.4999999999999964,0.6999999999999993,0.0,Tiruchirappalli,27.6,0.0
2024-12-18 09:00:00,30.1,64,0.1,997.8,7.8,10.3,12,9,9,18,12,2,353,29.8,0.1,28.1,0.1,25.2,0.0,23.4,0.0,29.1,0.0,28.5,0.3999999999999947,26.03333333333333,0.4000000000000034,25.804166666666664,0.5999999999999965,0.3000000000000007,0.0,Tiruchirappalli,28.6,0.0
2024-12-18 10:00:00,30.0,64,0.0,997.3,5.8,7.7,9,9,10,18,12,2,353,30.1,0.1,29.1,0.1,26.6,0.0,23.2,0.0,28.7,0.0,29.066666666666663,0.3999999999999947,26.600000000000005,0.4000000000000034,25.85833333333333,0.5999999999999965,-0.1000000000000014,-0.1,Tiruchirappalli,28.7,0.0
2024-12-18 11:00:00,29.4,66,0.0,997.6,5.8,7.9,359,355,11,18,12,2,353,30.0,0.0,29.8,0.1,27.3,0.0,22.9,0.0,28.5,0.0,29.416666666666668,0.3999999999999947,27.141666666666666,0.4000000000000034,25.89583333333333,0.5999999999999965,-0.6000000000000014,0.0,Tiruchirappalli,28.4,0.0
2024-12-18 12:00:00,28.5,76,0.0,997.8,2.2,5.8,16,9,12,18,12,2,353,29.4,0.0,30.1,0.1,28.1,0.1,22.6,0.0,27.5,0.0,29.48333333333333,0.2999999999999947,27.633333333333336,0.4000000000000034,25.9375,0.5999999999999965,-0.8999999999999986,0.0,Tiruchirappalli,27.6,0.0
2024-12-18 13:00:00,25.6,90,0.0,998.7,4.4,12.5,28,30,13,18,12,2,353,28.5,0.0,30.0,0.0,29.1,0.1,23.5,0.0,26.2,0.0,28.899999999999995,0.1999999999999946,27.808333333333337,0.4000000000000034,25.9125,0.5999999999999965,-2.8999999999999986,0.0,Tiruchirappalli,26.8,0.0
2024-12-18 14:00:00,25.5,89,0.0,999.6,8.0,16.8,38,46,14,18,12,2,353,25.6,0.0,29.4,0.0,29.8,0.1,24.0,0.0,25.8,0.1,28.183333333333337,0.0999999999999946,27.933333333333337,0.4000000000000034,25.9,0.4999999999999965,-0.1000000000000014,0.0,Tiruchirappalli,26.4,0.0
2024-12-18 15:00:00,25.3,87,0.0,1000.0,8.5,18.1,38,54,15,18,12,2,353,25.5,0.0,28.5,0.0,30.1,0.1,25.2,0.0,25.3,0.0,27.38333333333333,0.0,27.941666666666663,0.4000000000000034,25.9,0.4999999999999964,-0.1999999999999993,0.0,Tiruchirappalli,25.6,0.0
2024-12-18 16:00:00,25.1,86,0.0,1000.2,8.4,18.3,40,55,16,18,12,2,353,25.3,0.0,25.6,0.0,30.0,0.0,26.6,0.0,25.0,0.1,26.566666666666663,0.0,27.816666666666663,0.4000000000000034,25.904166666666665,0.3999999999999964,-0.1999999999999993,0.0,Tiruchirappalli,25.0,0.0
2024-12-18 17:00:00,24.9,86,0.0,1000.4,9.8,20.4,46,58,17,18,12,2,353,25.1,0.0,25.5,0.0,29.4,0.0,27.3,0.0,24.5,0.0,25.816666666666663,0.0,27.616666666666664,0.4000000000000034,25.92083333333333,0.3999999999999964,-0.2000000000000028,0.0,Tiruchirappalli,24.5,0.0
2024-12-18 18:00:00,24.9,87,0.0,1000.2,5.5,14.7,28,38,18,18,12,2,353,24.9,0.0,25.3,0.0,28.5,0.0,28.1,0.1,24.3,0.0,25.21666666666667,0.0,27.350000000000005,0.3000000000000035,25.945833333333336,0.3999999999999964,0.0,0.0,Tiruchirappalli,23.8,0.0
2024-12-18 19:00:00,24.5,90,0.0,1000.0,2.8,9.8,35,50,19,18,12,2,353,24.9,0.0,25.1,0.0,25.6,0.0,29.1,0.1,24.0,0.0,25.03333333333333,0.0,26.96666666666667,0.2000000000000034,25.96666666666667,0.3999999999999964,-0.3999999999999986,0.0,Tiruchirappalli,23.3,0.0
2024-12-18 20:00:00,24.3,91,0.3,999.9,0.4,3.9,22,297,20,18,12,2,353,24.5,0.0,24.9,0.0,25.5,0.0,29.8,0.1,23.7,0.0,24.83333333333333,0.2999999999999946,26.508333333333336,0.4000000000000034,25.991666666666664,0.6999999999999964,-0.1999999999999993,0.3,Tiruchirappalli,22.6,0.0
2024-12-18 21:00:00,24.0,93,0.0,999.2,1.1,4.4,258,261,21,18,12,2,353,24.3,0.3,24.9,0.0,25.3,0.0,30.1,0.1,23.4,0.0,24.616666666666664,0.2999999999999946,26.0,0.3000000000000034,26.016666666666666,0.6999999999999964,-0.3000000000000007,-0.3,Tiruchirappalli,22.0,0.0
2024-12-18 22:00:00,23.7,94,0.0,998.7,0.4,1.8,276,27,22,18,12,2,353,24.0,0.0,24.5,0.0,25.1,0.0,30.0,0.0,23.2,0.0,24.38333333333333,0.2999999999999946,25.475,0.3000000000000034,26.037500000000005,0.6999999999999964,-0.3000000000000007,0.0,Tiruchirappalli,21.7,0.0
2024-12-18 23:00:00,23.5,96,0.0,998.7,5.3,10.1,268,280,23,18,12,2,353,23.7,0.0,24.3,0.3,24.9,0.0,29.4,0.0,22.9,0.0,24.15,0.2999999999999946,24.98333333333333,0.3000000000000034,26.0625,0.6999999999999964,-0.1999999999999993,0.0,Tiruchirappalli,21.4,0.0
2024-12-19 00:00:00,23.2,96,0.0,999.0,1.9,7.1,279,319,0,19,12,3,354,23.5,0.0,24.0,0.0,24.9,0.0,28.5,0.0,22.6,0.0,23.866666666666664,0.2999999999999946,24.541666666666668,0.3000000000000034,26.0875,0.6999999999999964,-0.3000000000000007,0.0,Tiruchirappalli,21.4,0.0
2024-12-19 01:00:00,24.4,98,0.1,1000.2,3.9,7.9,253,242,1,19,12,3,354,23.2,0.0,23.7,0.0,24.5,0.0,25.6,0.0,23.5,0.0,23.85,0.3999999999999947,24.441666666666663,0.4000000000000033,26.125,0.7999999999999965,1.1999999999999993,0.1,Tiruchirappalli,22.4,0.0
2024-12-19 02:00:00,25.0,95,0.0,1001.0,6.1,12.0,244,238,2,19,12,3,354,24.4,0.1,23.5,0.0,24.3,0.3,25.5,0.0,24.0,0.0,23.96666666666667,0.0999999999999946,24.399999999999995,0.4000000000000033,26.166666666666668,0.7999999999999965,0.6000000000000014,-0.1,Tiruchirappalli,23.7,0.0
2024-12-19 03:00:00,26.4,84,0.0,1001.7,6.6,9.3,251,253,3,19,12,3,354,25.0,0.0,23.2,0.0,24.0,0.0,25.3,0.0,25.2,0.0,24.366666666666664,0.0999999999999946,24.49166666666667,0.4000000000000033,26.21666666666667,0.7999999999999965,1.3999999999999986,0.0,Tiruchirappalli,25.3,0.0
2024-12-19 04:00:00,27.4,80,0.0,1002.1,6.1,8.3,270,272,4,19,12,3,354,26.4,0.0,24.4,0.1,23.7,0.0,25.1,0.0,26.6,0.0,24.98333333333333,0.0999999999999946,24.683333333333334,0.4000000000000033,26.25,0.7999999999999965,1.0,0.0,Tiruchirappalli,26.7,0.0
2024-12-19 05:00:00,28.5,74,0.0,1002.0,4.9,6.3,301,303,5,19,12,3,354,27.4,0.0,25.0,0.0,23.5,0.0,24.9,0.0,27.3,0.0,25.816666666666663,0.0999999999999946,24.98333333333333,0.4000000000000033,26.3,0.7999999999999965,1.1000000000000014,0.0,Tiruchirappalli,27.9,0.3
2024-12-19 06:00:00,28.8,71,0.0,1001.0,6.0,7.7,309,311,6,19,12,3,354,28.5,0.0,26.4,0.0,23.2,0.0,24.9,0.0,28.1,0.1,26.75,0.0999999999999946,25.308333333333334,0.4000000000000033,26.329166666666666,0.6999999999999965,0.3000000000000007,0.0,Tiruchirappalli,28.6,0.2
2024-12-19 07:00:00,29.5,67,0.0,1000.1,5.0,6.5,294,296,7,19,12,3,354,28.8,0.0,27.4,0.0,24.4,0.1,24.5,0.0,29.1,0.1,27.6,0.0,25.725,0.4000000000000033,26.34583333333333,0.5999999999999965,0.6999999999999993,0.0,Tiruchirappalli,29.2,0.1
2024-12-19 08:00:00,29.9,66,0.0,998.9,4.6,5.9,305,306,8,19,12,3,354,29.5,0.0,28.5,0.0,25.0,0.0,24.3,0.3,29.8,0.1,28.416666666666668,0.0,26.191666666666663,0.1000000000000034,26.35,0.4999999999999964,0.3999999999999986,0.0,Tiruchirappalli,29.6,0.0
2024-12-19 09:00:00,30.2,65,0.0,997.8,4.3,5.7,305,303,9,19,12,3,354,29.9,0.0,28.8,0.0,26.4,0.0,24.0,0.0,30.1,0.1,29.05,0.0,26.70833333333333,0.1000000000000034,26.354166666666668,0.3999999999999964,0.3000000000000007,0.0,Tiruchirappalli,29.9,0.0
2024-12-19 10:00:00,30.4,64,0.0,997.1,2.4,3.5,309,306,10,19,12,3,354,30.2,0.0,29.5,0.0,27.4,0.0,23.7,0.0,30.0,0.0,29.55,0.0,27.266666666666666,0.1000000000000034,26.370833333333334,0.3999999999999964,0.1999999999999993,0.0,Tiruchirappalli,30.0,0.0
2024-12-19 11:00:00,30.1,64,0.0,997.1,1.4,1.7,238,220,11,19,12,3,354,30.4,0.0,29.9,0.0,28.5,0.0,23.5,0.0,29.4,0.0,29.816666666666663,0.0,27.816666666666663,0.1000000000000034,26.4,0.3999999999999964,-0.2999999999999971,0.0,Tiruchirappalli,29.8,0.0
2024-12-19 12:00:00,29.1,77,0.0,997.4,0.9,2.3,176,143,12,19,12,3,354,30.1,0.0,30.2,0.0,28.8,0.0,23.2,0.0,28.5,0.0,29.866666666666664,0.0,28.308333333333334,0.1000000000000034,26.425,0.3999999999999964,-1.0,0.0,Tiruchirappalli,28.3,0.0
2024-12-19 13:00:00,27.5,83,0.0,997.9,4.0,9.4,24,36,13,19,12,3,354,29.1,0.0,30.4,0.0,29.5,0.0,24.4,0.1,25.6,0.0,29.53333333333333,0.0,28.566666666666663,0.0,26.504166666666663,0.3999999999999964,-1.6000000000000014,0.0,Tiruchirappalli,27.1,0.0
2024-12-19 14:00:00,27.1,84,0.0,999.0,3.1,8.7,7,10,14,19,12,3,354,27.5,0.0,30.1,0.0,29.9,0.0,25.0,0.0,25.5,0.0,29.066666666666663,0.0,28.74166666666667,0.0,26.570833333333336,0.3999999999999964,-0.3999999999999986,0.0,Tiruchirappalli,25.9,0.0
2024-12-19 15:00:00,26.6,86,0.0,999.7,2.6,6.7,31,51,15,19,12,3,354,27.1,0.0,29.1,0.0,30.2,0.0,26.4,0.0,25.3,0.0,28.46666666666667,0.0,28.75833333333333,0.0,26.625,0.3999999999999964,-0.5,0.0,Tiruchirappalli,25.2,0.0
2024-12-19 16:00:00,26.1,87,0.0,1000.1,7.6,12.6,73,86,16,19,12,3,354,26.6,0.0,27.5,0.0,30.4,0.0,27.4,0.0,25.1,0.0,27.75,0.0,28.65,0.0,26.666666666666668,0.3999999999999964,-0.5,0.0,Tiruchirappalli,25.0,0.0
2024-12-19 17:00:00,25.4,89,0.0,1000.6,14.7,26.7,185,187,17,19,12,3,354,26.1,0.0,27.1,0.0,30.1,0.0,28.5,0.0,24.9,0.0,26.96666666666667,0.0,28.391666666666666,0.0,26.6875,0.3999999999999964,-0.7000000000000028,0.0,Tiruchirappalli,24.3,0.0
2024-12-19 18:00:00,25.0,89,0.0,1000.3,4.3,13.7,176,165,18,19,12,3,354,25.4,0.0,26.6,0.0,29.1,0.0,28.8,0.0,24.9,0.0,26.28333333333333,0.0,28.075,0.0,26.691666666666663,0.3999999999999964,-0.3999999999999986,0.0,Tiruchirappalli,24.0,0.0
2024-12-19 19:00:00,24.3,94,0.5,1000.4,9.6,13.4,86,62,19,19,12,3,354,25.0,0.0,26.1,0.0,27.5,0.0,29.5,0.0,24.5,0.0,25.75,0.4999999999999946,27.641666666666666,0.5000000000000034,26.683333333333334,0.8999999999999965,-0.6999999999999993,0.5,Tiruchirappalli,23.8,0.0
2024-12-19 20:00:00,24.1,96,0.3,1000.3,4.2,6.3,290,295,20,19,12,3,354,24.3,0.5,25.4,0.0,27.1,0.0,29.9,0.0,24.3,0.3,25.25,0.7999999999999947,27.15833333333333,0.8000000000000034,26.675,0.8999999999999966,-0.1999999999999993,-0.2,Tiruchirappalli,23.1,0.0
2024-12-19 21:00:00,23.6,97,0.4,999.6,12.3,19.4,326,326,21,19,12,3,354,24.1,0.3,25.0,0.0,26.6,0.0,30.2,0.0,24.0,0.0,24.75,1.1999999999999946,26.60833333333333,1.2000000000000035,26.65833333333333,1.2999999999999965,-0.5,0.1,Tiruchirappalli,22.4,0.0
2024-12-19 22:00:00,23.4,96,1.3,998.8,3.1,4.8,53,97,22,19,12,3,354,23.6,0.4,24.3,0.5,26.1,0.0,30.4,0.0,23.7,0.0,24.3,2.4999999999999947,26.025,2.500000000000004,26.64583333333333,2.5999999999999965,-0.2000000000000028,0.9,Tiruchirappalli,22.1,0.0
2024-12-19 23:00:00,23.4,97,0.2,998.6,1.0,2.9,68,112,23,19,12,3,354,23.4,1.3,24.1,0.3,25.4,0.0,30.1,0.0,23.5,0.0,23.96666666666667,2.699999999999995,25.46666666666667,2.700000000000004,26.641666666666666,2.7999999999999967,0.0,-1.1,Tiruchirappalli,22.1,0.0
2024-12-20 00:00:00,23.4,97,0.0,998.8,0.5,1.0,301,225,0,20,12,4,355,23.4,0.2,23.6,0.4,25.0,0.0,29.1,0.0,23.2,0.0,23.7,2.699999999999995,24.991666666666664,2.700000000000004,26.65,2.7999999999999967,0.0,-0.2,Tiruchirappalli,21.8,0.0
2024-12-20 01:00:00,24.2,100,0.0,999.4,0.3,3.1,280,315,1,20,12,4,355,23.4,0.0,23.4,1.3,24.3,0.5,27.5,0.0,24.4,0.1,23.683333333333334,2.199999999999995,24.71666666666667,2.700000000000004,26.64166666666667,2.6999999999999966,0.8000000000000007,0.0,Tiruchirappalli,22.2,0.0
2024-12-20 02:00:00,25.1,98,0.0,1000.4,2.4,5.6,266,253,2,20,12,4,355,24.2,0.0,23.4,0.2,24.1,0.3,27.1,0.0,25.0,0.0,23.85,1.8999999999999944,24.55,2.700000000000004,26.64583333333333,2.6999999999999966,0.9000000000000021,0.0,Tiruchirappalli,23.2,0.0
2024-12-20 03:00:00,26.6,89,0.0,1001.3,4.2,6.0,261,260,3,20,12,4,355,25.1,0.0,23.4,0.0,23.6,0.4,26.6,0.0,26.4,0.0,24.35,1.499999999999995,24.55,2.700000000000004,26.654166666666665,2.6999999999999966,1.5,0.0,Tiruchirappalli,25.1,0.0
2024-12-20 04:00:00,28.0,80,0.0,1001.7,6.6,8.8,279,279,4,20,12,4,355,26.6,0.0,24.2,0.0,23.4,1.3,26.1,0.0,27.4,0.0,25.116666666666664,0.1999999999999946,24.70833333333333,2.700000000000004,26.679166666666664,2.6999999999999966,1.3999999999999986,0.0,Tiruchirappalli,26.7,0.0
2024-12-20 05:00:00,29.3,73,0.0,1001.4,6.0,7.9,287,287,5,20,12,4,355,28.0,0.0,25.1,0.0,23.4,0.2,25.4,0.0,28.5,0.0,26.1,0.0,25.03333333333333,2.700000000000004,26.7125,2.6999999999999966,1.3000000000000007,0.0,Tiruchirappalli,27.8,0.0
2024-12-20 06:00:00,30.4,68,0.0,1000.6,3.6,4.4,297,300,6,20,12,4,355,29.3,0.0,26.6,0.0,23.4,0.0,25.0,0.0,28.8,0.0,27.266666666666666,0.0,25.48333333333333,2.700000000000004,26.77916666666667,2.6999999999999966,1.099999999999998,0.0,Tiruchirappalli,28.7,0.1
2024-12-20 07:00:00,30.9,66,0.0,999.6,2.0,2.6,348,350,7,20,12,4,355,30.4,0.0,28.0,0.0,24.2,0.0,24.3,0.5,29.5,0.0,28.383333333333336,0.0,26.03333333333333,2.200000000000004,26.8375,2.6999999999999966,0.5,0.0,Tiruchirappalli,29.3,0.0
2024-12-20 08:00:00,31.1,66,0.0,998.2,2.8,3.4,18,18,8,20,12,4,355,30.9,0.0,29.3,0.0,25.1,0.0,24.1,0.3,29.9,0.0,29.38333333333333,0.0,26.616666666666664,1.900000000000004,26.887500000000003,2.6999999999999966,0.2000000000000028,0.0,Tiruchirappalli,29.7,0.0
2024-12-20 09:00:00,31.2,65,0.0,997.2,2.3,2.9,22,23,9,20,12,4,355,31.1,0.0,30.4,0.0,26.6,0.0,23.6,0.4,30.2,0.0,30.149999999999995,0.0,27.25,1.5000000000000036,26.929166666666664,2.6999999999999966,0.0999999999999978,0.0,Tiruchirappalli,29.7,0.0
2024-12-20 10:00:00,31.2,64,0.0,996.6,2.8,3.6,60,55,10,20,12,4,355,31.2,0.0,30.9,0.0,28.0,0.0,23.4,1.3,30.4,0.0,30.683333333333334,0.0,27.899999999999995,0.2000000000000035,26.9625,2.6999999999999966,0.0,0.0,Tiruchirappalli,29.5,0.0
2024-12-20 11:00:00,29.5,72,0.0,996.8,6.9,8.4,34,30,11,20,12,4,355,31.2,0.0,31.1,0.0,29.3,0.0,23.4,0.2,30.1,0.0,30.71666666666667,0.0,28.40833333333333,0.0,26.9375,2.6999999999999966,-1.6999999999999993,0.0,Tiruchirappalli,29.2,0.0
2024-12-20 12:00:00,28.4,79,0.0,997.5,4.4,6.6,47,38,12,20,12,4,355,29.5,0.0,31.2,0.0,30.4,0.0,23.4,0.0,29.1,0.0,30.383333333333336,0.0,28.825000000000003,0.0,26.90833333333333,2.6999999999999966,-1.1000000000000014,0.0,Tiruchirappalli,28.3,0.0
2024-12-20 13:00:00,25.6,92,1.2,999.1,7.2,6.8,230,251,13,20,12,4,355,28.4,0.0,31.2,0.0,30.9,0.0,24.2,0.0,27.5,0.0,29.5,1.1999999999999946,28.941666666666663,1.2000000000000035,26.829166666666666,3.899999999999997,-2.799999999999997,1.2,Tiruchirappalli,27.0,0.0
2024-12-20 14:00:00,24.5,96,2.2,1000.0,7.3,12.2,116,106,14,20,12,4,355,25.6,1.2,29.5,0.0,31.1,0.0,25.1,0.0,27.1,0.0,28.4,3.399999999999995,28.891666666666666,3.400000000000004,26.72083333333333,6.099999999999996,-1.1000000000000014,1.0000000000000002,Tiruchirappalli,26.6,0.0
2024-12-20 15:00:00,24.4,95,0.1,1001.5,5.0,8.5,209,229,15,20,12,4,355,24.5,2.2,28.4,0.0,31.2,0.0,26.6,0.0,26.6,0.0,27.266666666666666,3.499999999999995,28.70833333333333,3.500000000000004,26.629166666666663,6.199999999999997,-0.1000000000000014,-2.1,Tiruchirappalli,25.9,0.0
2024-12-20 16:00:00,23.5,95,2.7,1002.3,11.0,16.5,238,240,16,20,12,4,355,24.4,0.1,25.6,1.2,31.2,0.0,28.0,0.0,26.1,0.0,25.98333333333333,6.199999999999996,28.33333333333333,6.200000000000005,26.52083333333333,8.899999999999997,-0.8999999999999986,2.6,Tiruchirappalli,25.2,0.0
2024-12-20 17:00:00,23.4,96,12.6,1001.8,2.6,2.3,113,65,17,20,12,4,355,23.5,2.7,24.5,2.2,29.5,0.0,29.3,0.0,25.4,0.0,24.966666666666665,18.8,27.841666666666665,18.800000000000004,26.4375,21.5,-0.1000000000000014,9.9,Tiruchirappalli,25.0,0.0
2024-12-20 18:00:00,23.2,97,0.6,1001.2,3.2,3.6,354,322,18,20,12,4,355,23.4,12.6,24.4,0.1,28.4,0.0,30.4,0.0,25.0,0.0,24.1,19.399999999999995,27.241666666666664,19.40000000000001,26.3625,22.1,-0.1999999999999993,-12.0,Tiruchirappalli,24.7,0.0
2024-12-20 19:00:00,23.0,97,0.0,1001.1,1.0,5.0,52,68,19,20,12,4,355,23.2,0.6,23.5,2.7,25.6,1.2,30.9,0.0,24.3,0.5,23.666666666666668,18.2,26.58333333333333,19.40000000000001,26.308333333333334,21.6,-0.1999999999999993,-0.6,Tiruchirappalli,24.1,0.0
2024-12-20 20:00:00,22.8,97,0.0,1000.4,3.1,5.8,296,291,20,20,12,4,355,23.0,0.0,23.4,12.6,24.5,2.2,31.1,0.0,24.1,0.3,23.38333333333333,15.999999999999996,25.891666666666666,19.40000000000001,26.254166666666663,21.3,-0.1999999999999993,0.0,Tiruchirappalli,23.7,0.0
2024-12-20 21:00:00,22.7,97,0.0,999.4,6.5,13.0,360,3,21,20,12,4,355,22.8,0.0,23.2,0.6,24.4,0.1,31.2,0.0,23.6,0.4,23.1,15.899999999999997,25.183333333333334,19.40000000000001,26.216666666666665,20.9,-0.1000000000000014,0.0,Tiruchirappalli,23.1,0.0
2024-12-20 22:00:00,22.6,97,0.0,998.8,1.6,9.3,13,360,22,20,12,4,355,22.7,0.0,23.0,0.0,23.5,2.7,31.2,0.0,23.4,1.3,22.95,13.199999999999994,24.46666666666667,19.40000000000001,26.183333333333334,19.6,-0.0999999999999978,0.0,Tiruchirappalli,22.9,0.0
2024-12-20 23:00:00,22.7,96,0.0,998.9,0.3,3.3,9,225,23,20,12,4,355,22.6,0.0,22.8,0.0,23.4,12.6,29.5,0.0,23.4,0.2,22.83333333333333,0.5999999999999946,23.9,19.40000000000001,26.154166666666665,19.4,0.0999999999999978,0.0,Tiruchirappalli,22.9,0.0
2024-12-21 00:00:00,22.6,97,0.0,999.1,1.1,6.2,17,9,0,21,12,5,356,22.7,0.0,22.7,0.0,23.2,0.6,28.4,0.0,23.4,0.0,22.73333333333333,0.0,23.416666666666668,19.40000000000001,26.120833333333334,19.4,-0.0999999999999978,0.0,Tiruchirappalli,22.9,0.0
2024-12-21 01:00:00,23.8,97,0.0,999.5,2.7,8.1,37,53,1,21,12,5,356,22.6,0.0,22.6,0.0,23.0,0.0,25.6,1.2,24.2,0.0,22.86666666666667,0.0,23.266666666666666,18.200000000000006,26.104166666666668,19.4,1.1999999999999993,0.0,Tiruchirappalli,24.1,0.0
2024-12-21 02:00:00,24.7,93,0.0,1000.4,2.8,5.4,2,342,2,21,12,5,356,23.8,0.0,22.7,0.0,22.8,0.0,24.5,2.2,25.1,0.0,23.183333333333334,0.0,23.28333333333333,16.000000000000007,26.0875,19.4,0.8999999999999986,0.0,Tiruchirappalli,24.5,0.0
2024-12-21 03:00:00,26.0,88,0.0,1001.3,5.6,8.0,306,303,3,21,12,5,356,24.7,0.0,22.6,0.0,22.7,0.0,24.4,0.1,26.6,0.0,23.73333333333333,0.0,23.416666666666668,15.900000000000004,26.0625,19.4,1.3000000000000007,0.0,Tiruchirappalli,26.0,0.0
2024-12-21 04:00:00,27.7,79,0.0,1001.8,8.9,12.2,304,304,4,21,12,5,356,26.0,0.0,23.8,0.0,22.6,0.0,23.5,2.7,28.0,0.0,24.58333333333333,0.0,23.766666666666666,13.200000000000005,26.05,19.4,1.6999999999999993,0.0,Tiruchirappalli,27.5,0.0
2024-12-21 05:00:00,28.8,72,0.1,1001.5,10.9,14.3,290,290,5,21,12,5,356,27.7,0.0,24.7,0.0,22.7,0.0,23.4,12.6,29.3,0.0,25.6,0.0999999999999946,24.21666666666667,0.7000000000000035,26.029166666666665,19.5,1.1000000000000014,0.1,Tiruchirappalli,28.6,0.1
2024-12-21 06:00:00,29.9,67,0.1,1001.0,7.7,10.1,301,301,6,21,12,5,356,28.8,0.1,26.0,0.0,22.6,0.0,23.2,0.6,30.4,0.0,26.816666666666663,0.1999999999999946,24.775,0.2000000000000035,26.00833333333333,19.6,1.099999999999998,0.0,Tiruchirappalli,29.2,0.1
2024-12-21 07:00:00,30.5,64,0.1,999.9,6.4,8.1,313,313,7,21,12,5,356,29.9,0.1,27.7,0.0,23.8,0.0,23.0,0.0,30.9,0.0,27.933333333333334,0.2999999999999947,25.4,0.3000000000000036,25.991666666666664,19.7,0.6000000000000014,0.0,Tiruchirappalli,30.2,0.0
2024-12-21 08:00:00,30.8,62,0.0,998.7,5.7,7.2,321,323,8,21,12,5,356,30.5,0.1,28.8,0.1,24.7,0.0,22.8,0.0,31.1,0.0,28.95,0.2999999999999947,26.066666666666663,0.3000000000000036,25.979166666666668,19.7,0.3000000000000007,-0.1,Tiruchirappalli,30.6,0.1
2024-12-21 09:00:00,31.1,61,0.0,998.0,3.8,4.8,338,341,9,21,12,5,356,30.8,0.0,29.9,0.1,26.0,0.0,22.7,0.0,31.2,0.0,29.8,0.2999999999999947,26.76666666666667,0.3000000000000036,25.975,19.7,0.3000000000000007,0.0,Tiruchirappalli,30.6,0.2
2024-12-21 10:00:00,31.0,61,0.0,997.7,4.9,6.0,25,28,10,21,12,5,356,31.1,0.0,30.5,0.1,27.7,0.0,22.6,0.0,31.2,0.0,30.350000000000005,0.2999999999999947,27.46666666666667,0.3000000000000036,25.96666666666667,19.7,-0.1000000000000014,0.0,Tiruchirappalli,29.5,0.0
2024-12-21 11:00:00,30.5,64,0.0,997.8,5.0,6.5,58,64,11,21,12,5,356,31.0,0.0,30.8,0.0,28.8,0.1,22.7,0.0,29.5,0.0,30.633333333333336,0.1999999999999946,28.11666666666667,0.3000000000000036,26.008333333333336,19.7,-0.5,0.0,Tiruchirappalli,29.3,0.0
2024-12-21 12:00:00,29.1,75,0.0,998.4,4.1,8.2,98,103,12,21,12,5,356,30.5,0.0,31.1,0.0,29.9,0.1,22.6,0.0,28.4,0.0,30.5,0.0999999999999946,28.65833333333333,0.3000000000000036,26.037500000000005,19.7,-1.3999999999999986,0.0,Tiruchirappalli,27.0,0.3
2024-12-21 13:00:00,28.1,79,0.0,999.6,4.8,9.8,118,135,13,21,12,5,356,29.1,0.0,31.0,0.0,30.5,0.1,23.8,0.0,25.6,1.2,30.1,0.0,29.016666666666666,0.3000000000000036,26.141666666666666,18.5,-1.0,0.0,Tiruchirappalli,24.4,1.4
2024-12-21 14:00:00,27.5,81,0.0,1000.8,7.9,16.5,108,106,14,21,12,5,356,28.1,0.0,30.5,0.0,30.8,0.0,24.7,0.0,24.5,2.2,29.55,0.0,29.25,0.3000000000000036,26.266666666666666,16.299999999999994,-0.6000000000000014,0.0,Tiruchirappalli,24.9,0.3
2024-12-21 15:00:00,26.4,86,0.0,1001.6,11.4,20.8,85,77,15,21,12,5,356,27.5,0.0,29.1,0.0,31.1,0.0,26.0,0.0,24.4,0.1,28.766666666666666,0.0,29.28333333333333,0.3000000000000036,26.350000000000005,16.199999999999996,-1.1000000000000014,0.0,Tiruchirappalli,23.7,2.4
2024-12-21 16:00:00,25.6,90,0.0,1002.1,8.0,17.0,80,76,16,21,12,5,356,26.4,0.0,28.1,0.0,31.0,0.0,27.7,0.0,23.5,2.7,27.866666666666664,0.0,29.10833333333333,0.3000000000000036,26.4375,13.499999999999996,-0.7999999999999972,0.0,Tiruchirappalli,23.5,1.8
2024-12-21 17:00:00,24.7,94,0.0,1002.7,1.5,5.8,88,166,17,21,12,5,356,25.6,0.0,27.5,0.0,30.5,0.0,28.8,0.1,23.4,12.6,26.9,0.0,28.766666666666666,0.2000000000000035,26.49166666666667,0.8999999999999965,-0.9000000000000021,0.0,Tiruchirappalli,23.3,2.2
2024-12-21 18:00:00,24.5,91,0.3,1002.7,8.2,13.0,204,202,18,21,12,5,356,24.7,0.0,26.4,0.0,29.1,0.0,29.9,0.1,23.2,0.6,26.133333333333336,0.2999999999999946,28.316666666666663,0.4000000000000036,26.54583333333333,0.5999999999999964,-0.1999999999999993,0.3,Tiruchirappalli,23.6,0.1
2024-12-21 19:00:00,22.9,95,1.3,1002.8,13.1,19.5,266,271,19,21,12,5,356,24.5,0.3,25.6,0.0,28.1,0.0,30.5,0.1,23.0,0.0,25.266666666666666,1.5999999999999948,27.683333333333334,1.6000000000000036,26.541666666666668,1.8999999999999964,-1.6000000000000014,1.0,Tiruchirappalli,24.1,0.0
2024-12-21 20:00:00,22.8,96,0.6,1001.4,0.8,2.1,59,225,20,21,12,5,356,22.9,1.3,24.7,0.0,27.5,0.0,30.8,0.0,22.8,0.0,24.48333333333333,2.199999999999995,27.016666666666666,2.200000000000004,26.541666666666668,2.4999999999999964,-0.0999999999999978,-0.7000000000000001,Tiruchirappalli,24.3,0.0
2024-12-21 21:00:00,22.4,98,0.0,1000.7,1.3,1.6,84,214,21,21,12,5,356,22.8,0.6,24.5,0.3,26.4,0.0,31.1,0.0,22.7,0.0,23.816666666666663,2.199999999999995,26.291666666666668,2.200000000000004,26.52916666666667,2.4999999999999964,-0.4000000000000021,-0.6,Tiruchirappalli,24.1,0.1
2024-12-21 22:00:00,22.3,99,0.0,1000.1,0.5,5.7,28,315,22,21,12,5,356,22.4,0.0,22.9,1.3,25.6,0.0,31.0,0.0,22.6,0.0,23.266666666666666,2.199999999999995,25.566666666666663,2.200000000000004,26.516666666666666,2.4999999999999964,-0.0999999999999978,0.0,Tiruchirappalli,23.9,0.1
2024-12-21 23:00:00,22.5,98,0.0,1000.5,4.3,12.6,66,85,23,21,12,5,356,22.3,0.0,22.8,0.6,24.7,0.0,30.5,0.0,22.7,0.0,22.9,2.199999999999995,24.899999999999995,2.200000000000004,26.508333333333336,2.4999999999999964,0.1999999999999993,0.0,Tiruchirappalli,23.9,0.1
2024-12-22 00:00:00,22.4,96,0.0,1001.0,0.9,4.1,23,259,0,22,12,6,357,22.5,0.0,22.4,0.0,24.5,0.3,29.1,0.0,22.6,0.0,22.55,1.8999999999999944,24.34166666666667,2.200000000000004,26.5,2.4999999999999964,-0.1000000000000014,0.0,Tiruchirappalli,23.9,0.1
2024-12-22 01:00:00,23.8,94,0.1,1001.8,5.3,11.4,33,38,1,22,12,6,357,22.4,0.0,22.3,0.0,22.9,1.3,28.1,0.0,23.8,0.0,22.7,0.6999999999999946,23.98333333333333,2.300000000000004,26.5,2.5999999999999965,1.400000000000002,0.1,Tiruchirappalli,24.3,0.1
2024-12-22 02:00:00,24.2,92,0.0,1002.5,4.5,9.4,24,29,2,22,12,6,357,23.8,0.1,22.5,0.0,22.8,0.6,27.5,0.0,24.7,0.0,22.933333333333334,0.0999999999999946,23.70833333333333,2.300000000000004,26.479166666666668,2.5999999999999965,0.3999999999999986,-0.1,Tiruchirappalli,24.6,0.0
2024-12-22 03:00:00,25.0,89,0.0,1003.1,4.1,6.4,25,23,3,22,12,6,357,24.2,0.0,22.4,0.0,22.4,0.0,26.4,0.0,26.0,0.0,23.366666666666664,0.0999999999999946,23.59166666666667,2.300000000000004,26.4375,2.5999999999999965,0.8000000000000007,0.0,Tiruchirappalli,25.3,0.0
2024-12-22 04:00:00,26.7,82,0.0,1003.3,5.6,7.7,11,7,4,22,12,6,357,25.0,0.0,23.8,0.1,22.3,0.0,25.6,0.0,27.7,0.0,24.1,0.0999999999999946,23.683333333333334,2.300000000000004,26.39583333333333,2.5999999999999965,1.6999999999999993,0.0,Tiruchirappalli,26.1,0.0
2024-12-22 05:00:00,28.2,72,0.1,1002.9,9.7,13.0,27,27,5,22,12,6,357,26.7,0.0,24.2,0.0,22.5,0.0,24.7,0.0,28.8,0.1,25.05,0.1999999999999946,23.975,2.4000000000000035,26.370833333333334,2.5999999999999965,1.5,0.1,Tiruchirappalli,27.2,0.0
2024-12-22 06:00:00,28.7,67,0.2,1002.3,11.5,15.6,30,29,6,22,12,6,357,28.2,0.1,25.0,0.0,22.4,0.0,24.5,0.3,29.9,0.1,26.1,0.3999999999999947,24.325,2.300000000000004,26.320833333333336,2.6999999999999966,0.5,0.1,Tiruchirappalli,28.4,0.0
2024-12-22 07:00:00,29.5,62,0.1,1001.2,11.0,14.7,39,38,7,22,12,6,357,28.7,0.2,26.7,0.0,23.8,0.1,22.9,1.3,30.5,0.1,27.05,0.3999999999999947,24.875,1.1000000000000036,26.27916666666667,2.6999999999999966,0.8000000000000007,-0.1,Tiruchirappalli,28.4,0.0
2024-12-22 08:00:00,29.9,61,0.0,1000.1,10.2,13.6,46,45,8,22,12,6,357,29.5,0.1,28.2,0.1,24.2,0.0,22.8,0.6,30.8,0.0,28.0,0.3999999999999947,25.46666666666667,0.5000000000000036,26.241666666666664,2.6999999999999966,0.3999999999999986,-0.1,Tiruchirappalli,26.8,3.4
2024-12-22 09:00:00,29.8,61,0.1,999.4,11.3,15.0,51,51,9,22,12,6,357,29.9,0.0,28.7,0.2,25.0,0.0,22.4,0.0,31.1,0.0,28.8,0.4999999999999947,26.08333333333333,0.6000000000000036,26.1875,2.7999999999999967,-0.0999999999999978,0.1,Tiruchirappalli,26.9,3.2
2024-12-22 10:00:00,29.4,63,0.0,999.0,11.2,15.2,51,50,10,22,12,6,357,29.8,0.1,29.5,0.1,26.7,0.0,22.3,0.0,31.0,0.0,29.25,0.4999999999999946,26.675,0.6000000000000036,26.120833333333334,2.7999999999999967,-0.4000000000000021,-0.1,Tiruchirappalli,24.8,6.2
2024-12-22 11:00:00,29.2,65,0.0,998.7,10.0,14.1,55,56,11,22,12,6,357,29.4,0.0,29.9,0.0,28.2,0.1,22.5,0.0,30.5,0.0,29.416666666666668,0.3999999999999947,27.23333333333333,0.6000000000000036,26.066666666666663,2.7999999999999967,-0.1999999999999993,0.0,Tiruchirappalli,25.2,0.8
2024-12-22 12:00:00,28.1,71,0.0,999.3,8.6,15.6,74,75,12,22,12,6,357,29.2,0.0,29.8,0.1,28.7,0.2,22.4,0.0,29.1,0.0,29.316666666666663,0.1999999999999946,27.70833333333333,0.6000000000000036,26.025,2.7999999999999967,-1.099999999999998,0.0,Tiruchirappalli,25.5,0.1
2024-12-22 13:00:00,26.9,79,0.0,999.9,10.5,19.6,72,77,13,22,12,6,357,28.1,0.0,29.4,0.0,29.5,0.1,23.8,0.1,28.1,0.0,28.883333333333336,0.0999999999999946,27.966666666666665,0.5000000000000036,25.975,2.7999999999999967,-1.2000000000000028,0.0,Tiruchirappalli,25.8,0.1
2024-12-22 14:00:00,26.1,83,0.0,1001.3,10.0,19.5,72,72,14,22,12,6,357,26.9,0.0,29.2,0.0,29.9,0.0,24.2,0.0,27.5,0.0,28.25,0.0999999999999946,28.125,0.5000000000000036,25.916666666666668,2.7999999999999967,-0.7999999999999972,0.0,Tiruchirappalli,25.4,0.0
2024-12-22 15:00:00,25.3,87,0.0,1002.1,7.8,16.5,76,83,15,22,12,6,357,26.1,0.0,28.1,0.0,29.8,0.1,25.0,0.0,26.4,0.0,27.5,0.0,28.15,0.5000000000000036,25.870833333333334,2.7999999999999967,-0.8000000000000007,0.0,Tiruchirappalli,24.8,0.0
2024-12-22 16:00:00,24.8,90,0.0,1002.5,6.9,15.4,76,85,16,22,12,6,357,25.3,0.0,26.9,0.0,29.4,0.0,26.7,0.0,25.6,0.0,26.73333333333333,0.0,27.991666666666664,0.5000000000000036,25.8375,2.7999999999999967,-0.5,0.0,Tiruchirappalli,24.3,0.0
2024-12-22 17:00:00,24.4,92,0.0,1002.3,6.5,14.8,80,84,17,22,12,6,357,24.8,0.0,26.1,0.0,29.2,0.0,28.2,0.1,24.7,0.0,25.933333333333334,0.0,27.675,0.4000000000000036,25.825,2.7999999999999967,-0.4000000000000021,0.0,Tiruchirappalli,23.8,0.0
2024-12-22 18:00:00,23.9,94,0.0,1002.1,6.7,15.6,74,74,18,22,12,6,357,24.4,0.0,25.3,0.0,28.1,0.0,28.7,0.2,24.5,0.3,25.23333333333333,0.0,27.275,0.2000000000000035,25.8,2.4999999999999964,-0.5,0.0,Tiruchirappalli,23.4,0.0
2024-12-22 19:00:00,23.6,95,0.0,1001.9,4.7,13.1,67,72,19,22,12,6,357,23.9,0.0,24.8,0.0,26.9,0.0,29.5,0.1,22.9,1.3,24.683333333333334,0.0,26.78333333333333,0.1000000000000035,25.829166666666666,1.1999999999999966,-0.2999999999999971,0.0,Tiruchirappalli,23.1,0.0
2024-12-22 20:00:00,23.2,97,0.0,1001.5,3.5,10.4,80,118,20,22,12,6,357,23.6,0.0,24.4,0.0,26.1,0.0,29.9,0.0,22.8,0.6,24.2,0.0,26.225,0.1000000000000035,25.84583333333333,0.5999999999999968,-0.4000000000000021,0.0,Tiruchirappalli,23.0,0.0
2024-12-22 21:00:00,23.0,97,0.0,1000.9,2.6,7.0,87,155,21,22,12,6,357,23.2,0.0,23.9,0.0,25.3,0.0,29.8,0.1,22.4,0.0,23.816666666666663,0.0,25.65833333333333,0.0,25.870833333333334,0.5999999999999968,-0.1999999999999993,0.0,Tiruchirappalli,23.0,0.0
2024-12-22 22:00:00,23.0,98,0.0,1000.7,2.0,5.4,86,175,22,22,12,6,357,23.0,0.0,23.6,0.0,24.8,0.0,29.4,0.0,22.3,0.0,23.516666666666666,0.0,25.125,0.0,25.9,0.5999999999999968,0.0,0.0,Tiruchirappalli,22.9,0.0
2024-12-22 23:00:00,22.8,97,0.0,1000.7,1.3,6.8,61,135,23,22,12,6,357,23.0,0.0,23.2,0.0,24.4,0.0,29.2,0.0,22.5,0.0,23.25,0.0,24.59166666666667,0.0,25.9125,0.5999999999999968,-0.1999999999999993,0.0,Tiruchirappalli,22.7,0.0
2024-12-23 00:00:00,22.5,98,0.0,1001.3,2.2,4.7,286,256,0,23,12,0,358,22.8,0.0,23.0,0.0,23.9,0.0,28.1,0.0,22.4,0.0,23.016666666666666,0.0,24.125,0.0,25.916666666666668,0.5999999999999968,-0.3000000000000007,0.0,Tiruchirappalli,22.5,0.0
2024-12-23 01:00:00,23.4,96,0.0,1001.9,6.1,12.4,301,304,1,23,12,0,358,22.5,0.0,23.0,0.0,23.6,0.0,26.9,0.0,23.8,0.1,22.98333333333333,0.0,23.83333333333333,0.0,25.899999999999995,0.4999999999999967,0.8999999999999986,0.0,Tiruchirappalli,23.2,0.1
2024-12-23 02:00:00,23.8,90,0.0,1003.0,10.1,15.0,288,289,2,23,12,0,358,23.4,0.0,22.8,0.0,23.2,0.0,26.1,0.0,24.2,0.0,23.08333333333333,0.0,23.641666666666666,0.0,25.883333333333336,0.4999999999999966,0.4000000000000021,0.0,Tiruchirappalli,23.7,0.0
2024-12-23 03:00:00,24.4,82,0.0,1003.7,7.4,10.5,277,276,3,23,12,0,358,23.8,0.0,22.5,0.0,23.0,0.0,25.3,0.0,25.0,0.0,23.316666666666663,0.0,23.566666666666663,0.0,25.85833333333333,0.4999999999999966,0.5999999999999979,0.0,Tiruchirappalli,25.2,0.0
2024-12-23 04:00:00,24.8,80,0.0,1003.9,7.2,10.0,284,284,4,23,12,0,358,24.4,0.0,23.4,0.0,23.0,0.0,24.8,0.0,26.7,0.0,23.616666666666664,0.0,23.566666666666663,0.0,25.779166666666665,0.4999999999999966,0.4000000000000021,0.0,Tiruchirappalli,26.4,0.1
2024-12-23 05:00:00,25.1,83,0.0,1003.8,6.6,9.4,281,283,5,23,12,0,358,24.8,0.0,23.8,0.0,22.8,0.0,24.4,0.0,28.2,0.1,24.0,0.0,23.625,0.0,25.65,0.3999999999999967,0.3000000000000007,0.0,Tiruchirappalli,27.2,0.2
2024-12-23 06:00:00,26.3,79,0.0,1003.1,7.5,10.1,297,300,6,23,12,0,358,25.1,0.0,24.4,0.0,22.5,0.0,23.9,0.0,28.7,0.2,24.633333333333336,0.0,23.825000000000003,0.0,25.55,0.1999999999999966,1.1999999999999993,0.0,Tiruchirappalli,28.0,0.4
2024-12-23 07:00:00,26.8,75,0.0,1002.1,7.4,9.7,312,315,7,23,12,0,358,26.3,0.0,24.8,0.0,23.4,0.0,23.6,0.0,29.5,0.1,25.2,0.0,24.091666666666665,0.0,25.4375,0.0999999999999966,0.5,0.0,Tiruchirappalli,28.5,0.2
2024-12-23 08:00:00,27.6,69,0.0,1000.8,6.9,9.0,307,309,8,23,12,0,358,26.8,0.0,25.1,0.0,23.8,0.0,23.2,0.0,29.9,0.0,25.83333333333333,0.0,24.45833333333333,0.0,25.34166666666667,0.0999999999999966,0.8000000000000007,0.0,Tiruchirappalli,28.8,0.3
2024-12-23 09:00:00,28.6,63,0.0,999.8,5.5,7.1,311,311,9,23,12,0,358,27.6,0.0,26.3,0.0,24.4,0.0,23.0,0.0,29.8,0.1,26.53333333333333,0.0,24.925,0.0,25.291666666666668,0.0,1.0,0.0,Tiruchirappalli,28.7,0.1
2024-12-23 10:00:00,28.7,63,0.0,999.4,3.9,5.1,321,323,10,23,12,0,358,28.6,0.0,26.8,0.0,24.8,0.0,23.0,0.0,29.4,0.0,27.183333333333337,0.0,25.4,0.0,25.2625,0.0,0.0999999999999978,0.0,Tiruchirappalli,28.5,0.1
2024-12-23 11:00:00,28.4,64,0.0,999.3,2.7,3.3,315,318,11,23,12,0,358,28.7,0.0,27.6,0.0,25.1,0.0,22.8,0.0,29.2,0.0,27.73333333333333,0.0,25.866666666666664,0.0,25.229166666666668,0.0,-0.3000000000000007,0.0,Tiruchirappalli,27.9,0.0
2024-12-23 12:00:00,27.6,77,0.0,999.6,0.8,1.9,319,333,12,23,12,0,358,28.4,0.0,28.6,0.0,26.3,0.0,22.5,0.0,28.1,0.0,27.950000000000003,0.0,26.291666666666668,0.0,25.20833333333333,0.0,-0.7999999999999972,0.0,Tiruchirappalli,27.0,0.0
2024-12-23 13:00:00,26.8,76,0.0,999.6,2.1,2.2,171,200,13,23,12,0,358,27.6,0.0,28.7,0.0,26.8,0.0,23.4,0.0,26.9,0.0,27.95,0.0,26.575000000000003,0.0,25.20416666666667,0.0,-0.8000000000000007,0.0,Tiruchirappalli,26.4,0.0
2024-12-23 14:00:00,26.4,77,0.0,1000.5,0.2,1.9,61,180,14,23,12,0,358,26.8,0.0,28.4,0.0,27.6,0.0,23.8,0.0,26.1,0.0,27.75,0.0,26.791666666666668,0.0,25.21666666666667,0.0,-0.4000000000000021,0.0,Tiruchirappalli,25.6,0.0
2024-12-23 15:00:00,25.6,79,0.0,1001.3,1.1,5.4,64,81,15,23,12,0,358,26.4,0.0,27.6,0.0,28.6,0.0,24.4,0.0,25.3,0.0,27.25,0.0,26.89166666666667,0.0,25.229166666666668,0.0,-0.7999999999999972,0.0,Tiruchirappalli,25.1,0.0
2024-12-23 16:00:00,25.0,82,0.0,1001.8,0.9,4.5,92,143,16,23,12,0,358,25.6,0.0,26.8,0.0,28.7,0.0,24.8,0.0,24.8,0.0,26.63333333333333,0.0,26.90833333333333,0.0,25.2375,0.0,-0.6000000000000014,0.0,Tiruchirappalli,24.5,0.0
2024-12-23 17:00:00,24.5,83,0.0,1001.7,0.7,2.7,127,194,17,23,12,0,358,25.0,0.0,26.4,0.0,28.4,0.0,25.1,0.0,24.4,0.0,25.98333333333333,0.0,26.85833333333333,0.0,25.24166666666667,0.0,-0.5,0.0,Tiruchirappalli,23.9,0.0
2024-12-23 18:00:00,23.8,86,0.0,1001.4,1.9,4.5,56,29,18,23,12,0,358,24.5,0.0,25.6,0.0,27.6,0.0,26.3,0.0,23.9,0.0,25.35,0.0,26.649999999999995,0.0,25.2375,0.0,-0.6999999999999993,0.0,Tiruchirappalli,23.5,0.0
2024-12-23 19:00:00,23.3,89,0.0,1001.1,9.0,18.3,52,52,19,23,12,0,358,23.8,0.0,25.0,0.0,26.8,0.0,26.8,0.0,23.6,0.0,24.76666666666667,0.0,26.35833333333333,0.0,25.225000000000005,0.0,-0.5,0.0,Tiruchirappalli,23.4,0.0
2024-12-23 20:00:00,22.6,91,0.0,1000.6,4.3,12.5,67,75,20,23,12,0,358,23.3,0.0,24.5,0.0,26.4,0.0,27.6,0.0,23.2,0.0,24.133333333333336,0.0,25.941666666666663,0.0,25.2,0.0,-0.6999999999999993,0.0,Tiruchirappalli,23.2,0.0
2024-12-23 21:00:00,22.0,95,0.0,1000.0,3.8,11.1,70,90,21,23,12,0,358,22.6,0.0,23.8,0.0,25.6,0.0,28.6,0.0,23.0,0.0,23.53333333333333,0.0,25.391666666666666,0.0,25.15833333333333,0.0,-0.6000000000000014,0.0,Tiruchirappalli,23.1,0.0
2024-12-23 22:00:00,21.7,96,0.0,999.8,4.0,10.5,77,126,22,23,12,0,358,22.0,0.0,23.3,0.0,25.0,0.0,28.7,0.0,23.0,0.0,22.98333333333333,0.0,24.808333333333334,0.0,25.104166666666668,0.0,-0.3000000000000007,0.0,Tiruchirappalli,23.0,0.0
2024-12-23 23:00:00,21.4,97,0.0,1000.1,3.1,9.0,70,140,23,23,12,0,358,21.7,0.0,22.6,0.0,24.5,0.0,28.4,0.0,22.8,0.0,22.46666666666667,0.0,24.225,0.0,25.04583333333333,0.0,-0.3000000000000007,0.0,Tiruchirappalli,22.9,0.0
2024-12-24 00:00:00,21.4,96,0.0,1000.7,2.4,7.7,59,132,0,24,12,1,359,21.4,0.0,22.0,0.0,23.8,0.0,27.6,0.0,22.5,0.0,22.066666666666663,0.0,23.70833333333333,0.0,25.0,0.0,0.0,0.0,Tiruchirappalli,22.8,0.0
2024-12-24 01:00:00,22.4,96,0.0,1001.3,2.7,9.0,52,113,1,24,12,1,359,21.4,0.0,21.7,0.0,23.3,0.0,26.8,0.0,23.4,0.0,21.916666666666668,0.0,23.341666666666665,0.0,24.95833333333333,0.0,1.0,0.0,Tiruchirappalli,22.8,0.0
2024-12-24 02:00:00,23.7,91,0.0,1002.4,0.3,3.7,14,135,2,24,12,1,359,22.4,0.0,21.4,0.0,22.6,0.0,26.4,0.0,23.8,0.0,22.1,0.0,23.116666666666664,0.0,24.954166666666666,0.0,1.3000000000000007,0.0,Tiruchirappalli,23.8,0.0
2024-12-24 03:00:00,25.3,84,0.0,1003.0,2.3,3.2,289,288,3,24,12,1,359,23.7,0.0,21.4,0.0,22.0,0.0,25.6,0.0,24.4,0.0,22.65,0.0,23.09166666666667,0.0,24.991666666666664,0.0,1.6000000000000014,0.0,Tiruchirappalli,25.6,0.0
2024-12-24 04:00:00,26.7,79,0.0,1003.2,4.2,5.5,306,310,4,24,12,1,359,25.3,0.0,22.4,0.0,21.7,0.0,25.0,0.0,24.8,0.0,23.48333333333333,0.0,23.23333333333333,0.0,25.070833333333336,0.0,1.3999999999999986,0.0,Tiruchirappalli,27.1,0.0
2024-12-24 05:00:00,27.9,71,0.3,1002.8,4.5,5.8,296,299,5,24,12,1,359,26.7,0.0,23.7,0.0,21.4,0.0,24.5,0.0,25.1,0.0,24.566666666666663,0.2999999999999946,23.516666666666666,0.3000000000000035,25.1875,0.2999999999999966,1.1999999999999993,0.3,Tiruchirappalli,28.2,0.0
2024-12-24 06:00:00,28.6,67,0.2,1002.3,5.2,6.6,283,286,6,24,12,1,359,27.9,0.3,25.3,0.0,21.4,0.0,23.8,0.0,26.3,0.0,25.766666666666666,0.4999999999999946,23.916666666666668,0.5000000000000036,25.28333333333333,0.4999999999999966,0.7000000000000028,-0.0999999999999999,Tiruchirappalli,28.9,0.0
2024-12-24 07:00:00,29.2,64,0.1,1001.3,5.2,6.8,272,276,7,24,12,1,359,28.6,0.2,26.7,0.0,22.4,0.0,23.3,0.0,26.8,0.0,26.9,0.5999999999999946,24.40833333333333,0.6000000000000035,25.383333333333336,0.5999999999999966,0.5999999999999979,-0.1,Tiruchirappalli,29.4,0.0
2024-12-24 08:00:00,29.6,61,0.0,1000.0,5.6,7.2,267,272,8,24,12,1,359,29.2,0.1,27.9,0.3,23.7,0.0,22.6,0.0,27.6,0.0,27.883333333333336,0.5999999999999946,24.99166666666667,0.6000000000000035,25.466666666666665,0.5999999999999966,0.4000000000000021,-0.1,Tiruchirappalli,29.5,0.0
2024-12-24 09:00:00,29.9,59,0.0,999.2,5.8,7.6,273,279,9,24,12,1,359,29.6,0.0,28.6,0.2,25.3,0.0,22.0,0.0,28.6,0.0,28.65,0.5999999999999946,25.65,0.6000000000000035,25.52083333333333,0.5999999999999966,0.2999999999999971,0.0,Tiruchirappalli,29.6,0.1
2024-12-24 10:00:00,30.0,58,0.0,998.8,4.9,6.5,289,298,10,24,12,1,359,29.9,0.0,29.2,0.1,26.7,0.0,21.7,0.0,28.7,0.0,29.200000000000003,0.5999999999999946,26.341666666666665,0.6000000000000035,25.575000000000003,0.5999999999999966,0.1000000000000014,0.0,Tiruchirappalli,28.7,0.0
2024-12-24 11:00:00,29.8,58,0.0,999.0,3.9,5.0,330,344,11,24,12,1,359,30.0,0.0,29.6,0.0,27.9,0.3,21.4,0.0,28.4,0.0,29.516666666666666,0.2999999999999947,27.041666666666668,0.6000000000000035,25.633333333333336,0.5999999999999966,-0.1999999999999993,0.0,Tiruchirappalli,27.8,0.0
2024-12-24 12:00:00,28.3,70,0.0,999.3,5.6,9.1,17,29,12,24,12,1,359,29.8,0.0,29.9,0.0,28.6,0.2,21.4,0.0,27.6,0.0,29.46666666666667,0.0999999999999946,27.61666666666667,0.6000000000000035,25.6625,0.5999999999999966,-1.5,0.0,Tiruchirappalli,27.1,0.0
2024-12-24 13:00:00,27.1,74,0.0,999.8,5.4,10.5,22,37,13,24,12,1,359,28.3,0.0,30.0,0.0,29.2,0.1,22.4,0.0,26.8,0.0,29.116666666666664,0.0,28.00833333333333,0.6000000000000035,25.675,0.5999999999999966,-1.1999999999999993,0.0,Tiruchirappalli,25.8,0.0
2024-12-24 14:00:00,25.9,79,0.0,1000.9,4.8,11.3,39,61,14,24,12,1,359,27.1,0.0,29.8,0.0,29.6,0.0,23.7,0.0,26.4,0.0,28.5,0.0,28.191666666666663,0.6000000000000035,25.654166666666665,0.5999999999999966,-1.2000000000000028,0.0,Tiruchirappalli,24.9,0.4
2024-12-24 15:00:00,25.2,82,0.0,1001.8,4.1,11.1,78,113,15,24,12,1,359,25.9,0.0,28.3,0.0,29.9,0.0,25.3,0.0,25.6,0.0,27.716666666666665,0.0,28.183333333333334,0.6000000000000035,25.6375,0.5999999999999966,-0.6999999999999993,0.0,Tiruchirappalli,24.9,0.0
2024-12-24 16:00:00,25.0,83,0.0,1002.4,6.9,15.1,117,113,16,24,12,1,359,25.2,0.0,27.1,0.0,30.0,0.0,26.7,0.0,25.0,0.0,26.88333333333333,0.0,28.041666666666668,0.6000000000000035,25.6375,0.5999999999999966,-0.1999999999999993,0.0,Tiruchirappalli,24.5,0.0
2024-12-24 17:00:00,24.3,87,0.0,1002.6,7.6,14.8,77,68,17,24,12,1,359,25.0,0.0,25.9,0.0,29.8,0.0,27.9,0.3,24.5,0.0,25.96666666666667,0.0,27.74166666666667,0.3000000000000036,25.629166666666663,0.5999999999999966,-0.6999999999999993,0.0,Tiruchirappalli,24.4,0.0
2024-12-24 18:00:00,24.0,86,0.0,1002.1,7.3,17.1,78,81,18,24,12,1,359,24.3,0.0,25.2,0.0,28.3,0.0,28.6,0.2,23.8,0.0,25.25,0.0,27.35833333333333,0.1000000000000035,25.6375,0.5999999999999966,-0.3000000000000007,0.0,Tiruchirappalli,24.0,0.0
2024-12-24 19:00:00,23.8,84,0.0,1001.9,7.4,16.9,83,86,19,24,12,1,359,24.0,0.0,25.0,0.0,27.1,0.0,29.2,0.1,23.3,0.0,24.7,0.0,26.90833333333333,0.0,25.65833333333333,0.5999999999999966,-0.1999999999999993,0.0,Tiruchirappalli,23.9,0.0
2024-12-24 20:00:00,23.1,88,0.0,1001.6,6.2,15.0,100,112,20,24,12,1,359,23.8,0.0,24.3,0.0,25.9,0.0,29.6,0.0,22.6,0.0,24.23333333333333,0.0,26.366666666666664,0.0,25.67916666666667,0.5999999999999966,-0.6999999999999993,0.0,Tiruchirappalli,23.7,0.3
2024-12-24 21:00:00,22.4,92,0.0,1001.1,5.2,12.6,117,131,21,24,12,1,359,23.1,0.0,24.0,0.0,25.2,0.0,29.9,0.0,22.0,0.0,23.76666666666667,0.0,25.741666666666664,0.0,25.695833333333336,0.5999999999999966,-0.7000000000000028,0.0,Tiruchirappalli,23.6,0.2
2024-12-24 22:00:00,22.1,95,0.0,1000.9,4.7,11.6,141,152,22,24,12,1,359,22.4,0.0,23.8,0.0,25.0,0.0,30.0,0.0,21.7,0.0,23.28333333333333,0.0,25.08333333333333,0.0,25.7125,0.5999999999999966,-0.2999999999999971,0.0,Tiruchirappalli,23.3,0.0
2024-12-24 23:00:00,22.1,95,0.0,1001.2,1.0,6.9,141,121,23,24,12,1,359,22.1,0.0,23.1,0.0,24.3,0.0,29.8,0.0,21.4,0.0,22.916666666666668,0.0,24.441666666666663,0.0,25.741666666666664,0.5999999999999966,0.0,0.0,Tiruchirappalli,23.3,0.0
2024-12-25 00:00:00,21.8,96,0.0,1001.8,0.8,3.9,114,27,0,25,12,2,360,22.1,0.0,22.4,0.0,24.0,0.0,28.3,0.0,21.4,0.0,22.55,0.0,23.9,0.0,25.758333333333336,0.5999999999999966,-0.3000000000000007,0.0,Tiruchirappalli,23.3,0.0
2024-12-25 01:00:00,22.2,99,0.0,1001.9,0.4,2.1,142,270,1,25,12,2,360,21.8,0.0,22.1,0.0,23.8,0.0,27.1,0.0,22.4,0.0,22.28333333333333,0.0,23.49166666666667,0.0,25.75,0.5999999999999966,0.3999999999999986,0.0,Tiruchirappalli,24.0,0.2
2024-12-25 02:00:00,23.2,96,0.0,1002.9,2.3,3.6,189,212,2,25,12,2,360,22.2,0.0,22.1,0.0,23.1,0.0,25.9,0.0,23.7,0.0,22.3,0.0,23.266666666666666,0.0,25.729166666666668,0.5999999999999966,1.0,0.0,Tiruchirappalli,24.3,0.2
2024-12-25 03:00:00,25.1,87,0.0,1003.7,2.8,3.7,215,225,3,25,12,2,360,23.2,0.0,21.8,0.0,22.4,0.0,25.2,0.0,25.3,0.0,22.75,0.0,23.258333333333336,0.0,25.72083333333333,0.5999999999999966,1.900000000000002,0.0,Tiruchirappalli,25.5,0.0
2024-12-25 04:00:00,26.7,78,0.0,1004.2,2.1,2.8,195,200,4,25,12,2,360,25.1,0.0,22.2,0.0,22.1,0.0,25.0,0.0,26.7,0.0,23.51666666666667,0.0,23.4,0.0,25.72083333333333,0.5999999999999966,1.599999999999998,0.0,Tiruchirappalli,25.6,3.3
2024-12-25 05:00:00,27.8,71,0.0,1003.9,2.0,2.5,172,170,5,25,12,2,360,26.7,0.0,23.2,0.0,22.1,0.0,24.3,0.0,27.9,0.3,24.46666666666667,0.0,23.691666666666663,0.0,25.71666666666667,0.2999999999999967,1.1000000000000014,0.0,Tiruchirappalli,26.9,0.3
2024-12-25 06:00:00,28.7,66,0.1,1003.3,2.0,2.7,200,207,6,25,12,2,360,27.8,0.0,25.1,0.0,21.8,0.0,24.0,0.0,28.6,0.2,25.616666666666664,0.0999999999999946,24.08333333333333,0.1000000000000035,25.72083333333333,0.1999999999999966,0.8999999999999986,0.1,Tiruchirappalli,27.5,0.3
2024-12-25 07:00:00,29.3,62,0.0,1002.2,3.3,3.9,283,292,7,25,12,2,360,28.7,0.1,26.7,0.0,22.2,0.0,23.8,0.0,29.2,0.1,26.8,0.0999999999999946,24.54166666666667,0.1000000000000035,25.725,0.0999999999999966,0.6000000000000014,-0.1,Tiruchirappalli,25.8,1.0
2024-12-25 08:00:00,29.7,61,0.0,1001.2,5.9,7.3,286,290,8,25,12,2,360,29.3,0.0,27.8,0.0,23.2,0.0,23.1,0.0,29.6,0.0,27.883333333333336,0.0999999999999946,25.09166666666667,0.1000000000000035,25.729166666666668,0.0999999999999966,0.3999999999999986,0.0,Tiruchirappalli,27.6,0.2
2024-12-25 09:00:00,29.7,62,0.0,1000.2,6.9,8.8,289,290,9,25,12,2,360,29.7,0.0,28.7,0.1,25.1,0.0,22.4,0.0,29.9,0.0,28.65,0.0999999999999946,25.700000000000003,0.1000000000000035,25.72083333333333,0.0999999999999966,0.0,0.0,Tiruchirappalli,28.6,0.1
2024-12-25 10:00:00,29.5,63,0.0,999.8,6.7,8.5,283,284,10,25,12,2,360,29.7,0.0,29.3,0.0,26.7,0.0,22.1,0.0,30.0,0.0,29.116666666666664,0.0999999999999946,26.316666666666663,0.1000000000000035,25.7,0.0999999999999966,-0.1999999999999993,0.0,Tiruchirappalli,28.2,0.4
2024-12-25 11:00:00,29.2,64,0.0,1000.2,5.4,7.0,288,291,11,25,12,2,360,29.5,0.0,29.7,0.0,27.8,0.0,22.1,0.0,29.8,0.0,29.35,0.0999999999999946,26.90833333333333,0.1000000000000035,25.675,0.0999999999999966,-0.3000000000000007,0.0,Tiruchirappalli,28.0,0.0
2024-12-25 12:00:00,28.3,77,0.0,1000.5,1.8,4.1,299,307,12,25,12,2,360,29.2,0.0,29.7,0.0,28.7,0.1,21.8,0.0,28.3,0.0,29.28333333333333,0.0,27.45,0.1000000000000035,25.675,0.0999999999999966,-0.8999999999999986,0.0,Tiruchirappalli,26.3,0.6
2024-12-25 13:00:00,27.0,78,0.0,1001.2,0.9,2.9,360,37,13,25,12,2,360,28.3,0.0,29.5,0.0,29.3,0.0,22.2,0.0,27.1,0.0,28.9,0.0,27.85,0.1000000000000035,25.67083333333333,0.0999999999999966,-1.3000000000000007,0.0,Tiruchirappalli,25.5,0.1
2024-12-25 14:00:00,26.6,79,0.0,1002.3,0.7,2.1,38,76,14,25,12,2,360,27.0,0.0,29.2,0.0,29.7,0.0,23.2,0.0,25.9,0.0,28.38333333333333,0.0,28.133333333333336,0.1000000000000035,25.700000000000003,0.0999999999999966,-0.3999999999999986,0.0,Tiruchirappalli,25.5,0.0
2024-12-25 15:00:00,25.9,83,0.0,1003.0,4.8,8.6,51,61,15,25,12,2,360,26.6,0.0,28.3,0.0,29.7,0.0,25.1,0.0,25.2,0.0,27.75,0.0,28.2,0.1000000000000035,25.729166666666668,0.0999999999999966,-0.7000000000000028,0.0,Tiruchirappalli,25.1,0.0
2024-12-25 16:00:00,25.2,87,0.0,1003.5,4.6,9.6,49,59,16,25,12,2,360,25.9,0.0,27.0,0.0,29.5,0.0,26.7,0.0,25.0,0.0,27.03333333333333,0.0,28.075,0.1000000000000035,25.7375,0.0999999999999966,-0.6999999999999993,0.0,Tiruchirappalli,24.8,0.2
2024-12-25 17:00:00,25.0,87,0.0,1003.7,11.7,22.9,46,53,17,25,12,2,360,25.2,0.0,26.6,0.0,29.2,0.0,27.8,0.0,24.3,0.0,26.33333333333333,0.0,27.841666666666665,0.1000000000000035,25.76666666666667,0.0999999999999966,-0.1999999999999993,0.0,Tiruchirappalli,24.3,0.0
2024-12-25 18:00:00,24.7,87,0.0,1003.5,10.6,20.5,51,56,18,25,12,2,360,25.0,0.0,25.9,0.0,28.3,0.0,28.7,0.1,24.0,0.0,25.73333333333333,0.0,27.50833333333333,0.0,25.79583333333333,0.0999999999999966,-0.3000000000000007,0.0,Tiruchirappalli,23.7,0.0
2024-12-25 19:00:00,24.1,90,0.0,1003.7,9.7,19.3,63,72,19,25,12,2,360,24.7,0.0,25.2,0.0,27.0,0.0,29.3,0.0,23.8,0.0,25.25,0.0,27.075,0.0,25.808333333333334,0.0999999999999966,-0.5999999999999979,0.0,Tiruchirappalli,23.4,0.0
2024-12-25 20:00:00,23.7,92,0.0,1003.2,6.1,14.7,78,95,20,25,12,2,360,24.1,0.0,25.0,0.0,26.6,0.0,29.7,0.0,23.1,0.0,24.766666666666666,0.0,26.575,0.0,25.83333333333333,0.0999999999999966,-0.4000000000000021,0.0,Tiruchirappalli,23.2,0.0
2024-12-25 21:00:00,23.1,96,0.0,1002.6,3.7,10.5,98,133,21,25,12,2,360,23.7,0.0,24.7,0.0,25.9,0.0,29.7,0.0,22.4,0.0,24.3,0.0,26.025,0.0,25.8625,0.0999999999999966,-0.5999999999999979,0.0,Tiruchirappalli,23.2,0.0
2024-12-25 22:00:00,22.9,96,0.0,1002.1,3.0,7.6,117,166,22,25,12,2,360,23.1,0.0,24.1,0.0,25.2,0.0,29.5,0.0,22.1,0.0,23.916666666666668,0.0,25.475,0.0,25.89583333333333,0.0999999999999966,-0.2000000000000028,0.0,Tiruchirappalli,23.1,0.0
2024-12-25 23:00:00,22.9,97,0.0,1002.4,4.5,6.2,190,220,23,25,12,2,360,22.9,0.0,23.7,0.0,25.0,0.0,29.2,0.0,22.1,0.0,23.566666666666663,0.0,24.95,0.0,25.92916666666667,0.0999999999999966,0.0,0.0,Tiruchirappalli,23.2,0.0
2024-12-26 00:00:00,22.9,97,0.0,1002.8,7.2,10.2,242,257,0,26,12,3,361,22.9,0.0,23.1,0.0,24.7,0.0,28.3,0.0,21.8,0.0,23.266666666666666,0.0,24.5,0.0,25.975,0.0999999999999966,0.0,0.0,Tiruchirappalli,23.2,0.0
2024-12-26 01:00:00,24.1,95,0.0,1003.3,7.7,12.3,259,254,1,26,12,3,361,22.9,0.0,22.9,0.0,24.1,0.0,27.0,0.0,22.2,0.0,23.266666666666666,0.0,24.258333333333336,0.0,26.05416666666667,0.0999999999999966,1.2000000000000028,0.0,Tiruchirappalli,23.4,0.0
2024-12-26 02:00:00,24.5,91,0.0,1004.3,8.8,13.9,260,259,2,26,12,3,361,24.1,0.0,22.9,0.0,23.7,0.0,26.6,0.0,23.2,0.0,23.4,0.0,24.08333333333333,0.0,26.10833333333333,0.0999999999999966,0.3999999999999986,0.0,Tiruchirappalli,24.0,0.0
2024-12-26 03:00:00,26.0,83,0.0,1005.2,10.2,13.7,261,261,3,26,12,3,361,24.5,0.0,22.9,0.0,23.1,0.0,25.9,0.0,25.1,0.0,23.883333333333336,0.0,24.09166666666667,0.0,26.14583333333333,0.0999999999999966,1.5,0.0,Tiruchirappalli,24.5,0.0
2024-12-26 04:00:00,27.5,76,0.0,1005.4,9.2,12.3,258,259,4,26,12,3,361,26.0,0.0,24.1,0.0,22.9,0.0,25.2,0.0,26.7,0.0,24.649999999999995,0.0,24.28333333333333,0.0,26.179166666666664,0.0999999999999966,1.5,0.0,Tiruchirappalli,25.5,0.0
2024-12-26 05:00:00,28.6,71,0.1,1005.1,8.5,11.2,265,266,5,26,12,3,361,27.5,0.0,24.5,0.0,22.9,0.0,25.0,0.0,27.8,0.0,25.6,0.0999999999999946,24.58333333333333,0.1000000000000035,26.2125,0.1999999999999966,1.1000000000000014,0.1,Tiruchirappalli,27.5,0.0
2024-12-26 06:00:00,29.2,67,0.1,1004.4,7.7,10.0,278,281,6,26,12,3,361,28.6,0.1,26.0,0.0,22.9,0.0,24.7,0.0,28.7,0.1,26.65,0.1999999999999946,24.95833333333333,0.2000000000000035,26.23333333333333,0.1999999999999966,0.5999999999999979,0.0,Tiruchirappalli,28.6,0.1
2024-12-26 07:00:00,30.2,63,0.0,1003.1,5.6,7.3,295,301,7,26,12,3,361,29.2,0.1,27.5,0.0,24.1,0.0,24.1,0.0,29.3,0.0,27.666666666666668,0.1999999999999946,25.46666666666667,0.2000000000000035,26.27083333333333,0.1999999999999966,1.0,-0.1,Tiruchirappalli,29.2,0.0
2024-12-26 08:00:00,30.6,60,0.1,1001.9,5.3,6.6,327,332,8,26,12,3,361,30.2,0.0,28.6,0.1,24.5,0.0,23.7,0.0,29.7,0.0,28.683333333333334,0.2999999999999947,26.041666666666668,0.3000000000000036,26.308333333333334,0.2999999999999967,0.4000000000000021,0.1,Tiruchirappalli,29.3,0.1
2024-12-26 09:00:00,30.6,60,0.2,1000.9,4.9,6.0,353,356,9,26,12,3,361,30.6,0.1,29.2,0.1,26.0,0.0,23.1,0.0,29.7,0.0,29.45,0.4999999999999946,26.666666666666668,0.5000000000000036,26.34583333333333,0.4999999999999966,0.0,0.1,Tiruchirappalli,28.8,0.3
2024-12-26 10:00:00,29.5,66,0.0,1000.7,6.3,7.9,30,27,10,26,12,3,361,30.6,0.2,30.2,0.0,27.5,0.0,22.9,0.0,29.5,0.0,29.78333333333333,0.4999999999999946,27.21666666666667,0.5000000000000036,26.34583333333333,0.4999999999999966,-1.1000000000000014,-0.2,Tiruchirappalli,29.3,0.0
2024-12-26 11:00:00,29.3,68,0.0,1001.0,5.6,7.6,63,63,11,26,12,3,361,29.5,0.0,30.6,0.1,28.6,0.1,22.9,0.0,29.2,0.0,29.9,0.3999999999999947,27.750000000000004,0.5000000000000036,26.35,0.4999999999999966,-0.1999999999999993,0.0,Tiruchirappalli,28.9,0.0
2024-12-26 12:00:00,27.0,80,0.3,1002.0,11.7,18.7,89,86,12,26,12,3,361,29.3,0.0,30.6,0.2,29.2,0.1,22.9,0.0,28.3,0.0,29.53333333333333,0.5999999999999948,28.09166666666667,0.8000000000000036,26.29583333333333,0.7999999999999967,-2.3000000000000007,0.3,Tiruchirappalli,27.6,0.0
2024-12-26 13:00:00,24.4,94,1.4,1002.7,10.6,19.9,48,42,13,26,12,3,361,27.0,0.3,29.5,0.0,30.2,0.0,24.1,0.0,27.0,0.0,28.566666666666663,1.999999999999995,28.116666666666664,2.200000000000004,26.1875,2.1999999999999966,-2.6000000000000014,1.1,Tiruchirappalli,26.6,0.0
2024-12-26 14:00:00,24.9,91,0.3,1003.8,10.9,19.4,79,78,14,26,12,3,361,24.4,1.4,29.3,0.0,30.6,0.1,24.5,0.0,26.6,0.0,27.61666666666667,2.1999999999999944,28.149999999999995,2.500000000000004,26.116666666666664,2.4999999999999964,0.5,-1.1,Tiruchirappalli,25.5,0.0
2024-12-26 15:00:00,23.7,96,2.4,1004.8,14.1,24.0,77,79,15,26,12,3,361,24.9,0.3,27.0,0.3,30.6,0.2,26.0,0.0,25.9,0.0,26.46666666666667,4.399999999999994,27.95833333333333,4.900000000000004,26.025,4.899999999999997,-1.1999999999999993,2.1,Tiruchirappalli,24.9,0.0
2024-12-26 16:00:00,23.5,96,1.8,1005.3,5.8,11.5,90,97,16,26,12,3,361,23.7,2.4,24.4,1.4,29.5,0.0,27.5,0.0,25.2,0.0,25.46666666666667,6.199999999999995,27.625,6.700000000000004,25.954166666666666,6.699999999999997,-0.1999999999999993,-0.5999999999999999,Tiruchirappalli,24.5,0.0
2024-12-26 17:00:00,23.3,96,2.2,1005.1,2.4,7.9,87,138,17,26,12,3,361,23.5,1.8,24.9,0.3,29.3,0.0,28.6,0.1,25.0,0.0,24.46666666666667,8.399999999999995,27.183333333333334,8.800000000000004,25.88333333333333,8.899999999999997,-0.1999999999999993,0.4000000000000001,Tiruchirappalli,24.1,0.0
2024-12-26 18:00:00,23.6,95,0.1,1004.9,1.5,7.2,76,194,18,26,12,3,361,23.3,2.2,23.7,2.4,27.0,0.3,29.2,0.1,24.7,0.0,23.9,8.199999999999994,26.71666666666667,8.800000000000004,25.8375,8.999999999999996,0.3000000000000007,-2.1,Tiruchirappalli,23.9,0.0
2024-12-26 19:00:00,24.1,94,0.0,1004.6,2.3,8.9,58,61,19,26,12,3,361,23.6,0.1,23.5,1.8,24.4,1.4,30.2,0.0,24.1,0.0,23.85,6.799999999999995,26.20833333333333,8.800000000000004,25.8375,8.999999999999996,0.5,-0.1,Tiruchirappalli,23.6,0.0
2024-12-26 20:00:00,24.3,97,0.0,1004.0,8.1,14.1,56,55,20,26,12,3,361,24.1,0.0,23.3,2.2,24.9,0.3,30.6,0.1,23.7,0.0,23.75,6.499999999999995,25.683333333333334,8.700000000000003,25.8625,8.999999999999996,0.1999999999999993,0.0,Tiruchirappalli,23.3,0.0
2024-12-26 21:00:00,24.1,98,0.1,1003.7,8.6,15.3,54,53,21,26,12,3,361,24.3,0.0,23.6,0.1,23.7,2.4,30.6,0.2,23.1,0.0,23.816666666666663,4.199999999999996,25.141666666666666,8.600000000000003,25.904166666666665,9.099999999999996,-0.1999999999999993,0.1,Tiruchirappalli,22.9,0.0
2024-12-26 22:00:00,23.9,99,0.1,1003.1,9.7,17.7,48,51,22,26,12,3,361,24.1,0.1,24.1,0.0,23.5,1.8,29.5,0.0,22.9,0.0,23.883333333333336,2.499999999999996,24.675,8.700000000000005,25.94583333333333,9.199999999999998,-0.2000000000000028,0.0,Tiruchirappalli,22.5,0.0
2024-12-26 23:00:00,23.9,98,0.1,1003.4,10.9,19.6,39,39,23,26,12,3,361,23.9,0.1,24.3,0.0,23.3,2.2,29.3,0.0,22.9,0.0,23.98333333333333,0.3999999999999956,24.225,8.800000000000004,25.9875,9.299999999999995,0.0,0.0,Tiruchirappalli,22.4,0.0
